state,District,YEAR,MURDER,ATTEMPT TO MURDER,RAPE,CUSTODIAL RAPE,OTHER RAPE,KIDNAPPING & ABDUCTION,KIDNAPPING AND ABDUCTION OF WOMEN AND GIRLS,KIDNAPPING AND ABDUCTION OF OTHERS,DOWRY DEATHS,ASSAULT ON WOMEN WITH INTENT TO OUTRAGE HER MODESTY,INSULT TO MODESTY OF WOMEN,CRUELTY BY HUSBAND OR HIS RELATIVES,IMPORTATION OF GIRLS FROM FOREIGN COUNTRIES,Male Population,Male Literacy Rate,urban_population,total,Total Cognizable Offences,Total Non-Bailable Offences
ANDHRA PRADESH,adilabad,2001.0,101.0,60,50,0.0,50.0,46,30,16,16,149,34,175,0,1250958,64.98,660017.0,727.0,727.0,647.0
ANDHRA PRADESH,adilabad,2002.0,100.0,79,37,0.0,37.0,42,32,10,20,174,63,240,0,1250958,64.98,660017.0,834.0,834.0,729.0
ANDHRA PRADESH,adilabad,2003.0,107.0,65,35,0.0,35.0,46,16,30,11,141,39,238,0,1250958,64.98,660017.0,763.0,763.0,678.0
ANDHRA PRADESH,adilabad,2004.0,113.0,83,50,0.0,50.0,48,42,6,14,135,71,296,0,1250958,64.98,660017.0,908.0,908.0,789.0
ANDHRA PRADESH,adilabad,2005.0,108.0,48,53,0.0,53.0,65,46,19,21,144,77,280,0,1250958,64.98,660017.0,914.0,914.0,772.0
ANDHRA PRADESH,adilabad,2006.0,99.0,88,64,0.0,64.0,96,71,25,22,185,107,423,0,1250958,64.98,660017.0,1244.0,1244.0,1041.0
ANDHRA PRADESH,adilabad,2007.0,112.0,61,46,0.0,46.0,83,72,11,21,156,133,335,0,1250958,64.98,660017.0,1076.0,1076.0,860.0
ANDHRA PRADESH,adilabad,2008.0,73.0,82,50,0.0,50.0,41,26,15,5,174,103,355,0,1250958,64.98,660017.0,974.0,974.0,830.0
ANDHRA PRADESH,adilabad,2009.0,85.0,39,67,0.0,67.0,73,56,17,13,192,163,428,0,1250958,64.98,660017.0,1200.0,1200.0,964.0
ANDHRA PRADESH,adilabad,2010.0,98.0,90,48,0.0,48.0,55,48,7,18,133,155,429,0,1250958,64.98,660017.0,1129.0,1129.0,919.0
ANDHRA PRADESH,adilabad,2011.0,109.0,94,84,0.0,84.0,77,70,7,20,112,142,429,0,1250958,64.98,660017.0,1228.0,1228.0,1009.0
ANDHRA PRADESH,adilabad,2012.0,81.0,80,88,0.0,88.0,82,61,21,7,90,155,498,0,1250958,64.98,660017.0,1251.0,1251.0,1014.0
ANDHRA PRADESH,anantapur,2001.0,151.0,125,23,0.0,23.0,53,30,23,7,118,24,154,0,1859588,68.38,919563.0,731.0,731.0,654.0
ANDHRA PRADESH,anantapur,2002.0,166.0,113,28,0.0,28.0,65,49,16,9,179,37,151,0,1859588,68.38,919563.0,841.0,841.0,739.0
ANDHRA PRADESH,anantapur,2003.0,173.0,115,19,0.0,19.0,60,45,15,4,224,45,146,0,1859588,68.38,919563.0,865.0,865.0,760.0
ANDHRA PRADESH,anantapur,2004.0,152.0,79,20,0.0,20.0,51,31,20,11,196,50,147,0,1859588,68.38,919563.0,777.0,777.0,676.0
ANDHRA PRADESH,anantapur,2005.0,172.0,125,16,0.0,16.0,60,30,30,12,173,57,137,0,1859588,68.38,919563.0,828.0,828.0,711.0
ANDHRA PRADESH,anantapur,2006.0,184.0,116,16,0.0,16.0,67,32,35,16,187,11,189,0,1859588,68.38,919563.0,869.0,869.0,791.0
ANDHRA PRADESH,anantapur,2007.0,149.0,85,31,0.0,31.0,87,35,52,14,176,194,0,0,1859588,68.38,919563.0,854.0,854.0,573.0
ANDHRA PRADESH,anantapur,2008.0,154.0,80,37,0.0,37.0,90,36,54,12,133,132,0,0,1859588,68.38,919563.0,765.0,765.0,543.0
ANDHRA PRADESH,anantapur,2009.0,140.0,78,22,0.0,22.0,68,60,8,14,157,13,143,0,1859588,68.38,919563.0,725.0,725.0,644.0
ANDHRA PRADESH,anantapur,2010.0,137.0,101,20,0.0,20.0,81,60,21,20,132,35,250,0,1859588,68.38,919563.0,877.0,877.0,761.0
ANDHRA PRADESH,anantapur,2011.0,171.0,108,16,0.0,16.0,83,83,0,36,156,16,198,0,1859588,68.38,919563.0,883.0,883.0,784.0
ANDHRA PRADESH,anantapur,2012.0,173.0,123,18,0.0,18.0,74,63,11,19,195,8,130,0,1859588,68.38,919563.0,832.0,832.0,750.0
ANDHRA PRADESH,anantapur,2015.0,,15,32,0.0,,9,57,14,12,325,8,276,0,1859588,68.38,919563.0,748.0,748.0,731.0
ANDHRA PRADESH,anantapur,2019.0,1.0,24,83,0.0,0.0,3,45,0,11,340,70,394,0,1859588,68.38,919563.0,971.0,971.0,898.0
ANDHRA PRADESH,chittoor,2001.0,101.0,57,27,0.0,27.0,59,34,25,14,112,83,186,0,1889690,77.62,811030.0,725.0,725.0,583.0
ANDHRA PRADESH,chittoor,2002.0,105.0,66,28,0.0,28.0,67,39,28,16,126,40,188,0,1889690,77.62,811030.0,731.0,731.0,624.0
ANDHRA PRADESH,chittoor,2003.0,109.0,80,36,0.0,36.0,90,34,56,23,121,173,60,0,1889690,77.62,811030.0,818.0,818.0,555.0
ANDHRA PRADESH,chittoor,2004.0,105.0,52,28,0.0,28.0,69,27,42,22,116,197,234,0,1889690,77.62,811030.0,920.0,920.0,654.0
ANDHRA PRADESH,chittoor,2005.0,105.0,40,35,0.0,35.0,72,58,14,9,91,223,202,0,1889690,77.62,811030.0,884.0,884.0,589.0
ANDHRA PRADESH,chittoor,2006.0,126.0,59,31,0.0,31.0,65,37,28,18,123,190,249,0,1889690,77.62,811030.0,957.0,957.0,702.0
ANDHRA PRADESH,chittoor,2007.0,129.0,72,31,0.0,31.0,102,47,55,25,118,197,395,0,1889690,77.62,811030.0,1202.0,1202.0,903.0
ANDHRA PRADESH,chittoor,2008.0,123.0,65,30,0.0,30.0,84,57,27,26,104,250,288,0,1889690,77.62,811030.0,1084.0,1084.0,750.0
ANDHRA PRADESH,chittoor,2009.0,85.0,68,33,0.0,33.0,74,46,28,19,120,268,333,0,1889690,77.62,811030.0,1107.0,1107.0,765.0
ANDHRA PRADESH,chittoor,2010.0,100.0,50,44,0.0,44.0,85,56,29,32,136,121,388,0,1889690,77.62,811030.0,1085.0,1085.0,879.0
ANDHRA PRADESH,chittoor,2011.0,91.0,55,17,0.0,17.0,84,47,37,25,124,168,421,0,1889690,77.62,811030.0,1086.0,1086.0,834.0
ANDHRA PRADESH,chittoor,2012.0,91.0,75,28,0.0,28.0,56,49,7,33,90,269,339,0,1889690,77.62,811030.0,1065.0,1065.0,740.0
ANDHRA PRADESH,chittoor,2015.0,,0,31,0.0,,5,20,3,10,94,1,202,0,1889690,77.62,811030.0,366.0,366.0,360.0
ANDHRA PRADESH,chittoor,2019.0,0.0,9,32,0.0,0.0,1,11,0,4,218,40,274,0,1889690,77.62,811030.0,589.0,589.0,548.0
ANDHRA PRADESH,cuddapah,2001.0,80.0,53,20,0.0,20.0,25,20,5,17,126,38,57,0,1318093,75.83,587753.0,461.0,461.0,398.0
ANDHRA PRADESH,cuddapah,2002.0,91.0,0,16,0.0,16.0,27,22,5,21,100,36,63,0,1318093,75.83,587753.0,397.0,397.0,334.0
ANDHRA PRADESH,cuddapah,2003.0,95.0,7,10,0.0,10.0,37,28,9,5,104,31,60,0,1318093,75.83,587753.0,396.0,396.0,328.0
ANDHRA PRADESH,cuddapah,2004.0,96.0,58,14,0.0,14.0,39,31,8,7,118,49,120,0,1318093,75.83,587753.0,554.0,554.0,466.0
ANDHRA PRADESH,cuddapah,2005.0,96.0,0,21,0.0,21.0,36,31,5,7,116,18,95,0,1318093,75.83,587753.0,446.0,446.0,392.0
ANDHRA PRADESH,cuddapah,2006.0,98.0,0,25,0.0,25.0,68,51,17,10,130,84,199,0,1318093,75.83,587753.0,707.0,707.0,555.0
ANDHRA PRADESH,cuddapah,2007.0,96.0,47,32,0.0,32.0,76,68,8,8,139,94,242,0,1318093,75.83,587753.0,842.0,842.0,672.0
ANDHRA PRADESH,cuddapah,2008.0,114.0,94,27,0.0,27.0,76,64,12,11,212,37,267,0,1318093,75.83,587753.0,941.0,941.0,828.0
ANDHRA PRADESH,cuddapah,2009.0,93.0,44,27,0.0,27.0,57,47,10,17,165,52,124,0,1318093,75.83,587753.0,663.0,663.0,554.0
ANDHRA PRADESH,cuddapah,2010.0,99.0,40,39,0.0,39.0,63,51,12,15,137,45,321,0,1318093,75.83,587753.0,861.0,861.0,753.0
ANDHRA PRADESH,cuddapah,2011.0,120.0,67,41,0.0,41.0,73,65,8,15,144,17,122,0,1318093,75.83,587753.0,713.0,713.0,623.0
ANDHRA PRADESH,cuddapah,2012.0,118.0,96,26,0.0,26.0,76,44,32,13,217,37,120,0,1318093,75.83,587753.0,805.0,805.0,692.0
ANDHRA PRADESH,cuddapah,2015.0,,7,34,0.0,,4,17,0,6,211,82,317,0,1318093,75.83,587753.0,678.0,678.0,592.0
ANDHRA PRADESH,cuddapah,2019.0,1.0,10,41,0.0,0.0,1,10,1,7,250,65,337,0,1318093,75.83,587753.0,723.0,723.0,657.0
ANDHRA PRADESH,guntur,2001.0,182.0,88,54,0.0,54.0,82,51,31,7,139,129,378,0,2250279,71.24,1285760.0,1195.0,1195.0,984.0
ANDHRA PRADESH,guntur,2002.0,143.0,77,46,0.0,46.0,87,71,16,13,186,85,434,0,2250279,71.24,1285760.0,1204.0,1204.0,1032.0
ANDHRA PRADESH,guntur,2003.0,210.0,84,46,0.0,46.0,95,77,18,22,228,99,399,0,2250279,71.24,1285760.0,1324.0,1324.0,1130.0
ANDHRA PRADESH,guntur,2004.0,163.0,96,46,0.0,46.0,88,60,28,32,186,104,397,0,2250279,71.24,1285760.0,1246.0,1246.0,1054.0
ANDHRA PRADESH,guntur,2005.0,165.0,88,55,0.0,55.0,87,56,31,16,166,203,366,0,2250279,71.24,1285760.0,1288.0,1288.0,998.0
ANDHRA PRADESH,guntur,2006.0,155.0,119,47,0.0,47.0,99,35,64,15,281,236,427,0,2250279,71.24,1285760.0,1525.0,1525.0,1190.0
ANDHRA PRADESH,guntur,2007.0,157.0,190,43,0.0,43.0,93,79,14,28,292,214,569,0,2250279,71.24,1285760.0,1722.0,1722.0,1415.0
ANDHRA PRADESH,guntur,2008.0,159.0,196,48,0.0,48.0,83,65,18,26,306,99,496,0,2250279,71.24,1285760.0,1544.0,1544.0,1362.0
ANDHRA PRADESH,guntur,2009.0,150.0,140,40,0.0,40.0,79,62,17,26,340,451,720,0,2250279,71.24,1285760.0,2065.0,2065.0,1535.0
ANDHRA PRADESH,guntur,2010.0,107.0,107,38,0.0,38.0,55,39,16,20,282,409,456,0,2250279,71.24,1285760.0,1567.0,1567.0,1103.0
ANDHRA PRADESH,guntur,2011.0,88.0,73,40,0.0,40.0,58,57,1,8,223,140,494,0,2250279,71.24,1285760.0,1222.0,1222.0,1024.0
ANDHRA PRADESH,guntur,2012.0,96.0,68,23,0.0,23.0,63,53,10,21,252,83,656,0,2250279,71.24,1285760.0,1348.0,1348.0,1202.0
ANDHRA PRADESH,guntur,2015.0,,27,67,0.0,,19,42,12,13,298,338,483,0,2250279,71.24,1285760.0,1299.0,1299.0,942.0
ANDHRA PRADESH,guntur,2019.0,0.0,26,104,0.0,0.0,54,79,0,5,424,356,869,0,2250279,71.24,1285760.0,1917.0,1917.0,1507.0
ANDHRA PRADESH,karimnagar,2001.0,162.0,85,56,0.0,56.0,67,49,18,62,414,81,224,0,1747968,67.09,678812.0,1274.0,1274.0,1126.0
ANDHRA PRADESH,karimnagar,2002.0,160.0,88,99,0.0,99.0,62,42,20,45,357,125,209,0,1747968,67.09,678812.0,1306.0,1306.0,1119.0
ANDHRA PRADESH,karimnagar,2003.0,153.0,105,88,0.0,88.0,89,67,22,53,362,132,602,1,1747968,67.09,678812.0,1762.0,1762.0,1541.0
ANDHRA PRADESH,karimnagar,2004.0,123.0,93,85,0.0,85.0,124,98,26,61,370,155,717,0,1747968,67.09,678812.0,1937.0,1937.0,1658.0
ANDHRA PRADESH,karimnagar,2005.0,164.0,96,84,0.0,84.0,131,91,40,52,328,143,839,0,1747968,67.09,678812.0,2052.0,2052.0,1778.0
ANDHRA PRADESH,karimnagar,2006.0,147.0,103,73,0.0,73.0,151,119,32,47,371,195,698,0,1747968,67.09,678812.0,2009.0,2009.0,1663.0
ANDHRA PRADESH,karimnagar,2007.0,123.0,95,73,0.0,73.0,152,135,17,61,315,278,687,0,1747968,67.09,678812.0,2009.0,2009.0,1579.0
ANDHRA PRADESH,karimnagar,2008.0,134.0,114,84,0.0,84.0,159,148,11,48,310,273,596,0,1747968,67.09,678812.0,1961.0,1961.0,1529.0
ANDHRA PRADESH,karimnagar,2009.0,91.0,98,48,0.0,48.0,128,106,22,40,292,234,635,0,1747968,67.09,678812.0,1742.0,1742.0,1380.0
ANDHRA PRADESH,karimnagar,2010.0,139.0,86,65,0.0,65.0,158,128,30,39,237,241,636,0,1747968,67.09,678812.0,1824.0,1824.0,1425.0
ANDHRA PRADESH,karimnagar,2011.0,150.0,124,58,0.0,58.0,172,120,52,40,253,235,702,0,1747968,67.09,678812.0,1964.0,1964.0,1557.0
ANDHRA PRADESH,karimnagar,2012.0,128.0,112,40,0.0,40.0,141,98,43,46,224,232,759,0,1747968,67.09,678812.0,1863.0,1863.0,1490.0
ANDHRA PRADESH,khammam,2001.0,93.0,60,47,0.0,47.0,41,30,11,17,180,336,172,0,1305543,66.11,510861.0,1034.0,1034.0,657.0
ANDHRA PRADESH,khammam,2002.0,106.0,55,48,0.0,48.0,70,55,15,13,191,375,324,0,1305543,66.11,510861.0,1300.0,1300.0,855.0
ANDHRA PRADESH,khammam,2003.0,89.0,44,45,0.0,45.0,41,35,6,17,162,246,180,0,1305543,66.11,510861.0,910.0,910.0,623.0
ANDHRA PRADESH,khammam,2004.0,108.0,52,43,0.0,43.0,70,46,24,18,176,310,400,0,1305543,66.11,510861.0,1290.0,1290.0,910.0
ANDHRA PRADESH,khammam,2005.0,110.0,69,21,0.0,21.0,66,40,26,14,150,240,313,0,1305543,66.11,510861.0,1070.0,1070.0,764.0
ANDHRA PRADESH,khammam,2006.0,134.0,59,44,0.0,44.0,91,58,33,17,171,129,327,0,1305543,66.11,510861.0,1107.0,1107.0,887.0
ANDHRA PRADESH,khammam,2007.0,125.0,58,81,0.0,81.0,104,73,31,28,176,272,422,0,1305543,66.11,510861.0,1451.0,1451.0,1075.0
ANDHRA PRADESH,khammam,2008.0,123.0,47,70,0.0,70.0,103,83,20,26,213,24,329,0,1305543,66.11,510861.0,1108.0,1108.0,981.0
ANDHRA PRADESH,khammam,2009.0,118.0,69,98,0.0,98.0,108,96,12,18,205,152,519,0,1305543,66.11,510861.0,1493.0,1493.0,1233.0
ANDHRA PRADESH,khammam,2010.0,93.0,70,62,0.0,62.0,71,66,5,17,147,129,354,0,1305543,66.11,510861.0,1076.0,1076.0,876.0
ANDHRA PRADESH,khammam,2011.0,108.0,98,84,0.0,84.0,81,73,8,20,243,140,519,0,1305543,66.11,510861.0,1458.0,1458.0,1237.0
ANDHRA PRADESH,khammam,2012.0,130.0,110,78,0.0,78.0,73,62,11,13,233,172,231,0,1305543,66.11,510861.0,1191.0,1191.0,946.0
ANDHRA PRADESH,krishna,2001.0,65.0,51,37,0.0,37.0,36,21,15,10,208,72,265,0,2117401,74.39,1343447.0,817.0,817.0,709.0
ANDHRA PRADESH,krishna,2002.0,92.0,66,41,0.0,41.0,26,21,5,14,211,110,374,0,2117401,74.39,1343447.0,1001.0,1001.0,865.0
ANDHRA PRADESH,krishna,2003.0,66.0,65,45,0.0,45.0,55,16,39,20,186,107,317,0,2117401,74.39,1343447.0,961.0,961.0,799.0
ANDHRA PRADESH,krishna,2004.0,60.0,57,33,0.0,33.0,28,13,15,13,182,108,362,0,2117401,74.39,1343447.0,904.0,904.0,768.0
ANDHRA PRADESH,krishna,2005.0,69.0,74,27,0.0,27.0,45,26,19,11,209,104,337,0,2117401,74.39,1343447.0,948.0,948.0,799.0
ANDHRA PRADESH,krishna,2006.0,73.0,60,36,0.0,36.0,54,38,16,9,168,74,296,0,2117401,74.39,1343447.0,860.0,860.0,732.0
ANDHRA PRADESH,krishna,2007.0,64.0,52,27,0.0,27.0,57,47,10,13,161,150,348,0,2117401,74.39,1343447.0,956.0,956.0,749.0
ANDHRA PRADESH,krishna,2008.0,53.0,63,38,0.0,38.0,69,52,17,12,254,93,379,0,2117401,74.39,1343447.0,1068.0,1068.0,906.0
ANDHRA PRADESH,krishna,2009.0,72.0,104,43,0.0,43.0,49,35,14,14,297,130,402,0,2117401,74.39,1343447.0,1203.0,1203.0,1024.0
ANDHRA PRADESH,krishna,2010.0,80.0,79,54,0.0,54.0,75,67,8,22,300,149,412,0,2117401,74.39,1343447.0,1300.0,1300.0,1076.0
ANDHRA PRADESH,krishna,2011.0,70.0,78,80,0.0,80.0,89,75,14,15,348,292,733,0,2117401,74.39,1343447.0,1874.0,1874.0,1493.0
ANDHRA PRADESH,krishna,2012.0,78.0,53,67,0.0,67.0,67,55,12,16,341,309,791,0,2117401,74.39,1343447.0,1856.0,1856.0,1480.0
ANDHRA PRADESH,krishna,2015.0,,28,77,0.0,,14,19,0,17,422,200,575,0,2117401,74.39,1343447.0,1352.0,1352.0,1138.0
ANDHRA PRADESH,krishna,2019.0,0.0,29,87,0.0,0.0,102,110,4,11,317,179,791,0,2117401,74.39,1343447.0,1630.0,1630.0,1349.0
ANDHRA PRADESH,kurnool,2001.0,133.0,72,29,0.0,29.0,47,47,0,13,141,107,92,0,1796214,65.96,817464.0,710.0,710.0,556.0
ANDHRA PRADESH,kurnool,2002.0,124.0,98,45,0.0,45.0,54,24,30,11,166,115,167,0,1796214,65.96,817464.0,879.0,879.0,710.0
ANDHRA PRADESH,kurnool,2003.0,125.0,101,28,0.0,28.0,35,16,19,11,231,131,202,0,1796214,65.96,817464.0,927.0,927.0,761.0
ANDHRA PRADESH,kurnool,2004.0,112.0,96,29,0.0,29.0,46,32,14,6,242,157,230,0,1796214,65.96,817464.0,993.0,993.0,790.0
ANDHRA PRADESH,kurnool,2005.0,140.0,95,29,0.0,29.0,42,30,12,9,221,124,233,0,1796214,65.96,817464.0,964.0,964.0,798.0
ANDHRA PRADESH,kurnool,2006.0,132.0,101,35,0.0,35.0,85,70,15,9,341,157,157,0,1796214,65.96,817464.0,1137.0,1137.0,895.0
ANDHRA PRADESH,kurnool,2007.0,124.0,119,36,0.0,36.0,85,64,21,7,327,219,364,0,1796214,65.96,817464.0,1402.0,1402.0,1098.0
ANDHRA PRADESH,kurnool,2008.0,116.0,143,47,0.0,47.0,89,72,17,17,419,232,227,0,1796214,65.96,817464.0,1426.0,1426.0,1105.0
ANDHRA PRADESH,kurnool,2009.0,103.0,170,31,0.0,31.0,83,73,10,17,398,365,239,0,1796214,65.96,817464.0,1520.0,1520.0,1072.0
ANDHRA PRADESH,kurnool,2010.0,156.0,145,49,0.0,49.0,85,67,18,19,347,268,501,0,1796214,65.96,817464.0,1704.0,1704.0,1351.0
ANDHRA PRADESH,kurnool,2011.0,153.0,177,39,0.0,39.0,76,58,18,20,340,222,424,0,1796214,65.96,817464.0,1566.0,1566.0,1268.0
ANDHRA PRADESH,kurnool,2012.0,111.0,143,22,0.0,22.0,58,46,12,15,331,75,166,0,1796214,65.96,817464.0,1001.0,1001.0,868.0
ANDHRA PRADESH,kurnool,2015.0,,7,40,0.0,,5,34,8,19,479,557,400,0,1796214,65.96,817464.0,1549.0,1549.0,987.0
ANDHRA PRADESH,kurnool,2019.0,0.0,6,56,0.0,0.0,0,15,0,8,402,364,199,0,1796214,65.96,817464.0,1050.0,1050.0,686.0
ANDHRA PRADESH,medak,2001.0,101.0,56,35,0.0,35.0,26,20,6,26,100,25,192,0,1352446,64.33,383524.0,622.0,622.0,571.0
ANDHRA PRADESH,medak,2002.0,103.0,50,68,0.0,68.0,46,38,8,25,103,28,251,0,1352446,64.33,383524.0,788.0,788.0,714.0
ANDHRA PRADESH,medak,2003.0,124.0,36,30,0.0,30.0,52,37,15,44,128,37,174,0,1352446,64.33,383524.0,707.0,707.0,618.0
ANDHRA PRADESH,medak,2004.0,127.0,36,52,0.0,52.0,49,32,17,41,86,54,229,0,1352446,64.33,383524.0,775.0,775.0,672.0
ANDHRA PRADESH,medak,2005.0,133.0,45,36,0.0,36.0,38,27,11,28,88,35,209,0,1352446,64.33,383524.0,686.0,686.0,613.0
ANDHRA PRADESH,medak,2006.0,134.0,69,57,0.0,57.0,63,39,24,33,107,59,276,0,1352446,64.33,383524.0,918.0,918.0,796.0
ANDHRA PRADESH,medak,2007.0,128.0,95,51,0.0,51.0,65,56,9,49,115,96,346,0,1352446,64.33,383524.0,1061.0,1061.0,900.0
ANDHRA PRADESH,medak,2008.0,140.0,57,50,0.0,50.0,62,44,18,35,114,61,332,0,1352446,64.33,383524.0,963.0,963.0,840.0
ANDHRA PRADESH,medak,2009.0,120.0,61,46,0.0,46.0,61,51,10,27,118,58,368,0,1352446,64.33,383524.0,966.0,966.0,847.0
ANDHRA PRADESH,medak,2010.0,96.0,59,49,0.0,49.0,83,68,15,29,103,95,316,0,1352446,64.33,383524.0,962.0,962.0,784.0
ANDHRA PRADESH,medak,2011.0,141.0,57,38,0.0,38.0,40,33,7,26,121,50,384,0,1352446,64.33,383524.0,935.0,935.0,845.0
ANDHRA PRADESH,medak,2012.0,113.0,43,26,0.0,26.0,54,45,9,20,112,55,475,0,1352446,64.33,383524.0,978.0,978.0,869.0
ANDHRA PRADESH,nalgonda,2001.0,122.0,60,35,0.0,35.0,27,19,8,31,188,59,214,0,1651990,69.23,432678.0,798.0,798.0,712.0
ANDHRA PRADESH,nalgonda,2002.0,109.0,53,41,0.0,41.0,46,37,9,37,232,67,210,0,1651990,69.23,432678.0,882.0,882.0,769.0
ANDHRA PRADESH,nalgonda,2003.0,142.0,68,62,0.0,62.0,49,37,12,33,249,51,319,0,1651990,69.23,432678.0,1084.0,1084.0,984.0
ANDHRA PRADESH,nalgonda,2004.0,118.0,59,46,0.0,46.0,72,57,15,34,200,66,272,0,1651990,69.23,432678.0,985.0,985.0,847.0
ANDHRA PRADESH,nalgonda,2005.0,138.0,46,49,0.0,49.0,51,31,20,30,223,95,344,0,1651990,69.23,432678.0,1076.0,1076.0,930.0
ANDHRA PRADESH,nalgonda,2006.0,132.0,47,61,0.0,61.0,86,71,15,40,246,126,395,0,1651990,69.23,432678.0,1280.0,1280.0,1068.0
ANDHRA PRADESH,nalgonda,2007.0,135.0,55,69,0.0,69.0,87,75,12,36,233,112,429,0,1651990,69.23,432678.0,1312.0,1312.0,1113.0
ANDHRA PRADESH,nalgonda,2008.0,121.0,76,90,0.0,90.0,91,76,15,32,243,155,353,0,1651990,69.23,432678.0,1342.0,1342.0,1096.0
ANDHRA PRADESH,nalgonda,2009.0,124.0,63,77,0.0,77.0,109,75,34,41,254,205,364,0,1651990,69.23,432678.0,1423.0,1423.0,1109.0
ANDHRA PRADESH,nalgonda,2010.0,118.0,68,68,0.0,68.0,81,81,0,32,195,192,218,0,1651990,69.23,432678.0,1121.0,1121.0,848.0
ANDHRA PRADESH,nalgonda,2011.0,101.0,95,48,0.0,48.0,84,51,33,36,229,150,255,0,1651990,69.23,432678.0,1130.0,1130.0,896.0
ANDHRA PRADESH,nalgonda,2012.0,86.0,88,52,0.0,52.0,89,79,10,20,246,264,302,0,1651990,69.23,432678.0,1288.0,1288.0,935.0
ANDHRA PRADESH,nellore,2001.0,89.0,69,46,0.0,46.0,90,80,10,10,207,228,287,0,1344935,73.67,599043.0,1162.0,1162.0,844.0
ANDHRA PRADESH,nellore,2002.0,84.0,93,46,0.0,46.0,67,54,13,10,206,226,289,0,1344935,73.67,599043.0,1134.0,1134.0,841.0
ANDHRA PRADESH,nellore,2003.0,80.0,70,27,0.0,27.0,63,58,5,10,204,97,231,0,1344935,73.67,599043.0,872.0,872.0,712.0
ANDHRA PRADESH,nellore,2004.0,94.0,248,107,0.0,107.0,72,55,17,11,173,88,142,0,1344935,73.67,599043.0,1114.0,1114.0,954.0
ANDHRA PRADESH,nellore,2005.0,86.0,73,33,0.0,33.0,74,65,9,11,205,84,166,0,1344935,73.67,599043.0,839.0,839.0,681.0
ANDHRA PRADESH,nellore,2006.0,78.0,74,35,0.0,35.0,69,49,20,10,192,137,294,0,1344935,73.67,599043.0,993.0,993.0,787.0
ANDHRA PRADESH,nellore,2007.0,68.0,81,44,0.0,44.0,67,65,2,14,203,123,331,0,1344935,73.67,599043.0,1042.0,1042.0,852.0
ANDHRA PRADESH,nellore,2008.0,70.0,73,39,0.0,39.0,83,73,10,6,184,130,333,0,1344935,73.67,599043.0,1040.0,1040.0,827.0
ANDHRA PRADESH,nellore,2009.0,66.0,82,32,0.0,32.0,50,48,2,3,287,128,305,0,1344935,73.67,599043.0,1035.0,1035.0,857.0
ANDHRA PRADESH,nellore,2010.0,72.0,86,28,0.0,28.0,77,74,3,6,176,119,382,0,1344935,73.67,599043.0,1051.0,1051.0,855.0
ANDHRA PRADESH,nellore,2011.0,61.0,82,28,0.0,28.0,85,81,4,7,166,119,187,0,1344935,73.67,599043.0,848.0,848.0,644.0
ANDHRA PRADESH,nellore,2012.0,94.0,86,23,0.0,23.0,90,72,18,9,210,142,405,0,1344935,73.67,599043.0,1172.0,1172.0,940.0
ANDHRA PRADESH,nellore,2015.0,,18,69,0.0,,13,64,18,5,314,132,422,0,1344935,73.67,599043.0,1055.0,1055.0,910.0
ANDHRA PRADESH,nellore,2019.0,1.0,11,53,0.0,0.0,4,11,0,2,212,36,447,0,1344935,73.67,599043.0,777.0,777.0,737.0
ANDHRA PRADESH,nizamabad,2001.0,106.0,49,21,0.0,21.0,38,21,17,19,55,15,228,0,1162905,64.91,424738.0,590.0,590.0,537.0
ANDHRA PRADESH,nizamabad,2002.0,93.0,42,35,0.0,35.0,29,21,8,17,71,24,278,0,1162905,64.91,424738.0,653.0,653.0,600.0
ANDHRA PRADESH,nizamabad,2003.0,90.0,49,29,0.0,29.0,35,7,28,11,61,32,329,3,1162905,64.91,424738.0,703.0,703.0,636.0
ANDHRA PRADESH,nizamabad,2004.0,96.0,54,24,0.0,24.0,56,19,37,17,74,46,339,0,1162905,64.91,424738.0,786.0,786.0,684.0
ANDHRA PRADESH,nizamabad,2005.0,88.0,38,26,0.0,26.0,57,32,25,16,88,41,410,0,1162905,64.91,424738.0,847.0,847.0,749.0
ANDHRA PRADESH,nizamabad,2006.0,110.0,83,36,0.0,36.0,71,46,25,18,115,64,431,0,1162905,64.91,424738.0,1035.0,1035.0,900.0
ANDHRA PRADESH,nizamabad,2007.0,151.0,77,23,0.0,23.0,60,48,12,25,88,59,455,0,1162905,64.91,424738.0,1021.0,1021.0,902.0
ANDHRA PRADESH,nizamabad,2008.0,153.0,61,31,0.0,31.0,51,25,26,16,70,85,305,0,1162905,64.91,424738.0,854.0,854.0,718.0
ANDHRA PRADESH,nizamabad,2009.0,106.0,55,27,0.0,27.0,46,41,5,19,79,75,518,0,1162905,64.91,424738.0,998.0,998.0,877.0
ANDHRA PRADESH,nizamabad,2010.0,98.0,45,62,0.0,62.0,65,50,15,21,114,75,626,0,1162905,64.91,424738.0,1233.0,1233.0,1093.0
ANDHRA PRADESH,nizamabad,2011.0,135.0,55,63,0.0,63.0,84,51,33,27,98,100,569,0,1162905,64.91,424738.0,1278.0,1278.0,1094.0
ANDHRA PRADESH,nizamabad,2012.0,113.0,48,35,0.0,35.0,38,23,15,19,100,102,596,0,1162905,64.91,424738.0,1124.0,1124.0,984.0
ANDHRA PRADESH,srikakulam,2001.0,38.0,10,8,0.0,8.0,12,12,0,6,38,47,108,0,1260020,67.19,278659.0,287.0,287.0,228.0
ANDHRA PRADESH,srikakulam,2002.0,27.0,9,14,0.0,14.0,10,9,1,4,60,16,114,0,1260020,67.19,278659.0,278.0,278.0,252.0
ANDHRA PRADESH,srikakulam,2003.0,39.0,32,9,0.0,9.0,8,4,4,7,58,44,147,0,1260020,67.19,278659.0,361.0,361.0,309.0
ANDHRA PRADESH,srikakulam,2004.0,26.0,30,15,0.0,15.0,15,13,2,14,58,11,165,0,1260020,67.19,278659.0,364.0,364.0,338.0
ANDHRA PRADESH,srikakulam,2005.0,36.0,0,15,1.0,14.0,17,16,1,9,51,40,137,0,1260020,67.19,278659.0,337.0,337.0,280.0
ANDHRA PRADESH,srikakulam,2006.0,46.0,0,27,0.0,27.0,21,21,0,3,70,25,188,0,1260020,67.19,278659.0,428.0,428.0,382.0
ANDHRA PRADESH,srikakulam,2007.0,31.0,5,30,0.0,30.0,19,19,0,12,99,57,345,0,1260020,67.19,278659.0,647.0,647.0,571.0
ANDHRA PRADESH,srikakulam,2008.0,25.0,0,32,0.0,32.0,18,14,4,6,92,72,314,0,1260020,67.19,278659.0,609.0,609.0,519.0
ANDHRA PRADESH,srikakulam,2009.0,31.0,2,21,0.0,21.0,20,20,0,6,67,44,211,0,1260020,67.19,278659.0,443.0,443.0,379.0
ANDHRA PRADESH,srikakulam,2010.0,31.0,43,35,0.0,35.0,31,31,0,5,93,92,233,0,1260020,67.19,278659.0,629.0,629.0,506.0
ANDHRA PRADESH,srikakulam,2011.0,40.0,65,29,0.0,29.0,28,23,5,8,91,83,333,0,1260020,67.19,278659.0,734.0,734.0,623.0
ANDHRA PRADESH,srikakulam,2012.0,35.0,40,39,0.0,39.0,18,18,0,3,116,69,312,0,1260020,67.19,278659.0,689.0,689.0,602.0
ANDHRA PRADESH,srikakulam,2015.0,,5,47,0.0,,9,28,1,6,119,21,214,0,1260020,67.19,278659.0,450.0,450.0,420.0
ANDHRA PRADESH,srikakulam,2019.0,0.0,0,51,0.0,0.0,10,15,0,4,158,43,212,0,1260020,67.19,278659.0,493.0,493.0,440.0
ANDHRA PRADESH,visakhapatnam,2001.0,22.0,10,13,0.0,13.0,13,6,7,0,33,462,204,0,1930197,69.68,1530899.0,783.0,783.0,308.0
ANDHRA PRADESH,visakhapatnam,2002.0,20.0,15,8,0.0,8.0,15,10,5,3,28,18,235,0,1930197,69.68,1530899.0,365.0,365.0,332.0
ANDHRA PRADESH,visakhapatnam,2003.0,19.0,21,9,0.0,9.0,30,20,10,3,11,30,146,0,1930197,69.68,1530899.0,308.0,308.0,248.0
ANDHRA PRADESH,visakhapatnam,2004.0,27.0,27,12,0.0,12.0,27,16,11,1,24,43,243,0,1930197,69.68,1530899.0,443.0,443.0,373.0
ANDHRA PRADESH,visakhapatnam,2005.0,27.0,48,28,0.0,28.0,37,15,22,2,45,86,361,0,1930197,69.68,1530899.0,699.0,699.0,576.0
ANDHRA PRADESH,visakhapatnam,2006.0,37.0,30,21,0.0,21.0,49,40,9,10,62,30,397,0,1930197,69.68,1530899.0,706.0,706.0,627.0
ANDHRA PRADESH,visakhapatnam,2007.0,21.0,23,24,0.0,24.0,39,23,16,14,100,25,535,0,1930197,69.68,1530899.0,844.0,844.0,780.0
ANDHRA PRADESH,visakhapatnam,2008.0,32.0,36,29,0.0,29.0,34,26,8,13,87,2,488,0,1930197,69.68,1530899.0,784.0,784.0,748.0
ANDHRA PRADESH,visakhapatnam,2009.0,28.0,25,39,0.0,39.0,48,26,22,13,95,54,481,0,1930197,69.68,1530899.0,870.0,870.0,768.0
ANDHRA PRADESH,visakhapatnam,2010.0,24.0,25,53,0.0,53.0,34,24,10,11,59,52,393,0,1930197,69.68,1530899.0,738.0,738.0,652.0
ANDHRA PRADESH,visakhapatnam,2011.0,39.0,34,57,0.0,57.0,50,48,2,12,31,50,386,0,1930197,69.68,1530899.0,766.0,766.0,666.0
ANDHRA PRADESH,visakhapatnam,2012.0,44.0,27,50,0.0,50.0,27,20,7,11,23,11,412,0,1930197,69.68,1530899.0,682.0,682.0,644.0
ANDHRA PRADESH,visakhapatnam,2015.0,,2,87,0.0,,126,126,0,7,257,9,383,0,1930197,69.68,1530899.0,997.0,997.0,862.0
ANDHRA PRADESH,visakhapatnam,2019.0,0.0,1,98,0.0,0.0,67,69,1,9,252,137,585,0,1930197,69.68,1530899.0,1219.0,1219.0,1015.0
ANDHRA PRADESH,vizianagaram,2001.0,33.0,14,8,0.0,8.0,8,2,6,0,40,22,121,0,1119541,62.37,412395.0,262.0,262.0,232.0
ANDHRA PRADESH,vizianagaram,2002.0,28.0,22,12,0.0,12.0,9,0,9,1,38,25,190,0,1119541,62.37,412395.0,346.0,346.0,312.0
ANDHRA PRADESH,vizianagaram,2003.0,30.0,16,6,0.0,6.0,3,0,3,4,34,25,127,0,1119541,62.37,412395.0,254.0,254.0,226.0
ANDHRA PRADESH,vizianagaram,2004.0,42.0,17,14,0.0,14.0,8,7,1,6,53,26,155,0,1119541,62.37,412395.0,343.0,343.0,309.0
ANDHRA PRADESH,vizianagaram,2005.0,43.0,9,12,0.0,12.0,9,9,0,7,41,28,186,0,1119541,62.37,412395.0,356.0,356.0,319.0
ANDHRA PRADESH,vizianagaram,2006.0,35.0,17,16,0.0,16.0,20,16,4,5,69,22,171,0,1119541,62.37,412395.0,391.0,391.0,349.0
ANDHRA PRADESH,vizianagaram,2007.0,34.0,30,10,0.0,10.0,23,20,3,3,90,46,270,0,1119541,62.37,412395.0,539.0,539.0,470.0
ANDHRA PRADESH,vizianagaram,2008.0,29.0,21,6,0.0,6.0,16,14,2,3,88,60,253,0,1119541,62.37,412395.0,498.0,498.0,422.0
ANDHRA PRADESH,vizianagaram,2009.0,30.0,24,13,0.0,13.0,15,12,3,8,103,105,297,0,1119541,62.37,412395.0,623.0,623.0,503.0
ANDHRA PRADESH,vizianagaram,2010.0,26.0,40,32,0.0,32.0,19,15,4,14,101,85,312,0,1119541,62.37,412395.0,680.0,680.0,576.0
ANDHRA PRADESH,vizianagaram,2011.0,38.0,32,50,0.0,50.0,26,20,6,5,79,99,384,0,1119541,62.37,412395.0,789.0,789.0,664.0
ANDHRA PRADESH,vizianagaram,2012.0,44.0,36,44,0.0,44.0,21,20,1,3,96,103,363,0,1119541,62.37,412395.0,775.0,775.0,651.0
ANDHRA PRADESH,vizianagaram,2015.0,,0,34,0.0,,10,11,1,5,191,91,282,0,1119541,62.37,412395.0,625.0,625.0,524.0
ANDHRA PRADESH,vizianagaram,2019.0,0.0,0,67,0.0,0.0,12,12,0,4,117,54,274,0,1119541,62.37,412395.0,540.0,540.0,474.0
ANDHRA PRADESH,warangal,2001.0,158.0,79,53,0.0,53.0,81,25,56,52,241,0,165,0,1644895,68.88,623212.0,963.0,963.0,882.0
ANDHRA PRADESH,warangal,2002.0,131.0,72,52,0.0,52.0,72,58,14,45,212,0,157,0,1644895,68.88,623212.0,865.0,865.0,793.0
ANDHRA PRADESH,warangal,2003.0,128.0,80,61,0.0,61.0,103,69,34,35,222,0,162,0,1644895,68.88,623212.0,955.0,955.0,852.0
ANDHRA PRADESH,warangal,2004.0,111.0,67,53,0.0,53.0,125,88,37,43,228,0,162,0,1644895,68.88,623212.0,967.0,967.0,842.0
ANDHRA PRADESH,warangal,2005.0,117.0,93,34,0.0,34.0,82,64,18,29,226,50,332,0,1644895,68.88,623212.0,1079.0,1079.0,947.0
ANDHRA PRADESH,warangal,2006.0,116.0,89,50,0.0,50.0,103,78,25,40,230,56,480,0,1644895,68.88,623212.0,1317.0,1317.0,1158.0
ANDHRA PRADESH,warangal,2007.0,106.0,61,57,0.0,57.0,138,109,29,56,279,50,608,0,1644895,68.88,623212.0,1550.0,1550.0,1362.0
ANDHRA PRADESH,warangal,2008.0,121.0,73,59,0.0,59.0,82,62,20,36,223,54,519,0,1644895,68.88,623212.0,1308.0,1308.0,1172.0
ANDHRA PRADESH,warangal,2009.0,103.0,42,70,0.0,70.0,140,130,10,49,234,25,432,0,1644895,68.88,623212.0,1305.0,1305.0,1140.0
ANDHRA PRADESH,warangal,2010.0,49.0,19,28,0.0,28.0,49,39,10,7,98,10,50,0,1644895,68.88,623212.0,387.0,387.0,328.0
ANDHRA PRADESH,warangal,2011.0,72.0,32,48,0.0,48.0,68,62,6,26,157,27,89,0,1644895,68.88,623212.0,635.0,635.0,540.0
ANDHRA PRADESH,warangal,2012.0,75.0,47,56,0.0,56.0,66,58,8,20,117,34,101,0,1644895,68.88,623212.0,638.0,638.0,538.0
ANDHRA PRADESH,west godavari,2001.0,77.0,58,61,0.0,61.0,41,21,20,15,246,56,348,0,1910038,78.05,750887.0,1004.0,1004.0,907.0
ANDHRA PRADESH,west godavari,2002.0,69.0,91,54,0.0,54.0,59,32,27,12,223,73,447,0,1910038,78.05,750887.0,1141.0,1141.0,1009.0
ANDHRA PRADESH,west godavari,2003.0,77.0,92,107,0.0,107.0,88,65,23,21,382,121,584,0,1910038,78.05,750887.0,1667.0,1667.0,1458.0
ANDHRA PRADESH,west godavari,2004.0,72.0,108,81,0.0,81.0,66,43,23,17,301,104,518,0,1910038,78.05,750887.0,1414.0,1414.0,1244.0
ANDHRA PRADESH,west godavari,2005.0,81.0,119,69,0.0,69.0,58,35,23,17,232,118,410,0,1910038,78.05,750887.0,1231.0,1231.0,1055.0
ANDHRA PRADESH,west godavari,2006.0,59.0,130,53,0.0,53.0,96,50,46,23,354,117,4,0,1910038,78.05,750887.0,985.0,985.0,772.0
ANDHRA PRADESH,west godavari,2007.0,62.0,106,52,0.0,52.0,117,80,37,22,309,155,573,0,1910038,78.05,750887.0,1565.0,1565.0,1293.0
ANDHRA PRADESH,west godavari,2008.0,78.0,98,117,0.0,117.0,112,70,42,25,368,182,696,0,1910038,78.05,750887.0,1905.0,1905.0,1611.0
ANDHRA PRADESH,west godavari,2009.0,73.0,124,114,0.0,114.0,115,89,26,14,384,196,729,0,1910038,78.05,750887.0,1978.0,1978.0,1667.0
ANDHRA PRADESH,west godavari,2010.0,74.0,125,127,0.0,127.0,142,122,20,26,400,231,732,0,1910038,78.05,750887.0,2126.0,2126.0,1753.0
ANDHRA PRADESH,west godavari,2011.0,74.0,92,97,0.0,97.0,144,90,54,27,364,238,760,0,1910038,78.05,750887.0,2037.0,2037.0,1655.0
ANDHRA PRADESH,west godavari,2012.0,91.0,91,130,0.0,130.0,86,59,27,19,296,235,757,0,1910038,78.05,750887.0,1921.0,1921.0,1600.0
ANDHRA PRADESH,west godavari,2015.0,,55,160,0.0,,12,48,8,17,427,130,663,0,1910038,78.05,750887.0,1520.0,1520.0,1378.0
ANDHRA PRADESH,west godavari,2019.0,0.0,15,65,0.0,0.0,21,54,24,7,388,114,779,0,1910038,78.05,750887.0,1467.0,1467.0,1332.0
ANDHRA PRADESH,anantapur,2020.0,1.0,0,69,0.0,0.0,4,44,0,17,418,26,437,0,1859588,68.38,919563.0,1016.0,1016.0,986.0
ANDHRA PRADESH,chittoor,2020.0,0.0,0,38,0.0,0.0,0,13,5,14,183,12,335,0,1889690,77.62,811030.0,600.0,600.0,588.0
ANDHRA PRADESH,cuddapah,2020.0,1.0,0,30,0.0,0.0,0,11,0,7,205,66,283,0,1318093,75.83,587753.0,603.0,603.0,537.0
ANDHRA PRADESH,guntur,2020.0,0.0,0,90,0.0,0.0,44,59,0,3,338,262,614,0,2250279,71.24,1285760.0,1410.0,1410.0,1104.0
ANDHRA PRADESH,krishna,2020.0,0.0,0,79,0.0,0.0,102,107,0,8,341,242,617,0,2117401,74.39,1343447.0,1496.0,1496.0,1152.0
ANDHRA PRADESH,kurnool,2020.0,0.0,0,41,0.0,0.0,0,25,7,5,426,471,222,0,1796214,65.96,817464.0,1197.0,1197.0,726.0
ANDHRA PRADESH,nellore,2020.0,0.0,0,47,0.0,0.0,3,12,0,7,268,65,433,0,1344935,73.67,599043.0,835.0,835.0,767.0
ANDHRA PRADESH,srikakulam,2020.0,0.0,0,61,0.0,0.0,6,14,2,3,146,64,153,0,1260020,67.19,278659.0,449.0,449.0,379.0
ANDHRA PRADESH,visakhapatnam,2020.0,0.0,0,124,0.0,0.0,21,23,2,5,288,104,423,0,1930197,69.68,1530899.0,990.0,990.0,865.0
ANDHRA PRADESH,vizianagaram,2020.0,0.0,0,73,0.0,0.0,24,26,0,1,178,81,231,0,1119541,62.37,412395.0,614.0,614.0,509.0
ANDHRA PRADESH,west godavari,2020.0,0.0,0,76,0.0,0.0,15,45,18,6,457,108,644,0,1910038,78.05,750887.0,1369.0,1369.0,1246.0
ARUNACHAL PRADESH,changlang,2001.0,11.0,2,1,0.0,1.0,3,2,1,0,3,0,0,0,65821,62.13,12388.0,24.0,24.0,21.0
ARUNACHAL PRADESH,changlang,2002.0,9.0,4,3,0.0,3.0,5,2,3,0,0,0,2,0,65821,62.13,12388.0,31.0,31.0,26.0
ARUNACHAL PRADESH,changlang,2003.0,10.0,1,4,0.0,4.0,7,7,0,0,0,0,2,0,65821,62.13,12388.0,35.0,35.0,28.0
ARUNACHAL PRADESH,changlang,2004.0,8.0,3,9,0.0,9.0,7,5,2,0,1,0,1,0,65821,62.13,12388.0,45.0,45.0,38.0
ARUNACHAL PRADESH,changlang,2005.0,9.0,6,2,0.0,2.0,8,5,3,0,1,0,1,0,65821,62.13,12388.0,37.0,37.0,29.0
ARUNACHAL PRADESH,changlang,2006.0,3.0,3,4,0.0,4.0,4,4,0,0,0,0,2,0,65821,62.13,12388.0,24.0,24.0,20.0
ARUNACHAL PRADESH,changlang,2007.0,5.0,4,7,0.0,7.0,2,2,0,0,5,0,4,0,65821,62.13,12388.0,36.0,36.0,34.0
ARUNACHAL PRADESH,changlang,2008.0,6.0,4,2,0.0,2.0,4,4,0,0,5,0,0,0,65821,62.13,12388.0,27.0,27.0,23.0
ARUNACHAL PRADESH,changlang,2009.0,3.0,2,8,0.0,8.0,7,6,1,0,3,0,4,0,65821,62.13,12388.0,42.0,42.0,35.0
ARUNACHAL PRADESH,changlang,2010.0,5.0,1,4,0.0,4.0,7,4,3,0,10,0,1,0,65821,62.13,12388.0,39.0,39.0,32.0
ARUNACHAL PRADESH,changlang,2011.0,9.0,4,3,0.0,3.0,12,7,5,0,3,0,2,0,65821,62.13,12388.0,48.0,48.0,36.0
ARUNACHAL PRADESH,changlang,2012.0,7.0,6,6,0.0,6.0,12,7,5,1,5,0,4,0,65821,62.13,12388.0,59.0,59.0,47.0
ARUNACHAL PRADESH,changlang,2015.0,,0,5,0.0,,0,7,7,0,5,0,4,0,65821,62.13,12388.0,28.0,28.0,28.0
ARUNACHAL PRADESH,changlang,2019.0,0.0,0,5,0.0,0.0,1,2,0,0,2,0,3,0,65821,62.13,12388.0,13.0,13.0,12.0
ARUNACHAL PRADESH,changlang,2020.0,0.0,0,8,0.0,0.0,0,1,1,0,3,0,3,0,65821,62.13,12388.0,16.0,16.0,16.0
ARUNACHAL PRADESH,dibang valley,2001.0,3.0,5,2,0.0,2.0,4,4,0,0,4,0,2,0,31442,67.21,10107.0,26.0,26.0,22.0
ARUNACHAL PRADESH,dibang valley,2002.0,6.0,4,5,0.0,5.0,6,5,1,0,4,0,5,0,31442,67.21,10107.0,41.0,41.0,35.0
ARUNACHAL PRADESH,dibang valley,2003.0,1.0,1,2,0.0,2.0,1,1,0,0,1,0,5,0,31442,67.21,10107.0,14.0,14.0,13.0
ARUNACHAL PRADESH,dibang valley,2004.0,1.0,10,3,0.0,3.0,3,0,3,0,0,0,0,0,31442,67.21,10107.0,23.0,23.0,20.0
ARUNACHAL PRADESH,dibang valley,2005.0,4.0,4,0,0.0,0.0,5,4,1,0,5,0,0,0,31442,67.21,10107.0,23.0,23.0,18.0
ARUNACHAL PRADESH,dibang valley,2006.0,2.0,5,2,0.0,2.0,2,2,0,0,1,0,0,0,31442,67.21,10107.0,16.0,16.0,14.0
ARUNACHAL PRADESH,dibang valley,2007.0,7.0,1,2,0.0,2.0,4,3,1,0,5,0,1,0,31442,67.21,10107.0,26.0,26.0,22.0
ARUNACHAL PRADESH,dibang valley,2008.0,1.0,2,3,0.0,3.0,6,4,2,0,9,0,2,0,31442,67.21,10107.0,32.0,32.0,26.0
ARUNACHAL PRADESH,dibang valley,2009.0,1.0,1,3,0.0,3.0,6,4,2,0,2,0,1,0,31442,67.21,10107.0,23.0,23.0,17.0
ARUNACHAL PRADESH,dibang valley,2010.0,3.0,1,3,0.0,3.0,3,3,0,0,2,0,0,0,31442,67.21,10107.0,18.0,18.0,15.0
ARUNACHAL PRADESH,dibang valley,2011.0,3.0,1,3,0.0,3.0,3,2,1,0,1,0,0,0,31442,67.21,10107.0,17.0,17.0,14.0
ARUNACHAL PRADESH,dibang valley,2012.0,4.0,0,2,0.0,2.0,5,4,1,0,2,0,1,0,31442,67.21,10107.0,21.0,21.0,16.0
ARUNACHAL PRADESH,dibang valley,2015.0,,0,0,0.0,,0,0,0,0,1,0,0,0,31442,67.21,10107.0,1.0,1.0,1.0
ARUNACHAL PRADESH,dibang valley,2019.0,0.0,0,0,0.0,0.0,0,0,0,0,0,0,0,0,31442,67.21,10107.0,0.0,0.0,0.0
ARUNACHAL PRADESH,dibang valley,2020.0,0.0,0,0,0.0,0.0,0,0,0,0,3,0,0,0,31442,67.21,10107.0,3.0,3.0,3.0
ARUNACHAL PRADESH,east kameng,2001.0,3.0,1,2,0.0,2.0,7,5,2,0,5,0,0,0,28802,52.36,15002.0,27.0,27.0,20.0
ARUNACHAL PRADESH,east siang,2001.0,7.0,0,5,0.0,5.0,11,7,4,0,7,0,2,0,45265,68.42,21965.0,48.0,48.0,37.0
ARUNACHAL PRADESH,lohit,2001.0,16.0,6,2,0.0,2.0,6,6,0,0,8,0,0,0,77314,65.74,26762.0,46.0,46.0,40.0
ARUNACHAL PRADESH,lohit,2002.0,14.0,2,3,0.0,3.0,5,3,2,0,8,0,0,0,77314,65.74,26762.0,40.0,40.0,35.0
ARUNACHAL PRADESH,lohit,2003.0,16.0,0,1,0.0,1.0,15,14,1,0,5,0,1,0,77314,65.74,26762.0,54.0,54.0,39.0
ARUNACHAL PRADESH,lohit,2004.0,10.0,2,5,0.0,5.0,7,5,2,0,8,0,0,0,77314,65.74,26762.0,44.0,44.0,37.0
ARUNACHAL PRADESH,lohit,2005.0,14.0,5,3,0.0,3.0,7,4,3,0,7,0,1,0,77314,65.74,26762.0,47.0,47.0,40.0
ARUNACHAL PRADESH,lohit,2006.0,9.0,0,3,0.0,3.0,10,8,2,0,3,0,1,0,77314,65.74,26762.0,39.0,39.0,29.0
ARUNACHAL PRADESH,lohit,2007.0,17.0,1,5,0.0,5.0,12,12,0,0,4,0,0,0,77314,65.74,26762.0,56.0,56.0,44.0
ARUNACHAL PRADESH,lohit,2008.0,11.0,1,3,0.0,3.0,1,1,0,0,1,0,0,0,77314,65.74,26762.0,21.0,21.0,20.0
ARUNACHAL PRADESH,lohit,2009.0,9.0,1,8,0.0,8.0,6,2,4,0,5,0,0,0,77314,65.74,26762.0,43.0,43.0,37.0
ARUNACHAL PRADESH,lohit,2010.0,7.0,4,9,0.0,9.0,5,3,2,0,7,0,0,0,77314,65.74,26762.0,46.0,46.0,41.0
ARUNACHAL PRADESH,lohit,2011.0,12.0,3,5,0.0,5.0,10,4,6,0,2,0,0,0,77314,65.74,26762.0,47.0,47.0,37.0
ARUNACHAL PRADESH,lohit,2012.0,11.0,4,3,0.0,3.0,12,5,7,0,11,0,2,0,77314,65.74,26762.0,58.0,58.0,46.0
ARUNACHAL PRADESH,lohit,2015.0,,0,6,0.0,,12,21,6,0,12,0,4,0,77314,65.74,26762.0,61.0,61.0,49.0
ARUNACHAL PRADESH,lohit,2019.0,0.0,0,3,0.0,0.0,6,6,0,1,5,0,3,0,77314,65.74,26762.0,24.0,24.0,18.0
ARUNACHAL PRADESH,lohit,2020.0,0.0,0,3,0.0,0.0,1,3,0,0,5,0,3,0,77314,65.74,26762.0,15.0,15.0,14.0
ARUNACHAL PRADESH,lower subansiri,2001.0,8.0,10,2,0.0,2.0,6,5,1,0,4,0,0,0,49542,53.37,12384.0,38.0,38.0,32.0
ARUNACHAL PRADESH,papum pare,2001.0,11.0,8,9,0.0,9.0,15,5,10,0,6,0,3,0,64184,77.27,62042.0,76.0,76.0,61.0
ARUNACHAL PRADESH,papum pare,2002.0,3.0,3,3,0.0,3.0,10,6,4,0,9,1,1,0,64184,77.27,62042.0,43.0,43.0,32.0
ARUNACHAL PRADESH,papum pare,2003.0,9.0,2,3,0.0,3.0,10,8,2,0,7,0,1,0,64184,77.27,62042.0,45.0,45.0,35.0
ARUNACHAL PRADESH,papum pare,2004.0,7.0,4,4,0.0,4.0,8,4,4,0,8,0,0,0,64184,77.27,62042.0,43.0,43.0,35.0
ARUNACHAL PRADESH,papum pare,2005.0,10.0,4,6,0.0,6.0,10,7,3,0,4,0,2,0,64184,77.27,62042.0,52.0,52.0,42.0
ARUNACHAL PRADESH,papum pare,2006.0,10.0,11,5,0.0,5.0,20,10,10,0,14,1,2,0,64184,77.27,62042.0,88.0,88.0,67.0
ARUNACHAL PRADESH,papum pare,2007.0,4.0,7,8,0.0,8.0,20,8,12,0,15,0,8,0,64184,77.27,62042.0,90.0,90.0,70.0
ARUNACHAL PRADESH,papum pare,2008.0,11.0,6,7,0.0,7.0,18,10,8,0,12,1,3,0,64184,77.27,62042.0,83.0,83.0,64.0
ARUNACHAL PRADESH,papum pare,2009.0,7.0,4,11,0.0,11.0,13,3,10,0,10,6,1,0,64184,77.27,62042.0,76.0,76.0,57.0
ARUNACHAL PRADESH,papum pare,2010.0,7.0,5,4,0.0,4.0,15,9,6,0,13,0,1,0,64184,77.27,62042.0,64.0,64.0,49.0
ARUNACHAL PRADESH,papum pare,2011.0,7.0,6,4,0.0,4.0,23,17,6,0,7,0,9,0,64184,77.27,62042.0,83.0,83.0,60.0
ARUNACHAL PRADESH,papum pare,2012.0,4.0,5,7,0.0,7.0,20,15,5,0,8,2,3,0,64184,77.27,62042.0,76.0,76.0,54.0
ARUNACHAL PRADESH,tawang,2001.0,2.0,0,1,0.0,1.0,0,0,0,0,5,1,0,0,21846,60.32,8376.0,10.0,10.0,9.0
ARUNACHAL PRADESH,tawang,2002.0,0.0,0,1,0.0,1.0,0,0,0,0,0,1,1,0,21846,60.32,8376.0,4.0,4.0,3.0
ARUNACHAL PRADESH,tawang,2003.0,0.0,0,0,0.0,0.0,0,0,0,0,1,0,0,0,21846,60.32,8376.0,1.0,1.0,1.0
ARUNACHAL PRADESH,tawang,2004.0,0.0,2,0,0.0,0.0,0,0,0,0,13,0,1,0,21846,60.32,8376.0,16.0,16.0,16.0
ARUNACHAL PRADESH,tawang,2005.0,2.0,0,1,0.0,1.0,0,0,0,0,1,0,1,0,21846,60.32,8376.0,6.0,6.0,6.0
ARUNACHAL PRADESH,tawang,2006.0,0.0,0,0,0.0,0.0,0,0,0,0,1,0,0,0,21846,60.32,8376.0,1.0,1.0,1.0
ARUNACHAL PRADESH,tawang,2007.0,3.0,0,1,0.0,1.0,0,0,0,0,2,0,0,0,21846,60.32,8376.0,7.0,7.0,7.0
ARUNACHAL PRADESH,tawang,2008.0,2.0,0,0,0.0,0.0,0,0,0,0,5,0,0,0,21846,60.32,8376.0,7.0,7.0,7.0
ARUNACHAL PRADESH,tawang,2009.0,1.0,0,0,0.0,0.0,0,0,0,0,0,0,0,0,21846,60.32,8376.0,1.0,1.0,1.0
ARUNACHAL PRADESH,tawang,2010.0,1.0,0,1,0.0,1.0,0,0,0,0,1,0,0,0,21846,60.32,8376.0,4.0,4.0,4.0
ARUNACHAL PRADESH,tawang,2011.0,0.0,0,0,0.0,0.0,1,1,0,0,1,0,0,0,21846,60.32,8376.0,3.0,3.0,2.0
ARUNACHAL PRADESH,tawang,2012.0,2.0,0,0,0.0,0.0,0,0,0,0,1,0,0,0,21846,60.32,8376.0,3.0,3.0,3.0
ARUNACHAL PRADESH,tawang,2015.0,,0,0,0.0,,0,0,0,0,1,0,1,0,21846,60.32,8376.0,2.0,2.0,2.0
ARUNACHAL PRADESH,tawang,2019.0,0.0,0,1,0.0,0.0,0,0,0,0,3,0,0,0,21846,60.32,8376.0,4.0,4.0,4.0
ARUNACHAL PRADESH,tawang,2020.0,0.0,0,0,0.0,0.0,0,0,0,0,0,0,0,0,21846,60.32,8376.0,0.0,0.0,0.0
ARUNACHAL PRADESH,tirap,2001.0,8.0,4,1,0.0,1.0,6,3,3,0,0,0,0,0,52537,53.36,15294.0,26.0,26.0,20.0
ARUNACHAL PRADESH,tirap,2002.0,3.0,7,1,0.0,1.0,1,0,1,0,1,0,1,0,52537,53.36,15294.0,16.0,16.0,15.0
ARUNACHAL PRADESH,tirap,2003.0,2.0,3,1,0.0,1.0,8,0,8,0,9,0,2,0,52537,53.36,15294.0,34.0,34.0,26.0
ARUNACHAL PRADESH,tirap,2004.0,3.0,1,1,0.0,1.0,4,2,2,0,1,0,0,0,52537,53.36,15294.0,15.0,15.0,11.0
ARUNACHAL PRADESH,tirap,2005.0,3.0,2,0,0.0,0.0,2,0,2,0,5,0,0,0,52537,53.36,15294.0,14.0,14.0,12.0
ARUNACHAL PRADESH,tirap,2006.0,7.0,2,4,0.0,4.0,7,3,4,1,0,0,0,0,52537,53.36,15294.0,32.0,32.0,25.0
ARUNACHAL PRADESH,tirap,2007.0,7.0,1,0,0.0,0.0,3,1,2,0,2,0,0,0,52537,53.36,15294.0,16.0,16.0,13.0
ARUNACHAL PRADESH,tirap,2008.0,7.0,3,0,0.0,0.0,13,2,11,0,5,0,0,0,52537,53.36,15294.0,41.0,41.0,28.0
ARUNACHAL PRADESH,tirap,2009.0,5.0,3,1,0.0,1.0,4,1,3,0,6,0,0,0,52537,53.36,15294.0,24.0,24.0,20.0
ARUNACHAL PRADESH,tirap,2010.0,4.0,4,1,0.0,1.0,4,0,4,0,2,0,0,0,52537,53.36,15294.0,20.0,20.0,16.0
ARUNACHAL PRADESH,tirap,2011.0,11.0,1,3,0.0,3.0,9,1,8,0,3,0,0,0,52537,53.36,15294.0,39.0,39.0,30.0
ARUNACHAL PRADESH,tirap,2012.0,6.0,7,1,0.0,1.0,6,6,0,0,2,0,0,0,52537,53.36,15294.0,29.0,29.0,23.0
ARUNACHAL PRADESH,tirap,2015.0,,0,2,0.0,,2,6,2,0,2,0,0,0,52537,53.36,15294.0,14.0,14.0,12.0
ARUNACHAL PRADESH,tirap,2019.0,0.0,0,0,0.0,0.0,0,0,0,0,2,0,1,0,52537,53.36,15294.0,3.0,3.0,3.0
ARUNACHAL PRADESH,tirap,2020.0,0.0,0,1,0.0,0.0,0,0,0,0,4,0,0,0,52537,53.36,15294.0,5.0,5.0,5.0
ARUNACHAL PRADESH,upper subansiri,2001.0,4.0,0,2,0.0,2.0,1,1,0,0,8,0,2,0,28240,59.55,15756.0,20.0,20.0,19.0
ARUNACHAL PRADESH,west kameng,2001.0,4.0,2,0,0.0,0.0,2,2,0,0,0,0,0,0,42542,70.29,6693.0,10.0,10.0,8.0
ARUNACHAL PRADESH,west siang,2001.0,5.0,14,4,0.0,4.0,17,10,7,0,25,2,2,0,54349,66.63,21112.0,90.0,90.0,71.0
ASSAM,barpeta,2001.0,64.0,5,28,0.0,28.0,105,88,17,10,29,0,95,0,848578,64.83,126868.0,469.0,469.0,364.0
ASSAM,barpeta,2002.0,43.0,20,55,0.0,55.0,69,59,10,4,18,0,97,0,848578,64.83,126868.0,430.0,430.0,361.0
ASSAM,barpeta,2003.0,46.0,9,61,0.0,61.0,76,56,20,6,15,0,112,0,848578,64.83,126868.0,462.0,462.0,386.0
ASSAM,barpeta,2004.0,48.0,6,50,0.0,50.0,74,60,14,8,25,4,102,0,848578,64.83,126868.0,441.0,441.0,363.0
ASSAM,barpeta,2005.0,38.0,4,56,0.0,56.0,69,66,3,8,25,0,105,0,848578,64.83,126868.0,430.0,430.0,361.0
ASSAM,barpeta,2006.0,57.0,3,58,0.0,58.0,75,70,5,4,18,0,116,0,848578,64.83,126868.0,464.0,464.0,389.0
ASSAM,barpeta,2007.0,40.0,7,83,0.0,83.0,87,81,6,10,16,0,180,0,848578,64.83,126868.0,593.0,593.0,506.0
ASSAM,barpeta,2008.0,54.0,20,97,0.0,97.0,128,117,11,14,34,0,240,0,848578,64.83,126868.0,812.0,812.0,684.0
ASSAM,barpeta,2009.0,46.0,20,123,0.0,123.0,113,98,15,29,130,0,206,0,848578,64.83,126868.0,903.0,903.0,790.0
ASSAM,barpeta,2010.0,52.0,15,109,0.0,109.0,177,155,22,12,65,0,197,0,848578,64.83,126868.0,913.0,913.0,736.0
ASSAM,barpeta,2011.0,45.0,26,92,0.0,92.0,168,156,12,5,25,0,336,0,848578,64.83,126868.0,957.0,957.0,789.0
ASSAM,barpeta,2012.0,34.0,21,98,0.0,98.0,225,224,1,5,67,0,638,0,848578,64.83,126868.0,1411.0,1411.0,1186.0
ASSAM,barpeta,2015.0,,176,124,0.0,,0,373,0,22,461,20,1503,0,848578,64.83,126868.0,2679.0,2679.0,2659.0
ASSAM,barpeta,2019.0,0.0,0,137,0.0,0.0,0,463,0,15,557,0,0,0,848578,64.83,126868.0,1172.0,1172.0,1172.0
ASSAM,barpeta,2020.0,0.0,0,129,0.0,0.0,200,454,0,12,627,0,882,0,848578,64.83,126868.0,2304.0,2304.0,2104.0
ASSAM,bongaigaon,2001.0,45.0,22,20,0.0,20.0,36,21,15,1,22,0,26,0,465240,67.67,109782.0,228.0,228.0,192.0
ASSAM,bongaigaon,2002.0,47.0,0,21,0.0,21.0,51,40,11,3,2,0,32,0,465240,67.67,109782.0,228.0,228.0,177.0
ASSAM,bongaigaon,2003.0,27.0,9,27,0.0,27.0,46,40,6,6,10,0,61,0,465240,67.67,109782.0,259.0,259.0,213.0
ASSAM,bongaigaon,2004.0,36.0,2,41,0.0,41.0,52,46,6,3,12,0,23,0,465240,67.67,109782.0,262.0,262.0,210.0
ASSAM,bongaigaon,2005.0,19.0,3,38,0.0,38.0,31,28,3,3,15,0,66,0,465240,67.67,109782.0,244.0,244.0,213.0
ASSAM,bongaigaon,2006.0,15.0,1,13,0.0,13.0,19,19,0,0,20,0,28,0,465240,67.67,109782.0,128.0,128.0,109.0
ASSAM,bongaigaon,2007.0,15.0,2,40,0.0,40.0,45,38,7,5,13,0,124,0,465240,67.67,109782.0,329.0,329.0,284.0
ASSAM,bongaigaon,2008.0,15.0,10,51,0.0,51.0,60,35,25,5,13,0,106,0,465240,67.67,109782.0,371.0,371.0,311.0
ASSAM,bongaigaon,2009.0,13.0,9,54,0.0,54.0,58,53,5,4,5,0,118,0,465240,67.67,109782.0,373.0,373.0,315.0
ASSAM,bongaigaon,2010.0,27.0,15,51,0.0,51.0,74,65,9,14,46,0,222,0,465240,67.67,109782.0,574.0,574.0,500.0
ASSAM,bongaigaon,2011.0,22.0,8,72,0.0,72.0,74,64,10,5,2,0,126,0,465240,67.67,109782.0,455.0,455.0,381.0
ASSAM,bongaigaon,2012.0,17.0,9,50,0.0,50.0,73,59,14,6,15,0,169,0,465240,67.67,109782.0,462.0,462.0,389.0
ASSAM,bongaigaon,2015.0,,0,37,0.0,,0,131,12,14,15,0,175,0,465240,67.67,109782.0,384.0,384.0,384.0
ASSAM,bongaigaon,2019.0,0.0,25,61,0.0,0.0,13,190,0,3,135,0,319,0,465240,67.67,109782.0,746.0,746.0,733.0
ASSAM,bongaigaon,2020.0,3.0,0,46,0.0,0.0,4,176,0,7,109,0,342,0,465240,67.67,109782.0,687.0,687.0,683.0
ASSAM,cachar,2001.0,52.0,30,45,0.0,45.0,104,74,30,7,80,0,216,0,743042,75.73,201387.0,683.0,683.0,579.0
ASSAM,cachar,2002.0,57.0,44,71,0.0,71.0,93,80,13,7,156,0,219,0,743042,75.73,201387.0,811.0,811.0,718.0
ASSAM,cachar,2003.0,68.0,35,70,0.0,70.0,120,95,25,3,118,0,229,0,743042,75.73,201387.0,833.0,833.0,713.0
ASSAM,cachar,2004.0,46.0,30,46,0.0,46.0,112,92,20,4,114,0,256,0,743042,75.73,201387.0,766.0,766.0,654.0
ASSAM,cachar,2005.0,51.0,44,51,0.0,51.0,110,99,11,4,165,0,334,0,743042,75.73,201387.0,920.0,920.0,810.0
ASSAM,cachar,2006.0,58.0,18,60,0.0,60.0,129,105,24,5,181,0,306,0,743042,75.73,201387.0,946.0,946.0,817.0
ASSAM,cachar,2007.0,61.0,20,58,0.0,58.0,117,105,12,4,30,0,364,0,743042,75.73,201387.0,829.0,829.0,712.0
ASSAM,cachar,2008.0,56.0,6,72,0.0,72.0,128,106,22,13,19,0,216,0,743042,75.73,201387.0,710.0,710.0,582.0
ASSAM,cachar,2009.0,56.0,10,70,0.0,70.0,152,131,21,23,29,1,479,0,743042,75.73,201387.0,1042.0,1042.0,889.0
ASSAM,cachar,2010.0,54.0,6,73,0.0,73.0,173,153,20,15,10,0,504,0,743042,75.73,201387.0,1081.0,1081.0,908.0
ASSAM,cachar,2011.0,64.0,7,74,0.0,74.0,178,167,11,4,7,0,498,0,743042,75.73,201387.0,1084.0,1084.0,906.0
ASSAM,cachar,2012.0,72.0,0,94,0.0,94.0,175,163,12,19,11,0,551,0,743042,75.73,201387.0,1191.0,1191.0,1016.0
ASSAM,cachar,2015.0,,9,59,0.0,,0,234,0,8,70,0,597,0,743042,75.73,201387.0,977.0,977.0,977.0
ASSAM,cachar,2019.0,0.0,1,58,0.0,0.0,21,317,0,20,49,0,664,0,743042,75.73,201387.0,1130.0,1130.0,1109.0
ASSAM,cachar,2020.0,0.0,0,57,0.0,0.0,0,287,0,9,56,1,550,0,743042,75.73,201387.0,960.0,960.0,959.0
ASSAM,darrang,2001.0,61.0,13,48,0.0,48.0,64,47,17,9,56,0,37,0,773861,63.91,74828.0,400.0,400.0,336.0
ASSAM,darrang,2002.0,31.0,7,33,0.0,33.0,54,41,13,4,68,0,37,0,773861,63.91,74828.0,321.0,321.0,267.0
ASSAM,darrang,2003.0,73.0,21,53,0.0,53.0,83,63,20,7,93,0,48,0,773861,63.91,74828.0,514.0,514.0,431.0
ASSAM,darrang,2004.0,69.0,16,55,0.0,55.0,59,38,21,7,55,0,38,0,773861,63.91,74828.0,413.0,413.0,354.0
ASSAM,darrang,2005.0,25.0,17,47,0.0,47.0,33,30,3,4,65,0,45,0,773861,63.91,74828.0,316.0,316.0,283.0
ASSAM,darrang,2006.0,25.0,14,70,0.0,70.0,53,46,7,2,109,0,75,0,773861,63.91,74828.0,471.0,471.0,418.0
ASSAM,darrang,2007.0,23.0,8,61,0.0,61.0,45,40,5,3,111,1,81,0,773861,63.91,74828.0,439.0,439.0,393.0
ASSAM,darrang,2008.0,38.0,5,57,0.0,57.0,59,57,2,2,162,2,119,0,773861,63.91,74828.0,560.0,560.0,499.0
ASSAM,darrang,2009.0,29.0,8,80,0.0,80.0,99,96,3,7,139,0,236,0,773861,63.91,74828.0,777.0,777.0,678.0
ASSAM,darrang,2010.0,27.0,7,97,0.0,97.0,139,123,16,4,225,0,378,0,773861,63.91,74828.0,1113.0,1113.0,974.0
ASSAM,darrang,2011.0,34.0,3,95,0.0,95.0,200,192,8,2,109,2,164,0,773861,63.91,74828.0,904.0,904.0,702.0
ASSAM,darrang,2012.0,36.0,3,88,0.0,88.0,191,168,23,9,246,0,387,0,773861,63.91,74828.0,1239.0,1239.0,1048.0
ASSAM,darrang,2015.0,,13,77,0.0,,0,198,127,10,502,0,432,0,773861,63.91,74828.0,1359.0,1359.0,1359.0
ASSAM,darrang,2019.0,0.0,33,97,0.0,0.0,45,340,49,15,248,0,664,0,773861,63.91,74828.0,1491.0,1491.0,1446.0
ASSAM,darrang,2020.0,0.0,0,89,0.0,0.0,13,219,20,6,290,0,415,0,773861,63.91,74828.0,1052.0,1052.0,1039.0
ASSAM,dhemaji,2001.0,15.0,16,42,0.0,42.0,31,20,11,0,26,0,0,0,294643,74.41,38832.0,203.0,203.0,172.0
ASSAM,dhemaji,2002.0,30.0,15,48,0.0,48.0,31,25,6,1,23,0,57,0,294643,74.41,38832.0,284.0,284.0,253.0
ASSAM,dhemaji,2003.0,20.0,18,43,0.0,43.0,25,10,15,0,14,0,44,0,294643,74.41,38832.0,232.0,232.0,207.0
ASSAM,dhemaji,2004.0,17.0,17,53,0.0,53.0,53,40,13,0,33,0,74,0,294643,74.41,38832.0,353.0,353.0,300.0
ASSAM,dhemaji,2005.0,20.0,16,52,0.0,52.0,45,20,25,4,31,0,67,0,294643,74.41,38832.0,332.0,332.0,287.0
ASSAM,dhemaji,2006.0,23.0,33,58,0.0,58.0,45,30,15,1,28,0,94,0,294643,74.41,38832.0,385.0,385.0,340.0
ASSAM,dhemaji,2007.0,20.0,19,70,0.0,70.0,42,28,14,0,40,0,121,0,294643,74.41,38832.0,424.0,424.0,382.0
ASSAM,dhemaji,2008.0,21.0,30,88,0.0,88.0,66,51,15,0,40,0,165,0,294643,74.41,38832.0,564.0,564.0,498.0
ASSAM,dhemaji,2009.0,20.0,27,62,0.0,62.0,71,63,8,1,42,0,110,0,294643,74.41,38832.0,466.0,466.0,395.0
ASSAM,dhemaji,2010.0,20.0,14,75,0.0,75.0,78,76,2,5,40,0,122,0,294643,74.41,38832.0,507.0,507.0,429.0
ASSAM,dhemaji,2011.0,23.0,14,62,0.0,62.0,63,59,4,5,40,0,122,0,294643,74.41,38832.0,454.0,454.0,391.0
ASSAM,dhemaji,2012.0,24.0,10,74,0.0,74.0,87,61,26,2,17,0,82,0,294643,74.41,38832.0,457.0,457.0,370.0
ASSAM,dhemaji,2015.0,,13,34,0.0,,0,44,0,6,94,3,139,0,294643,74.41,38832.0,333.0,333.0,330.0
ASSAM,dhemaji,2019.0,0.0,3,27,0.0,0.0,3,105,6,6,83,1,139,0,294643,74.41,38832.0,373.0,373.0,369.0
ASSAM,dhemaji,2020.0,0.0,0,24,0.0,0.0,6,40,7,3,121,2,186,0,294643,74.41,38832.0,389.0,389.0,381.0
ASSAM,dhubri,2001.0,65.0,23,43,0.0,43.0,69,51,18,5,49,0,111,0,841044,55.91,192443.0,477.0,477.0,408.0
ASSAM,dhubri,2002.0,60.0,16,46,0.0,46.0,62,51,11,4,67,2,167,0,841044,55.91,192443.0,532.0,532.0,468.0
ASSAM,dhubri,2003.0,64.0,20,68,0.0,68.0,62,51,11,6,87,0,151,0,841044,55.91,192443.0,588.0,588.0,526.0
ASSAM,dhubri,2004.0,53.0,15,79,0.0,79.0,75,65,10,9,110,1,183,0,841044,55.91,192443.0,679.0,679.0,603.0
ASSAM,dhubri,2005.0,40.0,22,101,0.0,101.0,84,63,21,10,56,0,201,0,841044,55.91,192443.0,699.0,699.0,615.0
ASSAM,dhubri,2006.0,40.0,37,115,0.0,115.0,118,94,24,7,132,0,217,0,841044,55.91,192443.0,899.0,899.0,781.0
ASSAM,dhubri,2007.0,44.0,42,148,0.0,148.0,138,111,27,12,128,0,392,0,841044,55.91,192443.0,1190.0,1190.0,1052.0
ASSAM,dhubri,2008.0,44.0,20,116,0.0,116.0,139,126,13,4,88,0,393,0,841044,55.91,192443.0,1059.0,1059.0,920.0
ASSAM,dhubri,2009.0,53.0,16,150,0.0,150.0,185,147,38,20,154,2,375,0,841044,55.91,192443.0,1290.0,1290.0,1103.0
ASSAM,dhubri,2010.0,45.0,18,181,2.0,179.0,241,224,17,16,250,7,719,0,841044,55.91,192443.0,1899.0,1899.0,1651.0
ASSAM,dhubri,2011.0,61.0,19,157,0.0,157.0,307,276,31,12,210,2,693,0,841044,55.91,192443.0,1925.0,1925.0,1616.0
ASSAM,dhubri,2012.0,65.0,46,159,0.0,159.0,315,305,10,13,218,1,729,0,841044,55.91,192443.0,2020.0,2020.0,1704.0
ASSAM,dhubri,2015.0,,67,158,0.0,,19,399,0,19,434,1,911,0,841044,55.91,192443.0,2008.0,2008.0,1988.0
ASSAM,dhubri,2019.0,0.0,98,111,0.0,0.0,29,449,151,12,716,10,1230,0,841044,55.91,192443.0,2806.0,2806.0,2767.0
ASSAM,dhubri,2020.0,0.0,0,111,0.0,0.0,19,341,145,9,712,5,976,0,841044,55.91,192443.0,2318.0,2318.0,2294.0
ASSAM,dibrugarh,2001.0,110.0,22,35,0.0,35.0,57,37,20,3,41,0,19,0,613555,77.3,228438.0,379.0,379.0,322.0
ASSAM,dibrugarh,2002.0,97.0,35,45,0.0,45.0,75,58,17,1,27,0,43,0,613555,77.3,228438.0,443.0,443.0,368.0
ASSAM,dibrugarh,2003.0,107.0,33,38,0.0,38.0,54,39,15,0,28,0,28,0,613555,77.3,228438.0,380.0,380.0,326.0
ASSAM,dibrugarh,2004.0,125.0,19,58,0.0,58.0,88,68,20,4,50,0,63,0,613555,77.3,228438.0,553.0,553.0,465.0
ASSAM,dibrugarh,2005.0,113.0,24,57,0.0,57.0,75,51,24,4,41,0,53,0,613555,77.3,228438.0,499.0,499.0,424.0
ASSAM,dibrugarh,2006.0,104.0,25,53,0.0,53.0,65,56,9,4,48,0,44,0,613555,77.3,228438.0,461.0,461.0,396.0
ASSAM,dibrugarh,2007.0,112.0,17,55,0.0,55.0,93,2,91,0,29,0,30,0,613555,77.3,228438.0,484.0,484.0,391.0
ASSAM,dibrugarh,2008.0,99.0,21,46,0.0,46.0,89,60,29,4,60,0,100,0,613555,77.3,228438.0,554.0,554.0,465.0
ASSAM,dibrugarh,2009.0,77.0,4,46,0.0,46.0,110,6,104,3,44,0,92,0,613555,77.3,228438.0,532.0,532.0,422.0
ASSAM,dibrugarh,2010.0,85.0,0,54,0.0,54.0,136,31,105,6,51,0,152,0,613555,77.3,228438.0,674.0,674.0,538.0
ASSAM,dibrugarh,2011.0,89.0,0,54,0.0,54.0,135,29,106,0,7,0,135,0,613555,77.3,228438.0,609.0,609.0,474.0
ASSAM,dibrugarh,2012.0,81.0,33,50,0.0,50.0,134,75,59,0,138,0,316,0,613555,77.3,228438.0,936.0,936.0,802.0
ASSAM,dibrugarh,2015.0,,0,29,0.0,,0,184,33,3,84,0,380,0,613555,77.3,228438.0,713.0,713.0,713.0
ASSAM,dibrugarh,2019.0,0.0,4,41,0.0,0.0,0,196,0,6,81,0,396,0,613555,77.3,228438.0,724.0,724.0,724.0
ASSAM,dibrugarh,2020.0,0.0,0,22,0.0,0.0,21,215,5,3,78,0,379,0,613555,77.3,228438.0,723.0,723.0,702.0
ASSAM,goalpara,2001.0,28.0,12,35,0.0,35.0,43,35,8,1,54,0,64,0,420251,64.86,66902.0,315.0,315.0,272.0
ASSAM,goalpara,2002.0,24.0,18,40,0.0,40.0,48,29,19,2,67,0,93,0,420251,64.86,66902.0,380.0,380.0,332.0
ASSAM,goalpara,2003.0,30.0,23,60,0.0,60.0,51,47,4,2,36,0,152,0,420251,64.86,66902.0,465.0,465.0,414.0
ASSAM,goalpara,2004.0,35.0,0,50,0.0,50.0,53,51,2,3,8,0,119,0,420251,64.86,66902.0,371.0,371.0,318.0
ASSAM,goalpara,2005.0,31.0,5,40,0.0,40.0,73,69,4,3,2,0,142,2,420251,64.86,66902.0,411.0,411.0,338.0
ASSAM,goalpara,2006.0,23.0,9,55,0.0,55.0,40,35,5,4,45,0,151,0,420251,64.86,66902.0,422.0,422.0,382.0
ASSAM,goalpara,2007.0,31.0,5,51,0.0,51.0,51,39,12,4,45,0,105,0,420251,64.86,66902.0,394.0,394.0,343.0
ASSAM,goalpara,2008.0,36.0,5,66,0.0,66.0,76,64,12,4,32,0,117,0,420251,64.86,66902.0,478.0,478.0,402.0
ASSAM,goalpara,2009.0,51.0,4,90,0.0,90.0,89,89,0,2,2,0,252,0,420251,64.86,66902.0,669.0,669.0,580.0
ASSAM,goalpara,2010.0,31.0,0,119,0.0,119.0,121,117,4,4,10,0,263,0,420251,64.86,66902.0,788.0,788.0,667.0
ASSAM,goalpara,2011.0,39.0,5,99,0.0,99.0,100,89,11,3,2,0,142,2,420251,64.86,66902.0,591.0,591.0,491.0
ASSAM,goalpara,2012.0,55.0,44,65,0.0,65.0,84,68,16,3,97,0,323,0,420251,64.86,66902.0,820.0,820.0,736.0
ASSAM,goalpara,2015.0,,18,84,0.0,,0,62,0,3,238,0,691,0,420251,64.86,66902.0,1096.0,1096.0,1096.0
ASSAM,goalpara,2019.0,0.0,19,40,,0.0,0,213,80,6,123,0,394,0,420251,64.86,66902.0,875.0,875.0,875.0
ASSAM,goalpara,2020.0,0.0,0,33,0.0,0.0,0,154,0,2,79,0,300,0,420251,64.86,66902.0,568.0,568.0,568.0
ASSAM,golaghat,2001.0,53.0,2,30,0.0,30.0,44,40,4,0,23,0,26,0,490286,77.14,81138.0,252.0,252.0,208.0
ASSAM,golaghat,2002.0,57.0,9,42,0.0,42.0,68,60,8,0,36,0,36,0,490286,77.14,81138.0,358.0,358.0,290.0
ASSAM,golaghat,2003.0,55.0,16,67,0.0,67.0,73,60,13,0,26,0,58,0,490286,77.14,81138.0,435.0,435.0,362.0
ASSAM,golaghat,2004.0,71.0,11,62,0.0,62.0,91,70,21,0,31,0,79,0,490286,77.14,81138.0,498.0,498.0,407.0
ASSAM,golaghat,2005.0,61.0,18,54,0.0,54.0,87,70,17,0,27,0,91,0,490286,77.14,81138.0,479.0,479.0,392.0
ASSAM,golaghat,2006.0,72.0,24,63,0.0,63.0,91,70,21,1,44,0,76,0,490286,77.14,81138.0,525.0,525.0,434.0
ASSAM,golaghat,2007.0,80.0,23,64,0.0,64.0,78,58,20,0,50,0,99,0,490286,77.14,81138.0,536.0,536.0,458.0
ASSAM,golaghat,2008.0,65.0,15,42,0.0,42.0,61,50,11,0,46,0,86,0,490286,77.14,81138.0,418.0,418.0,357.0
ASSAM,golaghat,2009.0,55.0,22,35,0.0,35.0,101,97,4,0,46,0,108,0,490286,77.14,81138.0,503.0,503.0,402.0
ASSAM,golaghat,2010.0,52.0,21,40,0.0,40.0,86,84,2,9,33,0,148,0,490286,77.14,81138.0,515.0,515.0,429.0
ASSAM,golaghat,2011.0,56.0,56,54,0.0,54.0,159,146,13,1,66,0,194,0,490286,77.14,81138.0,799.0,799.0,640.0
ASSAM,golaghat,2012.0,58.0,34,60,0.0,60.0,181,154,27,1,72,0,226,0,490286,77.14,81138.0,873.0,873.0,692.0
ASSAM,golaghat,2015.0,,11,56,0.0,,0,167,0,5,120,0,292,0,490286,77.14,81138.0,651.0,651.0,651.0
ASSAM,golaghat,2019.0,0.0,6,34,0.0,0.0,55,302,19,5,64,0,406,0,490286,77.14,81138.0,891.0,891.0,836.0
ASSAM,golaghat,2020.0,0.0,0,31,0.0,0.0,23,211,53,0,44,0,332,0,490286,77.14,81138.0,694.0,694.0,671.0
ASSAM,hailakandi,2001.0,18.0,4,24,0.0,24.0,36,34,2,2,27,0,28,0,280513,68.24,44085.0,199.0,199.0,163.0
ASSAM,hailakandi,2002.0,26.0,5,24,0.0,24.0,42,42,0,1,30,0,34,0,280513,68.24,44085.0,228.0,228.0,186.0
ASSAM,hailakandi,2003.0,25.0,18,27,0.0,27.0,43,35,8,2,29,2,30,0,280513,68.24,44085.0,246.0,246.0,201.0
ASSAM,hailakandi,2004.0,25.0,18,18,0.0,18.0,32,25,7,2,4,1,23,0,280513,68.24,44085.0,173.0,173.0,140.0
ASSAM,hailakandi,2005.0,18.0,4,18,0.0,18.0,35,33,2,1,6,1,32,0,280513,68.24,44085.0,168.0,168.0,132.0
ASSAM,hailakandi,2006.0,18.0,1,23,0.0,23.0,56,48,8,1,9,0,49,0,280513,68.24,44085.0,236.0,236.0,180.0
ASSAM,hailakandi,2007.0,27.0,2,26,0.0,26.0,42,30,12,3,15,0,60,0,280513,68.24,44085.0,243.0,243.0,201.0
ASSAM,hailakandi,2008.0,27.0,0,39,0.0,39.0,61,52,9,3,8,0,62,0,280513,68.24,44085.0,300.0,300.0,239.0
ASSAM,hailakandi,2009.0,12.0,1,45,0.0,45.0,59,44,15,8,12,0,81,0,280513,68.24,44085.0,322.0,322.0,263.0
ASSAM,hailakandi,2010.0,22.0,3,72,0.0,72.0,74,54,20,3,16,0,129,0,280513,68.24,44085.0,465.0,465.0,391.0
ASSAM,hailakandi,2011.0,20.0,2,61,0.0,61.0,78,63,15,4,27,0,126,0,280513,68.24,44085.0,457.0,457.0,379.0
ASSAM,hailakandi,2012.0,24.0,13,56,0.0,56.0,96,65,31,6,52,0,125,0,280513,68.24,44085.0,524.0,524.0,428.0
ASSAM,hailakandi,2015.0,,0,90,0.0,,0,89,40,4,203,3,279,0,280513,68.24,44085.0,708.0,708.0,705.0
ASSAM,hailakandi,2019.0,0.0,23,145,,0.0,0,127,0,6,214,0,436,0,280513,68.24,44085.0,951.0,951.0,951.0
ASSAM,hailakandi,2020.0,0.0,0,92,0.0,0.0,0,67,0,3,139,2,291,0,280513,68.24,44085.0,594.0,594.0,592.0
ASSAM,jorhat,2001.0,40.0,22,42,0.0,42.0,37,28,9,2,44,0,48,0,517015,83.62,171320.0,314.0,314.0,277.0
ASSAM,jorhat,2002.0,37.0,13,36,0.0,36.0,36,32,4,0,39,0,42,0,517015,83.62,171320.0,275.0,275.0,239.0
ASSAM,jorhat,2003.0,46.0,7,40,0.0,40.0,28,28,0,0,26,0,23,0,517015,83.62,171320.0,238.0,238.0,210.0
ASSAM,jorhat,2004.0,38.0,8,32,0.0,32.0,34,32,2,0,32,0,35,0,517015,83.62,171320.0,245.0,245.0,211.0
ASSAM,jorhat,2005.0,51.0,10,29,0.0,29.0,44,40,4,0,40,0,42,0,517015,83.62,171320.0,289.0,289.0,245.0
ASSAM,jorhat,2006.0,37.0,6,30,0.0,30.0,54,52,2,0,40,0,56,0,517015,83.62,171320.0,307.0,307.0,253.0
ASSAM,jorhat,2007.0,46.0,14,45,0.0,45.0,70,59,11,3,21,0,55,0,517015,83.62,171320.0,369.0,369.0,299.0
ASSAM,jorhat,2008.0,51.0,24,44,0.0,44.0,54,41,13,0,59,0,76,0,517015,83.62,171320.0,406.0,406.0,352.0
ASSAM,jorhat,2009.0,26.0,4,36,0.0,36.0,54,40,14,1,53,0,116,0,517015,83.62,171320.0,380.0,380.0,326.0
ASSAM,jorhat,2010.0,50.0,6,51,0.0,51.0,68,51,17,0,60,0,163,0,517015,83.62,171320.0,517.0,517.0,449.0
ASSAM,jorhat,2011.0,48.0,9,49,0.0,49.0,85,11,74,2,49,0,172,0,517015,83.62,171320.0,548.0,548.0,463.0
ASSAM,jorhat,2012.0,36.0,36,42,0.0,42.0,106,95,11,1,53,0,254,0,517015,83.62,171320.0,676.0,676.0,570.0
ASSAM,jorhat,2015.0,,10,53,0.0,,18,176,43,5,161,13,292,0,517015,83.62,171320.0,771.0,771.0,740.0
ASSAM,jorhat,2019.0,0.0,20,30,0.0,0.0,0,209,0,0,191,0,618,0,517015,83.62,171320.0,1068.0,1068.0,1068.0
ASSAM,jorhat,2020.0,0.0,0,47,0.0,0.0,20,273,0,3,158,0,596,0,517015,83.62,171320.0,1097.0,1097.0,1077.0
ASSAM,kamrup,2001.0,37.0,30,21,0.0,21.0,95,65,30,2,42,0,27,0,1326981,81.16,908217.0,370.0,370.0,275.0
ASSAM,kamrup,2002.0,34.0,31,41,0.0,41.0,118,104,14,2,23,0,20,0,1326981,81.16,908217.0,428.0,428.0,310.0
ASSAM,kamrup,2003.0,24.0,18,48,0.0,48.0,51,23,28,0,6,0,10,0,1326981,81.16,908217.0,256.0,256.0,205.0
ASSAM,kamrup,2004.0,15.0,13,59,0.0,59.0,193,110,83,3,26,0,67,0,1326981,81.16,908217.0,628.0,628.0,435.0
ASSAM,kamrup,2005.0,31.0,18,73,0.0,73.0,86,53,33,0,26,0,0,0,1326981,81.16,908217.0,393.0,393.0,307.0
ASSAM,kamrup,2006.0,43.0,3,37,0.0,37.0,80,60,20,10,58,0,115,0,1326981,81.16,908217.0,463.0,463.0,383.0
ASSAM,kamrup,2007.0,47.0,24,74,0.0,74.0,63,36,27,0,7,0,144,0,1326981,81.16,908217.0,496.0,496.0,433.0
ASSAM,kamrup,2008.0,46.0,23,36,0.0,36.0,113,78,35,3,75,0,101,0,1326981,81.16,908217.0,546.0,546.0,433.0
ASSAM,kamrup,2009.0,43.0,20,57,0.0,57.0,121,108,13,3,35,0,108,0,1326981,81.16,908217.0,565.0,565.0,444.0
ASSAM,kamrup,2010.0,38.0,21,51,0.0,51.0,120,111,9,5,69,0,159,0,1326981,81.16,908217.0,634.0,634.0,514.0
ASSAM,kamrup,2011.0,44.0,4,63,0.0,63.0,156,139,17,6,61,0,147,0,1326981,81.16,908217.0,700.0,700.0,544.0
ASSAM,kamrup,2012.0,48.0,11,54,0.0,54.0,121,107,14,5,70,0,172,0,1326981,81.16,908217.0,656.0,656.0,535.0
ASSAM,kamrup,2015.0,,6,82,0.0,,0,207,0,12,139,0,416,0,1326981,81.16,908217.0,862.0,862.0,862.0
ASSAM,kamrup,2019.0,5.0,17,130,0.0,0.0,59,398,167,10,282,330,553,0,1326981,81.16,908217.0,1951.0,1951.0,1562.0
ASSAM,kamrup,2020.0,18.0,0,94,0.0,0.0,56,323,130,20,530,25,409,0,1326981,81.16,908217.0,1605.0,1605.0,1524.0
ASSAM,karbi anglong,2001.0,65.0,26,5,0.0,5.0,38,15,23,4,5,0,8,0,422250,67.22,91930.0,194.0,194.0,156.0
ASSAM,karbi anglong,2002.0,41.0,3,5,0.0,5.0,37,9,28,2,6,0,6,0,422250,67.22,91930.0,142.0,142.0,105.0
ASSAM,karbi anglong,2003.0,67.0,12,16,0.0,16.0,37,13,24,0,14,0,4,0,422250,67.22,91930.0,203.0,203.0,166.0
ASSAM,karbi anglong,2004.0,57.0,5,14,0.0,14.0,20,11,9,0,8,0,8,0,422250,67.22,91930.0,146.0,146.0,126.0
ASSAM,karbi anglong,2005.0,76.0,15,8,0.0,8.0,39,15,24,2,4,1,10,0,422250,67.22,91930.0,202.0,202.0,162.0
ASSAM,karbi anglong,2006.0,42.0,14,14,0.0,14.0,40,18,22,2,9,0,11,0,422250,67.22,91930.0,186.0,186.0,146.0
ASSAM,karbi anglong,2007.0,73.0,39,16,0.0,16.0,43,15,28,3,10,0,18,0,422250,67.22,91930.0,261.0,261.0,218.0
ASSAM,karbi anglong,2008.0,55.0,16,16,0.0,16.0,25,12,13,1,7,0,16,0,422250,67.22,91930.0,177.0,177.0,152.0
ASSAM,karbi anglong,2009.0,40.0,13,17,0.0,17.0,21,14,7,0,9,0,23,0,422250,67.22,91930.0,161.0,161.0,140.0
ASSAM,karbi anglong,2010.0,33.0,15,19,0.0,19.0,45,27,18,0,7,0,29,0,422250,67.22,91930.0,212.0,212.0,167.0
ASSAM,karbi anglong,2011.0,48.0,27,13,0.0,13.0,47,35,12,0,22,0,20,0,422250,67.22,91930.0,237.0,237.0,190.0
ASSAM,karbi anglong,2012.0,35.0,24,28,0.0,28.0,58,50,8,0,4,0,30,0,422250,67.22,91930.0,265.0,265.0,207.0
ASSAM,karbi anglong,2015.0,,7,37,0.0,,2,68,6,2,20,0,38,0,422250,67.22,91930.0,180.0,180.0,178.0
ASSAM,karbi anglong,2019.0,0.0,0,19,0.0,0.0,0,41,0,0,9,0,66,0,422250,67.22,91930.0,135.0,135.0,135.0
ASSAM,karbi anglong,2020.0,4.0,0,16,0.0,0.0,29,91,4,0,25,0,72,0,422250,67.22,91930.0,241.0,241.0,212.0
ASSAM,karimganj,2001.0,32.0,20,33,0.0,33.0,42,8,34,1,9,0,30,0,517680,74.69,73850.0,242.0,242.0,200.0
ASSAM,karimganj,2002.0,43.0,12,23,0.0,23.0,38,7,31,6,11,0,69,0,517680,74.69,73850.0,263.0,263.0,225.0
ASSAM,karimganj,2003.0,31.0,19,29,0.0,29.0,47,40,7,5,4,0,84,0,517680,74.69,73850.0,295.0,295.0,248.0
ASSAM,karimganj,2004.0,40.0,29,32,0.0,32.0,36,31,5,8,4,0,67,0,517680,74.69,73850.0,284.0,284.0,248.0
ASSAM,karimganj,2005.0,30.0,25,28,0.0,28.0,31,29,2,9,8,0,71,0,517680,74.69,73850.0,261.0,261.0,230.0
ASSAM,karimganj,2006.0,38.0,22,44,0.0,44.0,46,46,0,4,3,0,74,0,517680,74.69,73850.0,321.0,321.0,275.0
ASSAM,karimganj,2007.0,29.0,19,49,0.0,49.0,40,37,3,13,5,0,82,0,517680,74.69,73850.0,326.0,326.0,286.0
ASSAM,karimganj,2008.0,27.0,13,19,0.0,19.0,49,44,5,5,10,0,99,0,517680,74.69,73850.0,290.0,290.0,241.0
ASSAM,karimganj,2009.0,34.0,10,26,0.0,26.0,39,36,3,12,9,0,106,1,517680,74.69,73850.0,302.0,302.0,263.0
ASSAM,karimganj,2010.0,38.0,6,36,0.0,36.0,54,47,7,10,7,0,141,0,517680,74.69,73850.0,382.0,382.0,328.0
ASSAM,karimganj,2011.0,45.0,25,46,0.0,46.0,79,68,11,4,15,0,194,0,517680,74.69,73850.0,533.0,533.0,454.0
ASSAM,karimganj,2012.0,36.0,22,32,0.0,32.0,85,85,0,11,4,0,262,0,517680,74.69,73850.0,569.0,569.0,484.0
ASSAM,karimganj,2015.0,,0,65,0.0,,0,136,66,13,246,0,242,0,517680,74.69,73850.0,768.0,768.0,768.0
ASSAM,karimganj,2019.0,0.0,17,53,0.0,0.0,11,96,0,8,105,4,298,0,517680,74.69,73850.0,592.0,592.0,577.0
ASSAM,karimganj,2020.0,0.0,0,59,0.0,0.0,0,61,0,2,70,2,289,0,517680,74.69,73850.0,483.0,483.0,481.0
ASSAM,kokrajhar,2001.0,87.0,27,14,0.0,14.0,41,12,29,0,37,0,20,0,466191,60.32,63941.0,281.0,281.0,240.0
ASSAM,kokrajhar,2002.0,62.0,20,15,0.0,15.0,48,18,30,3,51,0,38,0,466191,60.32,63941.0,300.0,300.0,252.0
ASSAM,kokrajhar,2003.0,46.0,23,22,0.0,22.0,40,31,9,2,28,0,37,0,466191,60.32,63941.0,260.0,260.0,220.0
ASSAM,kokrajhar,2004.0,63.0,21,33,0.0,33.0,31,24,7,2,41,0,45,0,466191,60.32,63941.0,300.0,300.0,269.0
ASSAM,kokrajhar,2005.0,46.0,2,36,0.0,36.0,44,29,15,2,17,0,53,0,466191,60.32,63941.0,280.0,280.0,236.0
ASSAM,kokrajhar,2006.0,38.0,14,29,0.0,29.0,47,39,8,14,26,0,69,0,466191,60.32,63941.0,313.0,313.0,266.0
ASSAM,kokrajhar,2007.0,41.0,8,42,0.0,42.0,47,38,9,1,35,0,82,0,466191,60.32,63941.0,345.0,345.0,298.0
ASSAM,kokrajhar,2008.0,53.0,32,55,0.0,55.0,51,24,27,4,16,0,58,0,466191,60.32,63941.0,375.0,375.0,324.0
ASSAM,kokrajhar,2009.0,69.0,25,44,0.0,44.0,71,35,36,1,26,0,70,0,466191,60.32,63941.0,421.0,421.0,350.0
ASSAM,kokrajhar,2010.0,43.0,28,30,0.0,30.0,78,58,20,1,3,0,86,0,466191,60.32,63941.0,377.0,377.0,299.0
ASSAM,kokrajhar,2011.0,51.0,27,52,0.0,52.0,105,79,26,1,31,0,120,0,466191,60.32,63941.0,544.0,544.0,439.0
ASSAM,kokrajhar,2012.0,110.0,42,27,0.0,27.0,90,65,25,3,31,0,84,2,466191,60.32,63941.0,506.0,506.0,416.0
ASSAM,kokrajhar,2015.0,,0,32,0.0,,0,98,0,2,122,0,223,0,466191,60.32,63941.0,477.0,477.0,477.0
ASSAM,kokrajhar,2019.0,3.0,0,36,0.0,0.0,0,121,0,3,84,0,179,0,466191,60.32,63941.0,426.0,426.0,426.0
ASSAM,kokrajhar,2020.0,0.0,0,27,0.0,0.0,0,90,0,7,74,0,154,0,466191,60.32,63941.0,352.0,352.0,352.0
ASSAM,lakhimpur,2001.0,26.0,21,64,0.0,64.0,72,62,10,0,22,0,93,0,455691,77.06,65153.0,434.0,434.0,362.0
ASSAM,lakhimpur,2002.0,26.0,34,69,0.0,69.0,84,74,10,0,63,0,175,0,455691,77.06,65153.0,604.0,604.0,520.0
ASSAM,lakhimpur,2003.0,31.0,19,76,0.0,76.0,80,77,3,0,44,0,108,0,455691,77.06,65153.0,514.0,514.0,434.0
ASSAM,lakhimpur,2004.0,31.0,20,56,0.0,56.0,97,94,3,1,46,0,112,0,455691,77.06,65153.0,516.0,516.0,419.0
ASSAM,lakhimpur,2005.0,36.0,8,69,0.0,69.0,112,110,2,4,34,0,125,0,455691,77.06,65153.0,569.0,569.0,457.0
ASSAM,lakhimpur,2006.0,43.0,4,79,0.0,79.0,96,93,3,6,38,0,110,0,455691,77.06,65153.0,551.0,551.0,455.0
ASSAM,lakhimpur,2007.0,41.0,18,62,0.0,62.0,84,82,2,0,47,0,147,0,455691,77.06,65153.0,545.0,545.0,461.0
ASSAM,lakhimpur,2008.0,41.0,6,52,0.0,52.0,91,71,20,1,24,0,160,0,455691,77.06,65153.0,518.0,518.0,427.0
ASSAM,lakhimpur,2009.0,31.0,20,54,0.0,54.0,123,97,26,3,42,0,187,0,455691,77.06,65153.0,637.0,637.0,514.0
ASSAM,lakhimpur,2010.0,45.0,17,39,0.0,39.0,128,109,19,0,60,0,229,0,455691,77.06,65153.0,685.0,685.0,557.0
ASSAM,lakhimpur,2011.0,38.0,16,52,0.0,52.0,143,120,23,0,57,0,119,0,455691,77.06,65153.0,620.0,620.0,477.0
ASSAM,lakhimpur,2012.0,37.0,10,62,0.0,62.0,128,97,31,0,25,0,19,0,455691,77.06,65153.0,471.0,471.0,343.0
ASSAM,lakhimpur,2015.0,,23,69,0.0,,0,182,35,10,74,0,377,0,455691,77.06,65153.0,770.0,770.0,770.0
ASSAM,lakhimpur,2019.0,0.0,10,52,0.0,0.0,22,126,3,3,63,1,558,0,455691,77.06,65153.0,838.0,838.0,815.0
ASSAM,lakhimpur,2020.0,0.0,0,50,0.0,0.0,10,195,23,3,123,5,347,0,455691,77.06,65153.0,756.0,756.0,741.0
ASSAM,nagaon,2001.0,95.0,22,51,0.0,51.0,119,109,10,1,113,4,132,0,1190950,68.27,278287.0,707.0,707.0,584.0
ASSAM,nagaon,2002.0,78.0,40,61,0.0,61.0,132,124,8,7,115,5,158,0,1190950,68.27,278287.0,789.0,789.0,652.0
ASSAM,nagaon,2003.0,75.0,51,105,0.0,105.0,169,159,10,7,107,4,181,0,1190950,68.27,278287.0,973.0,973.0,800.0
ASSAM,nagaon,2004.0,79.0,44,91,0.0,91.0,139,134,5,6,69,5,203,0,1190950,68.27,278287.0,866.0,866.0,722.0
ASSAM,nagaon,2005.0,88.0,59,149,0.0,149.0,185,181,4,2,27,8,291,0,1190950,68.27,278287.0,1143.0,1143.0,950.0
ASSAM,nagaon,2006.0,83.0,33,133,0.0,133.0,179,177,2,8,10,10,278,0,1190950,68.27,278287.0,1046.0,1046.0,857.0
ASSAM,nagaon,2007.0,92.0,49,114,0.0,114.0,208,203,5,11,5,9,225,0,1190950,68.27,278287.0,1035.0,1035.0,818.0
ASSAM,nagaon,2008.0,83.0,41,112,0.0,112.0,215,209,6,9,200,0,371,0,1190950,68.27,278287.0,1358.0,1358.0,1143.0
ASSAM,nagaon,2009.0,75.0,67,162,0.0,162.0,233,221,12,12,134,7,655,0,1190950,68.27,278287.0,1740.0,1740.0,1500.0
ASSAM,nagaon,2010.0,83.0,67,148,3.0,145.0,302,293,9,15,18,9,769,0,1190950,68.27,278287.0,1861.0,1861.0,1550.0
ASSAM,nagaon,2011.0,91.0,70,165,0.0,165.0,374,358,16,20,82,4,772,0,1190950,68.27,278287.0,2117.0,2117.0,1739.0
ASSAM,nagaon,2012.0,74.0,86,173,0.0,173.0,351,348,3,10,245,3,875,0,1190950,68.27,278287.0,2341.0,2341.0,1987.0
ASSAM,nagaon,2015.0,,45,95,0.0,,9,328,166,19,105,0,890,0,1190950,68.27,278287.0,1657.0,1657.0,1648.0
ASSAM,nagaon,2019.0,0.0,23,110,0.0,0.0,103,620,216,0,233,0,972,0,1190950,68.27,278287.0,2277.0,2277.0,2174.0
ASSAM,nagaon,2020.0,0.0,0,77,0.0,0.0,73,390,28,5,136,0,863,0,1190950,68.27,278287.0,1572.0,1572.0,1499.0
ASSAM,nalbari,2001.0,79.0,36,30,0.0,30.0,53,27,26,3,16,0,15,0,592375,76.56,27486.0,315.0,315.0,262.0
ASSAM,nalbari,2002.0,47.0,56,27,0.0,27.0,50,31,19,0,11,0,24,0,592375,76.56,27486.0,292.0,292.0,242.0
ASSAM,nalbari,2003.0,35.0,32,33,0.0,33.0,64,43,21,0,18,0,23,0,592375,76.56,27486.0,302.0,302.0,238.0
ASSAM,nalbari,2004.0,37.0,24,29,0.0,29.0,61,48,13,3,48,0,23,0,592375,76.56,27486.0,315.0,315.0,254.0
ASSAM,nalbari,2005.0,17.0,9,27,0.0,27.0,38,29,9,2,39,0,19,0,592375,76.56,27486.0,216.0,216.0,178.0
ASSAM,nalbari,2006.0,24.0,21,17,0.0,17.0,33,26,7,1,32,0,24,0,592375,76.56,27486.0,202.0,202.0,169.0
ASSAM,nalbari,2007.0,21.0,15,12,0.0,12.0,32,22,10,3,18,0,32,0,592375,76.56,27486.0,177.0,177.0,145.0
ASSAM,nalbari,2008.0,31.0,29,30,0.0,30.0,55,47,8,6,42,0,54,0,592375,76.56,27486.0,332.0,332.0,277.0
ASSAM,nalbari,2009.0,23.0,22,31,0.0,31.0,58,48,10,6,76,0,73,0,592375,76.56,27486.0,378.0,378.0,320.0
ASSAM,nalbari,2010.0,24.0,17,24,0.0,24.0,56,51,5,0,75,0,51,0,592375,76.56,27486.0,327.0,327.0,271.0
ASSAM,nalbari,2011.0,20.0,10,28,0.0,28.0,95,83,12,4,95,0,140,0,592375,76.56,27486.0,515.0,515.0,420.0
ASSAM,nalbari,2012.0,22.0,3,34,0.0,34.0,101,89,12,3,83,0,131,0,592375,76.56,27486.0,512.0,512.0,411.0
ASSAM,nalbari,2015.0,,0,5,0.0,,0,6,0,0,14,0,19,0,592375,76.56,27486.0,44.0,44.0,44.0
ASSAM,nalbari,2019.0,0.0,0,46,0.0,0.0,0,112,0,1,77,15,268,0,592375,76.56,27486.0,519.0,519.0,504.0
ASSAM,nalbari,2020.0,0.0,0,49,0.0,0.0,23,79,7,2,102,23,281,0,592375,76.56,27486.0,566.0,566.0,520.0
ASSAM,north cachar hills,2001.0,17.0,8,2,0.0,2.0,8,4,4,0,2,0,7,0,99822,75.67,59435.0,54.0,54.0,46.0
ASSAM,sibsagar,2001.0,59.0,24,47,0.0,47.0,64,64,0,0,28,0,0,0,545476,81.53,97179.0,333.0,333.0,269.0
ASSAM,sibsagar,2002.0,75.0,20,57,0.0,57.0,57,57,0,6,28,0,71,0,545476,81.53,97179.0,428.0,428.0,371.0
ASSAM,sibsagar,2003.0,55.0,26,38,0.0,38.0,76,76,0,4,15,0,74,0,545476,81.53,97179.0,402.0,402.0,326.0
ASSAM,sibsagar,2004.0,55.0,12,49,0.0,49.0,81,81,0,0,12,0,92,0,545476,81.53,97179.0,431.0,431.0,350.0
ASSAM,sibsagar,2005.0,61.0,21,38,0.0,38.0,73,73,0,2,68,0,81,0,545476,81.53,97179.0,455.0,455.0,382.0
ASSAM,sibsagar,2006.0,77.0,30,54,0.0,54.0,79,79,0,3,65,0,133,0,545476,81.53,97179.0,574.0,574.0,495.0
ASSAM,sibsagar,2007.0,78.0,43,53,0.0,53.0,54,43,11,0,24,0,104,0,545476,81.53,97179.0,463.0,463.0,409.0
ASSAM,sibsagar,2008.0,108.0,7,46,0.0,46.0,111,94,17,4,27,0,139,0,545476,81.53,97179.0,599.0,599.0,488.0
ASSAM,sibsagar,2009.0,68.0,24,71,0.0,71.0,120,0,120,4,52,0,149,0,545476,81.53,97179.0,679.0,679.0,559.0
ASSAM,sibsagar,2010.0,60.0,24,75,0.0,75.0,142,127,15,2,85,0,101,0,545476,81.53,97179.0,706.0,706.0,564.0
ASSAM,sibsagar,2011.0,61.0,30,49,0.0,49.0,132,118,14,8,78,0,99,0,545476,81.53,97179.0,638.0,638.0,506.0
ASSAM,sibsagar,2012.0,71.0,60,78,0.0,78.0,168,153,15,5,134,0,269,0,545476,81.53,97179.0,1031.0,1031.0,863.0
ASSAM,sibsagar,2015.0,,6,35,0.0,,0,290,32,2,249,0,331,0,545476,81.53,97179.0,945.0,945.0,945.0
ASSAM,sibsagar,2019.0,0.0,10,20,0.0,0.0,153,488,0,1,131,9,345,0,545476,81.53,97179.0,1157.0,1157.0,995.0
ASSAM,sibsagar,2020.0,0.0,0,8,0.0,0.0,10,206,0,2,120,23,320,0,545476,81.53,97179.0,689.0,689.0,656.0
ASSAM,sonitpur,2001.0,86.0,25,53,0.0,53.0,87,80,7,1,43,0,99,0,871568,67.54,175794.0,534.0,534.0,447.0
ASSAM,sonitpur,2002.0,109.0,22,67,0.0,67.0,114,109,5,9,53,0,146,0,871568,67.54,175794.0,701.0,701.0,587.0
ASSAM,sonitpur,2003.0,98.0,27,64,0.0,64.0,90,90,0,3,56,0,146,0,871568,67.54,175794.0,638.0,638.0,548.0
ASSAM,sonitpur,2004.0,87.0,30,87,0.0,87.0,108,101,7,5,60,0,167,0,871568,67.54,175794.0,739.0,739.0,631.0
ASSAM,sonitpur,2005.0,87.0,7,77,0.0,77.0,108,106,2,3,2,0,145,1,871568,67.54,175794.0,615.0,615.0,507.0
ASSAM,sonitpur,2006.0,88.0,16,56,0.0,56.0,108,105,3,7,7,0,155,0,871568,67.54,175794.0,601.0,601.0,493.0
ASSAM,sonitpur,2007.0,102.0,16,70,0.0,70.0,80,75,5,8,20,0,155,0,871568,67.54,175794.0,601.0,601.0,521.0
ASSAM,sonitpur,2008.0,94.0,31,56,0.0,56.0,136,125,11,6,34,0,294,0,871568,67.54,175794.0,843.0,843.0,707.0
ASSAM,sonitpur,2009.0,109.0,20,89,0.0,89.0,174,169,5,11,38,0,246,0,871568,67.54,175794.0,950.0,950.0,776.0
ASSAM,sonitpur,2010.0,81.0,10,80,0.0,80.0,191,169,22,13,30,0,294,0,871568,67.54,175794.0,970.0,970.0,779.0
ASSAM,sonitpur,2011.0,84.0,14,96,0.0,96.0,262,231,31,12,34,0,346,0,871568,67.54,175794.0,1206.0,1206.0,944.0
ASSAM,sonitpur,2012.0,91.0,41,97,0.0,97.0,241,220,21,11,39,0,124,0,871568,67.54,175794.0,982.0,982.0,741.0
ASSAM,sonitpur,2015.0,,25,43,0.0,,0,136,8,10,28,0,503,0,871568,67.54,175794.0,753.0,753.0,753.0
ASSAM,sonitpur,2019.0,0.0,0,36,0.0,0.0,82,292,0,0,50,0,462,0,871568,67.54,175794.0,922.0,922.0,840.0
ASSAM,sonitpur,2020.0,0.0,0,41,0.0,0.0,40,40,0,0,23,0,454,0,871568,67.54,175794.0,598.0,598.0,558.0
ASSAM,tinsukia,2001.0,107.0,17,41,0.0,41.0,62,48,14,2,9,0,21,0,601099,70.15,223957.0,362.0,362.0,300.0
ASSAM,tinsukia,2002.0,115.0,17,41,0.0,41.0,53,39,14,1,5,0,24,0,601099,70.15,223957.0,350.0,350.0,297.0
ASSAM,tinsukia,2003.0,79.0,3,32,0.0,32.0,33,33,0,2,14,0,23,0,601099,70.15,223957.0,251.0,251.0,218.0
ASSAM,tinsukia,2004.0,117.0,22,45,0.0,45.0,67,51,16,1,31,0,53,0,601099,70.15,223957.0,448.0,448.0,381.0
ASSAM,tinsukia,2005.0,92.0,9,42,0.0,42.0,75,61,14,10,20,0,16,0,601099,70.15,223957.0,381.0,381.0,306.0
ASSAM,tinsukia,2006.0,48.0,13,23,0.0,23.0,57,38,19,3,20,0,47,0,601099,70.15,223957.0,291.0,291.0,234.0
ASSAM,tinsukia,2007.0,143.0,6,57,0.0,57.0,91,76,15,0,9,0,92,0,601099,70.15,223957.0,546.0,546.0,455.0
ASSAM,tinsukia,2008.0,114.0,0,60,0.0,60.0,87,60,27,2,8,0,84,0,601099,70.15,223957.0,502.0,502.0,415.0
ASSAM,tinsukia,2009.0,85.0,0,58,0.0,58.0,106,87,19,2,8,0,62,0,601099,70.15,223957.0,485.0,485.0,379.0
ASSAM,tinsukia,2010.0,96.0,17,55,0.0,55.0,112,107,5,16,25,0,100,0,601099,70.15,223957.0,588.0,588.0,476.0
ASSAM,tinsukia,2011.0,98.0,49,61,0.0,61.0,153,135,18,1,27,0,121,0,601099,70.15,223957.0,724.0,724.0,571.0
ASSAM,tinsukia,2012.0,86.0,32,64,0.0,64.0,160,142,18,1,43,0,137,0,601099,70.15,223957.0,747.0,747.0,587.0
ASSAM,tinsukia,2015.0,,14,27,0.0,,0,14,0,2,42,0,185,0,601099,70.15,223957.0,284.0,284.0,284.0
ASSAM,tinsukia,2019.0,0.0,13,72,0.0,0.0,0,217,0,5,107,5,292,0,601099,70.15,223957.0,711.0,711.0,706.0
ASSAM,tinsukia,2020.0,0.0,0,30,0.0,0.0,0,149,0,4,104,2,250,0,601099,70.15,223957.0,539.0,539.0,537.0
BIHAR,araria,2001.0,47.0,27,93,0.0,93.0,79,13,66,11,3,0,50,0,1128105,46.38,132351.0,482.0,482.0,403.0
BIHAR,araria,2002.0,61.0,15,101,0.0,101.0,91,79,12,5,2,0,30,0,1128105,46.38,132351.0,497.0,497.0,406.0
BIHAR,araria,2003.0,49.0,26,38,0.0,38.0,56,17,39,13,3,0,24,0,1128105,46.38,132351.0,303.0,303.0,247.0
BIHAR,araria,2004.0,66.0,59,34,0.0,34.0,84,22,62,11,13,0,27,0,1128105,46.38,132351.0,412.0,412.0,328.0
BIHAR,araria,2005.0,68.0,12,29,0.0,29.0,43,39,4,9,6,0,19,1,1128105,46.38,132351.0,259.0,259.0,216.0
BIHAR,araria,2006.0,63.0,37,42,0.0,42.0,104,12,92,19,10,0,52,0,1128105,46.38,132351.0,473.0,473.0,369.0
BIHAR,araria,2007.0,48.0,185,47,0.0,47.0,27,5,22,11,51,0,86,0,1128105,46.38,132351.0,529.0,529.0,502.0
BIHAR,araria,2008.0,50.0,37,37,0.0,37.0,40,30,10,3,35,0,92,2,1128105,46.38,132351.0,373.0,373.0,333.0
BIHAR,araria,2009.0,50.0,21,28,0.0,28.0,56,50,6,21,4,0,18,0,1128105,46.38,132351.0,282.0,282.0,226.0
BIHAR,araria,2010.0,53.0,42,42,0.0,42.0,84,63,21,26,2,0,26,0,1128105,46.38,132351.0,401.0,401.0,317.0
BIHAR,araria,2011.0,69.0,44,69,0.0,69.0,115,91,24,26,14,0,24,0,1128105,46.38,132351.0,545.0,545.0,430.0
BIHAR,araria,2012.0,81.0,107,53,0.0,53.0,122,78,44,21,8,7,32,0,1128105,46.38,132351.0,606.0,606.0,477.0
BIHAR,araria,2015.0,,4,50,0.0,,18,81,0,23,0,0,60,0,1128105,46.38,132351.0,236.0,236.0,218.0
BIHAR,araria,2019.0,1.0,0,25,0.0,0.0,27,230,19,12,3,0,60,0,1128105,46.38,132351.0,377.0,377.0,350.0
BIHAR,araria,2020.0,0.0,0,38,0.0,0.0,20,159,20,18,5,0,55,0,1128105,46.38,132351.0,315.0,315.0,295.0
BIHAR,aurangabad,2001.0,74.0,46,16,0.0,16.0,24,4,20,33,13,2,19,0,1505363,84.89,1087150.0,267.0,267.0,241.0
BIHAR,aurangabad,2002.0,96.0,38,12,0.0,12.0,19,3,16,33,4,0,6,0,1505363,84.89,1087150.0,239.0,239.0,220.0
BIHAR,aurangabad,2003.0,84.0,52,18,0.0,18.0,26,6,20,25,6,0,19,0,1505363,84.89,1087150.0,274.0,274.0,248.0
BIHAR,aurangabad,2004.0,77.0,0,18,0.0,18.0,31,27,4,40,0,0,33,0,1505363,84.89,1087150.0,248.0,248.0,217.0
BIHAR,aurangabad,2005.0,60.0,164,17,0.0,17.0,33,23,10,29,0,0,9,0,1505363,84.89,1087150.0,362.0,362.0,329.0
BIHAR,aurangabad,2006.0,82.0,175,18,0.0,18.0,42,41,1,23,5,0,35,0,1505363,84.89,1087150.0,440.0,440.0,398.0
BIHAR,aurangabad,2007.0,68.0,12,30,0.0,30.0,35,28,7,36,25,0,30,0,1505363,84.89,1087150.0,301.0,301.0,266.0
BIHAR,aurangabad,2008.0,92.0,27,30,0.0,30.0,56,38,18,32,13,0,65,0,1505363,84.89,1087150.0,401.0,401.0,345.0
BIHAR,aurangabad,2009.0,67.0,6,19,0.0,19.0,54,53,1,37,16,0,46,0,1505363,84.89,1087150.0,318.0,318.0,264.0
BIHAR,aurangabad,2010.0,97.0,10,12,0.0,12.0,58,55,3,24,3,0,97,0,1505363,84.89,1087150.0,371.0,371.0,313.0
BIHAR,aurangabad,2011.0,88.0,105,18,0.0,18.0,62,60,2,30,32,0,152,0,1505363,84.89,1087150.0,567.0,567.0,505.0
BIHAR,aurangabad,2012.0,89.0,192,22,0.0,22.0,71,58,13,27,2,0,110,0,1505363,84.89,1087150.0,606.0,606.0,535.0
BIHAR,aurangabad,2015.0,,6,21,0.0,,0,46,0,45,1,0,95,0,1505363,84.89,1087150.0,214.0,214.0,214.0
BIHAR,aurangabad,2019.0,0.0,0,15,0.0,0.0,17,113,2,27,0,0,32,0,1505363,84.89,1087150.0,206.0,206.0,189.0
BIHAR,aurangabad,2020.0,0.0,0,11,0.0,0.0,0,92,0,25,7,0,39,0,1505363,84.89,1087150.0,174.0,174.0,174.0
BIHAR,banka,2001.0,93.0,16,34,0.0,34.0,27,10,17,9,0,0,16,0,843293,55.29,56420.0,256.0,256.0,229.0
BIHAR,banka,2002.0,100.0,18,27,0.0,27.0,32,9,23,10,4,0,14,0,843293,55.29,56420.0,264.0,264.0,232.0
BIHAR,banka,2003.0,89.0,18,19,0.0,19.0,25,14,11,19,5,1,9,0,843293,55.29,56420.0,229.0,229.0,203.0
BIHAR,banka,2004.0,71.0,12,44,0.0,44.0,40,22,18,25,5,0,15,0,843293,55.29,56420.0,296.0,296.0,256.0
BIHAR,banka,2005.0,58.0,34,43,0.0,43.0,44,25,19,13,1,0,10,0,843293,55.29,56420.0,290.0,290.0,246.0
BIHAR,banka,2006.0,77.0,12,70,0.0,70.0,41,26,15,21,2,0,18,0,843293,55.29,56420.0,352.0,352.0,311.0
BIHAR,banka,2007.0,56.0,12,74,0.0,74.0,34,17,17,24,4,0,37,0,843293,55.29,56420.0,349.0,349.0,315.0
BIHAR,banka,2008.0,70.0,56,49,0.0,49.0,46,38,8,23,16,0,24,0,843293,55.29,56420.0,379.0,379.0,333.0
BIHAR,banka,2009.0,78.0,53,31,0.0,31.0,54,45,9,19,4,1,24,0,843293,55.29,56420.0,349.0,349.0,294.0
BIHAR,banka,2010.0,71.0,44,13,0.0,13.0,53,47,6,24,3,0,23,0,843293,55.29,56420.0,297.0,297.0,244.0
BIHAR,banka,2011.0,51.0,55,26,0.0,26.0,66,56,10,31,8,0,26,0,843293,55.29,56420.0,355.0,355.0,289.0
BIHAR,banka,2012.0,76.0,35,17,0.0,17.0,52,45,7,17,0,0,37,0,843293,55.29,56420.0,303.0,303.0,251.0
BIHAR,banka,2015.0,,23,11,0.0,,0,76,0,16,0,0,63,0,843293,55.29,56420.0,189.0,189.0,189.0
BIHAR,banka,2019.0,0.0,0,10,0.0,0.0,12,173,10,18,0,0,32,0,843293,55.29,56420.0,255.0,255.0,243.0
BIHAR,banka,2020.0,0.0,0,21,0.0,0.0,2,85,0,19,23,0,19,0,843293,55.29,56420.0,169.0,169.0,167.0
BIHAR,begusarai,2001.0,124.0,77,13,0.0,13.0,53,7,46,21,32,0,21,0,1228874,59.13,107623.0,407.0,407.0,354.0
BIHAR,begusarai,2002.0,138.0,139,20,0.0,20.0,75,15,60,23,23,0,40,0,1228874,59.13,107623.0,553.0,553.0,478.0
BIHAR,begusarai,2003.0,145.0,53,19,0.0,19.0,96,28,68,29,0,0,34,0,1228874,59.13,107623.0,491.0,491.0,395.0
BIHAR,begusarai,2004.0,107.0,103,23,0.0,23.0,123,8,115,15,5,0,55,0,1228874,59.13,107623.0,577.0,577.0,454.0
BIHAR,begusarai,2005.0,128.0,53,20,0.0,20.0,65,20,45,25,13,2,39,0,1228874,59.13,107623.0,430.0,430.0,363.0
BIHAR,begusarai,2006.0,111.0,225,23,0.0,23.0,69,41,28,36,16,0,55,0,1228874,59.13,107623.0,627.0,627.0,558.0
BIHAR,begusarai,2007.0,100.0,145,25,0.0,25.0,85,38,47,43,15,0,34,0,1228874,59.13,107623.0,557.0,557.0,472.0
BIHAR,begusarai,2008.0,101.0,170,25,0.0,25.0,110,34,76,41,3,0,56,0,1228874,59.13,107623.0,641.0,641.0,531.0
BIHAR,begusarai,2009.0,109.0,237,12,0.0,12.0,79,39,40,46,10,0,47,2,1228874,59.13,107623.0,633.0,633.0,554.0
BIHAR,begusarai,2010.0,126.0,156,20,0.0,20.0,92,45,47,42,10,0,41,0,1228874,59.13,107623.0,599.0,599.0,507.0
BIHAR,begusarai,2011.0,100.0,40,17,0.0,17.0,119,94,25,39,12,0,39,0,1228874,59.13,107623.0,502.0,502.0,383.0
BIHAR,begusarai,2012.0,120.0,261,11,0.0,11.0,143,113,30,27,0,0,79,0,1228874,59.13,107623.0,795.0,795.0,652.0
BIHAR,begusarai,2015.0,,34,24,0.0,,4,134,0,30,0,0,71,0,1228874,59.13,107623.0,297.0,297.0,293.0
BIHAR,begusarai,2019.0,0.0,17,10,0.0,0.0,8,138,8,20,12,3,20,0,1228874,59.13,107623.0,236.0,236.0,225.0
BIHAR,begusarai,2020.0,0.0,0,26,0.0,0.0,12,122,16,28,4,0,0,0,1228874,59.13,107623.0,208.0,208.0,196.0
BIHAR,bhagalpur,2001.0,128.0,73,35,0.0,35.0,66,9,57,20,15,0,52,0,1291658,59.22,452427.0,490.0,490.0,424.0
BIHAR,bhagalpur,2002.0,107.0,46,40,0.0,40.0,89,51,38,19,10,0,26,0,1291658,59.22,452427.0,466.0,466.0,377.0
BIHAR,bhagalpur,2003.0,97.0,189,45,0.0,45.0,98,57,41,13,33,0,107,0,1291658,59.22,452427.0,725.0,725.0,627.0
BIHAR,bhagalpur,2004.0,133.0,88,63,0.0,63.0,95,59,36,12,13,0,226,0,1291658,59.22,452427.0,788.0,788.0,693.0
BIHAR,bhagalpur,2005.0,93.0,52,75,0.0,75.0,101,52,49,18,15,0,55,0,1291658,59.22,452427.0,585.0,585.0,484.0
BIHAR,bhagalpur,2006.0,119.0,94,43,0.0,43.0,83,44,39,19,19,1,22,0,1291658,59.22,452427.0,526.0,526.0,442.0
BIHAR,bhagalpur,2007.0,92.0,85,25,0.0,25.0,76,59,17,21,33,2,16,0,1291658,59.22,452427.0,451.0,451.0,373.0
BIHAR,bhagalpur,2008.0,90.0,81,35,0.0,35.0,133,98,35,27,35,5,120,0,1291658,59.22,452427.0,694.0,694.0,556.0
BIHAR,bhagalpur,2009.0,73.0,8,28,0.0,28.0,57,44,13,15,2,0,47,0,1291658,59.22,452427.0,315.0,315.0,258.0
BIHAR,bhagalpur,2010.0,73.0,135,22,0.0,22.0,86,80,6,20,12,0,42,0,1291658,59.22,452427.0,498.0,498.0,412.0
BIHAR,bhagalpur,2011.0,85.0,51,23,0.0,23.0,106,94,12,12,10,0,17,0,1291658,59.22,452427.0,433.0,433.0,327.0
BIHAR,bhagalpur,2012.0,99.0,77,31,0.0,31.0,132,106,26,24,0,4,119,0,1291658,59.22,452427.0,649.0,649.0,513.0
BIHAR,bhagalpur,2015.0,,7,33,0.0,,0,185,0,23,30,0,117,0,1291658,59.22,452427.0,395.0,395.0,395.0
BIHAR,bhagalpur,2019.0,0.0,11,33,0.0,0.0,24,330,63,16,6,0,99,0,1291658,59.22,452427.0,582.0,582.0,558.0
BIHAR,bhagalpur,2020.0,0.0,0,42,0.0,0.0,10,254,39,17,11,0,46,0,1291658,59.22,452427.0,419.0,419.0,409.0
BIHAR,bhojpur,2001.0,135.0,33,22,0.0,22.0,46,13,33,23,0,4,29,0,1179611,74.29,312414.0,360.0,360.0,310.0
BIHAR,bhojpur,2002.0,147.0,41,17,0.0,17.0,43,17,26,51,4,0,79,1,1179611,74.29,312414.0,443.0,443.0,400.0
BIHAR,bhojpur,2003.0,125.0,46,12,0.0,12.0,48,1,47,24,14,0,75,0,1179611,74.29,312414.0,404.0,404.0,356.0
BIHAR,bhojpur,2004.0,108.0,211,9,0.0,9.0,30,9,21,34,42,0,68,0,1179611,74.29,312414.0,541.0,541.0,511.0
BIHAR,bhojpur,2005.0,158.0,188,14,0.0,14.0,38,36,2,38,34,0,44,0,1179611,74.29,312414.0,566.0,566.0,528.0
BIHAR,bhojpur,2006.0,127.0,235,17,0.0,17.0,57,34,23,26,18,0,81,0,1179611,74.29,312414.0,635.0,635.0,578.0
BIHAR,bhojpur,2007.0,112.0,133,41,0.0,41.0,57,40,17,42,60,0,83,0,1179611,74.29,312414.0,626.0,626.0,569.0
BIHAR,bhojpur,2008.0,138.0,167,18,0.0,18.0,72,47,25,57,31,1,122,0,1179611,74.29,312414.0,696.0,696.0,623.0
BIHAR,bhojpur,2009.0,94.0,34,11,0.0,11.0,50,37,13,54,0,2,275,0,1179611,74.29,312414.0,581.0,581.0,529.0
BIHAR,bhojpur,2010.0,111.0,36,15,0.0,15.0,72,55,17,50,3,0,181,0,1179611,74.29,312414.0,555.0,555.0,483.0
BIHAR,bhojpur,2011.0,96.0,41,16,0.0,16.0,64,48,16,40,2,0,72,0,1179611,74.29,312414.0,411.0,411.0,347.0
BIHAR,bhojpur,2012.0,71.0,121,9,0.0,9.0,74,69,5,38,0,0,56,0,1179611,74.29,312414.0,452.0,452.0,378.0
BIHAR,bhojpur,2015.0,,18,12,0.0,,8,89,8,43,6,0,0,0,1179611,74.29,312414.0,184.0,184.0,176.0
BIHAR,bhojpur,2019.0,0.0,11,8,0.0,0.0,5,171,13,35,2,0,51,0,1179611,74.29,312414.0,296.0,296.0,291.0
BIHAR,bhojpur,2020.0,0.0,0,10,0.0,0.0,10,167,67,34,42,0,94,0,1179611,74.29,312414.0,424.0,424.0,414.0
BIHAR,buxar,2001.0,56.0,38,8,0.0,8.0,34,1,33,15,0,0,0,0,738354,71.92,128974.0,193.0,193.0,159.0
BIHAR,buxar,2002.0,60.0,80,17,0.0,17.0,40,0,40,16,0,0,16,0,738354,71.92,128974.0,286.0,286.0,246.0
BIHAR,buxar,2003.0,61.0,173,12,0.0,12.0,26,7,19,14,6,0,27,1,738354,71.92,128974.0,358.0,358.0,332.0
BIHAR,buxar,2004.0,70.0,65,13,0.0,13.0,51,5,46,21,13,0,37,1,738354,71.92,128974.0,335.0,335.0,284.0
BIHAR,buxar,2005.0,68.0,108,6,0.0,6.0,30,14,16,30,14,0,58,7,738354,71.92,128974.0,357.0,357.0,327.0
BIHAR,buxar,2006.0,46.0,67,10,0.0,10.0,48,10,38,25,12,0,67,2,738354,71.92,128974.0,335.0,335.0,287.0
BIHAR,buxar,2007.0,36.0,75,13,0.0,13.0,32,19,13,23,37,0,34,0,738354,71.92,128974.0,295.0,295.0,263.0
BIHAR,buxar,2008.0,52.0,61,11,0.0,11.0,26,18,8,29,20,0,19,0,738354,71.92,128974.0,255.0,255.0,229.0
BIHAR,buxar,2009.0,53.0,37,14,0.0,14.0,64,45,19,26,17,0,50,0,738354,71.92,128974.0,339.0,339.0,275.0
BIHAR,buxar,2010.0,57.0,98,12,0.0,12.0,55,40,15,17,15,1,40,0,738354,71.92,128974.0,362.0,362.0,306.0
BIHAR,buxar,2011.0,65.0,34,13,0.0,13.0,76,52,24,37,6,0,59,0,738354,71.92,128974.0,379.0,379.0,303.0
BIHAR,buxar,2012.0,56.0,110,21,0.0,21.0,89,70,19,28,29,0,86,0,738354,71.92,128974.0,529.0,529.0,440.0
BIHAR,buxar,2015.0,,0,14,0.0,,0,63,0,26,6,0,82,0,738354,71.92,128974.0,191.0,191.0,191.0
BIHAR,buxar,2019.0,0.0,0,13,0.0,0.0,11,138,6,14,3,0,42,0,738354,71.92,128974.0,227.0,227.0,216.0
BIHAR,buxar,2020.0,0.0,0,17,0.0,0.0,12,107,29,13,3,0,53,0,738354,71.92,128974.0,234.0,234.0,222.0
BIHAR,darbhanga,2001.0,53.0,64,19,0.0,19.0,39,16,23,37,40,0,34,0,1722189,56.72,267348.0,344.0,344.0,305.0
BIHAR,darbhanga,2002.0,72.0,79,52,0.0,52.0,93,31,62,26,38,0,73,0,1722189,56.72,267348.0,578.0,578.0,485.0
BIHAR,darbhanga,2003.0,68.0,58,77,0.0,77.0,61,20,41,19,10,0,95,0,1722189,56.72,267348.0,526.0,526.0,465.0
BIHAR,darbhanga,2004.0,55.0,20,59,0.0,59.0,60,15,45,33,0,0,70,6,1722189,56.72,267348.0,422.0,422.0,362.0
BIHAR,darbhanga,2005.0,44.0,78,65,0.0,65.0,54,22,32,33,31,0,137,0,1722189,56.72,267348.0,561.0,561.0,507.0
BIHAR,darbhanga,2006.0,70.0,74,74,0.0,74.0,68,17,51,33,54,3,76,4,1722189,56.72,267348.0,598.0,598.0,527.0
BIHAR,darbhanga,2007.0,72.0,109,47,0.0,47.0,91,60,31,39,41,0,59,0,1722189,56.72,267348.0,596.0,596.0,505.0
BIHAR,darbhanga,2008.0,76.0,154,67,0.0,67.0,123,80,43,48,53,0,45,0,1722189,56.72,267348.0,756.0,756.0,633.0
BIHAR,darbhanga,2009.0,49.0,121,27,0.0,27.0,83,77,6,33,10,0,247,0,1722189,56.72,267348.0,680.0,680.0,597.0
BIHAR,darbhanga,2010.0,59.0,167,18,0.0,18.0,97,87,10,23,68,0,151,2,1722189,56.72,267348.0,700.0,700.0,603.0
BIHAR,darbhanga,2011.0,71.0,92,34,0.0,34.0,128,97,31,38,202,0,284,0,1722189,56.72,267348.0,1011.0,1011.0,883.0
BIHAR,darbhanga,2012.0,78.0,407,44,0.0,44.0,207,150,57,34,0,1,377,0,1722189,56.72,267348.0,1399.0,1399.0,1191.0
BIHAR,darbhanga,2015.0,,19,35,0.0,,0,217,99,26,0,8,201,0,1722189,56.72,267348.0,605.0,605.0,597.0
BIHAR,darbhanga,2019.0,0.0,10,33,0.0,0.0,22,273,16,35,22,0,39,0,1722189,56.72,267348.0,450.0,450.0,428.0
BIHAR,darbhanga,2020.0,0.0,0,23,0.0,0.0,36,212,15,20,112,0,80,0,1722189,56.72,267348.0,498.0,498.0,462.0
BIHAR,gaya,2001.0,200.0,170,25,0.0,25.0,66,15,51,26,27,0,24,0,1792163,63.27,475949.0,629.0,629.0,563.0
BIHAR,gaya,2002.0,218.0,149,31,0.0,31.0,38,18,20,26,27,0,44,0,1792163,63.27,475949.0,602.0,602.0,564.0
BIHAR,gaya,2003.0,230.0,56,27,0.0,27.0,69,32,37,37,40,0,46,0,1792163,63.27,475949.0,601.0,601.0,532.0
BIHAR,gaya,2004.0,163.0,178,19,0.0,19.0,70,30,40,36,42,0,58,0,1792163,63.27,475949.0,655.0,655.0,585.0
BIHAR,gaya,2005.0,158.0,175,22,0.0,22.0,77,20,57,8,28,0,11,0,1792163,63.27,475949.0,578.0,578.0,501.0
BIHAR,gaya,2006.0,158.0,178,25,0.0,25.0,68,50,18,168,0,0,9,0,1792163,63.27,475949.0,699.0,699.0,631.0
BIHAR,gaya,2007.0,157.0,170,28,0.0,28.0,59,55,4,74,15,0,15,0,1792163,63.27,475949.0,605.0,605.0,546.0
BIHAR,gaya,2008.0,136.0,60,52,0.0,52.0,90,77,13,43,8,0,40,3,1792163,63.27,475949.0,574.0,574.0,484.0
BIHAR,gaya,2009.0,155.0,33,20,0.0,20.0,108,66,42,46,12,0,106,5,1792163,63.27,475949.0,613.0,613.0,505.0
BIHAR,gaya,2010.0,139.0,35,22,0.0,22.0,109,82,27,42,3,0,97,0,1792163,63.27,475949.0,578.0,578.0,469.0
BIHAR,gaya,2011.0,155.0,22,23,0.0,23.0,155,63,92,56,7,0,47,0,1792163,63.27,475949.0,643.0,643.0,488.0
BIHAR,gaya,2012.0,153.0,39,35,0.0,35.0,154,120,34,53,0,0,92,0,1792163,63.27,475949.0,715.0,715.0,561.0
BIHAR,gaya,2019.0,0.0,0,49,0.0,0.0,0,361,0,42,5,0,106,0,1792163,63.27,475949.0,563.0,563.0,563.0
BIHAR,gaya,2020.0,0.0,0,56,0.0,0.0,16,266,48,42,10,0,108,0,1792163,63.27,475949.0,546.0,546.0,530.0
BIHAR,gopalganj,2001.0,107.0,92,13,0.0,13.0,59,18,41,22,0,2,155,0,1075710,62.96,130590.0,522.0,522.0,461.0
BIHAR,gopalganj,2002.0,69.0,89,16,0.0,16.0,42,16,26,23,0,0,51,0,1075710,62.96,130590.0,348.0,348.0,306.0
BIHAR,gopalganj,2003.0,65.0,78,12,0.0,12.0,34,13,21,14,0,6,34,0,1075710,62.96,130590.0,289.0,289.0,249.0
BIHAR,gopalganj,2004.0,77.0,132,39,0.0,39.0,78,27,51,38,5,9,132,0,1075710,62.96,130590.0,627.0,627.0,540.0
BIHAR,gopalganj,2005.0,74.0,209,24,0.0,24.0,65,51,14,25,2,6,49,0,1075710,62.96,130590.0,543.0,543.0,472.0
BIHAR,gopalganj,2006.0,72.0,46,23,0.0,23.0,55,34,21,32,16,0,94,0,1075710,62.96,130590.0,416.0,416.0,361.0
BIHAR,gopalganj,2007.0,48.0,79,9,0.0,9.0,21,14,7,22,15,0,46,0,1075710,62.96,130590.0,270.0,270.0,249.0
BIHAR,gopalganj,2008.0,74.0,93,23,0.0,23.0,80,63,17,36,27,0,110,0,1075710,62.96,130590.0,546.0,546.0,466.0
BIHAR,gopalganj,2009.0,81.0,127,37,0.0,37.0,112,71,41,42,39,0,127,0,1075710,62.96,130590.0,714.0,714.0,602.0
BIHAR,gopalganj,2010.0,76.0,53,18,0.0,18.0,109,85,24,48,0,0,125,0,1075710,62.96,130590.0,556.0,556.0,447.0
BIHAR,gopalganj,2011.0,77.0,169,17,0.0,17.0,139,106,33,35,30,0,56,0,1075710,62.96,130590.0,679.0,679.0,540.0
BIHAR,gopalganj,2012.0,103.0,37,20,0.0,20.0,135,89,46,43,0,0,190,0,1075710,62.96,130590.0,683.0,683.0,548.0
BIHAR,gopalganj,2015.0,,11,13,0.0,,10,135,0,34,0,0,168,0,1075710,62.96,130590.0,371.0,371.0,361.0
BIHAR,gopalganj,2019.0,0.0,0,2,0.0,0.0,33,149,0,29,1,0,55,0,1075710,62.96,130590.0,269.0,269.0,236.0
BIHAR,gopalganj,2020.0,1.0,0,9,0.0,0.0,14,166,16,30,0,0,27,0,1075710,62.96,130590.0,263.0,263.0,249.0
BIHAR,jamui,2001.0,67.0,74,10,0.0,10.0,14,1,13,16,8,0,15,0,729138,57.06,103244.0,228.0,228.0,214.0
BIHAR,jamui,2002.0,56.0,203,15,0.0,15.0,38,13,25,21,0,0,19,0,729138,57.06,103244.0,405.0,405.0,367.0
BIHAR,jamui,2003.0,64.0,25,24,0.0,24.0,34,7,27,11,12,0,34,0,729138,57.06,103244.0,262.0,262.0,228.0
BIHAR,jamui,2004.0,79.0,74,31,0.0,31.0,71,11,60,11,29,0,45,0,729138,57.06,103244.0,442.0,442.0,371.0
BIHAR,jamui,2005.0,93.0,52,33,0.0,33.0,46,13,33,22,20,0,48,0,729138,57.06,103244.0,393.0,393.0,347.0
BIHAR,jamui,2006.0,69.0,82,29,0.0,29.0,28,14,14,15,7,2,19,0,729138,57.06,103244.0,308.0,308.0,278.0
BIHAR,jamui,2007.0,51.0,30,46,0.0,46.0,31,14,17,8,12,0,20,0,729138,57.06,103244.0,275.0,275.0,244.0
BIHAR,jamui,2008.0,56.0,127,17,0.0,17.0,38,21,17,32,25,0,41,0,729138,57.06,103244.0,391.0,391.0,353.0
BIHAR,jamui,2009.0,65.0,156,15,0.0,15.0,35,21,14,17,7,0,56,0,729138,57.06,103244.0,401.0,401.0,366.0
BIHAR,jamui,2010.0,81.0,143,20,0.0,20.0,57,29,28,17,33,0,48,0,729138,57.06,103244.0,476.0,476.0,419.0
BIHAR,jamui,2011.0,66.0,140,23,0.0,23.0,71,28,43,13,34,0,40,0,729138,57.06,103244.0,481.0,481.0,410.0
BIHAR,jamui,2012.0,79.0,137,27,0.0,27.0,56,43,13,18,2,0,65,0,729138,57.06,103244.0,467.0,467.0,411.0
BIHAR,jamui,2015.0,,13,10,0.0,,0,40,0,10,28,0,73,0,729138,57.06,103244.0,174.0,174.0,174.0
BIHAR,jamui,2019.0,0.0,0,9,0.0,0.0,15,116,6,16,4,0,26,0,729138,57.06,103244.0,192.0,192.0,177.0
BIHAR,jamui,2020.0,0.0,0,17,0.0,0.0,6,76,24,15,15,0,15,0,729138,57.06,103244.0,168.0,168.0,162.0
BIHAR,jehanabad,2001.0,73.0,80,6,0.0,6.0,35,5,30,25,0,0,4,0,784946,70.07,111612.0,264.0,264.0,229.0
BIHAR,jehanabad,2002.0,73.0,55,7,0.0,7.0,32,9,23,21,0,0,5,0,784946,70.07,111612.0,232.0,232.0,200.0
BIHAR,jehanabad,2003.0,64.0,101,9,0.0,9.0,40,5,35,16,0,0,34,0,784946,70.07,111612.0,313.0,313.0,273.0
BIHAR,jehanabad,2004.0,68.0,50,6,0.0,6.0,38,8,30,6,19,0,25,0,784946,70.07,111612.0,256.0,256.0,218.0
BIHAR,jehanabad,2005.0,52.0,52,16,0.0,16.0,19,2,17,7,14,0,17,0,784946,70.07,111612.0,212.0,212.0,193.0
BIHAR,jehanabad,2006.0,39.0,14,10,0.0,10.0,20,1,19,15,5,0,5,0,784946,70.07,111612.0,138.0,138.0,118.0
BIHAR,jehanabad,2007.0,40.0,16,7,0.0,7.0,27,18,9,19,7,0,24,0,784946,70.07,111612.0,174.0,174.0,147.0
BIHAR,jehanabad,2008.0,35.0,10,6,0.0,6.0,38,19,19,23,0,0,17,0,784946,70.07,111612.0,173.0,173.0,135.0
BIHAR,jehanabad,2009.0,48.0,10,8,0.0,8.0,40,9,31,43,11,0,42,0,784946,70.07,111612.0,250.0,250.0,210.0
BIHAR,jehanabad,2010.0,43.0,13,8,0.0,8.0,42,11,31,33,10,0,30,0,784946,70.07,111612.0,229.0,229.0,187.0
BIHAR,jehanabad,2011.0,51.0,10,10,0.0,10.0,31,14,17,20,8,0,22,0,784946,70.07,111612.0,193.0,193.0,162.0
BIHAR,jehanabad,2012.0,46.0,12,8,0.0,8.0,47,41,6,24,0,0,37,0,784946,70.07,111612.0,229.0,229.0,182.0
BIHAR,jehanabad,2015.0,,8,15,0.0,,10,54,18,23,1,0,34,0,784946,70.07,111612.0,163.0,163.0,153.0
BIHAR,jehanabad,2019.0,0.0,3,9,0.0,0.0,2,101,38,22,15,0,19,0,784946,70.07,111612.0,209.0,209.0,207.0
BIHAR,jehanabad,2020.0,0.0,0,7,0.0,0.0,10,48,6,9,13,0,9,0,784946,70.07,111612.0,102.0,102.0,92.0
BIHAR,katihar,2001.0,60.0,47,51,0.0,51.0,49,20,29,6,6,0,29,0,1246872,45.31,218277.0,348.0,348.0,299.0
BIHAR,katihar,2002.0,67.0,25,77,0.0,77.0,87,69,18,5,5,0,32,0,1246872,45.31,218277.0,462.0,462.0,375.0
BIHAR,katihar,2003.0,78.0,35,92,0.0,92.0,68,42,26,9,9,0,60,0,1246872,45.31,218277.0,511.0,511.0,443.0
BIHAR,katihar,2004.0,71.0,22,79,0.0,79.0,71,34,37,19,9,0,34,0,1246872,45.31,218277.0,455.0,455.0,384.0
BIHAR,katihar,2005.0,78.0,41,88,0.0,88.0,61,53,8,26,10,0,55,0,1246872,45.31,218277.0,508.0,508.0,447.0
BIHAR,katihar,2006.0,59.0,46,82,0.0,82.0,57,31,26,35,33,6,29,0,1246872,45.31,218277.0,486.0,486.0,423.0
BIHAR,katihar,2007.0,71.0,50,149,0.0,149.0,135,90,45,14,25,0,27,0,1246872,45.31,218277.0,755.0,755.0,620.0
BIHAR,katihar,2008.0,63.0,13,120,0.0,120.0,103,66,37,15,12,0,28,0,1246872,45.31,218277.0,577.0,577.0,474.0
BIHAR,katihar,2009.0,89.0,19,120,0.0,120.0,130,41,89,17,5,0,55,0,1246872,45.31,218277.0,685.0,685.0,555.0
BIHAR,katihar,2010.0,90.0,47,55,0.0,55.0,119,87,32,20,6,0,55,3,1246872,45.31,218277.0,569.0,569.0,450.0
BIHAR,katihar,2011.0,83.0,82,103,0.0,103.0,126,102,24,29,10,0,25,1,1246872,45.31,218277.0,688.0,688.0,562.0
BIHAR,katihar,2012.0,91.0,94,73,0.0,73.0,137,112,25,24,1,1,111,0,1246872,45.31,218277.0,742.0,742.0,604.0
BIHAR,katihar,2015.0,,22,66,0.0,,0,147,34,10,0,0,76,0,1246872,45.31,218277.0,355.0,355.0,355.0
BIHAR,katihar,2019.0,0.0,0,60,0.0,0.0,4,234,11,14,15,0,71,0,1246872,45.31,218277.0,409.0,409.0,405.0
BIHAR,katihar,2020.0,1.0,0,50,0.0,0.0,0,161,10,15,7,0,51,0,1246872,45.31,218277.0,295.0,295.0,295.0
BIHAR,khagaria,2001.0,72.0,27,5,0.0,5.0,34,6,28,11,6,0,2,0,679267,51.82,76327.0,196.0,196.0,162.0
BIHAR,khagaria,2002.0,66.0,23,15,0.0,15.0,31,14,17,9,8,0,17,0,679267,51.82,76327.0,215.0,215.0,184.0
BIHAR,khagaria,2003.0,62.0,70,16,0.0,16.0,77,0,77,6,9,0,22,0,679267,51.82,76327.0,355.0,355.0,278.0
BIHAR,khagaria,2004.0,50.0,88,18,0.0,18.0,43,10,33,9,10,0,27,0,679267,51.82,76327.0,306.0,306.0,263.0
BIHAR,khagaria,2005.0,48.0,41,14,0.0,14.0,35,15,20,12,5,0,12,0,679267,51.82,76327.0,216.0,216.0,181.0
BIHAR,khagaria,2006.0,53.0,148,22,0.0,22.0,47,0,47,15,6,0,12,0,679267,51.82,76327.0,372.0,372.0,325.0
BIHAR,khagaria,2007.0,48.0,70,21,0.0,21.0,44,14,30,14,15,0,12,0,679267,51.82,76327.0,289.0,289.0,245.0
BIHAR,khagaria,2008.0,55.0,63,16,0.0,16.0,48,17,31,9,2,0,13,0,679267,51.82,76327.0,270.0,270.0,222.0
BIHAR,khagaria,2009.0,46.0,114,8,0.0,8.0,49,28,21,23,37,0,7,1,679267,51.82,76327.0,342.0,342.0,293.0
BIHAR,khagaria,2010.0,63.0,104,5,0.0,5.0,36,28,8,22,14,0,20,0,679267,51.82,76327.0,305.0,305.0,269.0
BIHAR,khagaria,2011.0,55.0,45,14,0.0,14.0,53,42,11,15,0,0,26,0,679267,51.82,76327.0,275.0,275.0,222.0
BIHAR,khagaria,2012.0,65.0,72,18,0.0,18.0,53,34,19,12,0,0,41,0,679267,51.82,76327.0,332.0,332.0,279.0
BIHAR,khagaria,2015.0,,13,18,0.0,,12,80,2,16,2,0,74,0,679267,51.82,76327.0,217.0,217.0,205.0
BIHAR,khagaria,2019.0,0.0,6,13,0.0,0.0,0,170,0,15,0,0,31,0,679267,51.82,76327.0,235.0,235.0,235.0
BIHAR,khagaria,2020.0,0.0,0,5,0.0,0.0,0,96,0,11,0,5,19,0,679267,51.82,76327.0,136.0,136.0,131.0
BIHAR,kishanganj,2001.0,25.0,15,22,0.0,22.0,23,16,7,4,2,1,39,0,669552,42.71,129008.0,176.0,176.0,152.0
BIHAR,kishanganj,2002.0,30.0,2,20,0.0,20.0,35,26,9,5,4,0,37,0,669552,42.71,129008.0,188.0,188.0,153.0
BIHAR,kishanganj,2003.0,27.0,4,17,0.0,17.0,39,38,1,5,2,0,20,0,669552,42.71,129008.0,170.0,170.0,131.0
BIHAR,kishanganj,2004.0,26.0,12,32,0.0,32.0,80,80,0,4,25,0,36,0,669552,42.71,129008.0,327.0,327.0,247.0
BIHAR,kishanganj,2005.0,17.0,23,61,0.0,61.0,84,81,3,3,2,0,30,0,669552,42.71,129008.0,365.0,365.0,281.0
BIHAR,kishanganj,2006.0,20.0,3,81,0.0,81.0,84,69,15,9,0,0,57,0,669552,42.71,129008.0,419.0,419.0,335.0
BIHAR,kishanganj,2007.0,23.0,12,53,0.0,53.0,65,40,25,8,25,0,18,0,669552,42.71,129008.0,322.0,322.0,257.0
BIHAR,kishanganj,2008.0,32.0,42,30,0.0,30.0,33,26,7,8,0,0,23,0,669552,42.71,129008.0,231.0,231.0,198.0
BIHAR,kishanganj,2009.0,32.0,0,33,0.0,33.0,41,30,11,6,0,0,32,0,669552,42.71,129008.0,218.0,218.0,177.0
BIHAR,kishanganj,2010.0,36.0,41,24,0.0,24.0,50,38,12,4,0,0,41,0,669552,42.71,129008.0,270.0,270.0,220.0
BIHAR,kishanganj,2011.0,34.0,5,30,0.0,30.0,63,60,3,13,20,0,50,0,669552,42.71,129008.0,308.0,308.0,245.0
BIHAR,kishanganj,2012.0,39.0,0,32,0.0,32.0,72,71,1,19,0,0,50,0,669552,42.71,129008.0,316.0,316.0,244.0
BIHAR,kishanganj,2015.0,,3,59,0.0,,0,89,0,11,8,0,73,0,669552,42.71,129008.0,243.0,243.0,243.0
BIHAR,kishanganj,2019.0,0.0,1,18,0.0,0.0,6,38,0,5,0,0,20,0,669552,42.71,129008.0,88.0,88.0,82.0
BIHAR,kishanganj,2020.0,0.0,0,27,0.0,0.0,5,67,8,11,0,1,34,0,669552,42.71,129008.0,153.0,153.0,147.0
BIHAR,lakhisarai,2001.0,61.0,44,10,0.0,10.0,30,7,23,6,12,0,5,0,417672,60.74,117740.0,208.0,208.0,178.0
BIHAR,lakhisarai,2002.0,67.0,36,2,0.0,2.0,34,6,28,4,10,0,6,0,417672,60.74,117740.0,195.0,195.0,161.0
BIHAR,lakhisarai,2003.0,56.0,26,7,0.0,7.0,39,4,35,10,0,0,6,0,417672,60.74,117740.0,190.0,190.0,151.0
BIHAR,lakhisarai,2004.0,63.0,87,13,0.0,13.0,50,13,37,10,4,0,9,0,417672,60.74,117740.0,299.0,299.0,249.0
BIHAR,lakhisarai,2005.0,57.0,26,3,0.0,3.0,38,17,21,8,6,0,6,0,417672,60.74,117740.0,185.0,185.0,147.0
BIHAR,lakhisarai,2006.0,48.0,111,12,0.0,12.0,30,17,13,14,10,0,5,0,417672,60.74,117740.0,272.0,272.0,242.0
BIHAR,lakhisarai,2007.0,32.0,21,31,0.0,31.0,36,18,18,10,14,0,14,0,417672,60.74,117740.0,225.0,225.0,189.0
BIHAR,lakhisarai,2008.0,41.0,67,35,0.0,35.0,34,17,17,11,23,2,12,0,417672,60.74,117740.0,294.0,294.0,258.0
BIHAR,lakhisarai,2009.0,45.0,73,15,0.0,15.0,39,16,23,13,25,5,25,0,417672,60.74,117740.0,294.0,294.0,250.0
BIHAR,lakhisarai,2010.0,43.0,45,10,0.0,10.0,40,15,25,14,4,0,30,0,417672,60.74,117740.0,236.0,236.0,196.0
BIHAR,lakhisarai,2011.0,40.0,8,5,0.0,5.0,51,31,20,14,12,0,44,0,417672,60.74,117740.0,230.0,230.0,179.0
BIHAR,lakhisarai,2012.0,40.0,86,13,0.0,13.0,39,28,11,10,3,0,55,0,417672,60.74,117740.0,298.0,298.0,259.0
BIHAR,lakhisarai,2015.0,,19,10,0.0,,7,38,2,7,0,0,18,0,417672,60.74,117740.0,101.0,101.0,94.0
BIHAR,lakhisarai,2019.0,0.0,9,6,0.0,0.0,12,109,7,5,0,0,23,0,417672,60.74,117740.0,171.0,171.0,159.0
BIHAR,lakhisarai,2020.0,0.0,0,6,0.0,0.0,0,64,0,8,7,0,20,0,417672,60.74,117740.0,105.0,105.0,105.0
BIHAR,madhepura,2001.0,56.0,23,11,0.0,11.0,49,15,34,6,3,0,10,0,797180,48.8,67967.0,218.0,218.0,169.0
BIHAR,madhepura,2002.0,50.0,23,10,0.0,10.0,32,7,25,4,7,0,9,0,797180,48.8,67967.0,177.0,177.0,145.0
BIHAR,madhepura,2003.0,62.0,14,8,0.0,8.0,24,5,19,6,2,0,8,0,797180,48.8,67967.0,156.0,156.0,132.0
BIHAR,madhepura,2004.0,58.0,23,11,0.0,11.0,23,11,12,7,4,0,8,0,797180,48.8,67967.0,168.0,168.0,145.0
BIHAR,madhepura,2005.0,52.0,24,15,0.0,15.0,13,9,4,10,6,0,11,0,797180,48.8,67967.0,159.0,159.0,146.0
BIHAR,madhepura,2006.0,60.0,24,10,0.0,10.0,16,10,6,12,4,0,7,0,797180,48.8,67967.0,159.0,159.0,143.0
BIHAR,madhepura,2007.0,65.0,18,32,0.0,32.0,36,21,15,7,3,0,18,4,797180,48.8,67967.0,251.0,251.0,215.0
BIHAR,madhepura,2008.0,34.0,7,16,0.0,16.0,45,30,15,16,10,0,12,0,797180,48.8,67967.0,201.0,201.0,156.0
BIHAR,madhepura,2009.0,45.0,10,11,0.0,11.0,50,28,22,19,4,0,11,0,797180,48.8,67967.0,211.0,211.0,161.0
BIHAR,madhepura,2010.0,54.0,81,11,0.0,11.0,61,52,9,13,9,0,25,0,797180,48.8,67967.0,326.0,326.0,265.0
BIHAR,madhepura,2011.0,44.0,12,8,0.0,8.0,78,67,11,11,0,0,21,0,797180,48.8,67967.0,260.0,260.0,182.0
BIHAR,madhepura,2012.0,56.0,130,31,0.0,31.0,77,56,21,15,0,2,46,0,797180,48.8,67967.0,465.0,465.0,386.0
BIHAR,madhepura,2015.0,,3,20,0.0,,2,79,0,12,0,0,42,0,797180,48.8,67967.0,158.0,158.0,156.0
BIHAR,madhepura,2019.0,0.0,6,11,0.0,0.0,29,176,0,7,0,0,28,0,797180,48.8,67967.0,257.0,257.0,228.0
BIHAR,madhepura,2020.0,0.0,0,11,0.0,0.0,21,99,0,11,1,0,18,0,797180,48.8,67967.0,161.0,161.0,140.0
BIHAR,madhubani,2001.0,35.0,65,13,0.0,13.0,36,11,25,12,41,0,18,0,1840997,56.79,124545.0,269.0,269.0,233.0
BIHAR,madhubani,2002.0,66.0,86,31,0.0,31.0,50,15,35,58,165,0,111,0,1840997,56.79,124545.0,648.0,648.0,598.0
BIHAR,madhubani,2003.0,78.0,172,38,0.0,38.0,62,29,33,20,112,0,262,0,1840997,56.79,124545.0,844.0,844.0,782.0
BIHAR,madhubani,2004.0,60.0,91,61,0.0,61.0,69,33,36,34,121,0,111,0,1840997,56.79,124545.0,677.0,677.0,608.0
BIHAR,madhubani,2005.0,69.0,108,42,0.0,42.0,66,0,66,17,35,0,26,0,1840997,56.79,124545.0,471.0,471.0,405.0
BIHAR,madhubani,2006.0,62.0,89,58,0.0,58.0,76,12,64,10,14,0,14,0,1840997,56.79,124545.0,457.0,457.0,381.0
BIHAR,madhubani,2007.0,76.0,176,47,0.0,47.0,71,46,25,27,36,0,29,0,1840997,56.79,124545.0,580.0,580.0,509.0
BIHAR,madhubani,2008.0,62.0,72,24,0.0,24.0,51,36,15,24,182,0,51,0,1840997,56.79,124545.0,541.0,541.0,490.0
BIHAR,madhubani,2009.0,66.0,7,19,0.0,19.0,81,78,3,31,20,0,71,0,1840997,56.79,124545.0,395.0,395.0,314.0
BIHAR,madhubani,2010.0,73.0,10,30,0.0,30.0,141,131,10,31,6,0,90,1,1840997,56.79,124545.0,553.0,553.0,412.0
BIHAR,madhubani,2011.0,81.0,8,44,0.0,44.0,182,148,34,35,0,0,138,0,1840997,56.79,124545.0,714.0,714.0,532.0
BIHAR,madhubani,2012.0,77.0,71,31,0.0,31.0,191,163,28,27,0,0,195,0,1840997,56.79,124545.0,814.0,814.0,623.0
BIHAR,madhubani,2015.0,,0,47,0.0,,0,202,0,31,1,0,217,0,1840997,56.79,124545.0,498.0,498.0,498.0
BIHAR,madhubani,2019.0,0.0,0,19,0.0,0.0,0,202,0,26,4,0,75,0,1840997,56.79,124545.0,326.0,326.0,326.0
BIHAR,madhubani,2020.0,0.0,0,31,0.0,0.0,18,195,20,30,2,0,67,0,1840997,56.79,124545.0,363.0,363.0,345.0
BIHAR,munger,2001.0,51.0,108,11,0.0,11.0,45,15,30,8,0,0,39,0,607730,69.89,317847.0,318.0,318.0,273.0
BIHAR,munger,2002.0,63.0,124,11,0.0,11.0,53,27,26,8,0,0,0,0,607730,69.89,317847.0,323.0,323.0,270.0
BIHAR,munger,2003.0,80.0,28,7,0.0,7.0,47,7,40,6,16,0,63,0,607730,69.89,317847.0,301.0,301.0,254.0
BIHAR,munger,2004.0,64.0,30,11,0.0,11.0,43,14,29,20,12,0,40,0,607730,69.89,317847.0,274.0,274.0,231.0
BIHAR,munger,2005.0,95.0,29,18,0.0,18.0,54,11,43,11,10,0,16,0,607730,69.89,317847.0,305.0,305.0,251.0
BIHAR,munger,2006.0,73.0,35,13,0.0,13.0,53,0,53,7,10,0,40,0,607730,69.89,317847.0,297.0,297.0,244.0
BIHAR,munger,2007.0,76.0,63,25,0.0,25.0,52,26,26,10,0,0,52,0,607730,69.89,317847.0,355.0,355.0,303.0
BIHAR,munger,2008.0,85.0,92,20,0.0,20.0,61,31,30,14,2,0,40,0,607730,69.89,317847.0,395.0,395.0,334.0
BIHAR,munger,2009.0,79.0,133,12,0.0,12.0,68,48,20,12,0,0,54,0,607730,69.89,317847.0,438.0,438.0,370.0
BIHAR,munger,2010.0,82.0,98,11,0.0,11.0,80,68,12,14,3,0,43,0,607730,69.89,317847.0,422.0,422.0,342.0
BIHAR,munger,2011.0,68.0,49,7,0.0,7.0,72,56,16,10,2,0,49,0,607730,69.89,317847.0,336.0,336.0,264.0
BIHAR,munger,2012.0,68.0,32,9,0.0,9.0,65,49,16,8,1,0,40,0,607730,69.89,317847.0,297.0,297.0,232.0
BIHAR,munger,2015.0,,3,8,0.0,,0,43,0,7,6,0,43,0,607730,69.89,317847.0,110.0,110.0,110.0
BIHAR,munger,2019.0,0.0,0,10,0.0,0.0,11,188,20,15,0,0,91,0,607730,69.89,317847.0,335.0,335.0,324.0
BIHAR,munger,2020.0,1.0,0,14,0.0,0.0,23,83,1,11,7,0,22,0,607730,69.89,317847.0,162.0,162.0,139.0
BIHAR,muzaffarpur,2001.0,153.0,162,73,0.0,73.0,113,25,88,69,81,0,141,6,1951466,59.1,348353.0,984.0,984.0,871.0
BIHAR,muzaffarpur,2002.0,130.0,92,60,0.0,60.0,167,22,145,42,26,0,178,1,1951466,59.1,348353.0,923.0,923.0,756.0
BIHAR,muzaffarpur,2003.0,120.0,30,59,0.0,59.0,160,20,140,63,27,0,98,0,1951466,59.1,348353.0,776.0,776.0,616.0
BIHAR,muzaffarpur,2004.0,180.0,17,166,0.0,166.0,300,42,258,72,11,0,206,0,1951466,59.1,348353.0,1418.0,1418.0,1118.0
BIHAR,muzaffarpur,2005.0,131.0,22,80,0.0,80.0,225,14,211,67,17,0,104,0,1951466,59.1,348353.0,951.0,951.0,726.0
BIHAR,muzaffarpur,2006.0,134.0,24,48,0.0,48.0,148,23,125,65,7,0,75,0,1951466,59.1,348353.0,697.0,697.0,549.0
BIHAR,muzaffarpur,2007.0,143.0,26,77,0.0,77.0,169,64,105,93,12,0,87,0,1951466,59.1,348353.0,853.0,853.0,684.0
BIHAR,muzaffarpur,2008.0,138.0,11,28,0.0,28.0,136,97,39,75,15,0,90,0,1951466,59.1,348353.0,657.0,657.0,521.0
BIHAR,muzaffarpur,2009.0,150.0,19,55,0.0,55.0,151,111,40,77,13,0,109,0,1951466,59.1,348353.0,780.0,780.0,629.0
BIHAR,muzaffarpur,2010.0,148.0,11,52,0.0,52.0,229,187,42,64,7,0,56,0,1951466,59.1,348353.0,848.0,848.0,619.0
BIHAR,muzaffarpur,2011.0,154.0,24,56,0.0,56.0,255,219,36,76,4,0,91,2,1951466,59.1,348353.0,973.0,973.0,718.0
BIHAR,muzaffarpur,2012.0,198.0,611,34,0.0,34.0,279,220,59,83,0,0,80,3,1951466,59.1,348353.0,1601.0,1601.0,1322.0
BIHAR,muzaffarpur,2015.0,,52,37,0.0,,0,208,0,53,5,0,244,0,1951466,59.1,348353.0,599.0,599.0,599.0
BIHAR,muzaffarpur,2019.0,0.0,2,34,0.0,0.0,64,554,0,79,7,0,192,0,1951466,59.1,348353.0,932.0,932.0,868.0
BIHAR,muzaffarpur,2020.0,0.0,0,39,0.0,0.0,35,439,26,47,8,0,130,0,1951466,59.1,348353.0,724.0,724.0,689.0
BIHAR,nalanda,2001.0,208.0,249,40,0.0,40.0,126,12,114,47,14,2,54,0,1238599,66.44,353629.0,906.0,906.0,778.0
BIHAR,nalanda,2002.0,175.0,191,32,0.0,32.0,93,22,71,45,23,0,44,1,1238599,66.44,353629.0,729.0,729.0,636.0
BIHAR,nalanda,2003.0,171.0,139,21,0.0,21.0,58,18,40,49,39,0,64,1,1238599,66.44,353629.0,621.0,621.0,563.0
BIHAR,nalanda,2004.0,220.0,139,43,0.0,43.0,144,32,112,68,43,0,110,3,1238599,66.44,353629.0,957.0,957.0,813.0
BIHAR,nalanda,2005.0,150.0,100,25,0.0,25.0,94,21,73,65,10,1,92,4,1238599,66.44,353629.0,660.0,660.0,565.0
BIHAR,nalanda,2006.0,143.0,91,31,0.0,31.0,76,35,41,63,45,0,90,0,1238599,66.44,353629.0,646.0,646.0,570.0
BIHAR,nalanda,2007.0,102.0,62,14,0.0,14.0,105,51,54,57,33,0,104,0,1238599,66.44,353629.0,596.0,596.0,491.0
BIHAR,nalanda,2008.0,120.0,53,23,0.0,23.0,100,56,44,70,36,0,77,0,1238599,66.44,353629.0,602.0,602.0,502.0
BIHAR,nalanda,2009.0,114.0,301,33,0.0,33.0,99,67,32,74,88,0,33,0,1238599,66.44,353629.0,874.0,874.0,775.0
BIHAR,nalanda,2010.0,117.0,75,26,0.0,26.0,93,74,19,62,30,0,60,0,1238599,66.44,353629.0,582.0,582.0,489.0
BIHAR,nalanda,2011.0,84.0,61,15,0.0,15.0,81,72,9,55,29,0,96,0,1238599,66.44,353629.0,517.0,517.0,436.0
BIHAR,nalanda,2012.0,114.0,75,11,0.0,11.0,113,85,28,79,7,1,116,0,1238599,66.44,353629.0,640.0,640.0,526.0
BIHAR,nalanda,2015.0,,0,29,0.0,,0,193,0,54,2,0,195,0,1238599,66.44,353629.0,473.0,473.0,473.0
BIHAR,nalanda,2019.0,0.0,3,37,0.0,0.0,65,365,51,64,15,0,84,0,1238599,66.44,353629.0,684.0,684.0,619.0
BIHAR,nalanda,2020.0,0.0,0,28,0.0,0.0,66,276,0,52,29,0,82,0,1238599,66.44,353629.0,533.0,533.0,467.0
BIHAR,patna,2001.0,434.0,581,27,0.0,27.0,197,11,186,90,47,0,152,39,2519942,73.34,1961532.0,1791.0,1791.0,1594.0
BIHAR,patna,2002.0,472.0,682,37,0.0,37.0,203,36,167,76,42,0,148,0,2519942,73.34,1961532.0,1900.0,1900.0,1697.0
BIHAR,patna,2003.0,484.0,680,34,0.0,34.0,220,15,205,85,49,0,127,0,2519942,73.34,1961532.0,1933.0,1933.0,1713.0
BIHAR,patna,2004.0,542.0,188,46,0.0,46.0,270,39,231,44,28,3,147,0,2519942,73.34,1961532.0,1584.0,1584.0,1311.0
BIHAR,patna,2005.0,436.0,87,57,0.0,57.0,275,59,216,85,5,2,189,0,2519942,73.34,1961532.0,1468.0,1468.0,1191.0
BIHAR,patna,2006.0,338.0,88,54,0.0,54.0,309,84,225,54,13,2,239,0,2519942,73.34,1961532.0,1460.0,1460.0,1149.0
BIHAR,patna,2007.0,317.0,115,74,0.0,74.0,313,65,248,80,19,0,296,0,2519942,73.34,1961532.0,1601.0,1601.0,1288.0
BIHAR,patna,2008.0,341.0,189,57,0.0,57.0,341,78,263,99,31,1,189,0,2519942,73.34,1961532.0,1646.0,1646.0,1304.0
BIHAR,patna,2009.0,314.0,104,46,0.0,46.0,351,167,184,95,21,0,341,0,2519942,73.34,1961532.0,1669.0,1669.0,1318.0
BIHAR,patna,2010.0,304.0,20,50,0.0,50.0,283,148,135,95,12,3,316,0,2519942,73.34,1961532.0,1416.0,1416.0,1130.0
BIHAR,patna,2011.0,248.0,25,41,0.0,41.0,364,167,197,112,1,2,317,0,2519942,73.34,1961532.0,1515.0,1515.0,1149.0
BIHAR,patna,2012.0,356.0,86,49,0.0,49.0,376,300,76,97,19,1,377,0,2519942,73.34,1961532.0,1786.0,1786.0,1409.0
BIHAR,patna,2015.0,,29,82,0.0,,0,644,238,104,11,83,474,0,2519942,73.34,1961532.0,1665.0,1665.0,1582.0
BIHAR,patna,2019.0,0.0,23,69,0.0,0.0,40,1091,475,86,91,7,295,0,2519942,73.34,1961532.0,2177.0,2177.0,2130.0
BIHAR,patna,2020.0,0.0,0,69,0.0,0.0,57,753,24,86,38,0,242,0,2519942,73.34,1961532.0,1269.0,1269.0,1212.0
BIHAR,rohtas,2001.0,127.0,112,25,0.0,25.0,72,18,54,36,21,0,59,0,1283485,75.31,326806.0,549.0,549.0,477.0
BIHAR,rohtas,2002.0,132.0,35,15,0.0,15.0,92,10,82,52,4,0,82,0,1283485,75.31,326806.0,519.0,519.0,427.0
BIHAR,rohtas,2003.0,157.0,218,15,0.0,15.0,87,36,51,28,30,0,52,0,1283485,75.31,326806.0,689.0,689.0,602.0
BIHAR,rohtas,2004.0,130.0,215,12,0.0,12.0,44,14,30,35,38,0,36,0,1283485,75.31,326806.0,566.0,566.0,522.0
BIHAR,rohtas,2005.0,107.0,218,18,0.0,18.0,29,7,22,37,12,0,7,0,1283485,75.31,326806.0,475.0,475.0,446.0
BIHAR,rohtas,2006.0,102.0,88,17,0.0,17.0,45,20,25,36,9,0,25,0,1283485,75.31,326806.0,384.0,384.0,339.0
BIHAR,rohtas,2007.0,89.0,207,23,0.0,23.0,29,26,3,58,21,0,34,0,1283485,75.31,326806.0,513.0,513.0,484.0
BIHAR,rohtas,2008.0,112.0,19,21,0.0,21.0,63,55,8,36,15,0,42,0,1283485,75.31,326806.0,392.0,392.0,329.0
BIHAR,rohtas,2009.0,110.0,63,18,0.0,18.0,83,11,72,41,38,0,57,23,1283485,75.31,326806.0,534.0,534.0,451.0
BIHAR,rohtas,2010.0,132.0,82,27,0.0,27.0,115,95,20,45,49,11,31,0,1283485,75.31,326806.0,634.0,634.0,508.0
BIHAR,rohtas,2011.0,126.0,95,20,0.0,20.0,106,84,22,32,46,0,57,0,1283485,75.31,326806.0,608.0,608.0,502.0
BIHAR,rohtas,2012.0,132.0,214,26,0.0,26.0,130,94,36,44,15,0,92,0,1283485,75.31,326806.0,809.0,809.0,679.0
BIHAR,rohtas,2015.0,,10,29,0.0,,0,108,0,41,3,0,68,0,1283485,75.31,326806.0,259.0,259.0,259.0
BIHAR,rohtas,2019.0,0.0,2,5,0.0,0.0,19,255,22,36,0,0,68,0,1283485,75.31,326806.0,407.0,407.0,388.0
BIHAR,rohtas,2020.0,0.0,0,18,0.0,0.0,5,141,12,25,15,0,53,0,1283485,75.31,326806.0,269.0,269.0,264.0
BIHAR,saharsa,2001.0,36.0,151,12,0.0,12.0,27,10,17,7,9,0,12,0,789432,51.66,125167.0,293.0,293.0,266.0
BIHAR,saharsa,2002.0,39.0,106,11,0.0,11.0,20,10,10,10,16,2,8,0,789432,51.66,125167.0,243.0,243.0,221.0
BIHAR,saharsa,2003.0,47.0,69,11,0.0,11.0,25,11,14,13,14,0,3,0,789432,51.66,125167.0,218.0,218.0,193.0
BIHAR,saharsa,2004.0,48.0,100,21,0.0,21.0,47,21,26,11,39,0,13,0,789432,51.66,125167.0,347.0,347.0,300.0
BIHAR,saharsa,2005.0,17.0,88,11,0.0,11.0,40,2,38,5,19,0,12,6,789432,51.66,125167.0,249.0,249.0,209.0
BIHAR,saharsa,2006.0,44.0,97,33,0.0,33.0,41,4,37,12,21,0,24,0,789432,51.66,125167.0,346.0,346.0,305.0
BIHAR,saharsa,2007.0,50.0,123,17,0.0,17.0,35,4,31,14,31,0,22,0,789432,51.66,125167.0,344.0,344.0,309.0
BIHAR,saharsa,2008.0,30.0,139,22,0.0,22.0,41,20,21,17,75,0,21,0,789432,51.66,125167.0,408.0,408.0,367.0
BIHAR,saharsa,2009.0,49.0,123,28,0.0,28.0,55,9,46,11,36,0,15,0,789432,51.66,125167.0,400.0,400.0,345.0
BIHAR,saharsa,2010.0,39.0,102,7,0.0,7.0,51,17,34,9,39,0,22,0,789432,51.66,125167.0,327.0,327.0,276.0
BIHAR,saharsa,2011.0,34.0,109,8,0.0,8.0,63,41,22,17,35,0,27,1,789432,51.66,125167.0,365.0,365.0,302.0
BIHAR,saharsa,2012.0,53.0,198,16,0.0,16.0,95,76,19,10,0,0,72,0,789432,51.66,125167.0,555.0,555.0,460.0
BIHAR,saharsa,2015.0,,0,19,0.0,,0,86,4,3,0,0,49,0,789432,51.66,125167.0,161.0,161.0,161.0
BIHAR,saharsa,2019.0,0.0,0,14,0.0,0.0,0,113,0,17,0,0,31,0,789432,51.66,125167.0,175.0,175.0,175.0
BIHAR,saharsa,2020.0,0.0,0,10,0.0,0.0,0,83,0,14,3,0,15,0,789432,51.66,125167.0,125.0,125.0,125.0
BIHAR,samastipur,2001.0,107.0,115,19,0.0,19.0,75,29,46,11,17,9,35,29,1760692,57.59,123455.0,511.0,511.0,427.0
BIHAR,samastipur,2002.0,119.0,120,22,0.0,22.0,56,21,35,12,4,2,10,21,1760692,57.59,123455.0,444.0,444.0,386.0
BIHAR,samastipur,2003.0,136.0,121,20,0.0,20.0,80,8,72,18,11,2,34,25,1760692,57.59,123455.0,547.0,547.0,465.0
BIHAR,samastipur,2004.0,118.0,145,28,0.0,28.0,123,16,107,44,9,0,40,21,1760692,57.59,123455.0,679.0,679.0,556.0
BIHAR,samastipur,2005.0,121.0,184,28,0.0,28.0,97,4,93,40,10,0,73,48,1760692,57.59,123455.0,726.0,726.0,629.0
BIHAR,samastipur,2006.0,102.0,195,53,0.0,53.0,109,11,98,47,11,5,33,27,1760692,57.59,123455.0,744.0,744.0,630.0
BIHAR,samastipur,2007.0,78.0,205,54,0.0,54.0,98,29,69,55,11,7,42,25,1760692,57.59,123455.0,727.0,727.0,622.0
BIHAR,samastipur,2008.0,81.0,292,32,0.0,32.0,74,62,12,60,15,5,52,15,1760692,57.59,123455.0,732.0,732.0,653.0
BIHAR,samastipur,2009.0,109.0,211,26,0.0,26.0,130,27,103,68,21,0,64,0,1760692,57.59,123455.0,785.0,785.0,655.0
BIHAR,samastipur,2010.0,119.0,215,36,0.0,36.0,189,9,180,62,7,0,42,0,1760692,57.59,123455.0,895.0,895.0,706.0
BIHAR,samastipur,2011.0,107.0,221,40,0.0,40.0,166,105,61,46,9,2,66,0,1760692,57.59,123455.0,863.0,863.0,695.0
BIHAR,samastipur,2012.0,99.0,241,24,0.0,24.0,131,112,19,34,0,0,114,0,1760692,57.59,123455.0,798.0,798.0,667.0
BIHAR,samastipur,2015.0,,0,34,0.0,,0,183,108,34,0,0,102,0,1760692,57.59,123455.0,461.0,461.0,461.0
BIHAR,samastipur,2019.0,0.0,0,14,0.0,0.0,30,293,28,34,0,0,58,0,1760692,57.59,123455.0,457.0,457.0,427.0
BIHAR,samastipur,2020.0,0.0,0,21,0.0,0.0,0,198,0,40,32,0,32,0,1760692,57.59,123455.0,323.0,323.0,323.0
BIHAR,saran,2001.0,137.0,70,20,0.0,20.0,65,15,50,67,22,0,101,0,1652661,67.3,298637.0,567.0,567.0,502.0
BIHAR,saran,2002.0,100.0,63,12,0.0,12.0,73,10,63,69,0,0,85,0,1652661,67.3,298637.0,487.0,487.0,414.0
BIHAR,saran,2003.0,115.0,154,32,0.0,32.0,95,49,46,65,17,1,82,0,1652661,67.3,298637.0,688.0,688.0,592.0
BIHAR,saran,2004.0,160.0,44,17,0.0,17.0,159,51,108,38,12,0,258,2,1652661,67.3,298637.0,866.0,866.0,707.0
BIHAR,saran,2005.0,125.0,345,32,0.0,32.0,85,43,42,76,4,1,58,0,1652661,67.3,298637.0,843.0,843.0,757.0
BIHAR,saran,2006.0,134.0,290,48,0.0,48.0,104,70,34,74,49,0,102,0,1652661,67.3,298637.0,953.0,953.0,849.0
BIHAR,saran,2007.0,112.0,345,57,0.0,57.0,41,30,11,47,4,0,39,0,1652661,67.3,298637.0,743.0,743.0,702.0
BIHAR,saran,2008.0,119.0,137,34,0.0,34.0,98,58,40,58,10,0,41,0,1652661,67.3,298637.0,629.0,629.0,531.0
BIHAR,saran,2009.0,112.0,175,11,0.0,11.0,91,73,18,57,20,0,132,0,1652661,67.3,298637.0,700.0,700.0,609.0
BIHAR,saran,2010.0,112.0,90,23,0.0,23.0,136,107,29,78,24,0,103,0,1652661,67.3,298637.0,725.0,725.0,589.0
BIHAR,saran,2011.0,123.0,408,10,0.0,10.0,146,137,9,74,46,0,131,1,1652661,67.3,298637.0,1095.0,1095.0,949.0
BIHAR,saran,2012.0,128.0,289,23,0.0,23.0,178,137,41,74,0,0,138,0,1652661,67.3,298637.0,1031.0,1031.0,853.0
BIHAR,saran,2015.0,,10,29,0.0,,0,222,4,73,1,0,58,0,1652661,67.3,298637.0,397.0,397.0,397.0
BIHAR,saran,2019.0,0.0,0,26,0.0,0.0,89,437,0,54,0,0,121,0,1652661,67.3,298637.0,727.0,727.0,638.0
BIHAR,saran,2020.0,0.0,0,20,0.0,0.0,25,318,60,76,54,0,97,0,1652661,67.3,298637.0,650.0,650.0,625.0
BIHAR,sheikhpura,2001.0,28.0,1,3,0.0,3.0,16,1,15,9,0,0,32,0,273992,61.94,81313.0,108.0,108.0,92.0
BIHAR,sheikhpura,2002.0,33.0,18,6,0.0,6.0,24,0,24,5,8,0,16,1,273992,61.94,81313.0,141.0,141.0,117.0
BIHAR,sheikhpura,2003.0,36.0,12,5,0.0,5.0,21,1,20,6,0,0,0,0,273992,61.94,81313.0,106.0,106.0,85.0
BIHAR,sheikhpura,2004.0,44.0,40,3,0.0,3.0,20,4,16,6,14,0,16,0,273992,61.94,81313.0,166.0,166.0,146.0
BIHAR,sheikhpura,2005.0,33.0,0,1,0.0,1.0,23,3,20,12,0,0,17,0,273992,61.94,81313.0,110.0,110.0,87.0
BIHAR,sheikhpura,2006.0,24.0,8,5,0.0,5.0,9,4,5,11,4,0,18,0,273992,61.94,81313.0,93.0,93.0,84.0
BIHAR,sheikhpura,2007.0,25.0,13,4,0.0,4.0,11,6,5,3,5,0,4,0,273992,61.94,81313.0,80.0,80.0,69.0
BIHAR,sheikhpura,2008.0,22.0,27,9,0.0,9.0,25,14,11,7,1,0,10,0,273992,61.94,81313.0,135.0,135.0,110.0
BIHAR,sheikhpura,2009.0,16.0,0,6,0.0,6.0,10,9,1,8,0,0,14,0,273992,61.94,81313.0,70.0,70.0,60.0
BIHAR,sheikhpura,2010.0,22.0,2,2,0.0,2.0,22,13,9,5,0,0,10,0,273992,61.94,81313.0,87.0,87.0,65.0
BIHAR,sheikhpura,2011.0,33.0,8,3,0.0,3.0,22,14,8,8,0,0,35,0,273992,61.94,81313.0,134.0,134.0,112.0
BIHAR,sheikhpura,2012.0,30.0,88,10,0.0,10.0,39,27,12,8,0,0,37,0,273992,61.94,81313.0,261.0,261.0,222.0
BIHAR,sheikhpura,2015.0,,8,1,0.0,,8,24,0,13,17,0,28,0,273992,61.94,81313.0,99.0,99.0,91.0
BIHAR,sheikhpura,2019.0,0.0,0,8,0.0,0.0,11,30,6,9,26,0,14,0,273992,61.94,81313.0,104.0,104.0,93.0
BIHAR,sheikhpura,2020.0,0.0,0,1,0.0,0.0,4,17,3,4,23,0,11,0,273992,61.94,81313.0,63.0,63.0,59.0
BIHAR,sitamarhi,2001.0,51.0,5,23,0.0,23.0,34,20,14,13,1,0,21,0,1417611,49.36,153313.0,205.0,205.0,171.0
BIHAR,sitamarhi,2002.0,54.0,19,31,0.0,31.0,50,22,28,14,26,0,28,1,1417611,49.36,153313.0,304.0,304.0,254.0
BIHAR,sitamarhi,2003.0,51.0,16,37,0.0,37.0,82,24,58,27,6,0,39,4,1417611,49.36,153313.0,381.0,381.0,299.0
BIHAR,sitamarhi,2004.0,80.0,26,70,0.0,70.0,112,30,82,21,9,0,100,0,1417611,49.36,153313.0,600.0,600.0,488.0
BIHAR,sitamarhi,2005.0,63.0,25,32,0.0,32.0,74,51,23,32,12,0,64,0,1417611,49.36,153313.0,408.0,408.0,334.0
BIHAR,sitamarhi,2006.0,45.0,30,27,0.0,27.0,61,45,16,13,19,2,76,1,1417611,49.36,153313.0,362.0,362.0,299.0
BIHAR,sitamarhi,2007.0,55.0,14,12,0.0,12.0,52,43,9,30,13,0,30,22,1417611,49.36,153313.0,292.0,292.0,240.0
BIHAR,sitamarhi,2008.0,72.0,37,12,0.0,12.0,70,43,27,24,18,0,12,0,1417611,49.36,153313.0,327.0,327.0,257.0
BIHAR,sitamarhi,2009.0,67.0,22,8,0.0,8.0,104,81,23,27,20,0,14,0,1417611,49.36,153313.0,374.0,374.0,270.0
BIHAR,sitamarhi,2010.0,68.0,30,9,0.0,9.0,60,40,20,28,18,0,25,0,1417611,49.36,153313.0,307.0,307.0,247.0
BIHAR,sitamarhi,2011.0,71.0,33,8,0.0,8.0,58,49,9,29,14,0,33,0,1417611,49.36,153313.0,312.0,312.0,254.0
BIHAR,sitamarhi,2012.0,97.0,35,20,0.0,20.0,167,143,24,30,0,0,100,0,1417611,49.36,153313.0,636.0,636.0,469.0
BIHAR,sitamarhi,2015.0,,12,22,0.0,,0,180,0,14,0,0,196,0,1417611,49.36,153313.0,424.0,424.0,424.0
BIHAR,sitamarhi,2019.0,0.0,0,9,0.0,0.0,49,346,3,37,3,0,154,0,1417611,49.36,153313.0,601.0,601.0,552.0
BIHAR,sitamarhi,2020.0,0.0,0,35,0.0,0.0,26,275,44,26,4,0,53,0,1417611,49.36,153313.0,463.0,463.0,437.0
BIHAR,siwan,2001.0,116.0,150,4,0.0,4.0,51,26,25,32,6,0,10,0,1336283,67.26,149489.0,424.0,424.0,373.0
BIHAR,siwan,2002.0,117.0,163,8,0.0,8.0,57,26,31,24,8,0,50,0,1336283,67.26,149489.0,492.0,492.0,435.0
BIHAR,siwan,2003.0,86.0,160,13,0.0,13.0,62,22,40,32,36,0,54,0,1336283,67.26,149489.0,518.0,518.0,456.0
BIHAR,siwan,2004.0,125.0,57,7,0.0,7.0,104,39,65,33,6,0,74,0,1336283,67.26,149489.0,517.0,517.0,413.0
BIHAR,siwan,2005.0,93.0,43,27,0.0,27.0,59,33,26,31,8,1,60,0,1336283,67.26,149489.0,408.0,408.0,348.0
BIHAR,siwan,2006.0,93.0,72,18,0.0,18.0,103,88,15,41,12,1,75,0,1336283,67.26,149489.0,536.0,536.0,432.0
BIHAR,siwan,2007.0,80.0,61,17,0.0,17.0,75,21,54,32,9,2,45,0,1336283,67.26,149489.0,413.0,413.0,336.0
BIHAR,siwan,2008.0,74.0,65,24,0.0,24.0,67,35,32,31,9,2,54,0,1336283,67.26,149489.0,417.0,417.0,348.0
BIHAR,siwan,2009.0,82.0,50,14,0.0,14.0,89,72,17,42,6,0,25,0,1336283,67.26,149489.0,411.0,411.0,322.0
BIHAR,siwan,2010.0,78.0,69,19,0.0,19.0,133,105,28,63,10,0,41,0,1336283,67.26,149489.0,565.0,565.0,432.0
BIHAR,siwan,2011.0,85.0,180,16,0.0,16.0,196,150,46,139,4,3,53,5,1336283,67.26,149489.0,893.0,893.0,694.0
BIHAR,siwan,2012.0,112.0,55,20,0.0,20.0,193,166,27,64,2,0,101,0,1336283,67.26,149489.0,760.0,760.0,567.0
BIHAR,siwan,2015.0,,0,21,0.0,,0,136,0,41,0,0,38,0,1336283,67.26,149489.0,236.0,236.0,236.0
BIHAR,siwan,2019.0,0.0,0,8,0.0,0.0,18,214,1,42,0,0,41,0,1336283,67.26,149489.0,324.0,324.0,306.0
BIHAR,siwan,2020.0,0.0,0,8,0.0,0.0,25,176,30,33,2,0,20,0,1336283,67.26,149489.0,294.0,294.0,269.0
BIHAR,vaishali,2001.0,110.0,148,20,0.0,20.0,90,28,62,59,52,0,179,0,1415603,63.23,186655.0,768.0,768.0,678.0
BIHAR,vaishali,2002.0,99.0,109,16,0.0,16.0,72,41,31,65,21,0,60,0,1415603,63.23,186655.0,530.0,530.0,458.0
BIHAR,vaishali,2003.0,118.0,207,29,0.0,29.0,85,40,45,69,22,0,65,5,1415603,63.23,186655.0,714.0,714.0,629.0
BIHAR,vaishali,2004.0,99.0,152,42,0.0,42.0,217,105,112,98,26,1,248,0,1415603,63.23,186655.0,1142.0,1142.0,924.0
BIHAR,vaishali,2005.0,69.0,108,13,0.0,13.0,133,51,82,72,36,0,74,0,1415603,63.23,186655.0,651.0,651.0,518.0
BIHAR,vaishali,2006.0,99.0,39,14,0.0,14.0,101,49,52,77,7,0,43,0,1415603,63.23,186655.0,495.0,495.0,394.0
BIHAR,vaishali,2007.0,120.0,35,23,0.0,23.0,131,74,57,68,46,0,36,0,1415603,63.23,186655.0,613.0,613.0,482.0
BIHAR,vaishali,2008.0,106.0,29,36,0.0,36.0,218,114,104,64,34,0,30,0,1415603,63.23,186655.0,771.0,771.0,553.0
BIHAR,vaishali,2009.0,107.0,56,45,0.0,45.0,208,128,80,73,28,0,83,0,1415603,63.23,186655.0,853.0,853.0,645.0
BIHAR,vaishali,2010.0,128.0,45,30,0.0,30.0,197,145,52,74,15,0,57,0,1415603,63.23,186655.0,773.0,773.0,576.0
BIHAR,vaishali,2011.0,110.0,77,18,0.0,18.0,233,147,86,76,26,0,59,0,1415603,63.23,186655.0,850.0,850.0,617.0
BIHAR,vaishali,2012.0,122.0,153,20,0.0,20.0,223,171,52,62,1,0,196,0,1415603,63.23,186655.0,1020.0,1020.0,797.0
BIHAR,vaishali,2015.0,,0,36,0.0,,0,229,0,62,0,0,137,0,1415603,63.23,186655.0,464.0,464.0,464.0
BIHAR,vaishali,2019.0,0.0,0,0,0.0,0.0,82,349,70,64,13,0,53,0,1415603,63.23,186655.0,631.0,631.0,549.0
BIHAR,vaishali,2020.0,0.0,0,22,0.0,0.0,44,329,0,63,16,0,56,0,1415603,63.23,186655.0,530.0,530.0,486.0
CHANDIGARH,chandigarh,2001.0,15.0,10,18,0.0,18.0,56,50,6,3,24,15,36,0,506938,86.14,808515.0,251.0,251.0,180.0
CHANDIGARH,chandigarh,2002.0,31.0,35,18,0.0,18.0,54,47,7,1,36,28,56,0,506938,86.14,808515.0,331.0,331.0,249.0
CHANDIGARH,chandigarh,2003.0,21.0,15,18,0.0,18.0,32,28,4,1,11,4,93,0,506938,86.14,808515.0,245.0,245.0,209.0
CHANDIGARH,chandigarh,2004.0,22.0,19,19,0.0,19.0,54,43,11,6,20,18,73,0,506938,86.14,808515.0,304.0,304.0,232.0
CHANDIGARH,chandigarh,2005.0,18.0,15,33,0.0,33.0,54,45,9,3,31,9,75,0,506938,86.14,808515.0,325.0,325.0,262.0
CHANDIGARH,chandigarh,2006.0,12.0,21,19,0.0,19.0,65,57,8,10,20,13,102,0,506938,86.14,808515.0,346.0,346.0,268.0
CHANDIGARH,chandigarh,2007.0,19.0,26,22,0.0,22.0,52,46,6,1,32,11,112,0,506938,86.14,808515.0,349.0,349.0,286.0
CHANDIGARH,chandigarh,2008.0,17.0,28,20,0.0,20.0,50,42,8,3,19,2,49,0,506938,86.14,808515.0,258.0,258.0,206.0
CHANDIGARH,chandigarh,2009.0,22.0,18,29,0.0,29.0,40,36,4,2,26,2,51,0,506938,86.14,808515.0,259.0,259.0,217.0
CHANDIGARH,chandigarh,2010.0,21.0,30,31,0.0,31.0,38,28,10,5,29,4,41,0,506938,86.14,808515.0,268.0,268.0,226.0
CHANDIGARH,chandigarh,2011.0,24.0,40,27,0.0,27.0,58,46,12,2,21,12,46,0,506938,86.14,808515.0,315.0,315.0,245.0
CHANDIGARH,chandigarh,2012.0,21.0,44,27,0.0,27.0,87,66,21,5,45,25,73,0,506938,86.14,808515.0,441.0,441.0,329.0
CHANDIGARH,chandigarh,2015.0,,6,72,0.0,,97,165,12,5,76,10,126,0,506938,86.14,808515.0,569.0,569.0,462.0
CHANDIGARH,chandigarh,2019.0,0.0,2,112,0.0,0.0,89,129,8,6,66,15,177,0,506938,86.14,808515.0,604.0,604.0,500.0
CHHATTISGARH,balrampur,2020.0,2.0,0,96,0.0,0.0,51,51,0,3,56,0,15,0,887939,45.84,135580.0,274.0,274.0,223.0
CHHATTISGARH,bilaspur,2020.0,0.0,0,88,0.0,0.0,0,193,0,12,117,28,72,0,171263,86.04,21951.0,510.0,510.0,482.0
CHHATTISGARH,dhamtari,2020.0,0.0,0,28,0.0,0.0,29,35,0,2,39,10,12,0,352524,86.51,93584.0,155.0,155.0,116.0
CHHATTISGARH,durg,2020.0,0.0,0,63,0.0,0.0,139,141,0,2,133,24,99,0,1417893,86.43,1072309.0,601.0,601.0,438.0
CHHATTISGARH,jashpur,2020.0,0.0,0,54,0.0,0.0,45,57,4,0,30,11,15,0,371697,75.16,34195.0,216.0,216.0,160.0
CHHATTISGARH,kanker,2020.0,0.0,0,42,0.0,0.0,30,30,0,2,30,6,10,0,324636,82.72,31385.0,150.0,150.0,114.0
CHHATTISGARH,korba,2020.0,0.0,0,47,0.0,0.0,44,44,0,5,87,13,19,0,515147,75.86,366963.0,259.0,259.0,202.0
CHHATTISGARH,koriya,2020.0,2.0,0,70,0.0,0.0,50,55,0,2,57,5,28,0,301251,75.68,174791.0,269.0,269.0,214.0
CHHATTISGARH,mahasamund,2020.0,0.0,0,47,0.0,0.0,45,45,0,3,31,8,8,0,426201,81.08,97680.0,187.0,187.0,134.0
CHHATTISGARH,raigarh,2020.0,1.0,0,161,0.0,0.0,0,0,0,6,112,22,54,0,1117628,86.15,534835.0,356.0,356.0,334.0
CHHATTISGARH,raipur,2020.0,0.0,0,103,0.0,0.0,208,208,0,7,116,37,70,0,1523925,81.97,917618.0,749.0,749.0,504.0
CHHATTISGARH,rajnandgaon,2020.0,0.0,0,41,0.0,0.0,0,3,0,7,113,15,36,0,634342,87.17,231647.0,215.0,215.0,200.0
CHHATTISGARH,balrampur,2001.0,13.0,2,17,0.0,17.0,1,1,0,1,18,0,7,0,887939,45.84,135580.0,77.0,77.0,76.0
CHHATTISGARH,balrampur,2002.0,30.0,21,30,0.0,30.0,3,2,1,2,33,3,19,0,887939,45.84,135580.0,174.0,174.0,168.0
CHHATTISGARH,balrampur,2003.0,22.0,19,24,0.0,24.0,4,0,4,3,29,3,15,0,887939,45.84,135580.0,147.0,147.0,140.0
CHHATTISGARH,balrampur,2004.0,33.0,20,27,0.0,27.0,6,6,0,0,32,23,14,0,887939,45.84,135580.0,188.0,188.0,159.0
CHHATTISGARH,balrampur,2005.0,29.0,16,36,0.0,36.0,5,1,4,0,20,5,13,0,887939,45.84,135580.0,165.0,165.0,155.0
CHHATTISGARH,balrampur,2006.0,38.0,23,45,0.0,45.0,1,1,0,0,40,0,9,0,887939,45.84,135580.0,202.0,202.0,201.0
CHHATTISGARH,balrampur,2007.0,34.0,14,46,0.0,46.0,2,1,1,1,45,0,22,0,887939,45.84,135580.0,212.0,212.0,210.0
CHHATTISGARH,balrampur,2008.0,49.0,12,41,0.0,41.0,7,5,2,3,43,0,24,0,887939,45.84,135580.0,227.0,227.0,220.0
CHHATTISGARH,balrampur,2009.0,41.0,18,43,0.0,43.0,10,10,0,2,40,26,0,0,887939,45.84,135580.0,233.0,233.0,197.0
CHHATTISGARH,balrampur,2010.0,30.0,20,61,0.0,61.0,12,0,12,1,71,29,0,0,887939,45.84,135580.0,297.0,297.0,256.0
CHHATTISGARH,balrampur,2011.0,39.0,27,55,0.0,55.0,2,0,2,3,52,0,23,0,887939,45.84,135580.0,258.0,258.0,256.0
CHHATTISGARH,balrampur,2012.0,39.0,18,64,0.0,64.0,5,0,5,0,52,2,30,0,887939,45.84,135580.0,279.0,279.0,272.0
CHHATTISGARH,balrampur,2015.0,,0,98,0.0,,0,14,14,3,65,1,24,0,887939,45.84,135580.0,219.0,219.0,218.0
CHHATTISGARH,balrampur,2019.0,0.0,0,51,0.0,0.0,27,27,0,1,35,2,12,0,887939,45.84,135580.0,155.0,155.0,126.0
CHHATTISGARH,bilaspur,2001.0,99.0,42,69,0.0,69.0,20,20,0,7,180,10,94,0,171263,86.04,21951.0,610.0,610.0,580.0
CHHATTISGARH,bilaspur,2002.0,56.0,43,72,0.0,72.0,15,15,0,13,160,10,86,0,171263,86.04,21951.0,542.0,542.0,517.0
CHHATTISGARH,bilaspur,2003.0,95.0,55,49,0.0,49.0,12,12,0,18,165,3,87,0,171263,86.04,21951.0,545.0,545.0,530.0
CHHATTISGARH,bilaspur,2004.0,83.0,53,61,0.0,61.0,21,21,0,9,179,8,102,0,171263,86.04,21951.0,598.0,598.0,569.0
CHHATTISGARH,bilaspur,2005.0,94.0,54,77,0.0,77.0,36,36,0,18,154,19,117,0,171263,86.04,21951.0,682.0,682.0,627.0
CHHATTISGARH,bilaspur,2006.0,95.0,62,68,0.0,68.0,27,27,0,23,192,13,120,0,171263,86.04,21951.0,695.0,695.0,655.0
CHHATTISGARH,bilaspur,2007.0,93.0,43,61,0.0,61.0,22,22,0,26,179,8,129,0,171263,86.04,21951.0,644.0,644.0,614.0
CHHATTISGARH,bilaspur,2008.0,112.0,48,71,0.0,71.0,33,25,8,19,171,4,136,0,171263,86.04,21951.0,698.0,698.0,661.0
CHHATTISGARH,bilaspur,2009.0,96.0,52,59,0.0,59.0,45,32,13,30,175,17,131,0,171263,86.04,21951.0,709.0,709.0,647.0
CHHATTISGARH,bilaspur,2010.0,106.0,49,69,0.0,69.0,38,26,12,20,167,18,130,0,171263,86.04,21951.0,704.0,704.0,648.0
CHHATTISGARH,bilaspur,2011.0,112.0,43,70,0.0,70.0,24,16,8,17,146,4,72,0,171263,86.04,21951.0,582.0,582.0,554.0
CHHATTISGARH,bilaspur,2012.0,74.0,42,47,0.0,47.0,33,28,5,10,169,11,95,0,171263,86.04,21951.0,561.0,561.0,517.0
CHHATTISGARH,bilaspur,2015.0,,0,93,0.0,,128,144,0,6,204,1,47,0,171263,86.04,21951.0,623.0,623.0,494.0
CHHATTISGARH,bilaspur,2019.0,0.0,0,110,0.0,0.0,0,321,0,8,134,22,89,0,171263,86.04,21951.0,684.0,684.0,662.0
CHHATTISGARH,dhamtari,2001.0,14.0,6,22,0.0,22.0,4,4,0,1,41,5,6,0,352524,86.51,93584.0,125.0,125.0,116.0
CHHATTISGARH,dhamtari,2002.0,16.0,12,26,0.0,26.0,4,0,4,1,40,9,9,0,352524,86.51,93584.0,147.0,147.0,134.0
CHHATTISGARH,dhamtari,2003.0,14.0,7,32,0.0,32.0,8,7,1,3,71,8,8,0,352524,86.51,93584.0,191.0,191.0,175.0
CHHATTISGARH,dhamtari,2004.0,18.0,8,37,0.0,37.0,5,1,4,0,64,8,16,0,352524,86.51,93584.0,198.0,198.0,185.0
CHHATTISGARH,dhamtari,2005.0,11.0,7,26,0.0,26.0,9,9,0,2,80,11,15,0,352524,86.51,93584.0,196.0,196.0,176.0
CHHATTISGARH,dhamtari,2006.0,21.0,11,27,0.0,27.0,4,4,0,0,62,10,16,0,352524,86.51,93584.0,182.0,182.0,168.0
CHHATTISGARH,dhamtari,2007.0,14.0,10,26,0.0,26.0,8,6,2,1,63,7,15,0,352524,86.51,93584.0,178.0,178.0,163.0
CHHATTISGARH,dhamtari,2008.0,23.0,16,26,0.0,26.0,4,4,0,3,47,4,19,0,352524,86.51,93584.0,172.0,172.0,164.0
CHHATTISGARH,dhamtari,2009.0,15.0,16,24,0.0,24.0,7,7,0,1,64,3,15,0,352524,86.51,93584.0,176.0,176.0,166.0
CHHATTISGARH,dhamtari,2010.0,18.0,5,40,0.0,40.0,10,5,5,2,55,6,18,0,352524,86.51,93584.0,204.0,204.0,188.0
CHHATTISGARH,dhamtari,2011.0,13.0,7,27,0.0,27.0,18,18,0,4,44,3,16,0,352524,86.51,93584.0,177.0,177.0,156.0
CHHATTISGARH,dhamtari,2012.0,17.0,7,21,0.0,21.0,2,2,0,1,36,11,15,0,352524,86.51,93584.0,133.0,133.0,120.0
CHHATTISGARH,dhamtari,2015.0,,0,35,0.0,,12,13,0,0,39,2,6,0,352524,86.51,93584.0,107.0,107.0,93.0
CHHATTISGARH,dhamtari,2019.0,0.0,0,20,0.0,0.0,29,31,0,4,40,6,13,0,352524,86.51,93584.0,143.0,143.0,108.0
CHHATTISGARH,durg,2001.0,76.0,66,144,0.0,144.0,57,42,15,12,287,38,231,0,1417893,86.43,1072309.0,1112.0,1112.0,1017.0
CHHATTISGARH,durg,2002.0,72.0,65,132,0.0,132.0,29,23,6,11,230,33,116,0,1417893,86.43,1072309.0,849.0,849.0,787.0
CHHATTISGARH,durg,2003.0,58.0,50,117,0.0,117.0,21,17,4,13,229,31,118,0,1417893,86.43,1072309.0,775.0,775.0,723.0
CHHATTISGARH,durg,2004.0,55.0,58,124,0.0,124.0,41,30,11,10,253,23,114,0,1417893,86.43,1072309.0,843.0,843.0,779.0
CHHATTISGARH,durg,2005.0,90.0,65,128,0.0,128.0,28,19,9,14,216,23,107,0,1417893,86.43,1072309.0,827.0,827.0,776.0
CHHATTISGARH,durg,2006.0,71.0,54,108,0.0,108.0,33,18,15,19,241,27,102,0,1417893,86.43,1072309.0,796.0,796.0,736.0
CHHATTISGARH,durg,2007.0,76.0,47,119,0.0,119.0,35,22,13,14,200,13,101,0,1417893,86.43,1072309.0,759.0,759.0,711.0
CHHATTISGARH,durg,2008.0,83.0,39,109,0.0,109.0,18,12,6,11,218,17,118,0,1417893,86.43,1072309.0,740.0,740.0,705.0
CHHATTISGARH,durg,2009.0,87.0,45,109,0.0,109.0,19,17,2,8,223,20,124,0,1417893,86.43,1072309.0,763.0,763.0,724.0
CHHATTISGARH,durg,2010.0,85.0,58,106,0.0,106.0,39,35,4,14,269,36,118,0,1417893,86.43,1072309.0,870.0,870.0,795.0
CHHATTISGARH,durg,2011.0,93.0,91,115,0.0,115.0,115,86,29,13,291,43,131,1,1417893,86.43,1072309.0,1123.0,1123.0,965.0
CHHATTISGARH,durg,2012.0,52.0,44,91,0.0,91.0,55,47,8,9,178,25,111,0,1417893,86.43,1072309.0,711.0,711.0,631.0
CHHATTISGARH,durg,2015.0,,7,112,0.0,,109,125,0,1,226,8,84,0,1417893,86.43,1072309.0,672.0,672.0,555.0
CHHATTISGARH,durg,2019.0,0.0,1,68,0.0,0.0,184,207,17,4,144,13,115,0,1417893,86.43,1072309.0,753.0,753.0,556.0
CHHATTISGARH,jashpur,2001.0,37.0,16,36,0.0,36.0,2,2,0,2,41,1,4,0,371697,75.16,34195.0,177.0,177.0,174.0
CHHATTISGARH,jashpur,2002.0,54.0,14,35,0.0,35.0,0,0,0,2,16,2,4,0,371697,75.16,34195.0,162.0,162.0,160.0
CHHATTISGARH,jashpur,2003.0,40.0,11,33,0.0,33.0,3,3,0,0,39,1,3,0,371697,75.16,34195.0,166.0,166.0,162.0
CHHATTISGARH,jashpur,2004.0,46.0,14,56,0.0,56.0,4,4,0,1,60,4,10,0,371697,75.16,34195.0,255.0,255.0,247.0
CHHATTISGARH,jashpur,2005.0,63.0,20,68,0.0,68.0,19,18,1,3,45,10,6,0,371697,75.16,34195.0,321.0,321.0,292.0
CHHATTISGARH,jashpur,2006.0,47.0,10,62,0.0,62.0,8,7,1,1,46,3,11,0,371697,75.16,34195.0,258.0,258.0,247.0
CHHATTISGARH,jashpur,2007.0,57.0,16,61,0.0,61.0,22,18,4,1,43,4,11,0,371697,75.16,34195.0,298.0,298.0,272.0
CHHATTISGARH,jashpur,2008.0,65.0,16,71,0.0,71.0,46,41,5,0,56,3,19,0,371697,75.16,34195.0,393.0,393.0,344.0
CHHATTISGARH,jashpur,2009.0,53.0,23,64,0.0,64.0,26,24,2,3,57,2,25,0,371697,75.16,34195.0,343.0,343.0,315.0
CHHATTISGARH,jashpur,2010.0,62.0,15,69,0.0,69.0,24,21,3,0,53,4,26,0,371697,75.16,34195.0,346.0,346.0,318.0
CHHATTISGARH,jashpur,2011.0,78.0,14,78,0.0,78.0,49,33,16,1,69,2,36,0,371697,75.16,34195.0,454.0,454.0,403.0
CHHATTISGARH,jashpur,2012.0,54.0,27,80,0.0,80.0,60,19,41,2,29,0,31,0,371697,75.16,34195.0,423.0,423.0,363.0
CHHATTISGARH,jashpur,2015.0,,0,98,0.0,,40,57,6,0,44,0,3,0,371697,75.16,34195.0,248.0,248.0,208.0
CHHATTISGARH,jashpur,2019.0,0.0,0,55,0.0,0.0,41,43,0,0,28,7,4,0,371697,75.16,34195.0,178.0,178.0,130.0
CHHATTISGARH,kanker,2001.0,31.0,17,42,0.0,42.0,4,4,0,1,36,3,10,0,324636,82.72,31385.0,190.0,190.0,183.0
CHHATTISGARH,kanker,2002.0,35.0,6,37,0.0,37.0,6,6,0,1,33,4,22,0,324636,82.72,31385.0,187.0,187.0,177.0
CHHATTISGARH,kanker,2003.0,34.0,35,29,0.0,29.0,5,4,1,0,30,0,7,0,324636,82.72,31385.0,174.0,174.0,169.0
CHHATTISGARH,kanker,2004.0,48.0,45,22,0.0,22.0,12,10,2,0,43,2,10,0,324636,82.72,31385.0,216.0,216.0,202.0
CHHATTISGARH,kanker,2005.0,40.0,28,32,0.0,32.0,11,9,2,0,26,0,9,0,324636,82.72,31385.0,189.0,189.0,178.0
CHHATTISGARH,kanker,2006.0,36.0,40,23,0.0,23.0,9,6,3,2,20,5,13,0,324636,82.72,31385.0,180.0,180.0,166.0
CHHATTISGARH,kanker,2007.0,38.0,27,22,0.0,22.0,6,6,0,1,24,1,16,0,324636,82.72,31385.0,163.0,163.0,156.0
CHHATTISGARH,kanker,2008.0,54.0,53,15,0.0,15.0,10,7,3,4,26,3,13,0,324636,82.72,31385.0,203.0,203.0,190.0
CHHATTISGARH,kanker,2009.0,46.0,26,22,0.0,22.0,11,4,7,2,28,2,16,0,324636,82.72,31385.0,186.0,186.0,173.0
CHHATTISGARH,kanker,2010.0,42.0,51,18,0.0,18.0,11,5,6,2,27,2,8,0,324636,82.72,31385.0,190.0,190.0,177.0
CHHATTISGARH,kanker,2011.0,51.0,26,29,0.0,29.0,8,4,4,4,14,2,10,0,324636,82.72,31385.0,181.0,181.0,171.0
CHHATTISGARH,kanker,2012.0,32.0,21,23,0.0,23.0,9,6,3,2,18,1,19,0,324636,82.72,31385.0,157.0,157.0,147.0
CHHATTISGARH,kanker,2015.0,,0,56,0.0,,31,31,0,2,36,3,24,0,324636,82.72,31385.0,183.0,183.0,149.0
CHHATTISGARH,kanker,2019.0,0.0,1,22,0.0,0.0,0,0,0,1,28,6,5,0,324636,82.72,31385.0,63.0,63.0,57.0
CHHATTISGARH,kawardha,2001.0,19.0,12,35,0.0,35.0,1,0,1,1,45,4,15,0,291963,71.0,44892.0,168.0,168.0,163.0
CHHATTISGARH,korba,2001.0,33.0,13,46,0.0,46.0,13,13,0,1,90,7,31,0,515147,75.86,366963.0,293.0,293.0,273.0
CHHATTISGARH,korba,2002.0,40.0,10,38,0.0,38.0,4,3,1,9,82,10,33,0,515147,75.86,366963.0,268.0,268.0,254.0
CHHATTISGARH,korba,2003.0,32.0,17,37,0.0,37.0,7,6,1,4,97,14,40,0,515147,75.86,366963.0,292.0,292.0,271.0
CHHATTISGARH,korba,2004.0,46.0,15,34,0.0,34.0,6,6,0,5,49,7,32,0,515147,75.86,366963.0,234.0,234.0,221.0
CHHATTISGARH,korba,2005.0,35.0,12,27,0.0,27.0,3,2,1,7,48,4,29,0,515147,75.86,366963.0,195.0,195.0,188.0
CHHATTISGARH,korba,2006.0,43.0,17,40,0.0,40.0,5,4,1,5,86,6,27,0,515147,75.86,366963.0,274.0,274.0,263.0
CHHATTISGARH,korba,2007.0,47.0,11,31,0.0,31.0,5,4,1,1,69,4,43,0,515147,75.86,366963.0,247.0,247.0,238.0
CHHATTISGARH,korba,2008.0,38.0,12,31,0.0,31.0,12,9,3,5,68,10,42,0,515147,75.86,366963.0,261.0,261.0,239.0
CHHATTISGARH,korba,2009.0,58.0,12,35,0.0,35.0,6,4,2,9,82,8,52,0,515147,75.86,366963.0,303.0,303.0,289.0
CHHATTISGARH,korba,2010.0,41.0,12,32,0.0,32.0,7,6,1,10,80,4,40,0,515147,75.86,366963.0,265.0,265.0,254.0
CHHATTISGARH,korba,2011.0,34.0,13,39,0.0,39.0,5,2,3,5,86,12,48,0,515147,75.86,366963.0,286.0,286.0,269.0
CHHATTISGARH,korba,2012.0,44.0,9,43,0.0,43.0,16,15,1,4,59,7,42,0,515147,75.86,366963.0,283.0,283.0,260.0
CHHATTISGARH,korba,2015.0,,1,67,0.0,,37,51,4,7,64,3,36,0,515147,75.86,366963.0,270.0,270.0,230.0
CHHATTISGARH,korba,2019.0,0.0,0,34,0.0,0.0,64,67,1,4,54,11,35,0,515147,75.86,366963.0,270.0,270.0,195.0
CHHATTISGARH,koriya,2001.0,35.0,25,34,0.0,34.0,7,7,0,3,102,2,31,0,301251,75.68,174791.0,280.0,280.0,271.0
CHHATTISGARH,koriya,2002.0,21.0,15,58,0.0,58.0,7,6,1,1,72,0,21,0,301251,75.68,174791.0,260.0,260.0,253.0
CHHATTISGARH,koriya,2003.0,41.0,12,40,0.0,40.0,4,4,0,0,66,1,24,0,301251,75.68,174791.0,232.0,232.0,227.0
CHHATTISGARH,koriya,2004.0,33.0,18,50,0.0,50.0,4,4,0,2,109,1,36,0,301251,75.68,174791.0,307.0,307.0,302.0
CHHATTISGARH,koriya,2005.0,34.0,20,51,0.0,51.0,5,5,0,3,64,1,43,0,301251,75.68,174791.0,277.0,277.0,271.0
CHHATTISGARH,koriya,2006.0,35.0,27,51,0.0,51.0,7,5,2,0,64,2,27,0,301251,75.68,174791.0,271.0,271.0,262.0
CHHATTISGARH,koriya,2007.0,42.0,30,66,0.0,66.0,8,8,0,0,77,0,29,0,301251,75.68,174791.0,326.0,326.0,318.0
CHHATTISGARH,koriya,2008.0,48.0,22,54,0.0,54.0,5,5,0,2,93,6,34,0,301251,75.68,174791.0,323.0,323.0,312.0
CHHATTISGARH,koriya,2009.0,29.0,15,70,0.0,70.0,8,8,0,4,83,11,58,0,301251,75.68,174791.0,356.0,356.0,337.0
CHHATTISGARH,koriya,2010.0,32.0,13,58,0.0,58.0,21,21,0,3,98,9,48,0,301251,75.68,174791.0,361.0,361.0,331.0
CHHATTISGARH,koriya,2011.0,45.0,20,72,0.0,72.0,16,11,5,3,95,1,55,1,301251,75.68,174791.0,396.0,396.0,379.0
CHHATTISGARH,koriya,2012.0,38.0,17,42,0.0,42.0,13,12,1,5,86,2,65,0,301251,75.68,174791.0,323.0,323.0,308.0
CHHATTISGARH,koriya,2015.0,,0,68,0.0,,41,41,0,1,75,2,34,0,301251,75.68,174791.0,262.0,262.0,219.0
CHHATTISGARH,koriya,2019.0,0.0,0,30,0.0,0.0,31,33,2,2,36,1,28,0,301251,75.68,174791.0,163.0,163.0,131.0
CHHATTISGARH,mahasamund,2001.0,18.0,20,43,0.0,43.0,7,7,0,6,69,6,21,0,426201,81.08,97680.0,240.0,240.0,227.0
CHHATTISGARH,mahasamund,2002.0,15.0,16,33,0.0,33.0,5,5,0,0,56,3,14,0,426201,81.08,97680.0,180.0,180.0,172.0
CHHATTISGARH,mahasamund,2003.0,21.0,11,30,0.0,30.0,3,3,0,2,39,2,24,0,426201,81.08,97680.0,165.0,165.0,160.0
CHHATTISGARH,mahasamund,2004.0,22.0,11,35,0.0,35.0,3,3,0,6,54,1,26,0,426201,81.08,97680.0,196.0,196.0,192.0
CHHATTISGARH,mahasamund,2005.0,19.0,9,25,0.0,25.0,7,5,2,3,81,6,23,0,426201,81.08,97680.0,205.0,205.0,192.0
CHHATTISGARH,mahasamund,2006.0,21.0,16,32,0.0,32.0,3,2,1,2,64,3,20,0,426201,81.08,97680.0,196.0,196.0,190.0
CHHATTISGARH,mahasamund,2007.0,16.0,9,25,0.0,25.0,4,3,1,2,56,3,16,0,426201,81.08,97680.0,160.0,160.0,153.0
CHHATTISGARH,mahasamund,2008.0,19.0,13,24,0.0,24.0,8,7,1,6,57,4,27,0,426201,81.08,97680.0,190.0,190.0,178.0
CHHATTISGARH,mahasamund,2009.0,15.0,13,28,0.0,28.0,6,4,2,8,60,4,17,0,426201,81.08,97680.0,185.0,185.0,175.0
CHHATTISGARH,mahasamund,2010.0,34.0,15,26,0.0,26.0,7,6,1,7,65,5,13,0,426201,81.08,97680.0,205.0,205.0,193.0
CHHATTISGARH,mahasamund,2011.0,22.0,14,30,0.0,30.0,37,35,2,2,65,11,31,0,426201,81.08,97680.0,279.0,279.0,231.0
CHHATTISGARH,mahasamund,2012.0,33.0,9,28,0.0,28.0,38,37,1,4,63,4,33,0,426201,81.08,97680.0,278.0,278.0,236.0
CHHATTISGARH,mahasamund,2015.0,,1,43,0.0,,38,48,3,2,76,5,15,0,426201,81.08,97680.0,231.0,231.0,188.0
CHHATTISGARH,mahasamund,2019.0,0.0,0,24,0.0,0.0,63,63,0,1,47,6,16,0,426201,81.08,97680.0,220.0,220.0,151.0
CHHATTISGARH,raigarh,2001.0,50.0,24,53,0.0,53.0,6,6,0,2,104,5,22,0,1117628,86.15,534835.0,325.0,325.0,314.0
CHHATTISGARH,raigarh,2002.0,56.0,24,39,0.0,39.0,5,5,0,4,103,15,30,0,1117628,86.15,534835.0,320.0,320.0,300.0
CHHATTISGARH,raigarh,2003.0,46.0,27,36,0.0,36.0,15,15,0,2,94,6,32,0,1117628,86.15,534835.0,309.0,309.0,288.0
CHHATTISGARH,raigarh,2004.0,55.0,25,45,0.0,45.0,17,13,4,7,78,5,30,0,1117628,86.15,534835.0,324.0,324.0,302.0
CHHATTISGARH,raigarh,2005.0,62.0,29,35,0.0,35.0,11,11,0,9,64,2,32,0,1117628,86.15,534835.0,290.0,290.0,277.0
CHHATTISGARH,raigarh,2006.0,54.0,21,38,0.0,38.0,7,7,0,4,92,9,22,0,1117628,86.15,534835.0,292.0,292.0,276.0
CHHATTISGARH,raigarh,2007.0,62.0,30,55,0.0,55.0,7,7,0,7,86,12,33,0,1117628,86.15,534835.0,354.0,354.0,335.0
CHHATTISGARH,raigarh,2008.0,89.0,24,30,0.0,30.0,10,7,3,7,74,8,45,0,1117628,86.15,534835.0,327.0,327.0,309.0
CHHATTISGARH,raigarh,2009.0,82.0,24,43,0.0,43.0,18,18,0,9,73,4,36,0,1117628,86.15,534835.0,350.0,350.0,328.0
CHHATTISGARH,raigarh,2010.0,67.0,37,52,0.0,52.0,19,19,0,10,89,7,45,0,1117628,86.15,534835.0,397.0,397.0,371.0
CHHATTISGARH,raigarh,2011.0,87.0,51,62,0.0,62.0,15,10,5,11,84,6,32,0,1117628,86.15,534835.0,425.0,425.0,404.0
CHHATTISGARH,raigarh,2012.0,61.0,41,69,0.0,69.0,15,14,1,6,81,8,55,0,1117628,86.15,534835.0,420.0,420.0,397.0
CHHATTISGARH,raigarh,2015.0,,0,122,0.0,,0,75,75,16,98,6,48,0,1117628,86.15,534835.0,440.0,440.0,434.0
CHHATTISGARH,raigarh,2019.0,0.0,0,124,0.0,0.0,106,112,0,7,94,19,36,0,1117628,86.15,534835.0,498.0,498.0,373.0
CHHATTISGARH,raipur,2001.0,92.0,102,104,0.0,104.0,38,28,10,16,253,42,121,0,1523925,81.97,917618.0,910.0,910.0,830.0
CHHATTISGARH,raipur,2002.0,86.0,63,159,0.0,159.0,40,35,5,20,184,34,106,0,1523925,81.97,917618.0,891.0,891.0,817.0
CHHATTISGARH,raipur,2003.0,77.0,53,126,0.0,126.0,41,33,8,15,185,15,116,0,1523925,81.97,917618.0,795.0,795.0,739.0
CHHATTISGARH,raipur,2004.0,84.0,59,143,0.0,143.0,31,27,4,10,253,19,134,0,1523925,81.97,917618.0,907.0,907.0,857.0
CHHATTISGARH,raipur,2005.0,92.0,59,125,0.0,125.0,46,41,5,16,235,29,94,0,1523925,81.97,917618.0,867.0,867.0,792.0
CHHATTISGARH,raipur,2006.0,106.0,66,130,0.0,130.0,54,42,12,25,228,34,98,0,1523925,81.97,917618.0,925.0,925.0,837.0
CHHATTISGARH,raipur,2007.0,110.0,77,120,0.0,120.0,53,39,14,15,253,28,131,0,1523925,81.97,917618.0,960.0,960.0,879.0
CHHATTISGARH,raipur,2008.0,112.0,91,128,0.0,128.0,46,36,10,11,247,34,124,0,1523925,81.97,917618.0,967.0,967.0,887.0
CHHATTISGARH,raipur,2009.0,101.0,94,145,0.0,145.0,42,35,7,26,260,32,120,0,1523925,81.97,917618.0,1007.0,1007.0,933.0
CHHATTISGARH,raipur,2010.0,102.0,86,136,0.0,136.0,49,39,10,7,268,33,125,2,1523925,81.97,917618.0,993.0,993.0,911.0
CHHATTISGARH,raipur,2011.0,95.0,84,133,0.0,133.0,55,35,20,11,232,53,100,0,1523925,81.97,917618.0,951.0,951.0,843.0
CHHATTISGARH,raipur,2012.0,56.0,46,111,0.0,111.0,22,14,8,8,148,38,109,0,1523925,81.97,917618.0,671.0,671.0,611.0
CHHATTISGARH,raipur,2015.0,,3,198,0.0,,187,205,0,8,205,7,70,0,1523925,81.97,917618.0,883.0,883.0,689.0
CHHATTISGARH,raipur,2019.0,1.0,0,116,0.0,0.0,306,317,1,6,126,56,93,0,1523925,81.97,917618.0,1022.0,1022.0,660.0
CHHATTISGARH,rajnandgaon,2001.0,36.0,27,58,0.0,58.0,4,3,1,3,92,12,51,0,634342,87.17,231647.0,345.0,345.0,329.0
CHHATTISGARH,rajnandgaon,2002.0,51.0,17,62,0.0,62.0,8,7,1,6,86,7,41,0,634342,87.17,231647.0,348.0,348.0,333.0
CHHATTISGARH,rajnandgaon,2003.0,36.0,26,60,0.0,60.0,8,6,2,13,67,2,28,0,634342,87.17,231647.0,308.0,308.0,298.0
CHHATTISGARH,rajnandgaon,2004.0,45.0,20,61,0.0,61.0,4,2,2,5,74,8,40,0,634342,87.17,231647.0,322.0,322.0,310.0
CHHATTISGARH,rajnandgaon,2005.0,40.0,26,81,0.0,81.0,8,6,2,5,69,6,25,0,634342,87.17,231647.0,349.0,349.0,335.0
CHHATTISGARH,rajnandgaon,2006.0,50.0,31,69,0.0,69.0,10,9,1,5,83,7,40,1,634342,87.17,231647.0,375.0,375.0,358.0
CHHATTISGARH,rajnandgaon,2007.0,44.0,25,54,0.0,54.0,16,11,5,8,78,6,59,0,634342,87.17,231647.0,360.0,360.0,338.0
CHHATTISGARH,rajnandgaon,2008.0,47.0,33,60,0.0,60.0,12,12,0,7,72,5,57,0,634342,87.17,231647.0,365.0,365.0,348.0
CHHATTISGARH,rajnandgaon,2009.0,55.0,31,47,0.0,47.0,13,12,1,8,78,5,59,0,634342,87.17,231647.0,356.0,356.0,338.0
CHHATTISGARH,rajnandgaon,2010.0,47.0,39,43,0.0,43.0,18,15,3,9,72,5,41,0,634342,87.17,231647.0,335.0,335.0,312.0
CHHATTISGARH,rajnandgaon,2011.0,43.0,34,38,0.0,38.0,22,21,1,4,70,3,23,0,634342,87.17,231647.0,297.0,297.0,272.0
CHHATTISGARH,rajnandgaon,2012.0,45.0,29,31,0.0,31.0,9,7,2,3,52,7,17,0,634342,87.17,231647.0,233.0,233.0,217.0
CHHATTISGARH,rajnandgaon,2015.0,,0,49,0.0,,41,73,0,4,87,1,28,0,634342,87.17,231647.0,283.0,283.0,241.0
CHHATTISGARH,rajnandgaon,2019.0,0.0,0,30,0.0,0.0,130,159,2,4,60,20,35,0,634342,87.17,231647.0,440.0,440.0,290.0
CHANDIGARH,chandigarh,2020.0,0.0,0,60,0.0,0.0,71,90,0,1,42,4,96,0,506938,86.14,808515.0,364.0,364.0,289.0
DELHI UT,central,2020.0,0.0,0,75,0.0,0.0,111,115,4,6,115,32,85,0,350831,82.73,,543.0,543.0,400.0
DELHI UT,east,2020.0,0.0,0,70,0.0,0.0,136,151,15,7,146,29,172,0,132917,81.2,52852.0,726.0,726.0,561.0
DELHI UT,new delhi,2020.0,0.0,0,12,0.0,0.0,9,12,3,0,40,5,5,0,99956,88.62,,86.0,86.0,72.0
DELHI UT,north,2020.0,0.0,0,47,0.0,0.0,109,150,41,2,74,10,132,0,23414,75.69,1248.0,565.0,565.0,446.0
DELHI UT,south,2020.0,0.0,0,74,0.0,0.0,176,183,7,11,136,13,148,0,68241,74.29,3946.0,748.0,748.0,559.0
DELHI UT,west,2020.0,1.0,0,56,0.0,0.0,189,217,27,8,101,44,250,0,63912,66.82,1824.0,893.0,893.0,660.0
DELHI UT,central,2001.0,29.0,42,28,0.0,28.0,62,42,20,4,30,7,2,0,350831,82.73,,294.0,294.0,225.0
DELHI UT,central,2002.0,23.0,38,22,0.0,22.0,71,57,14,2,41,17,6,0,350831,82.73,,313.0,313.0,225.0
DELHI UT,central,2003.0,29.0,20,20,0.0,20.0,63,40,23,4,29,10,49,0,350831,82.73,,307.0,307.0,234.0
DELHI UT,central,2004.0,16.0,17,27,0.0,27.0,57,41,16,1,44,12,44,0,350831,82.73,,302.0,302.0,233.0
DELHI UT,central,2005.0,23.0,28,20,0.0,20.0,52,32,20,4,40,26,48,1,350831,82.73,,314.0,314.0,236.0
DELHI UT,central,2006.0,22.0,32,17,0.0,17.0,73,52,21,3,21,14,75,0,350831,82.73,,347.0,347.0,260.0
DELHI UT,central,2007.0,27.0,29,22,0.0,22.0,70,45,25,6,38,9,91,0,350831,82.73,,384.0,384.0,305.0
DELHI UT,central,2008.0,34.0,33,30,0.0,30.0,84,61,23,6,38,12,81,0,350831,82.73,,432.0,432.0,336.0
DELHI UT,central,2009.0,28.0,25,28,0.0,28.0,93,49,44,6,34,5,62,0,350831,82.73,,402.0,402.0,304.0
DELHI UT,central,2010.0,25.0,11,20,0.0,20.0,126,62,64,2,25,3,62,0,350831,82.73,,420.0,420.0,291.0
DELHI UT,central,2011.0,25.0,15,16,0.0,16.0,154,89,65,3,32,4,29,0,350831,82.73,,448.0,448.0,290.0
DELHI UT,central,2012.0,35.0,25,31,0.0,31.0,180,95,85,4,47,12,57,0,350831,82.73,,602.0,602.0,410.0
DELHI UT,central,2015.0,,0,85,0.0,,173,188,15,4,256,71,110,0,350831,82.73,,902.0,902.0,658.0
DELHI UT,central,2019.0,0.0,1,95,0.0,0.0,130,139,8,4,166,38,71,0,350831,82.73,,652.0,652.0,484.0
DELHI UT,east,2001.0,56.0,51,24,0.0,24.0,163,39,124,11,56,11,27,0,132917,81.2,52852.0,586.0,586.0,412.0
DELHI UT,east,2002.0,50.0,35,10,0.0,10.0,141,109,32,19,55,6,16,0,132917,81.2,52852.0,483.0,483.0,336.0
DELHI UT,east,2003.0,44.0,38,37,0.0,37.0,158,119,39,15,73,8,190,0,132917,81.2,52852.0,758.0,758.0,592.0
DELHI UT,east,2004.0,52.0,39,62,0.0,62.0,172,125,47,13,82,6,212,0,132917,81.2,52852.0,872.0,872.0,694.0
DELHI UT,east,2005.0,31.0,38,59,0.0,59.0,153,129,24,12,105,16,178,0,132917,81.2,52852.0,804.0,804.0,635.0
DELHI UT,east,2006.0,39.0,42,61,0.0,61.0,118,87,31,9,86,19,205,0,132917,81.2,52852.0,758.0,758.0,621.0
DELHI UT,east,2007.0,34.0,61,73,0.0,73.0,145,102,43,16,112,24,202,0,132917,81.2,52852.0,885.0,885.0,716.0
DELHI UT,east,2008.0,49.0,51,73,0.0,73.0,191,125,66,21,93,14,184,0,132917,81.2,52852.0,940.0,940.0,735.0
DELHI UT,east,2009.0,56.0,50,52,0.0,52.0,299,187,112,10,81,10,121,0,132917,81.2,52852.0,1030.0,1030.0,721.0
DELHI UT,east,2010.0,57.0,54,47,0.0,47.0,357,192,165,12,83,8,163,0,132917,81.2,52852.0,1185.0,1185.0,820.0
DELHI UT,east,2011.0,54.0,53,55,0.0,55.0,393,226,167,14,78,17,160,0,132917,81.2,52852.0,1272.0,1272.0,862.0
DELHI UT,east,2012.0,48.0,53,90,0.0,90.0,503,251,252,7,96,26,202,0,132917,81.2,52852.0,1618.0,1618.0,1089.0
DELHI UT,east,2015.0,,4,239,0.0,,354,448,94,6,588,214,414,0,132917,81.2,52852.0,2361.0,2361.0,1793.0
DELHI UT,east,2019.0,0.0,0,90,0.0,0.0,163,192,29,7,142,30,213,0,132917,81.2,52852.0,866.0,866.0,673.0
DELHI UT,new delhi,2001.0,11.0,14,9,0.0,9.0,27,19,8,0,20,6,2,0,99956,88.62,,125.0,125.0,92.0
DELHI UT,new delhi,2002.0,6.0,8,8,0.0,8.0,20,12,8,0,11,15,2,0,99956,88.62,,98.0,98.0,63.0
DELHI UT,new delhi,2003.0,7.0,5,8,0.0,8.0,24,16,8,1,20,8,13,0,99956,88.62,,118.0,118.0,86.0
DELHI UT,new delhi,2004.0,6.0,15,8,0.0,8.0,20,11,9,1,34,15,11,0,99956,88.62,,138.0,138.0,103.0
DELHI UT,new delhi,2005.0,10.0,11,6,0.0,6.0,19,15,4,2,26,24,9,0,99956,88.62,,132.0,132.0,89.0
DELHI UT,new delhi,2006.0,7.0,8,6,0.0,6.0,26,17,9,0,31,13,16,0,99956,88.62,,139.0,139.0,100.0
DELHI UT,new delhi,2007.0,4.0,7,7,0.0,7.0,12,9,3,0,23,10,14,0,99956,88.62,,96.0,96.0,74.0
DELHI UT,new delhi,2008.0,9.0,3,3,0.0,3.0,19,14,5,1,18,3,9,0,99956,88.62,,87.0,87.0,65.0
DELHI UT,new delhi,2009.0,5.0,3,6,0.0,6.0,46,17,29,1,17,7,7,0,99956,88.62,,144.0,144.0,91.0
DELHI UT,new delhi,2010.0,6.0,4,16,0.0,16.0,29,21,8,0,20,10,2,0,99956,88.62,,132.0,132.0,93.0
DELHI UT,new delhi,2011.0,6.0,4,2,0.0,2.0,33,17,16,1,17,12,5,0,99956,88.62,,115.0,115.0,70.0
DELHI UT,new delhi,2012.0,9.0,6,5,0.0,5.0,28,13,15,0,29,7,4,0,99956,88.62,,121.0,121.0,86.0
DELHI UT,new delhi,2015.0,,0,22,0.0,,22,26,3,0,48,12,6,0,99956,88.62,,139.0,139.0,105.0
DELHI UT,new delhi,2019.0,0.0,0,20,0.0,0.0,18,21,2,1,41,11,13,0,99956,88.62,,127.0,127.0,98.0
DELHI UT,north,2001.0,28.0,33,28,0.0,28.0,99,53,46,4,26,6,9,0,23414,75.69,1248.0,360.0,360.0,255.0
DELHI UT,north,2002.0,40.0,22,27,0.0,27.0,84,47,37,5,31,23,4,0,23414,75.69,1248.0,347.0,347.0,240.0
DELHI UT,north,2003.0,32.0,23,34,0.0,34.0,63,44,19,4,16,8,55,0,23414,75.69,1248.0,332.0,332.0,261.0
DELHI UT,north,2004.0,25.0,23,23,0.0,23.0,85,55,30,6,21,5,55,0,23414,75.69,1248.0,351.0,351.0,261.0
DELHI UT,north,2005.0,24.0,23,22,0.0,22.0,78,49,29,2,45,7,96,0,23414,75.69,1248.0,397.0,397.0,312.0
DELHI UT,north,2006.0,28.0,21,22,0.0,22.0,41,34,7,8,27,5,128,0,23414,75.69,1248.0,343.0,343.0,297.0
DELHI UT,north,2007.0,22.0,41,33,0.0,33.0,64,41,23,6,43,30,89,0,23414,75.69,1248.0,425.0,425.0,331.0
DELHI UT,north,2008.0,25.0,18,20,0.0,20.0,80,61,19,4,35,9,79,0,23414,75.69,1248.0,370.0,370.0,281.0
DELHI UT,north,2009.0,44.0,19,19,0.0,19.0,140,81,59,8,35,18,49,0,23414,75.69,1248.0,491.0,491.0,333.0
DELHI UT,north,2010.0,30.0,16,7,0.0,7.0,161,88,73,8,23,8,63,0,23414,75.69,1248.0,484.0,484.0,315.0
DELHI UT,north,2011.0,38.0,19,11,0.0,11.0,177,84,93,4,15,10,88,0,23414,75.69,1248.0,550.0,550.0,363.0
DELHI UT,north,2012.0,25.0,17,14,0.0,14.0,153,84,69,6,29,10,70,0,23414,75.69,1248.0,491.0,491.0,328.0
DELHI UT,north,2015.0,,3,48,0.0,,153,160,5,2,173,14,114,0,23414,75.69,1248.0,672.0,672.0,505.0
DELHI UT,north,2019.0,1.0,0,39,0.0,0.0,158,166,8,4,117,25,165,0,23414,75.69,1248.0,683.0,683.0,500.0
DELHI UT,north east,2001.0,62.0,79,36,0.0,36.0,157,123,34,20,34,1,8,0,956078,84.78,1626514.0,590.0,590.0,432.0
DELHI UT,north east,2002.0,66.0,65,39,0.0,39.0,156,111,45,13,27,3,29,0,956078,84.78,1626514.0,593.0,593.0,434.0
DELHI UT,north east,2003.0,54.0,64,53,0.0,53.0,182,133,49,20,41,5,128,0,956078,84.78,1626514.0,782.0,782.0,595.0
DELHI UT,north east,2004.0,54.0,69,67,0.0,67.0,157,120,37,18,46,6,144,0,956078,84.78,1626514.0,785.0,785.0,622.0
DELHI UT,north west,2001.0,134.0,107,103,0.0,103.0,518,298,220,25,102,18,22,0,1571689,86.67,2595506.0,1650.0,1650.0,1114.0
DELHI UT,north west,2002.0,135.0,90,120,0.0,120.0,430,259,171,26,101,16,20,0,1571689,86.67,2595506.0,1488.0,1488.0,1042.0
DELHI UT,north west,2003.0,106.0,101,128,0.0,128.0,301,191,110,27,102,14,290,0,1571689,86.67,2595506.0,1498.0,1498.0,1183.0
DELHI UT,north west,2004.0,129.0,137,124,0.0,124.0,285,203,82,29,129,23,267,0,1571689,86.67,2595506.0,1532.0,1532.0,1224.0
DELHI UT,south,2001.0,83.0,75,65,0.0,65.0,265,170,95,15,96,24,22,0,68241,74.29,3946.0,975.0,975.0,686.0
DELHI UT,south,2002.0,80.0,60,65,0.0,65.0,163,124,39,22,76,22,22,0,68241,74.29,3946.0,738.0,738.0,553.0
DELHI UT,south,2003.0,86.0,52,83,0.0,83.0,134,102,32,24,89,21,199,0,68241,74.29,3946.0,905.0,905.0,750.0
DELHI UT,south,2004.0,80.0,74,96,0.0,96.0,216,175,41,21,130,40,179,0,68241,74.29,3946.0,1148.0,1148.0,892.0
DELHI UT,south,2005.0,67.0,63,87,0.0,87.0,231,169,62,19,151,36,188,0,68241,74.29,3946.0,1160.0,1160.0,893.0
DELHI UT,south,2006.0,66.0,69,87,0.0,87.0,215,169,46,19,141,34,215,0,68241,74.29,3946.0,1148.0,1148.0,899.0
DELHI UT,south,2007.0,68.0,84,83,0.0,83.0,256,177,79,22,169,36,275,0,68241,74.29,3946.0,1332.0,1332.0,1040.0
DELHI UT,south,2008.0,37.0,18,37,0.0,37.0,70,51,19,8,52,16,76,0,68241,74.29,3946.0,421.0,421.0,335.0
DELHI UT,south,2009.0,42.0,16,42,0.0,42.0,133,97,36,10,45,23,61,0,68241,74.29,3946.0,547.0,547.0,391.0
DELHI UT,south,2010.0,35.0,21,59,0.0,59.0,240,144,96,9,66,10,79,0,68241,74.29,3946.0,818.0,818.0,568.0
DELHI UT,south,2011.0,30.0,25,65,0.0,65.0,222,143,79,11,50,29,59,0,68241,74.29,3946.0,778.0,778.0,527.0
DELHI UT,south,2012.0,39.0,19,70,0.0,70.0,245,134,111,17,59,36,68,0,68241,74.29,3946.0,868.0,868.0,587.0
DELHI UT,south,2015.0,,5,323,0.0,,314,495,180,10,1183,520,172,0,68241,74.29,3946.0,3202.0,3202.0,2368.0
DELHI UT,south,2019.0,0.0,3,95,0.0,0.0,246,277,31,7,166,27,321,0,68241,74.29,3946.0,1173.0,1173.0,900.0
DELHI UT,south west,2001.0,61.0,52,42,0.0,42.0,174,113,61,16,69,13,24,0,983615,89.86,1529587.0,667.0,667.0,480.0
DELHI UT,south west,2002.0,52.0,45,68,0.0,68.0,126,80,46,21,62,13,20,0,983615,89.86,1529587.0,601.0,601.0,462.0
DELHI UT,south west,2003.0,45.0,45,57,0.0,57.0,118,73,45,22,52,26,119,0,983615,89.86,1529587.0,659.0,659.0,515.0
DELHI UT,south west,2004.0,44.0,49,79,0.0,79.0,97,68,29,11,59,13,126,0,983615,89.86,1529587.0,654.0,654.0,544.0
DELHI UT,west,2001.0,70.0,51,45,0.0,45.0,151,99,52,18,65,2,22,0,63912,66.82,1824.0,620.0,620.0,467.0
DELHI UT,west,2002.0,73.0,72,44,0.0,44.0,128,93,35,27,37,11,16,0,63912,66.82,1824.0,580.0,580.0,441.0
DELHI UT,west,2003.0,72.0,51,70,0.0,70.0,105,73,32,10,58,4,168,0,63912,66.82,1824.0,713.0,713.0,604.0
DELHI UT,west,2004.0,67.0,72,58,0.0,58.0,110,79,31,24,46,9,215,0,63912,66.82,1824.0,769.0,769.0,650.0
DELHI UT,west,2005.0,57.0,55,94,0.0,94.0,151,122,29,10,86,19,227,0,63912,66.82,1824.0,944.0,944.0,774.0
DELHI UT,west,2006.0,66.0,63,88,0.0,88.0,155,128,27,17,97,5,260,0,63912,66.82,1824.0,994.0,994.0,834.0
DELHI UT,west,2007.0,60.0,37,64,0.0,64.0,169,117,52,16,102,12,285,0,63912,66.82,1824.0,978.0,978.0,797.0
DELHI UT,west,2008.0,46.0,30,54,0.0,54.0,145,106,39,14,77,6,172,0,63912,66.82,1824.0,743.0,743.0,592.0
DELHI UT,west,2009.0,49.0,35,63,0.0,63.0,328,225,103,21,38,6,217,0,63912,66.82,1824.0,1148.0,1148.0,814.0
DELHI UT,west,2010.0,63.0,29,72,0.0,72.0,350,192,158,19,60,7,191,0,63912,66.82,1824.0,1213.0,1213.0,856.0
DELHI UT,west,2011.0,64.0,45,73,0.0,73.0,453,254,199,13,65,8,287,0,63912,66.82,1824.0,1534.0,1534.0,1073.0
DELHI UT,west,2012.0,52.0,37,79,0.0,79.0,454,256,198,18,53,6,327,0,63912,66.82,1824.0,1559.0,1559.0,1099.0
DELHI UT,west,2015.0,,9,272,0.0,,474,525,50,18,486,102,533,0,63912,66.82,1824.0,2469.0,2469.0,1893.0
DELHI UT,west,2019.0,0.0,1,75,0.0,0.0,203,211,8,6,169,39,366,0,63912,66.82,1824.0,1078.0,1078.0,836.0
GOA,north goa,2001.0,22.0,16,4,0.0,4.0,4,1,3,2,12,2,6,0,388502,90.05,341749.0,76.0,76.0,70.0
GOA,north goa,2002.0,18.0,11,9,0.0,9.0,4,3,1,1,9,4,6,0,388502,90.05,341749.0,75.0,75.0,67.0
GOA,north goa,2003.0,22.0,8,22,0.0,22.0,8,8,0,1,11,4,9,0,388502,90.05,341749.0,115.0,115.0,103.0
GOA,north goa,2004.0,23.0,3,13,0.0,13.0,3,2,1,2,16,8,6,0,388502,90.05,341749.0,90.0,90.0,79.0
GOA,north goa,2005.0,22.0,10,11,0.0,11.0,7,4,3,0,15,6,7,0,388502,90.05,341749.0,96.0,96.0,83.0
GOA,north goa,2006.0,24.0,8,8,0.0,8.0,9,5,4,0,8,3,8,0,388502,90.05,341749.0,85.0,85.0,73.0
GOA,north goa,2007.0,15.0,13,5,0.0,5.0,3,2,1,2,8,4,3,0,388502,90.05,341749.0,61.0,61.0,54.0
GOA,north goa,2008.0,26.0,14,15,0.0,15.0,19,17,2,0,15,2,5,0,388502,90.05,341749.0,130.0,130.0,109.0
GOA,north goa,2009.0,33.0,9,31,0.0,31.0,17,10,7,1,17,5,12,0,388502,90.05,341749.0,173.0,173.0,151.0
GOA,north goa,2010.0,25.0,12,12,0.0,12.0,10,7,3,1,24,10,9,0,388502,90.05,341749.0,125.0,125.0,105.0
GOA,north goa,2011.0,33.0,10,13,0.0,13.0,14,8,6,1,20,9,10,0,388502,90.05,341749.0,137.0,137.0,114.0
GOA,north goa,2012.0,28.0,20,26,0.0,26.0,15,10,5,0,29,14,11,0,388502,90.05,341749.0,184.0,184.0,155.0
GOA,north goa,2015.0,,0,49,0.0,,41,43,2,0,86,9,4,0,388502,90.05,341749.0,234.0,234.0,184.0
GOA,north goa,2019.0,0.0,0,39,0.0,0.0,21,37,16,1,68,23,2,0,388502,90.05,341749.0,207.0,207.0,163.0
GOA,north goa,2020.0,1.0,0,36,0.0,0.0,13,20,7,0,34,20,2,0,388502,90.05,341749.0,133.0,133.0,100.0
GOA,south goa,2001.0,14.0,14,8,0.0,8.0,5,5,0,0,5,5,5,0,298746,86.28,328828.0,69.0,69.0,59.0
GOA,south goa,2002.0,12.0,9,3,0.0,3.0,5,2,3,1,9,2,2,0,298746,86.28,328828.0,51.0,51.0,44.0
GOA,south goa,2003.0,12.0,17,9,0.0,9.0,6,5,1,1,8,3,15,0,298746,86.28,328828.0,86.0,86.0,77.0
GOA,south goa,2004.0,17.0,3,24,0.0,24.0,10,8,2,0,7,7,11,0,298746,86.28,328828.0,113.0,113.0,96.0
GOA,south goa,2005.0,23.0,5,9,0.0,9.0,10,8,2,2,15,2,4,0,298746,86.28,328828.0,89.0,89.0,77.0
GOA,south goa,2006.0,15.0,9,13,0.0,13.0,7,5,2,0,10,4,6,0,298746,86.28,328828.0,84.0,84.0,73.0
GOA,south goa,2007.0,18.0,10,15,0.0,15.0,9,5,4,0,12,3,11,0,298746,86.28,328828.0,102.0,102.0,90.0
GOA,south goa,2008.0,23.0,11,15,0.0,15.0,17,11,6,2,17,10,7,0,298746,86.28,328828.0,134.0,134.0,107.0
GOA,south goa,2009.0,20.0,15,16,0.0,16.0,16,12,4,2,20,5,9,0,298746,86.28,328828.0,135.0,135.0,114.0
GOA,south goa,2010.0,10.0,15,24,0.0,24.0,15,11,4,0,12,6,8,0,298746,86.28,328828.0,129.0,129.0,108.0
GOA,south goa,2011.0,15.0,12,16,0.0,16.0,14,9,5,0,9,3,8,0,298746,86.28,328828.0,107.0,107.0,90.0
GOA,south goa,2012.0,17.0,15,29,0.0,29.0,9,6,3,0,20,2,13,0,298746,86.28,328828.0,143.0,143.0,132.0
GOA,south goa,2015.0,,0,34,0.0,,25,27,2,0,57,24,12,0,298746,86.28,328828.0,181.0,181.0,132.0
GOA,south goa,2019.0,0.0,0,31,0.0,0.0,14,15,0,0,42,14,6,0,298746,86.28,328828.0,122.0,122.0,94.0
GOA,south goa,2020.0,0.0,0,23,0.0,0.0,10,11,1,0,28,15,6,0,298746,86.28,328828.0,94.0,94.0,69.0
GUJARAT,amreli,2001.0,41.0,11,2,0.0,2.0,39,34,5,2,21,0,94,0,701593,76.44,312958.0,251.0,251.0,212.0
GUJARAT,amreli,2002.0,21.0,17,4,0.0,4.0,27,23,4,0,18,1,95,0,701593,76.44,312958.0,214.0,214.0,186.0
GUJARAT,amreli,2003.0,19.0,11,6,0.0,6.0,28,28,0,0,24,1,98,0,701593,76.44,312958.0,221.0,221.0,192.0
GUJARAT,amreli,2004.0,28.0,14,5,0.0,5.0,26,23,3,1,26,3,116,0,701593,76.44,312958.0,250.0,250.0,221.0
GUJARAT,amreli,2005.0,24.0,14,11,0.0,11.0,49,47,2,2,18,1,127,0,701593,76.44,312958.0,306.0,306.0,256.0
GUJARAT,amreli,2006.0,20.0,11,15,0.0,15.0,31,30,1,3,20,0,112,0,701593,76.44,312958.0,258.0,258.0,227.0
GUJARAT,amreli,2007.0,30.0,13,7,0.0,7.0,49,49,0,0,20,0,162,0,701593,76.44,312958.0,337.0,337.0,288.0
GUJARAT,amreli,2008.0,22.0,6,8,0.0,8.0,60,58,2,0,31,3,128,0,701593,76.44,312958.0,326.0,326.0,263.0
GUJARAT,amreli,2009.0,27.0,8,8,0.0,8.0,52,50,2,1,21,4,131,0,701593,76.44,312958.0,312.0,312.0,256.0
GUJARAT,amreli,2010.0,19.0,5,10,0.0,10.0,65,61,4,0,25,9,162,0,701593,76.44,312958.0,370.0,370.0,296.0
GUJARAT,amreli,2011.0,26.0,3,10,0.0,10.0,79,77,2,0,28,1,143,0,701593,76.44,312958.0,379.0,379.0,299.0
GUJARAT,amreli,2012.0,18.0,19,10,0.0,10.0,80,75,5,0,20,7,146,0,701593,76.44,312958.0,390.0,390.0,303.0
GUJARAT,amreli,2015.0,,0,8,0.0,,37,48,0,0,17,2,131,0,701593,76.44,312958.0,243.0,243.0,204.0
GUJARAT,amreli,2019.0,0.0,0,13,0.0,0.0,2,25,0,0,51,1,125,0,701593,76.44,312958.0,217.0,217.0,214.0
GUJARAT,amreli,2020.0,0.0,0,13,0.0,0.0,1,17,0,1,27,2,105,0,701593,76.44,312958.0,166.0,166.0,163.0
GUJARAT,anand,2001.0,28.0,16,3,0.0,3.0,30,28,2,0,27,3,210,0,972000,86.09,507971.0,350.0,350.0,317.0
GUJARAT,anand,2002.0,48.0,31,8,0.0,8.0,38,33,5,0,22,2,183,0,972000,86.09,507971.0,378.0,378.0,338.0
GUJARAT,anand,2003.0,28.0,21,5,0.0,5.0,36,32,4,0,24,3,130,0,972000,86.09,507971.0,288.0,288.0,249.0
GUJARAT,anand,2004.0,21.0,12,12,0.0,12.0,41,39,2,0,24,3,116,0,972000,86.09,507971.0,282.0,282.0,238.0
GUJARAT,anand,2005.0,20.0,7,7,0.0,7.0,24,20,4,1,28,2,97,0,972000,86.09,507971.0,217.0,217.0,191.0
GUJARAT,anand,2006.0,26.0,6,14,0.0,14.0,33,30,3,0,30,5,141,0,972000,86.09,507971.0,302.0,302.0,264.0
GUJARAT,anand,2007.0,26.0,7,10,0.0,10.0,59,53,6,0,22,2,170,0,972000,86.09,507971.0,365.0,365.0,304.0
GUJARAT,anand,2008.0,40.0,10,11,0.0,11.0,51,45,6,0,25,2,170,0,972000,86.09,507971.0,371.0,371.0,318.0
GUJARAT,anand,2009.0,36.0,4,13,0.0,13.0,43,35,8,0,29,3,231,0,972000,86.09,507971.0,415.0,415.0,369.0
GUJARAT,anand,2010.0,24.0,8,15,0.0,15.0,45,39,6,0,27,3,190,0,972000,86.09,507971.0,372.0,372.0,324.0
GUJARAT,anand,2011.0,19.0,4,10,0.0,10.0,45,42,3,0,20,0,196,0,972000,86.09,507971.0,349.0,349.0,304.0
GUJARAT,anand,2012.0,25.0,24,9,0.0,9.0,56,53,3,0,22,1,188,0,972000,86.09,507971.0,390.0,390.0,333.0
GUJARAT,anand,2015.0,,1,22,0.0,,2,96,1,0,41,3,99,0,972000,86.09,507971.0,265.0,265.0,260.0
GUJARAT,anand,2019.0,3.0,0,6,0.0,0.0,10,17,0,0,22,0,44,0,972000,86.09,507971.0,102.0,102.0,92.0
GUJARAT,anand,2020.0,1.0,0,14,0.0,0.0,1,1,0,0,26,1,66,0,972000,86.09,507971.0,110.0,110.0,108.0
GUJARAT,bharuch,2001.0,37.0,14,4,0.0,4.0,39,34,5,0,19,0,56,0,713676,82.98,352560.0,212.0,212.0,173.0
GUJARAT,bharuch,2002.0,47.0,25,7,0.0,7.0,24,23,1,0,26,0,52,0,713676,82.98,352560.0,212.0,212.0,188.0
GUJARAT,bharuch,2003.0,43.0,9,5,0.0,5.0,28,25,3,0,19,1,69,0,713676,82.98,352560.0,207.0,207.0,178.0
GUJARAT,bharuch,2004.0,38.0,7,14,0.0,14.0,21,16,5,0,27,4,65,0,713676,82.98,352560.0,211.0,211.0,186.0
GUJARAT,bharuch,2005.0,35.0,10,8,0.0,8.0,23,15,8,0,16,5,46,0,713676,82.98,352560.0,174.0,174.0,146.0
GUJARAT,bharuch,2006.0,37.0,9,7,0.0,7.0,7,6,1,0,8,0,66,0,713676,82.98,352560.0,148.0,148.0,141.0
GUJARAT,bharuch,2007.0,38.0,10,8,0.0,8.0,15,14,1,0,18,4,68,0,713676,82.98,352560.0,184.0,184.0,165.0
GUJARAT,bharuch,2008.0,36.0,15,13,0.0,13.0,34,29,5,0,13,2,114,0,713676,82.98,352560.0,274.0,274.0,238.0
GUJARAT,bharuch,2009.0,26.0,19,18,0.0,18.0,28,25,3,0,22,3,113,0,713676,82.98,352560.0,275.0,275.0,244.0
GUJARAT,bharuch,2010.0,37.0,15,9,0.0,9.0,27,23,4,0,18,4,2,0,713676,82.98,352560.0,148.0,148.0,117.0
GUJARAT,bharuch,2011.0,34.0,10,13,0.0,13.0,28,27,1,0,9,0,4,0,713676,82.98,352560.0,139.0,139.0,111.0
GUJARAT,bharuch,2012.0,42.0,12,12,0.0,12.0,28,22,6,0,19,1,0,0,713676,82.98,352560.0,154.0,154.0,125.0
GUJARAT,bharuch,2015.0,,0,12,0.0,,7,24,4,0,41,0,93,0,713676,82.98,352560.0,181.0,181.0,174.0
GUJARAT,bharuch,2019.0,0.0,0,2,0.0,0.0,1,2,0,1,30,0,31,0,713676,82.98,352560.0,67.0,67.0,66.0
GUJARAT,bharuch,2020.0,0.0,0,8,0.0,0.0,3,5,2,1,23,0,58,0,713676,82.98,352560.0,100.0,100.0,97.0
GUJARAT,bhavnagar,2001.0,64.0,28,9,0.0,9.0,60,51,9,2,36,7,129,0,1274920,78.02,935038.0,404.0,404.0,337.0
GUJARAT,bhavnagar,2002.0,59.0,43,9,0.0,9.0,51,39,12,4,57,7,125,0,1274920,78.02,935038.0,415.0,415.0,357.0
GUJARAT,bhavnagar,2003.0,57.0,36,5,0.0,5.0,70,55,15,6,36,11,126,0,1274920,78.02,935038.0,422.0,422.0,341.0
GUJARAT,bhavnagar,2004.0,53.0,21,22,0.0,22.0,71,60,11,0,41,74,137,0,1274920,78.02,935038.0,512.0,512.0,367.0
GUJARAT,bhavnagar,2005.0,66.0,31,14,0.0,14.0,85,70,15,3,79,33,216,0,1274920,78.02,935038.0,626.0,626.0,508.0
GUJARAT,bhavnagar,2006.0,59.0,40,26,0.0,26.0,128,116,12,7,101,61,285,0,1274920,78.02,935038.0,861.0,861.0,672.0
GUJARAT,bhavnagar,2007.0,43.0,37,18,0.0,18.0,104,90,14,1,94,35,280,0,1274920,78.02,935038.0,734.0,734.0,595.0
GUJARAT,bhavnagar,2008.0,35.0,33,9,0.0,9.0,90,80,10,0,69,51,197,0,1274920,78.02,935038.0,583.0,583.0,442.0
GUJARAT,bhavnagar,2009.0,41.0,24,9,0.0,9.0,71,64,7,0,41,42,157,0,1274920,78.02,935038.0,465.0,465.0,352.0
GUJARAT,bhavnagar,2010.0,50.0,29,8,0.0,8.0,62,58,4,0,32,42,177,0,1274920,78.02,935038.0,470.0,470.0,366.0
GUJARAT,bhavnagar,2011.0,55.0,26,8,0.0,8.0,88,88,0,0,35,33,181,0,1274920,78.02,935038.0,522.0,522.0,401.0
GUJARAT,bhavnagar,2012.0,46.0,23,13,0.0,13.0,105,96,9,0,30,42,221,0,1274920,78.02,935038.0,598.0,598.0,451.0
GUJARAT,bhavnagar,2015.0,,0,8,0.0,,1,27,0,1,34,4,104,0,1274920,78.02,935038.0,179.0,179.0,174.0
GUJARAT,bhavnagar,2019.0,0.0,0,18,0.0,0.0,0,12,0,0,47,2,150,0,1274920,78.02,935038.0,229.0,229.0,227.0
GUJARAT,bhavnagar,2020.0,0.0,0,16,0.0,0.0,1,6,0,0,29,0,151,0,1274920,78.02,935038.0,203.0,203.0,202.0
GUJARAT,gandhinagar,2001.0,25.0,11,4,0.0,4.0,15,12,3,3,37,7,116,0,697999,87.74,467260.0,237.0,237.0,215.0
GUJARAT,gandhinagar,2002.0,31.0,7,7,0.0,7.0,21,19,2,1,15,5,126,0,697999,87.74,467260.0,241.0,241.0,215.0
GUJARAT,gandhinagar,2003.0,23.0,12,0,0.0,0.0,34,28,6,2,25,2,113,0,697999,87.74,467260.0,245.0,245.0,209.0
GUJARAT,gandhinagar,2004.0,25.0,14,8,0.0,8.0,15,11,4,2,16,3,90,0,697999,87.74,467260.0,196.0,196.0,178.0
GUJARAT,gandhinagar,2005.0,20.0,6,9,0.0,9.0,29,20,9,4,8,4,101,0,697999,87.74,467260.0,219.0,219.0,186.0
GUJARAT,gandhinagar,2006.0,23.0,13,14,0.0,14.0,24,20,4,0,17,6,119,0,697999,87.74,467260.0,254.0,254.0,224.0
GUJARAT,gandhinagar,2007.0,19.0,12,12,0.0,12.0,24,17,7,1,17,2,170,0,697999,87.74,467260.0,293.0,293.0,267.0
GUJARAT,gandhinagar,2008.0,32.0,12,8,0.0,8.0,44,35,9,3,18,2,200,0,697999,87.74,467260.0,371.0,371.0,325.0
GUJARAT,gandhinagar,2009.0,28.0,8,7,0.0,7.0,30,28,2,0,10,3,174,0,697999,87.74,467260.0,297.0,297.0,264.0
GUJARAT,gandhinagar,2010.0,16.0,9,13,0.0,13.0,29,27,2,1,11,4,152,0,697999,87.74,467260.0,277.0,277.0,244.0
GUJARAT,gandhinagar,2011.0,27.0,9,14,0.0,14.0,21,16,5,0,16,1,132,0,697999,87.74,467260.0,255.0,255.0,233.0
GUJARAT,gandhinagar,2012.0,23.0,4,20,0.0,20.0,29,26,3,0,10,1,159,0,697999,87.74,467260.0,295.0,295.0,265.0
GUJARAT,gandhinagar,2015.0,,1,7,0.0,,6,22,2,0,26,16,123,0,697999,87.74,467260.0,203.0,203.0,181.0
GUJARAT,gandhinagar,2019.0,0.0,0,6,0.0,0.0,0,13,0,0,19,0,80,0,697999,87.74,467260.0,118.0,118.0,118.0
GUJARAT,gandhinagar,2020.0,0.0,0,5,0.0,0.0,6,7,0,0,15,1,81,0,697999,87.74,467260.0,115.0,115.0,108.0
GUJARAT,jamnagar,2001.0,48.0,27,20,0.0,20.0,27,22,5,2,18,2,163,0,981320,76.25,836256.0,354.0,354.0,325.0
GUJARAT,jamnagar,2002.0,39.0,24,25,0.0,25.0,36,30,6,5,19,4,176,0,981320,76.25,836256.0,389.0,389.0,349.0
GUJARAT,jamnagar,2003.0,34.0,19,10,0.0,10.0,27,21,6,0,20,0,150,0,981320,76.25,836256.0,297.0,297.0,270.0
GUJARAT,jamnagar,2004.0,42.0,13,8,0.0,8.0,32,27,5,0,26,4,171,0,981320,76.25,836256.0,336.0,336.0,300.0
GUJARAT,jamnagar,2005.0,41.0,19,14,0.0,14.0,20,15,5,0,15,3,188,0,981320,76.25,836256.0,334.0,334.0,311.0
GUJARAT,jamnagar,2006.0,29.0,11,13,0.0,13.0,21,18,3,0,14,11,206,0,981320,76.25,836256.0,339.0,339.0,307.0
GUJARAT,jamnagar,2007.0,41.0,34,11,0.0,11.0,22,21,1,0,15,4,245,0,981320,76.25,836256.0,405.0,405.0,379.0
GUJARAT,jamnagar,2008.0,34.0,12,17,0.0,17.0,30,25,5,0,14,1,239,0,981320,76.25,836256.0,394.0,394.0,363.0
GUJARAT,jamnagar,2009.0,32.0,19,17,0.0,17.0,24,20,4,1,18,3,241,0,981320,76.25,836256.0,396.0,396.0,369.0
GUJARAT,jamnagar,2010.0,44.0,26,14,0.0,14.0,32,25,7,0,27,2,232,0,981320,76.25,836256.0,423.0,423.0,389.0
GUJARAT,jamnagar,2011.0,40.0,25,21,0.0,21.0,65,51,14,0,34,8,356,0,981320,76.25,836256.0,635.0,635.0,562.0
GUJARAT,jamnagar,2012.0,43.0,40,22,0.0,22.0,41,37,4,0,40,4,439,0,981320,76.25,836256.0,692.0,692.0,647.0
GUJARAT,jamnagar,2015.0,,0,11,0.0,,0,36,1,1,20,1,169,0,981320,76.25,836256.0,239.0,239.0,238.0
GUJARAT,jamnagar,2019.0,0.0,0,6,0.0,0.0,0,22,0,0,16,0,57,0,981320,76.25,836256.0,101.0,101.0,101.0
GUJARAT,jamnagar,2020.0,0.0,0,12,0.0,0.0,0,26,1,1,9,0,39,0,981320,76.25,836256.0,88.0,88.0,88.0
GUJARAT,junagadh,2001.0,56.0,37,14,0.0,14.0,46,39,7,11,44,8,384,0,1252350,78.74,711528.0,660.0,660.0,606.0
GUJARAT,junagadh,2002.0,55.0,22,10,0.0,10.0,50,41,9,2,38,13,368,0,1252350,78.74,711528.0,618.0,618.0,555.0
GUJARAT,junagadh,2003.0,52.0,20,13,0.0,13.0,47,41,6,6,40,8,312,0,1252350,78.74,711528.0,558.0,558.0,503.0
GUJARAT,junagadh,2004.0,40.0,31,9,0.0,9.0,57,41,16,13,49,9,368,0,1252350,78.74,711528.0,642.0,642.0,576.0
GUJARAT,junagadh,2005.0,33.0,27,13,0.0,13.0,38,32,6,5,54,9,421,0,1252350,78.74,711528.0,651.0,651.0,604.0
GUJARAT,junagadh,2006.0,54.0,19,6,0.0,6.0,52,44,8,3,38,4,415,0,1252350,78.74,711528.0,649.0,649.0,593.0
GUJARAT,junagadh,2007.0,46.0,15,13,0.0,13.0,56,46,10,1,42,11,419,0,1252350,78.74,711528.0,672.0,672.0,605.0
GUJARAT,junagadh,2008.0,33.0,20,5,0.0,5.0,48,43,5,3,66,3,456,0,1252350,78.74,711528.0,687.0,687.0,636.0
GUJARAT,junagadh,2009.0,48.0,28,14,0.0,14.0,69,60,9,1,48,10,473,0,1252350,78.74,711528.0,774.0,774.0,695.0
GUJARAT,junagadh,2010.0,48.0,19,19,0.0,19.0,68,63,5,0,37,8,443,0,1252350,78.74,711528.0,729.0,729.0,653.0
GUJARAT,junagadh,2011.0,31.0,13,11,0.0,11.0,69,68,1,1,26,4,423,0,1252350,78.74,711528.0,658.0,658.0,585.0
GUJARAT,junagadh,2012.0,40.0,17,15,0.0,15.0,63,53,10,1,37,5,411,0,1252350,78.74,711528.0,667.0,667.0,599.0
GUJARAT,junagadh,2015.0,,0,6,0.0,,15,25,3,0,19,3,212,0,1252350,78.74,711528.0,283.0,283.0,265.0
GUJARAT,junagadh,2019.0,0.0,0,25,0.0,0.0,0,57,1,0,50,0,163,0,1252350,78.74,711528.0,296.0,296.0,296.0
GUJARAT,junagadh,2020.0,0.0,0,10,0.0,0.0,0,48,0,0,48,0,167,0,1252350,78.74,711528.0,273.0,273.0,273.0
GUJARAT,kheda,2015.0,,0,11,0.0,,44,73,2,0,22,1,73,0,1052823,85.99,406450.0,226.0,226.0,181.0
GUJARAT,kheda,2019.0,0.0,1,11,0.0,0.0,0,96,0,0,26,1,65,0,1052823,85.99,406450.0,200.0,200.0,199.0
GUJARAT,kheda,2020.0,0.0,0,6,0.0,0.0,0,25,0,0,26,0,64,0,1052823,85.99,406450.0,121.0,121.0,121.0
GUJARAT,narmada,2001.0,16.0,3,8,0.0,8.0,9,8,1,0,7,1,9,0,263986,72.44,52106.0,70.0,70.0,60.0
GUJARAT,narmada,2002.0,16.0,4,7,0.0,7.0,5,2,3,0,6,4,9,0,263986,72.44,52106.0,63.0,63.0,54.0
GUJARAT,narmada,2003.0,13.0,1,4,0.0,4.0,3,3,0,0,4,0,7,0,263986,72.44,52106.0,39.0,39.0,36.0
GUJARAT,narmada,2004.0,15.0,3,6,0.0,6.0,8,7,1,0,2,0,10,0,263986,72.44,52106.0,58.0,58.0,50.0
GUJARAT,narmada,2005.0,15.0,2,6,0.0,6.0,1,1,0,0,2,0,4,0,263986,72.44,52106.0,37.0,37.0,36.0
GUJARAT,narmada,2006.0,11.0,8,2,0.0,2.0,6,6,0,0,6,0,10,0,263986,72.44,52106.0,51.0,51.0,45.0
GUJARAT,narmada,2007.0,15.0,2,6,0.0,6.0,4,4,0,0,8,0,13,0,263986,72.44,52106.0,58.0,58.0,54.0
GUJARAT,narmada,2008.0,11.0,3,7,0.0,7.0,7,7,0,0,8,1,12,0,263986,72.44,52106.0,63.0,63.0,55.0
GUJARAT,narmada,2009.0,13.0,3,6,0.0,6.0,3,3,0,0,6,0,10,0,263986,72.44,52106.0,50.0,50.0,47.0
GUJARAT,narmada,2010.0,17.0,2,7,0.0,7.0,4,4,0,0,8,0,5,0,263986,72.44,52106.0,54.0,54.0,50.0
GUJARAT,narmada,2011.0,14.0,2,7,0.0,7.0,4,4,0,0,3,0,5,0,263986,72.44,52106.0,46.0,46.0,42.0
GUJARAT,narmada,2012.0,17.0,3,7,0.0,7.0,6,5,1,0,3,0,13,0,263986,72.44,52106.0,62.0,62.0,56.0
GUJARAT,narmada,2015.0,,0,1,0.0,,0,5,0,0,9,0,13,0,263986,72.44,52106.0,28.0,28.0,28.0
GUJARAT,narmada,2019.0,0.0,0,5,0.0,0.0,0,5,0,0,10,0,15,0,263986,72.44,52106.0,35.0,35.0,35.0
GUJARAT,narmada,2020.0,0.0,0,3,0.0,0.0,0,3,0,0,8,0,11,0,263986,72.44,52106.0,25.0,25.0,25.0
GUJARAT,navsari,2001.0,26.0,6,2,0.0,2.0,6,5,1,0,6,0,17,0,628988,82.77,336353.0,71.0,71.0,65.0
GUJARAT,navsari,2002.0,26.0,4,5,0.0,5.0,11,11,0,0,2,0,23,0,628988,82.77,336353.0,87.0,87.0,76.0
GUJARAT,navsari,2003.0,26.0,7,2,0.0,2.0,10,9,1,0,6,0,15,0,628988,82.77,336353.0,78.0,78.0,68.0
GUJARAT,navsari,2004.0,26.0,2,5,0.0,5.0,7,7,0,1,5,0,19,0,628988,82.77,336353.0,77.0,77.0,70.0
GUJARAT,navsari,2005.0,14.0,3,6,0.0,6.0,6,5,1,2,3,0,31,0,628988,82.77,336353.0,77.0,77.0,71.0
GUJARAT,navsari,2006.0,16.0,6,2,0.0,2.0,8,7,1,0,4,0,38,0,628988,82.77,336353.0,84.0,84.0,76.0
GUJARAT,navsari,2007.0,26.0,5,2,0.0,2.0,14,11,3,0,3,0,23,0,628988,82.77,336353.0,89.0,89.0,75.0
GUJARAT,navsari,2008.0,25.0,3,2,0.0,2.0,9,4,5,0,1,1,5,0,628988,82.77,336353.0,57.0,57.0,47.0
GUJARAT,navsari,2009.0,18.0,5,4,0.0,4.0,1,1,0,0,0,1,31,0,628988,82.77,336353.0,65.0,65.0,63.0
GUJARAT,navsari,2010.0,22.0,2,6,0.0,6.0,19,15,4,0,5,1,34,0,628988,82.77,336353.0,114.0,114.0,94.0
GUJARAT,navsari,2011.0,21.0,9,2,0.0,2.0,10,10,0,0,6,2,31,0,628988,82.77,336353.0,93.0,93.0,81.0
GUJARAT,navsari,2012.0,19.0,9,4,0.0,4.0,15,15,0,0,4,0,114,0,628988,82.77,336353.0,184.0,184.0,169.0
GUJARAT,navsari,2015.0,,0,4,0.0,,5,25,2,0,13,0,42,0,628988,82.77,336353.0,91.0,91.0,86.0
GUJARAT,navsari,2019.0,0.0,0,5,0.0,0.0,6,9,0,0,13,0,32,0,628988,82.77,336353.0,65.0,65.0,59.0
GUJARAT,navsari,2020.0,0.0,0,5,0.0,0.0,5,5,0,1,10,0,14,0,628988,82.77,336353.0,40.0,40.0,35.0
GUJARAT,patan,2001.0,24.0,18,3,0.0,3.0,21,21,0,0,23,0,78,0,612100,73.63,238428.0,191.0,191.0,170.0
GUJARAT,patan,2002.0,24.0,13,3,0.0,3.0,29,28,1,0,25,0,88,0,612100,73.63,238428.0,214.0,214.0,185.0
GUJARAT,patan,2003.0,17.0,11,2,0.0,2.0,15,15,0,0,21,0,112,0,612100,73.63,238428.0,195.0,195.0,180.0
GUJARAT,patan,2004.0,19.0,16,6,0.0,6.0,29,27,2,0,19,0,103,0,612100,73.63,238428.0,227.0,227.0,198.0
GUJARAT,patan,2005.0,24.0,13,6,0.0,6.0,22,19,3,0,24,0,111,0,612100,73.63,238428.0,228.0,228.0,206.0
GUJARAT,patan,2006.0,14.0,9,10,0.0,10.0,13,11,2,0,25,0,147,0,612100,73.63,238428.0,241.0,241.0,228.0
GUJARAT,patan,2007.0,18.0,14,6,0.0,6.0,43,41,2,0,33,0,178,0,612100,73.63,238428.0,341.0,341.0,298.0
GUJARAT,patan,2008.0,14.0,15,19,0.0,19.0,29,24,5,0,29,0,157,0,612100,73.63,238428.0,311.0,311.0,282.0
GUJARAT,patan,2009.0,21.0,11,19,0.0,19.0,21,20,1,0,43,0,136,0,612100,73.63,238428.0,291.0,291.0,270.0
GUJARAT,patan,2010.0,11.0,9,11,0.0,11.0,38,37,1,0,32,1,101,0,612100,73.63,238428.0,252.0,252.0,213.0
GUJARAT,patan,2011.0,16.0,15,16,0.0,16.0,47,44,3,0,43,1,156,0,612100,73.63,238428.0,357.0,357.0,309.0
GUJARAT,patan,2012.0,18.0,15,7,0.0,7.0,31,31,0,0,32,1,151,0,612100,73.63,238428.0,293.0,293.0,261.0
GUJARAT,patan,2015.0,,1,16,0.0,,13,16,0,0,42,0,72,0,612100,73.63,238428.0,160.0,160.0,147.0
GUJARAT,patan,2019.0,0.0,0,14,0.0,0.0,5,24,2,0,22,0,66,0,612100,73.63,238428.0,133.0,133.0,128.0
GUJARAT,patan,2020.0,0.0,0,20,0.0,0.0,11,16,1,0,34,0,71,0,612100,73.63,238428.0,153.0,153.0,142.0
GUJARAT,porbandar,2001.0,15.0,9,6,0.0,6.0,5,5,0,0,10,0,64,0,275821,78.36,261375.0,120.0,120.0,115.0
GUJARAT,porbandar,2002.0,7.0,7,4,0.0,4.0,9,8,1,3,16,0,53,0,275821,78.36,261375.0,112.0,112.0,103.0
GUJARAT,porbandar,2003.0,8.0,6,1,0.0,1.0,7,5,2,0,7,1,44,0,275821,78.36,261375.0,82.0,82.0,74.0
GUJARAT,porbandar,2004.0,11.0,9,1,0.0,1.0,7,4,3,0,5,0,41,0,275821,78.36,261375.0,82.0,82.0,75.0
GUJARAT,porbandar,2005.0,10.0,8,1,0.0,1.0,9,8,1,1,5,0,36,0,275821,78.36,261375.0,80.0,80.0,71.0
GUJARAT,porbandar,2006.0,9.0,5,2,0.0,2.0,7,6,1,1,1,0,45,0,275821,78.36,261375.0,79.0,79.0,72.0
GUJARAT,porbandar,2007.0,6.0,2,1,0.0,1.0,8,7,1,0,4,0,59,0,275821,78.36,261375.0,89.0,89.0,81.0
GUJARAT,porbandar,2008.0,7.0,6,3,0.0,3.0,12,11,1,0,5,0,48,0,275821,78.36,261375.0,96.0,96.0,84.0
GUJARAT,porbandar,2009.0,11.0,7,3,0.0,3.0,18,17,1,0,2,2,53,0,275821,78.36,261375.0,117.0,117.0,97.0
GUJARAT,porbandar,2010.0,9.0,7,2,0.0,2.0,12,9,3,1,4,3,69,0,275821,78.36,261375.0,121.0,121.0,106.0
GUJARAT,porbandar,2011.0,10.0,9,6,0.0,6.0,12,9,3,0,1,1,84,0,275821,78.36,261375.0,141.0,141.0,128.0
GUJARAT,porbandar,2012.0,18.0,8,10,0.0,10.0,8,7,1,1,8,0,73,0,275821,78.36,261375.0,144.0,144.0,136.0
GUJARAT,porbandar,2015.0,,0,3,0.0,,10,11,0,0,12,0,72,0,275821,78.36,261375.0,108.0,108.0,98.0
GUJARAT,porbandar,2019.0,0.0,0,3,0.0,0.0,2,10,1,1,20,0,34,0,275821,78.36,261375.0,71.0,71.0,69.0
GUJARAT,porbandar,2020.0,0.0,0,3,0.0,0.0,0,7,0,0,7,0,26,0,275821,78.36,261375.0,43.0,43.0,43.0
GUJARAT,surendranagar,2001.0,38.0,17,11,0.0,11.0,29,24,5,2,45,3,75,0,787650,74.19,402448.0,260.0,260.0,228.0
GUJARAT,surendranagar,2002.0,40.0,30,13,0.0,13.0,37,29,8,4,40,2,83,0,787650,74.19,402448.0,299.0,299.0,260.0
GUJARAT,surendranagar,2003.0,25.0,14,16,0.0,16.0,32,25,7,6,42,2,53,0,787650,74.19,402448.0,238.0,238.0,204.0
GUJARAT,surendranagar,2004.0,28.0,22,13,0.0,13.0,27,23,4,0,35,0,63,0,787650,74.19,402448.0,228.0,228.0,201.0
GUJARAT,surendranagar,2005.0,30.0,21,13,0.0,13.0,38,31,7,0,36,1,90,0,787650,74.19,402448.0,280.0,280.0,241.0
GUJARAT,surendranagar,2006.0,30.0,15,17,0.0,17.0,23,20,3,1,34,2,81,0,787650,74.19,402448.0,243.0,243.0,218.0
GUJARAT,surendranagar,2007.0,22.0,16,17,0.0,17.0,29,28,1,0,48,5,119,0,787650,74.19,402448.0,302.0,302.0,268.0
GUJARAT,surendranagar,2008.0,35.0,15,21,0.0,21.0,44,38,6,0,50,1,133,0,787650,74.19,402448.0,364.0,364.0,319.0
GUJARAT,surendranagar,2009.0,40.0,10,18,0.0,18.0,58,54,4,0,39,3,120,0,787650,74.19,402448.0,364.0,364.0,303.0
GUJARAT,surendranagar,2010.0,24.0,12,29,0.0,29.0,29,27,2,0,36,2,113,0,787650,74.19,402448.0,303.0,303.0,272.0
GUJARAT,surendranagar,2011.0,32.0,15,19,0.0,19.0,44,41,3,0,28,4,129,0,787650,74.19,402448.0,334.0,334.0,286.0
GUJARAT,surendranagar,2012.0,40.0,26,19,0.0,19.0,51,46,5,0,51,5,124,0,787650,74.19,402448.0,386.0,386.0,330.0
GUJARAT,surendranagar,2015.0,,0,21,0.0,,0,36,0,2,26,1,57,0,787650,74.19,402448.0,143.0,143.0,142.0
GUJARAT,surendranagar,2019.0,0.0,0,6,0.0,0.0,0,0,0,0,17,1,36,0,787650,74.19,402448.0,60.0,60.0,59.0
GUJARAT,surendranagar,2020.0,0.0,0,10,0.0,0.0,0,35,0,0,23,0,15,0,787650,74.19,402448.0,83.0,83.0,83.0
GUJARAT,valsad,2001.0,44.0,8,9,0.0,9.0,16,11,5,0,10,0,50,0,734799,77.9,381161.0,162.0,162.0,146.0
GUJARAT,valsad,2002.0,39.0,14,3,0.0,3.0,21,16,5,0,12,0,32,0,734799,77.9,381161.0,145.0,145.0,124.0
GUJARAT,valsad,2003.0,31.0,7,5,0.0,5.0,13,10,3,0,7,0,37,0,734799,77.9,381161.0,118.0,118.0,105.0
GUJARAT,valsad,2004.0,36.0,13,9,0.0,9.0,22,16,6,0,12,0,40,0,734799,77.9,381161.0,163.0,163.0,141.0
GUJARAT,valsad,2005.0,34.0,13,11,0.0,11.0,25,20,5,1,17,0,31,0,734799,77.9,381161.0,168.0,168.0,143.0
GUJARAT,valsad,2006.0,43.0,17,1,0.0,1.0,18,12,6,0,10,0,32,0,734799,77.9,381161.0,140.0,140.0,122.0
GUJARAT,valsad,2007.0,39.0,11,8,0.0,8.0,5,2,3,0,6,0,25,0,734799,77.9,381161.0,107.0,107.0,102.0
GUJARAT,valsad,2008.0,33.0,5,4,0.0,4.0,15,9,6,0,6,0,32,0,734799,77.9,381161.0,114.0,114.0,99.0
GUJARAT,valsad,2009.0,22.0,2,10,0.0,10.0,12,12,0,0,5,0,27,0,734799,77.9,381161.0,100.0,100.0,88.0
GUJARAT,valsad,2010.0,29.0,10,11,0.0,11.0,14,8,6,0,4,0,15,0,734799,77.9,381161.0,108.0,108.0,94.0
GUJARAT,valsad,2011.0,35.0,11,9,0.0,9.0,19,19,0,0,6,0,23,0,734799,77.9,381161.0,131.0,131.0,112.0
GUJARAT,valsad,2012.0,21.0,14,12,0.0,12.0,25,19,6,0,9,0,15,0,734799,77.9,381161.0,133.0,133.0,108.0
GUJARAT,valsad,2015.0,,0,11,0.0,,34,69,0,0,37,0,31,0,734799,77.9,381161.0,182.0,182.0,148.0
GUJARAT,valsad,2019.0,0.0,0,10,0.0,0.0,14,30,1,0,17,0,37,0,734799,77.9,381161.0,109.0,109.0,95.0
GUJARAT,valsad,2020.0,1.0,0,10,0.0,0.0,6,12,1,1,6,0,12,0,734799,77.9,381161.0,49.0,49.0,43.0
HARYANA,ambala,2001.0,26.0,23,11,0.0,11.0,38,32,6,11,27,0,132,0,542977,82.31,357028.0,317.0,317.0,279.0
HARYANA,ambala,2002.0,25.0,18,15,0.0,15.0,21,18,3,7,17,0,122,0,542977,82.31,357028.0,261.0,261.0,240.0
HARYANA,ambala,2003.0,26.0,16,10,0.0,10.0,26,24,2,7,17,31,129,0,542977,82.31,357028.0,298.0,298.0,241.0
HARYANA,ambala,2004.0,28.0,10,10,0.0,10.0,22,22,0,11,25,27,227,0,542977,82.31,357028.0,392.0,392.0,343.0
HARYANA,ambala,2005.0,24.0,16,19,0.0,19.0,24,19,5,9,19,16,130,0,542977,82.31,357028.0,300.0,300.0,260.0
HARYANA,ambala,2006.0,39.0,12,19,0.0,19.0,22,16,6,9,26,27,174,0,542977,82.31,357028.0,369.0,369.0,320.0
HARYANA,ambala,2007.0,39.0,12,23,0.0,23.0,15,10,5,16,11,15,154,0,542977,82.31,357028.0,323.0,323.0,293.0
HARYANA,ambala,2008.0,31.0,31,35,0.0,35.0,55,49,6,11,27,21,172,0,542977,82.31,357028.0,473.0,473.0,397.0
HARYANA,ambala,2009.0,35.0,18,28,0.0,28.0,20,16,4,14,18,17,155,0,542977,82.31,357028.0,353.0,353.0,316.0
HARYANA,ambala,2010.0,35.0,30,30,0.0,30.0,33,23,10,9,20,14,220,0,542977,82.31,357028.0,454.0,454.0,407.0
HARYANA,ambala,2011.0,42.0,33,37,0.0,37.0,34,23,11,5,28,20,191,0,542977,82.31,357028.0,461.0,461.0,407.0
HARYANA,ambala,2019.0,0.0,0,45,0.0,0.0,0,147,40,5,70,7,256,0,542977,82.31,357028.0,570.0,570.0,563.0
HARYANA,ambala,2020.0,0.0,0,49,0.0,0.0,0,94,25,6,56,4,258,0,542977,82.31,357028.0,492.0,492.0,488.0
HARYANA,bhiwani,2001.0,40.0,20,10,0.0,10.0,9,7,2,33,17,0,43,0,758253,80.26,270393.0,191.0,191.0,182.0
HARYANA,bhiwani,2002.0,35.0,24,17,0.0,17.0,16,13,3,35,29,0,54,0,758253,80.26,270393.0,243.0,243.0,227.0
HARYANA,bhiwani,2003.0,47.0,22,15,0.0,15.0,17,7,10,28,17,0,69,0,758253,80.26,270393.0,247.0,247.0,230.0
HARYANA,bhiwani,2004.0,51.0,26,28,0.0,28.0,19,12,7,28,19,0,68,0,758253,80.26,270393.0,286.0,286.0,267.0
HARYANA,bhiwani,2005.0,47.0,18,18,0.0,18.0,24,22,2,19,20,16,87,0,758253,80.26,270393.0,291.0,291.0,251.0
HARYANA,bhiwani,2006.0,45.0,29,35,0.0,35.0,34,26,8,19,38,8,100,0,758253,80.26,270393.0,377.0,377.0,335.0
HARYANA,bhiwani,2007.0,62.0,22,17,0.0,17.0,32,23,9,17,23,15,128,0,758253,80.26,270393.0,365.0,365.0,318.0
HARYANA,bhiwani,2008.0,56.0,27,33,0.0,33.0,47,36,11,14,24,20,111,0,758253,80.26,270393.0,412.0,412.0,345.0
HARYANA,bhiwani,2009.0,48.0,40,37,0.0,37.0,74,53,21,17,37,21,88,0,758253,80.26,270393.0,473.0,473.0,378.0
HARYANA,bhiwani,2010.0,61.0,38,30,0.0,30.0,52,36,16,22,45,15,64,0,758253,80.26,270393.0,409.0,409.0,342.0
HARYANA,bhiwani,2011.0,74.0,42,41,0.0,41.0,43,30,13,18,26,12,97,0,758253,80.26,270393.0,437.0,437.0,382.0
HARYANA,bhiwani,2012.0,81.0,48,28,0.0,28.0,109,69,40,19,45,23,179,0,758253,80.26,270393.0,669.0,669.0,537.0
HARYANA,bhiwani,2015.0,,7,44,0.0,,0,36,4,18,94,0,147,0,758253,80.26,270393.0,350.0,350.0,350.0
HARYANA,bhiwani,2019.0,0.0,10,73,0.0,0.0,0,46,5,8,221,6,278,0,758253,80.26,270393.0,647.0,647.0,641.0
HARYANA,bhiwani,2020.0,0.0,0,43,0.0,0.0,0,53,14,14,164,4,178,0,758253,80.26,270393.0,470.0,470.0,466.0
HARYANA,faridabad,2001.0,68.0,38,37,0.0,37.0,78,53,25,19,47,242,108,0,1193063,81.52,1221344.0,752.0,752.0,432.0
HARYANA,faridabad,2002.0,57.0,38,37,0.0,37.0,61,39,22,19,56,1122,92,0,1193063,81.52,1221344.0,1580.0,1580.0,397.0
HARYANA,faridabad,2003.0,57.0,30,36,0.0,36.0,70,49,21,14,34,980,136,0,1193063,81.52,1221344.0,1463.0,1463.0,413.0
HARYANA,faridabad,2004.0,67.0,31,42,0.0,42.0,66,49,17,28,45,585,157,0,1193063,81.52,1221344.0,1129.0,1129.0,478.0
HARYANA,faridabad,2005.0,76.0,44,39,0.0,39.0,91,67,24,18,42,253,188,0,1193063,81.52,1221344.0,881.0,881.0,537.0
HARYANA,faridabad,2006.0,58.0,45,40,0.0,40.0,86,66,20,14,35,144,146,0,1193063,81.52,1221344.0,694.0,694.0,464.0
HARYANA,faridabad,2007.0,65.0,36,37,0.0,37.0,154,117,37,19,23,0,167,0,1193063,81.52,1221344.0,692.0,692.0,538.0
HARYANA,faridabad,2008.0,59.0,24,46,0.0,46.0,109,94,15,21,23,97,173,0,1193063,81.52,1221344.0,707.0,707.0,501.0
HARYANA,faridabad,2009.0,60.0,47,35,0.0,35.0,86,62,24,17,26,4,179,0,1193063,81.52,1221344.0,575.0,575.0,485.0
HARYANA,faridabad,2010.0,70.0,49,51,0.0,51.0,102,86,16,23,27,78,224,0,1193063,81.52,1221344.0,777.0,777.0,597.0
HARYANA,faridabad,2011.0,60.0,59,54,0.0,54.0,105,82,23,10,31,59,218,0,1193063,81.52,1221344.0,755.0,755.0,591.0
HARYANA,faridabad,2012.0,72.0,50,47,0.0,47.0,103,87,16,8,31,84,197,0,1193063,81.52,1221344.0,742.0,742.0,555.0
HARYANA,faridabad,2015.0,,9,128,0.0,,16,313,131,24,123,0,371,0,1193063,81.52,1221344.0,1115.0,1115.0,1099.0
HARYANA,faridabad,2019.0,0.0,23,159,0.0,0.0,10,249,13,22,220,18,548,0,1193063,81.52,1221344.0,1262.0,1262.0,1234.0
HARYANA,faridabad,2020.0,0.0,0,131,0.0,0.0,69,241,13,19,116,10,401,0,1193063,81.52,1221344.0,1000.0,1000.0,921.0
HARYANA,fatehabad,2001.0,18.0,23,17,0.0,17.0,20,13,7,17,17,0,93,0,427862,68.22,142157.0,242.0,242.0,222.0
HARYANA,fatehabad,2002.0,16.0,21,7,0.0,7.0,22,15,7,9,22,5,54,0,427862,68.22,142157.0,185.0,185.0,158.0
HARYANA,fatehabad,2003.0,18.0,16,7,0.0,7.0,15,7,8,3,11,4,47,0,427862,68.22,142157.0,143.0,143.0,124.0
HARYANA,fatehabad,2004.0,29.0,12,9,0.0,9.0,17,9,8,6,17,3,38,0,427862,68.22,142157.0,157.0,157.0,137.0
HARYANA,fatehabad,2005.0,21.0,14,9,0.0,9.0,20,15,5,5,17,8,66,0,427862,68.22,142157.0,189.0,189.0,161.0
HARYANA,fatehabad,2006.0,23.0,15,18,0.0,18.0,20,5,15,6,17,7,83,0,427862,68.22,142157.0,227.0,227.0,200.0
HARYANA,fatehabad,2007.0,25.0,17,7,0.0,7.0,25,8,17,2,16,12,122,0,427862,68.22,142157.0,258.0,258.0,221.0
HARYANA,fatehabad,2008.0,20.0,13,12,0.0,12.0,25,21,4,4,16,13,143,0,427862,68.22,142157.0,283.0,283.0,245.0
HARYANA,fatehabad,2009.0,33.0,14,9,0.0,9.0,47,34,13,12,10,7,80,0,427862,68.22,142157.0,268.0,268.0,214.0
HARYANA,fatehabad,2010.0,27.0,33,21,0.0,21.0,33,31,2,5,13,9,79,0,427862,68.22,142157.0,274.0,274.0,232.0
HARYANA,fatehabad,2011.0,25.0,24,15,0.0,15.0,25,18,7,7,6,8,86,0,427862,68.22,142157.0,236.0,236.0,203.0
HARYANA,fatehabad,2012.0,17.0,23,15,0.0,15.0,49,33,16,4,7,7,125,0,427862,68.22,142157.0,311.0,311.0,255.0
HARYANA,fatehabad,2015.0,,1,21,0.0,,0,31,31,3,63,2,155,0,427862,68.22,142157.0,307.0,307.0,305.0
HARYANA,fatehabad,2019.0,0.0,2,36,0.0,0.0,1,37,0,7,94,5,90,0,427862,68.22,142157.0,272.0,272.0,266.0
HARYANA,fatehabad,2020.0,0.0,0,29,0.0,0.0,0,40,9,8,50,8,64,0,427862,68.22,142157.0,208.0,208.0,200.0
HARYANA,gurgaon,2001.0,69.0,30,32,0.0,32.0,50,32,18,17,21,21,136,0,886451,76.17,369004.0,458.0,458.0,387.0
HARYANA,gurgaon,2002.0,66.0,50,27,0.0,27.0,50,36,14,11,35,57,128,0,886451,76.17,369004.0,501.0,501.0,394.0
HARYANA,gurgaon,2003.0,62.0,33,32,0.0,32.0,44,37,7,13,17,26,101,0,886451,76.17,369004.0,404.0,404.0,334.0
HARYANA,gurgaon,2004.0,66.0,40,36,0.0,36.0,55,34,21,21,21,18,115,0,886451,76.17,369004.0,463.0,463.0,390.0
HARYANA,gurgaon,2005.0,65.0,38,17,0.0,17.0,38,22,16,10,20,31,71,0,886451,76.17,369004.0,345.0,345.0,276.0
HARYANA,gurgaon,2006.0,93.0,63,30,0.0,30.0,70,51,19,20,32,56,89,0,886451,76.17,369004.0,553.0,553.0,427.0
HARYANA,gurgaon,2007.0,93.0,58,40,0.0,40.0,111,75,36,17,36,43,122,0,886451,76.17,369004.0,671.0,671.0,517.0
HARYANA,gurgaon,2008.0,80.0,59,35,0.0,35.0,89,66,23,19,27,32,123,0,886451,76.17,369004.0,588.0,588.0,467.0
HARYANA,gurgaon,2009.0,84.0,38,29,0.0,29.0,59,42,17,24,21,40,128,0,886451,76.17,369004.0,511.0,511.0,412.0
HARYANA,gurgaon,2010.0,84.0,59,45,0.0,45.0,58,42,16,22,30,38,86,0,886451,76.17,369004.0,525.0,525.0,429.0
HARYANA,gurgaon,2011.0,89.0,57,40,0.0,40.0,49,37,12,25,27,29,107,0,886451,76.17,369004.0,512.0,512.0,434.0
HARYANA,gurgaon,2012.0,82.0,66,44,0.0,44.0,56,47,9,15,18,31,150,0,886451,76.17,369004.0,562.0,562.0,475.0
HARYANA,gurgaon,2015.0,,12,130,0.0,,37,295,174,12,183,37,268,0,886451,76.17,369004.0,1148.0,1148.0,1074.0
HARYANA,jhajjar,2001.0,48.0,28,21,0.0,21.0,14,8,6,20,42,13,122,0,476475,83.27,195097.0,343.0,343.0,316.0
HARYANA,jhajjar,2002.0,41.0,25,18,0.0,18.0,14,12,2,14,39,37,115,0,476475,83.27,195097.0,335.0,335.0,284.0
HARYANA,jhajjar,2003.0,39.0,28,9,0.0,9.0,8,8,0,17,32,35,92,0,476475,83.27,195097.0,277.0,277.0,234.0
HARYANA,jhajjar,2004.0,42.0,27,11,0.0,11.0,11,7,4,14,17,18,104,0,476475,83.27,195097.0,266.0,266.0,237.0
HARYANA,jhajjar,2005.0,60.0,32,13,0.0,13.0,14,10,4,11,16,20,86,0,476475,83.27,195097.0,279.0,279.0,245.0
HARYANA,jhajjar,2006.0,51.0,34,15,0.0,15.0,10,9,1,16,14,9,58,0,476475,83.27,195097.0,232.0,232.0,213.0
HARYANA,jhajjar,2007.0,55.0,45,14,0.0,14.0,30,21,9,19,10,14,87,0,476475,83.27,195097.0,318.0,318.0,274.0
HARYANA,jhajjar,2008.0,62.0,30,22,0.0,22.0,26,15,11,20,13,42,115,0,476475,83.27,195097.0,378.0,378.0,310.0
HARYANA,jhajjar,2009.0,66.0,36,20,0.0,20.0,27,15,12,13,20,20,78,0,476475,83.27,195097.0,327.0,327.0,280.0
HARYANA,jhajjar,2010.0,51.0,50,36,0.0,36.0,42,30,12,12,27,30,117,0,476475,83.27,195097.0,443.0,443.0,371.0
HARYANA,jhajjar,2011.0,59.0,43,32,0.0,32.0,31,19,12,12,20,26,117,0,476475,83.27,195097.0,403.0,403.0,346.0
HARYANA,jhajjar,2012.0,64.0,50,20,0.0,20.0,38,17,21,10,19,14,135,0,476475,83.27,195097.0,408.0,408.0,356.0
HARYANA,jhajjar,2015.0,,3,60,0.0,,0,27,4,5,70,5,153,0,476475,83.27,195097.0,327.0,327.0,322.0
HARYANA,jhajjar,2019.0,0.0,11,43,0.0,0.0,0,102,50,13,70,18,211,0,476475,83.27,195097.0,518.0,518.0,500.0
HARYANA,jhajjar,2020.0,1.0,0,31,0.0,0.0,0,76,21,13,105,9,177,0,476475,83.27,195097.0,433.0,433.0,424.0
HARYANA,jind,2001.0,37.0,21,21,0.0,21.0,12,8,4,11,22,29,67,0,642282,73.82,241577.0,253.0,253.0,212.0
HARYANA,jind,2002.0,33.0,13,19,0.0,19.0,15,9,6,11,10,12,57,0,642282,73.82,241577.0,204.0,204.0,177.0
HARYANA,jind,2003.0,33.0,20,17,0.0,17.0,11,5,6,10,7,13,34,0,642282,73.82,241577.0,173.0,173.0,149.0
HARYANA,jind,2004.0,28.0,16,7,0.0,7.0,9,6,3,14,2,18,31,0,642282,73.82,241577.0,141.0,141.0,114.0
HARYANA,jind,2005.0,37.0,27,14,0.0,14.0,12,6,6,17,2,17,35,0,642282,73.82,241577.0,187.0,187.0,158.0
HARYANA,jind,2006.0,42.0,27,32,0.0,32.0,15,7,8,13,17,12,53,0,642282,73.82,241577.0,258.0,258.0,231.0
HARYANA,jind,2007.0,34.0,38,19,0.0,19.0,24,18,6,12,14,15,95,0,642282,73.82,241577.0,294.0,294.0,255.0
HARYANA,jind,2008.0,39.0,24,38,0.0,38.0,29,23,6,18,21,15,73,0,642282,73.82,241577.0,324.0,324.0,280.0
HARYANA,jind,2009.0,47.0,39,35,0.0,35.0,46,30,16,11,33,49,97,0,642282,73.82,241577.0,438.0,438.0,343.0
HARYANA,jind,2010.0,53.0,40,29,0.0,29.0,35,26,9,17,27,20,88,0,642282,73.82,241577.0,373.0,373.0,318.0
HARYANA,jind,2011.0,50.0,34,37,0.0,37.0,32,28,4,15,15,13,91,0,642282,73.82,241577.0,356.0,356.0,311.0
HARYANA,jind,2012.0,50.0,36,34,0.0,34.0,58,40,18,17,27,0,114,0,642282,73.82,241577.0,428.0,428.0,370.0
HARYANA,jind,2015.0,,1,31,0.0,,2,52,46,13,73,1,116,0,642282,73.82,241577.0,335.0,335.0,332.0
HARYANA,jind,2019.0,0.0,4,48,0.0,0.0,0,86,50,10,56,4,156,0,642282,73.82,241577.0,414.0,414.0,410.0
HARYANA,jind,2020.0,0.0,0,43,0.0,0.0,0,73,7,6,63,2,138,0,642282,73.82,241577.0,332.0,332.0,330.0
HARYANA,kaithal,2001.0,33.0,15,16,0.0,16.0,9,8,1,9,19,0,105,0,510513,69.15,183482.0,231.0,231.0,222.0
HARYANA,kaithal,2002.0,26.0,21,7,0.0,7.0,7,4,3,6,11,0,98,0,510513,69.15,183482.0,190.0,190.0,183.0
HARYANA,kaithal,2003.0,18.0,16,15,0.0,15.0,4,2,2,8,14,0,125,0,510513,69.15,183482.0,219.0,219.0,215.0
HARYANA,kaithal,2004.0,25.0,16,18,0.0,18.0,13,9,4,9,13,0,136,0,510513,69.15,183482.0,261.0,261.0,248.0
HARYANA,kaithal,2005.0,23.0,18,19,0.0,19.0,11,9,2,6,9,0,115,0,510513,69.15,183482.0,231.0,231.0,220.0
HARYANA,kaithal,2006.0,24.0,11,25,0.0,25.0,14,6,8,9,14,0,149,0,510513,69.15,183482.0,285.0,285.0,271.0
HARYANA,kaithal,2007.0,32.0,15,14,0.0,14.0,16,10,6,14,26,0,178,0,510513,69.15,183482.0,325.0,325.0,309.0
HARYANA,kaithal,2008.0,22.0,24,14,0.0,14.0,16,16,0,13,14,0,150,0,510513,69.15,183482.0,283.0,283.0,267.0
HARYANA,kaithal,2009.0,21.0,19,24,0.0,24.0,19,16,3,13,20,0,187,0,510513,69.15,183482.0,346.0,346.0,327.0
HARYANA,kaithal,2010.0,30.0,24,28,0.0,28.0,27,20,7,11,15,0,112,0,510513,69.15,183482.0,302.0,302.0,275.0
HARYANA,kaithal,2011.0,36.0,23,20,0.0,20.0,23,17,6,8,18,0,119,0,510513,69.15,183482.0,290.0,290.0,267.0
HARYANA,kaithal,2012.0,31.0,20,18,0.0,18.0,38,20,18,6,15,0,127,0,510513,69.15,183482.0,311.0,311.0,273.0
HARYANA,kaithal,2015.0,,4,29,0.0,,0,97,50,11,61,0,102,0,510513,69.15,183482.0,354.0,354.0,354.0
HARYANA,kaithal,2019.0,2.0,6,35,0.0,0.0,0,214,83,7,86,4,118,0,510513,69.15,183482.0,555.0,555.0,551.0
HARYANA,kaithal,2020.0,0.0,0,21,0.0,0.0,0,199,45,8,80,8,173,0,510513,69.15,183482.0,534.0,534.0,526.0
HARYANA,karnal,2001.0,42.0,24,44,0.0,44.0,31,10,21,18,28,2,97,0,683368,76.29,337842.0,361.0,361.0,328.0
HARYANA,karnal,2002.0,39.0,28,37,0.0,37.0,16,8,8,11,25,0,115,0,683368,76.29,337842.0,324.0,324.0,308.0
HARYANA,karnal,2003.0,41.0,33,27,0.0,27.0,22,14,8,14,18,1,173,0,683368,76.29,337842.0,378.0,378.0,355.0
HARYANA,karnal,2004.0,40.0,28,31,0.0,31.0,15,12,3,15,23,0,242,0,683368,76.29,337842.0,440.0,440.0,425.0
HARYANA,karnal,2005.0,46.0,31,50,0.0,50.0,31,19,12,14,39,2,236,0,683368,76.29,337842.0,530.0,530.0,497.0
HARYANA,karnal,2006.0,32.0,29,51,0.0,51.0,40,23,17,13,35,1,214,0,683368,76.29,337842.0,506.0,506.0,465.0
HARYANA,karnal,2007.0,53.0,22,47,0.0,47.0,26,13,13,13,28,0,169,0,683368,76.29,337842.0,431.0,431.0,405.0
HARYANA,karnal,2008.0,39.0,46,50,0.0,50.0,35,23,12,17,31,21,124,0,683368,76.29,337842.0,448.0,448.0,392.0
HARYANA,karnal,2009.0,27.0,46,48,0.0,48.0,51,40,11,17,32,21,225,0,683368,76.29,337842.0,566.0,566.0,494.0
HARYANA,karnal,2010.0,49.0,50,52,0.0,52.0,33,20,13,21,29,22,231,0,683368,76.29,337842.0,572.0,572.0,517.0
HARYANA,karnal,2011.0,46.0,48,62,0.0,62.0,22,18,4,18,25,26,166,0,683368,76.29,337842.0,497.0,497.0,449.0
HARYANA,karnal,2012.0,59.0,60,63,0.0,63.0,103,41,62,23,50,28,204,0,683368,76.29,337842.0,756.0,756.0,625.0
HARYANA,karnal,2015.0,,9,54,0.0,,0,248,152,15,94,1,235,0,683368,76.29,337842.0,808.0,808.0,807.0
HARYANA,karnal,2019.0,0.0,41,69,0.0,0.0,0,161,22,14,177,6,259,0,683368,76.29,337842.0,749.0,749.0,743.0
HARYANA,karnal,2020.0,0.0,0,97,0.0,0.0,0,152,18,9,132,7,252,0,683368,76.29,337842.0,667.0,667.0,660.0
HARYANA,kurukshetra,2001.0,20.0,8,31,0.0,31.0,14,14,0,10,28,8,68,0,442328,78.06,215511.0,232.0,232.0,210.0
HARYANA,kurukshetra,2002.0,31.0,13,15,0.0,15.0,18,14,4,7,20,14,88,0,442328,78.06,215511.0,239.0,239.0,207.0
HARYANA,kurukshetra,2003.0,30.0,15,23,0.0,23.0,11,7,4,12,23,18,92,0,442328,78.06,215511.0,258.0,258.0,229.0
HARYANA,kurukshetra,2004.0,26.0,12,21,0.0,21.0,11,5,6,15,28,20,120,0,442328,78.06,215511.0,285.0,285.0,254.0
HARYANA,kurukshetra,2005.0,25.0,15,24,0.0,24.0,15,9,6,5,24,15,99,0,442328,78.06,215511.0,261.0,261.0,231.0
HARYANA,kurukshetra,2006.0,24.0,19,34,0.0,34.0,24,15,9,5,10,37,116,0,442328,78.06,215511.0,327.0,327.0,266.0
HARYANA,kurukshetra,2007.0,27.0,19,21,0.0,21.0,18,13,5,11,11,16,99,0,442328,78.06,215511.0,261.0,261.0,227.0
HARYANA,kurukshetra,2008.0,20.0,19,41,0.0,41.0,30,24,6,12,11,27,72,0,442328,78.06,215511.0,303.0,303.0,246.0
HARYANA,kurukshetra,2009.0,29.0,20,43,0.0,43.0,57,47,10,5,20,29,101,0,442328,78.06,215511.0,404.0,404.0,318.0
HARYANA,kurukshetra,2010.0,34.0,21,36,0.0,36.0,34,26,8,13,9,24,79,0,442328,78.06,215511.0,320.0,320.0,262.0
HARYANA,kurukshetra,2011.0,29.0,21,29,0.0,29.0,34,30,4,7,22,20,68,0,442328,78.06,215511.0,293.0,293.0,239.0
HARYANA,kurukshetra,2012.0,26.0,38,25,0.0,25.0,37,30,7,11,20,27,110,0,442328,78.06,215511.0,356.0,356.0,292.0
HARYANA,kurukshetra,2015.0,,4,26,0.0,,0,53,11,9,88,1,145,0,442328,78.06,215511.0,337.0,337.0,336.0
HARYANA,kurukshetra,2019.0,0.0,12,50,0.0,0.0,0,118,43,7,93,1,296,0,442328,78.06,215511.0,620.0,620.0,619.0
HARYANA,kurukshetra,2020.0,0.0,0,51,0.0,0.0,0,117,33,7,116,8,285,0,442328,78.06,215511.0,617.0,617.0,609.0
HARYANA,mahendragarh,2001.0,26.0,10,11,0.0,11.0,13,8,5,8,19,0,23,0,423578,84.72,109636.0,134.0,134.0,121.0
HARYANA,mahendragarh,2002.0,21.0,9,16,0.0,16.0,19,9,10,3,22,0,19,0,423578,84.72,109636.0,144.0,144.0,125.0
HARYANA,mahendragarh,2003.0,16.0,10,10,0.0,10.0,11,9,2,4,12,0,27,0,423578,84.72,109636.0,111.0,111.0,100.0
HARYANA,mahendragarh,2004.0,16.0,10,20,0.0,20.0,13,11,2,8,18,0,36,0,423578,84.72,109636.0,154.0,154.0,141.0
HARYANA,mahendragarh,2005.0,12.0,7,15,0.0,15.0,13,9,4,6,13,0,20,0,423578,84.72,109636.0,114.0,114.0,101.0
HARYANA,mahendragarh,2006.0,28.0,12,17,0.0,17.0,26,16,10,10,32,0,41,0,423578,84.72,109636.0,209.0,209.0,183.0
HARYANA,mahendragarh,2007.0,28.0,14,10,0.0,10.0,25,22,3,14,17,0,47,0,423578,84.72,109636.0,190.0,190.0,165.0
HARYANA,mahendragarh,2008.0,31.0,6,21,0.0,21.0,26,20,6,16,17,0,73,0,423578,84.72,109636.0,237.0,237.0,211.0
HARYANA,mahendragarh,2009.0,28.0,7,10,0.0,10.0,21,19,2,10,13,0,58,0,423578,84.72,109636.0,178.0,178.0,157.0
HARYANA,mahendragarh,2010.0,31.0,19,28,0.0,28.0,40,36,4,7,25,0,86,0,423578,84.72,109636.0,304.0,304.0,264.0
HARYANA,mahendragarh,2011.0,33.0,22,26,0.0,26.0,46,38,8,11,22,0,85,0,423578,84.72,109636.0,317.0,317.0,271.0
HARYANA,mahendragarh,2012.0,39.0,28,14,0.0,14.0,25,18,7,10,26,0,78,0,423578,84.72,109636.0,259.0,259.0,234.0
HARYANA,panchkula,2001.0,12.0,7,6,0.0,6.0,18,15,3,4,23,10,43,0,256939,80.87,208395.0,147.0,147.0,119.0
HARYANA,panchkula,2002.0,7.0,2,13,0.0,13.0,19,17,2,5,29,45,60,0,256939,80.87,208395.0,212.0,212.0,148.0
HARYANA,panchkula,2003.0,11.0,4,12,0.0,12.0,15,13,2,5,10,83,56,0,256939,80.87,208395.0,223.0,223.0,125.0
HARYANA,panchkula,2004.0,7.0,4,6,0.0,6.0,6,5,1,4,53,0,57,0,256939,80.87,208395.0,149.0,149.0,143.0
HARYANA,panchkula,2005.0,9.0,2,8,0.0,8.0,15,13,2,2,7,18,65,0,256939,80.87,208395.0,149.0,149.0,116.0
HARYANA,panchkula,2006.0,14.0,6,10,0.0,10.0,15,13,2,2,13,0,63,0,256939,80.87,208395.0,148.0,148.0,133.0
HARYANA,panchkula,2007.0,18.0,3,11,0.0,11.0,25,9,16,0,9,0,70,0,256939,80.87,208395.0,172.0,172.0,147.0
HARYANA,panchkula,2008.0,17.0,7,15,0.0,15.0,26,18,8,5,6,1,72,0,256939,80.87,208395.0,190.0,190.0,163.0
HARYANA,panchkula,2009.0,14.0,6,18,0.0,18.0,17,10,7,1,12,0,72,0,256939,80.87,208395.0,175.0,175.0,158.0
HARYANA,panchkula,2010.0,20.0,6,10,0.0,10.0,16,12,4,1,10,1,98,0,256939,80.87,208395.0,188.0,188.0,171.0
HARYANA,panchkula,2011.0,18.0,13,17,0.0,17.0,17,15,2,2,9,0,77,0,256939,80.87,208395.0,187.0,187.0,170.0
HARYANA,panchkula,2012.0,15.0,10,18,0.0,18.0,40,23,17,7,13,1,51,0,256939,80.87,208395.0,213.0,213.0,172.0
HARYANA,panchkula,2015.0,,0,24,0.0,,0,116,81,2,34,4,62,0,256939,80.87,208395.0,323.0,323.0,319.0
HARYANA,panchkula,2019.0,0.0,2,43,0.0,0.0,0,38,8,2,78,12,104,0,256939,80.87,208395.0,287.0,287.0,275.0
HARYANA,panchkula,2020.0,0.0,0,36,0.0,0.0,0,29,0,3,47,0,95,0,256939,80.87,208395.0,210.0,210.0,210.0
HARYANA,panipat,2001.0,43.0,26,38,0.0,38.0,19,10,9,11,16,11,92,0,528860,78.5,392080.0,313.0,313.0,283.0
HARYANA,panipat,2002.0,46.0,25,43,1.0,42.0,30,21,9,9,22,20,193,0,528860,78.5,392080.0,461.0,461.0,411.0
HARYANA,panipat,2003.0,47.0,21,38,0.0,38.0,16,9,7,13,17,22,165,0,528860,78.5,392080.0,393.0,393.0,355.0
HARYANA,panipat,2004.0,37.0,22,38,0.0,38.0,19,8,11,4,14,8,152,0,528860,78.5,392080.0,351.0,351.0,324.0
HARYANA,panipat,2005.0,42.0,19,56,0.0,56.0,35,21,14,11,11,10,127,0,528860,78.5,392080.0,402.0,402.0,357.0
HARYANA,panipat,2006.0,46.0,25,65,0.0,65.0,46,29,17,19,18,13,104,0,528860,78.5,392080.0,447.0,447.0,388.0
HARYANA,panipat,2007.0,35.0,20,34,0.0,34.0,33,24,9,11,13,18,63,0,528860,78.5,392080.0,294.0,294.0,243.0
HARYANA,panipat,2008.0,46.0,16,30,0.0,30.0,52,34,18,13,16,17,62,0,528860,78.5,392080.0,334.0,334.0,265.0
HARYANA,panipat,2009.0,64.0,30,45,0.0,45.0,51,31,20,19,26,44,117,0,528860,78.5,392080.0,492.0,492.0,397.0
HARYANA,panipat,2010.0,32.0,31,55,0.0,55.0,65,49,16,13,22,30,175,0,528860,78.5,392080.0,543.0,543.0,448.0
HARYANA,panipat,2011.0,49.0,26,47,0.0,47.0,90,70,20,11,29,19,163,0,528860,78.5,392080.0,571.0,571.0,462.0
HARYANA,panipat,2012.0,47.0,28,35,0.0,35.0,87,67,20,15,23,12,136,0,528860,78.5,392080.0,505.0,505.0,406.0
HARYANA,panipat,2015.0,,10,47,0.0,,0,86,7,9,95,2,195,0,528860,78.5,392080.0,451.0,451.0,449.0
HARYANA,panipat,2019.0,1.0,14,103,0.0,0.0,1,310,123,14,167,17,306,0,528860,78.5,392080.0,1056.0,1056.0,1038.0
HARYANA,panipat,2020.0,0.0,0,67,0.0,0.0,3,259,117,12,108,9,261,0,528860,78.5,392080.0,836.0,836.0,824.0
HARYANA,rewari,2001.0,21.0,13,11,0.0,11.0,13,11,2,12,17,0,14,0,403034,88.45,136174.0,125.0,125.0,112.0
HARYANA,rewari,2002.0,21.0,9,10,0.0,10.0,11,7,4,14,15,0,23,0,403034,88.45,136174.0,124.0,124.0,113.0
HARYANA,rewari,2003.0,16.0,10,11,0.0,11.0,11,9,2,7,22,1,34,0,403034,88.45,136174.0,134.0,134.0,122.0
HARYANA,rewari,2004.0,17.0,14,16,0.0,16.0,24,21,3,8,24,0,48,0,403034,88.45,136174.0,191.0,191.0,167.0
HARYANA,rewari,2005.0,33.0,11,13,0.0,13.0,20,19,1,9,21,10,50,0,403034,88.45,136174.0,200.0,200.0,170.0
HARYANA,rewari,2006.0,32.0,26,21,0.0,21.0,15,9,6,4,23,0,51,0,403034,88.45,136174.0,208.0,208.0,193.0
HARYANA,rewari,2007.0,18.0,17,22,0.0,22.0,35,29,6,12,30,1,76,0,403034,88.45,136174.0,268.0,268.0,232.0
HARYANA,rewari,2008.0,27.0,24,23,0.0,23.0,27,25,2,13,31,0,72,0,403034,88.45,136174.0,267.0,267.0,240.0
HARYANA,rewari,2009.0,34.0,23,19,0.0,19.0,36,29,7,14,19,20,55,0,403034,88.45,136174.0,275.0,275.0,219.0
HARYANA,rewari,2010.0,29.0,29,25,0.0,25.0,33,24,9,14,16,27,71,0,403034,88.45,136174.0,302.0,302.0,242.0
HARYANA,rewari,2011.0,41.0,28,17,0.0,17.0,26,19,7,7,19,34,94,0,403034,88.45,136174.0,309.0,309.0,249.0
HARYANA,rewari,2012.0,31.0,40,24,0.0,24.0,26,20,6,12,16,1,102,0,403034,88.45,136174.0,302.0,302.0,275.0
HARYANA,rewari,2015.0,,9,56,0.0,,0,49,0,9,71,17,119,0,403034,88.45,136174.0,330.0,330.0,313.0
HARYANA,rewari,2019.0,0.0,8,52,0.0,0.0,0,60,0,11,119,0,198,0,403034,88.45,136174.0,448.0,448.0,448.0
HARYANA,rewari,2020.0,0.0,0,54,0.0,0.0,7,63,7,12,105,16,204,0,403034,88.45,136174.0,468.0,468.0,445.0
HARYANA,rohtak,2001.0,57.0,29,28,0.0,28.0,13,6,7,17,26,20,41,0,509038,83.23,329604.0,272.0,272.0,239.0
HARYANA,rohtak,2002.0,63.0,39,17,0.0,17.0,16,10,6,17,14,40,30,0,509038,83.23,329604.0,269.0,269.0,213.0
HARYANA,rohtak,2003.0,50.0,52,25,0.0,25.0,21,15,6,17,12,23,34,0,509038,83.23,329604.0,280.0,280.0,236.0
HARYANA,rohtak,2004.0,65.0,39,29,0.0,29.0,19,13,6,15,14,21,45,0,509038,83.23,329604.0,295.0,295.0,255.0
HARYANA,rohtak,2005.0,48.0,48,29,0.0,29.0,16,10,6,9,17,32,79,0,509038,83.23,329604.0,323.0,323.0,275.0
HARYANA,rohtak,2006.0,62.0,36,34,0.0,34.0,23,17,6,22,13,29,80,0,509038,83.23,329604.0,356.0,356.0,304.0
HARYANA,rohtak,2007.0,56.0,49,18,0.0,18.0,30,20,10,31,18,32,92,0,509038,83.23,329604.0,374.0,374.0,312.0
HARYANA,rohtak,2008.0,67.0,53,39,0.0,39.0,32,20,12,17,25,38,106,0,509038,83.23,329604.0,448.0,448.0,378.0
HARYANA,rohtak,2009.0,65.0,61,36,0.0,36.0,43,30,13,18,30,38,113,0,509038,83.23,329604.0,483.0,483.0,402.0
HARYANA,rohtak,2010.0,72.0,53,51,0.0,51.0,32,19,13,17,26,57,87,0,509038,83.23,329604.0,478.0,478.0,389.0
HARYANA,rohtak,2011.0,77.0,50,57,0.0,57.0,47,32,15,9,38,52,124,0,509038,83.23,329604.0,558.0,558.0,459.0
HARYANA,rohtak,2012.0,60.0,63,37,0.0,37.0,35,23,12,12,24,40,143,0,509038,83.23,329604.0,486.0,486.0,411.0
HARYANA,rohtak,2015.0,,6,54,0.0,,0,277,202,14,190,2,193,0,509038,83.23,329604.0,938.0,938.0,936.0
HARYANA,rohtak,2019.0,1.0,13,65,0.0,0.0,0,192,80,13,171,4,288,0,509038,83.23,329604.0,827.0,827.0,823.0
HARYANA,rohtak,2020.0,0.0,0,70,0.0,0.0,0,154,66,14,185,5,245,0,509038,83.23,329604.0,739.0,739.0,734.0
HARYANA,sirsa,2001.0,37.0,33,17,0.0,17.0,18,7,11,12,23,0,98,0,593245,70.05,293465.0,273.0,273.0,255.0
HARYANA,sirsa,2002.0,43.0,37,20,0.0,20.0,22,3,19,7,30,0,103,0,593245,70.05,293465.0,304.0,304.0,282.0
HARYANA,sirsa,2003.0,38.0,36,22,0.0,22.0,18,5,13,9,10,0,70,0,593245,70.05,293465.0,243.0,243.0,225.0
HARYANA,sirsa,2004.0,25.0,29,17,0.0,17.0,16,6,10,9,17,0,102,0,593245,70.05,293465.0,248.0,248.0,232.0
HARYANA,sirsa,2005.0,31.0,23,15,0.0,15.0,16,10,6,10,17,0,119,0,593245,70.05,293465.0,262.0,262.0,246.0
HARYANA,sirsa,2006.0,37.0,28,18,0.0,18.0,11,2,9,4,14,0,129,0,593245,70.05,293465.0,270.0,270.0,259.0
HARYANA,sirsa,2007.0,29.0,22,23,0.0,23.0,21,14,7,5,21,0,154,0,593245,70.05,293465.0,319.0,319.0,298.0
HARYANA,sirsa,2008.0,48.0,35,31,0.0,31.0,25,16,9,9,14,0,127,0,593245,70.05,293465.0,345.0,345.0,320.0
HARYANA,sirsa,2009.0,36.0,18,24,0.0,24.0,43,28,15,6,10,0,97,0,593245,70.05,293465.0,301.0,301.0,258.0
HARYANA,sirsa,2010.0,45.0,33,39,0.0,39.0,47,30,17,8,9,0,125,0,593245,70.05,293465.0,392.0,392.0,345.0
HARYANA,sirsa,2011.0,42.0,31,21,0.0,21.0,60,49,11,16,26,0,170,0,593245,70.05,293465.0,447.0,447.0,387.0
HARYANA,sirsa,2012.0,27.0,26,30,0.0,30.0,90,55,35,6,25,1,159,0,593245,70.05,293465.0,484.0,484.0,393.0
HARYANA,sirsa,2015.0,,2,52,0.0,,47,48,0,5,58,3,168,0,593245,70.05,293465.0,383.0,383.0,333.0
HARYANA,sirsa,2019.0,0.0,9,85,0.0,0.0,0,91,2,11,84,3,158,0,593245,70.05,293465.0,443.0,443.0,440.0
HARYANA,sirsa,2020.0,0.0,0,66,0.0,0.0,0,106,5,5,82,9,153,0,593245,70.05,293465.0,426.0,426.0,417.0
HARYANA,sonipat,2001.0,73.0,49,15,0.0,15.0,26,12,14,18,22,14,51,0,695723,83.06,321375.0,309.0,309.0,269.0
HARYANA,sonipat,2002.0,82.0,49,14,0.0,14.0,24,16,8,20,15,10,63,0,695723,83.06,321375.0,315.0,315.0,281.0
HARYANA,sonipat,2003.0,62.0,37,15,0.0,15.0,26,20,6,17,21,5,68,0,695723,83.06,321375.0,292.0,292.0,261.0
HARYANA,sonipat,2004.0,67.0,34,13,0.0,13.0,25,20,5,16,22,12,88,0,695723,83.06,321375.0,315.0,315.0,278.0
HARYANA,sonipat,2005.0,73.0,42,28,0.0,28.0,39,29,10,14,21,22,124,0,695723,83.06,321375.0,430.0,430.0,369.0
HARYANA,sonipat,2006.0,69.0,39,31,0.0,31.0,67,49,18,26,46,28,165,0,695723,83.06,321375.0,569.0,569.0,474.0
HARYANA,sonipat,2007.0,75.0,44,24,0.0,24.0,42,26,16,16,30,27,149,0,695723,83.06,321375.0,473.0,473.0,404.0
HARYANA,sonipat,2008.0,84.0,48,36,0.0,36.0,59,43,16,24,31,50,149,0,695723,83.06,321375.0,576.0,576.0,467.0
HARYANA,sonipat,2009.0,83.0,70,32,0.0,32.0,57,42,15,17,21,46,129,0,695723,83.06,321375.0,544.0,544.0,441.0
HARYANA,sonipat,2010.0,81.0,66,27,0.0,27.0,75,56,19,26,32,36,123,0,695723,83.06,321375.0,568.0,568.0,457.0
HARYANA,sonipat,2011.0,78.0,65,27,0.0,27.0,54,42,12,23,19,15,156,0,695723,83.06,321375.0,518.0,518.0,449.0
HARYANA,sonipat,2012.0,86.0,67,32,0.0,32.0,62,49,13,30,26,25,185,0,695723,83.06,321375.0,607.0,607.0,520.0
HARYANA,sonipat,2015.0,,6,62,0.0,,0,57,0,20,94,3,168,0,695723,83.06,321375.0,410.0,410.0,407.0
HARYANA,sonipat,2019.0,0.0,0,76,0.0,0.0,0,241,105,18,118,0,299,0,695723,83.06,321375.0,857.0,857.0,857.0
HARYANA,sonipat,2020.0,1.0,0,80,0.0,0.0,1,204,87,21,136,8,241,0,695723,83.06,321375.0,779.0,779.0,770.0
HARYANA,yamunanagar,2001.0,42.0,14,22,0.0,22.0,26,23,3,9,30,5,63,0,559444,78.82,393022.0,259.0,259.0,228.0
HARYANA,yamunanagar,2002.0,31.0,16,13,0.0,13.0,22,18,4,9,11,0,55,0,559444,78.82,393022.0,192.0,192.0,170.0
HARYANA,yamunanagar,2003.0,22.0,15,12,0.0,12.0,15,13,2,4,15,0,86,0,559444,78.82,393022.0,196.0,196.0,181.0
HARYANA,yamunanagar,2004.0,21.0,15,16,0.0,16.0,17,12,5,7,10,0,133,0,559444,78.82,393022.0,252.0,252.0,235.0
HARYANA,yamunanagar,2005.0,29.0,16,14,0.0,14.0,25,21,4,4,20,0,127,0,559444,78.82,393022.0,274.0,274.0,249.0
HARYANA,yamunanagar,2006.0,27.0,17,28,0.0,28.0,28,24,4,8,19,0,110,0,559444,78.82,393022.0,293.0,293.0,265.0
HARYANA,yamunanagar,2007.0,32.0,23,25,0.0,25.0,35,33,2,6,17,0,76,0,559444,78.82,393022.0,274.0,274.0,239.0
HARYANA,yamunanagar,2008.0,41.0,23,28,0.0,28.0,43,35,8,9,25,5,101,0,559444,78.82,393022.0,346.0,346.0,298.0
HARYANA,yamunanagar,2009.0,36.0,30,26,0.0,26.0,58,51,7,11,20,16,180,0,559444,78.82,393022.0,461.0,461.0,387.0
HARYANA,yamunanagar,2010.0,28.0,47,32,0.0,32.0,42,35,7,6,20,13,155,0,559444,78.82,393022.0,417.0,417.0,362.0
HARYANA,yamunanagar,2011.0,50.0,56,36,0.0,36.0,50,36,14,13,14,6,169,0,559444,78.82,393022.0,480.0,480.0,424.0
HARYANA,yamunanagar,2012.0,24.0,34,25,0.0,25.0,83,46,37,7,15,9,122,0,559444,78.82,393022.0,427.0,427.0,335.0
HARYANA,yamunanagar,2015.0,,7,44,0.0,,0,265,202,7,72,0,156,0,559444,78.82,393022.0,753.0,753.0,753.0
HARYANA,yamunanagar,2019.0,0.0,6,54,0.0,0.0,0,182,63,8,48,1,238,0,559444,78.82,393022.0,600.0,600.0,599.0
HARYANA,yamunanagar,2020.0,0.0,0,102,0.0,0.0,0,161,58,9,118,9,243,0,559444,78.82,393022.0,700.0,700.0,691.0
HIMACHAL PRADESH,bilaspur,2001.0,8.0,10,5,0.0,5.0,10,9,1,1,35,1,47,0,171263,86.04,21951.0,132.0,132.0,121.0
HIMACHAL PRADESH,bilaspur,2002.0,11.0,15,9,0.0,9.0,8,3,5,0,36,1,22,0,171263,86.04,21951.0,119.0,119.0,110.0
HIMACHAL PRADESH,bilaspur,2003.0,8.0,5,13,0.0,13.0,12,11,1,0,20,2,17,0,171263,86.04,21951.0,102.0,102.0,88.0
HIMACHAL PRADESH,bilaspur,2004.0,9.0,11,10,0.0,10.0,8,5,3,0,28,0,28,0,171263,86.04,21951.0,112.0,112.0,104.0
HIMACHAL PRADESH,bilaspur,2005.0,13.0,7,8,0.0,8.0,9,6,3,0,30,0,27,0,171263,86.04,21951.0,111.0,111.0,102.0
HIMACHAL PRADESH,bilaspur,2006.0,6.0,9,11,0.0,11.0,4,2,2,0,27,3,23,0,171263,86.04,21951.0,98.0,98.0,91.0
HIMACHAL PRADESH,bilaspur,2007.0,1.0,4,6,0.0,6.0,11,9,2,0,33,1,28,0,171263,86.04,21951.0,101.0,101.0,89.0
HIMACHAL PRADESH,bilaspur,2008.0,5.0,2,10,0.0,10.0,7,7,0,2,28,5,35,0,171263,86.04,21951.0,111.0,111.0,99.0
HIMACHAL PRADESH,bilaspur,2009.0,8.0,6,14,0.0,14.0,6,5,1,1,28,4,21,0,171263,86.04,21951.0,108.0,108.0,98.0
HIMACHAL PRADESH,bilaspur,2010.0,9.0,10,15,0.0,15.0,8,6,2,0,37,6,32,0,171263,86.04,21951.0,140.0,140.0,126.0
HIMACHAL PRADESH,bilaspur,2011.0,8.0,2,8,0.0,8.0,3,3,0,0,18,9,17,0,171263,86.04,21951.0,76.0,76.0,64.0
HIMACHAL PRADESH,bilaspur,2012.0,8.0,8,12,0.0,12.0,7,5,2,0,21,12,22,0,171263,86.04,21951.0,109.0,109.0,90.0
HIMACHAL PRADESH,bilaspur,2015.0,,0,15,0.0,,0,23,0,0,45,13,12,0,171263,86.04,21951.0,108.0,108.0,95.0
HIMACHAL PRADESH,bilaspur,2019.0,0.0,0,19,0.0,0.0,20,27,1,1,32,12,19,0,171263,86.04,21951.0,131.0,131.0,99.0
HIMACHAL PRADESH,bilaspur,2020.0,0.0,0,23,0.0,0.0,15,18,0,0,47,13,16,0,171263,86.04,21951.0,132.0,132.0,104.0
HIMACHAL PRADESH,chamba,2001.0,13.0,3,12,0.0,12.0,17,15,2,0,23,1,21,0,235218,76.41,34542.0,119.0,119.0,101.0
HIMACHAL PRADESH,chamba,2002.0,15.0,2,16,0.0,16.0,14,10,4,2,21,1,12,0,235218,76.41,34542.0,113.0,113.0,98.0
HIMACHAL PRADESH,chamba,2003.0,6.0,3,10,0.0,10.0,14,14,0,0,13,0,8,0,235218,76.41,34542.0,78.0,78.0,64.0
HIMACHAL PRADESH,chamba,2004.0,8.0,5,14,0.0,14.0,22,20,2,1,22,0,11,0,235218,76.41,34542.0,119.0,119.0,97.0
HIMACHAL PRADESH,chamba,2005.0,9.0,8,12,0.0,12.0,8,8,0,1,20,0,10,0,235218,76.41,34542.0,88.0,88.0,80.0
HIMACHAL PRADESH,chamba,2006.0,14.0,4,4,0.0,4.0,12,11,1,0,18,0,3,0,235218,76.41,34542.0,71.0,71.0,59.0
HIMACHAL PRADESH,chamba,2007.0,9.0,3,15,0.0,15.0,11,11,0,0,20,1,6,0,235218,76.41,34542.0,91.0,91.0,79.0
HIMACHAL PRADESH,chamba,2008.0,10.0,3,10,0.0,10.0,16,16,0,0,26,0,10,0,235218,76.41,34542.0,101.0,101.0,85.0
HIMACHAL PRADESH,chamba,2009.0,8.0,3,20,0.0,20.0,16,15,1,0,29,0,14,0,235218,76.41,34542.0,126.0,126.0,110.0
HIMACHAL PRADESH,chamba,2010.0,5.0,4,13,0.0,13.0,22,21,1,1,29,1,5,0,235218,76.41,34542.0,115.0,115.0,92.0
HIMACHAL PRADESH,chamba,2011.0,15.0,2,6,0.0,6.0,19,18,1,2,29,3,10,0,235218,76.41,34542.0,111.0,111.0,89.0
HIMACHAL PRADESH,chamba,2012.0,7.0,0,10,0.0,10.0,14,14,0,1,9,4,7,0,235218,76.41,34542.0,76.0,76.0,58.0
HIMACHAL PRADESH,chamba,2015.0,,0,26,0.0,,1,20,0,1,28,0,10,0,235218,76.41,34542.0,86.0,86.0,85.0
HIMACHAL PRADESH,chamba,2019.0,3.0,0,18,0.0,0.0,0,15,0,0,30,3,7,0,235218,76.41,34542.0,76.0,76.0,73.0
HIMACHAL PRADESH,chamba,2020.0,4.0,0,22,0.0,0.0,0,16,0,0,39,5,8,0,235218,76.41,34542.0,94.0,94.0,89.0
HIMACHAL PRADESH,hamirpur,2001.0,2.0,5,3,0.0,3.0,3,3,0,1,17,2,33,0,563801,71.87,173808.0,72.0,72.0,67.0
HIMACHAL PRADESH,hamirpur,2002.0,8.0,6,3,0.0,3.0,14,14,0,0,17,1,24,0,563801,71.87,173808.0,90.0,90.0,75.0
HIMACHAL PRADESH,hamirpur,2003.0,4.0,5,6,0.0,6.0,8,7,1,0,13,1,15,0,563801,71.87,173808.0,66.0,66.0,57.0
HIMACHAL PRADESH,hamirpur,2004.0,9.0,8,5,0.0,5.0,10,7,3,0,24,2,23,0,563801,71.87,173808.0,96.0,96.0,84.0
HIMACHAL PRADESH,hamirpur,2005.0,4.0,2,4,0.0,4.0,4,4,0,0,11,4,21,0,563801,71.87,173808.0,58.0,58.0,50.0
HIMACHAL PRADESH,hamirpur,2006.0,10.0,4,1,0.0,1.0,4,4,0,0,18,8,34,0,563801,71.87,173808.0,84.0,84.0,72.0
HIMACHAL PRADESH,hamirpur,2007.0,7.0,1,5,0.0,5.0,16,15,1,1,29,13,35,0,563801,71.87,173808.0,128.0,128.0,99.0
HIMACHAL PRADESH,hamirpur,2008.0,6.0,0,8,0.0,8.0,12,12,0,0,15,7,39,0,563801,71.87,173808.0,107.0,107.0,88.0
HIMACHAL PRADESH,hamirpur,2009.0,6.0,4,9,0.0,9.0,16,14,2,0,22,5,30,0,563801,71.87,173808.0,117.0,117.0,96.0
HIMACHAL PRADESH,hamirpur,2010.0,11.0,4,11,0.0,11.0,19,16,3,0,27,23,17,0,563801,71.87,173808.0,142.0,142.0,100.0
HIMACHAL PRADESH,hamirpur,2011.0,3.0,5,5,0.0,5.0,8,7,1,0,17,12,5,0,563801,71.87,173808.0,68.0,68.0,48.0
HIMACHAL PRADESH,hamirpur,2012.0,6.0,5,8,0.0,8.0,6,2,4,0,20,5,17,0,563801,71.87,173808.0,81.0,81.0,70.0
HIMACHAL PRADESH,hamirpur,2015.0,,0,6,0.0,,0,10,0,0,34,9,11,0,563801,71.87,173808.0,70.0,70.0,61.0
HIMACHAL PRADESH,hamirpur,2019.0,0.0,0,18,0.0,0.0,0,16,0,1,36,7,18,0,563801,71.87,173808.0,96.0,96.0,89.0
HIMACHAL PRADESH,hamirpur,2020.0,0.0,0,6,0.0,0.0,0,11,0,0,38,11,15,0,563801,71.87,173808.0,81.0,81.0,70.0
HIMACHAL PRADESH,kangra,2001.0,24.0,16,18,0.0,18.0,30,21,9,1,43,0,58,0,661254,87.54,72285.0,238.0,238.0,208.0
HIMACHAL PRADESH,kangra,2002.0,28.0,22,14,0.0,14.0,20,17,3,2,50,1,32,0,661254,87.54,72285.0,203.0,203.0,182.0
HIMACHAL PRADESH,kangra,2003.0,38.0,16,8,0.0,8.0,7,6,1,0,28,0,35,0,661254,87.54,72285.0,147.0,147.0,140.0
HIMACHAL PRADESH,kangra,2004.0,18.0,15,15,0.0,15.0,15,10,5,2,34,1,57,0,661254,87.54,72285.0,187.0,187.0,171.0
HIMACHAL PRADESH,kangra,2005.0,21.0,13,23,0.0,23.0,22,18,4,0,27,8,48,0,661254,87.54,72285.0,207.0,207.0,177.0
HIMACHAL PRADESH,kangra,2006.0,19.0,19,12,0.0,12.0,25,22,3,0,34,9,57,0,661254,87.54,72285.0,212.0,212.0,178.0
HIMACHAL PRADESH,kangra,2007.0,22.0,11,20,0.0,20.0,25,19,6,3,38,4,72,0,661254,87.54,72285.0,240.0,240.0,211.0
HIMACHAL PRADESH,kangra,2008.0,19.0,20,19,0.0,19.0,20,15,5,0,37,13,68,0,661254,87.54,72285.0,235.0,235.0,202.0
HIMACHAL PRADESH,kangra,2009.0,29.0,17,23,0.0,23.0,24,22,2,0,49,5,49,0,661254,87.54,72285.0,243.0,243.0,214.0
HIMACHAL PRADESH,kangra,2010.0,27.0,12,22,0.0,22.0,38,33,5,0,60,8,53,0,661254,87.54,72285.0,280.0,280.0,234.0
HIMACHAL PRADESH,kangra,2011.0,21.0,7,32,0.0,32.0,68,55,13,1,60,12,42,0,661254,87.54,72285.0,343.0,343.0,263.0
HIMACHAL PRADESH,kangra,2012.0,24.0,8,26,0.0,26.0,52,47,5,0,45,13,43,0,661254,87.54,72285.0,289.0,289.0,224.0
HIMACHAL PRADESH,kangra,2015.0,,1,46,0.0,,0,35,0,0,60,11,39,0,661254,87.54,72285.0,192.0,192.0,181.0
HIMACHAL PRADESH,kangra,2019.0,5.0,2,39,0.0,0.0,0,56,0,2,87,12,30,0,661254,87.54,72285.0,233.0,233.0,221.0
HIMACHAL PRADESH,kangra,2020.0,0.0,0,47,0.0,0.0,0,42,0,0,93,11,46,0,661254,87.54,72285.0,239.0,239.0,228.0
HIMACHAL PRADESH,kinnaur,2001.0,5.0,0,6,0.0,6.0,3,3,0,0,4,0,2,0,42173,84.3,0.0,29.0,29.0,26.0
HIMACHAL PRADESH,kinnaur,2002.0,2.0,0,4,0.0,4.0,3,3,0,0,6,1,7,0,42173,84.3,0.0,30.0,30.0,26.0
HIMACHAL PRADESH,kinnaur,2003.0,3.0,1,6,0.0,6.0,4,4,0,0,2,0,2,0,42173,84.3,0.0,28.0,28.0,24.0
HIMACHAL PRADESH,kinnaur,2004.0,3.0,1,8,0.0,8.0,3,3,0,0,4,0,4,0,42173,84.3,0.0,34.0,34.0,31.0
HIMACHAL PRADESH,kinnaur,2005.0,3.0,1,4,0.0,4.0,3,3,0,0,6,1,6,0,42173,84.3,0.0,31.0,31.0,27.0
HIMACHAL PRADESH,kinnaur,2006.0,2.0,0,2,0.0,2.0,5,4,1,0,2,1,3,0,42173,84.3,0.0,22.0,22.0,16.0
HIMACHAL PRADESH,kinnaur,2007.0,7.0,0,9,0.0,9.0,1,1,0,0,1,0,4,0,42173,84.3,0.0,32.0,32.0,31.0
HIMACHAL PRADESH,kinnaur,2008.0,1.0,0,4,0.0,4.0,2,2,0,0,3,0,3,0,42173,84.3,0.0,19.0,19.0,17.0
HIMACHAL PRADESH,kinnaur,2009.0,2.0,1,6,0.0,6.0,2,1,1,0,3,0,2,0,42173,84.3,0.0,24.0,24.0,22.0
HIMACHAL PRADESH,kinnaur,2010.0,4.0,0,2,0.0,2.0,2,2,0,0,2,0,4,0,42173,84.3,0.0,18.0,18.0,16.0
HIMACHAL PRADESH,kinnaur,2011.0,2.0,1,6,0.0,6.0,1,1,0,1,4,0,1,0,42173,84.3,0.0,23.0,23.0,22.0
HIMACHAL PRADESH,kinnaur,2012.0,2.0,1,6,0.0,6.0,2,2,0,0,1,0,5,0,42173,84.3,0.0,25.0,25.0,23.0
HIMACHAL PRADESH,kinnaur,2015.0,,0,8,0.0,,0,5,0,0,4,0,3,0,42173,84.3,0.0,20.0,20.0,20.0
HIMACHAL PRADESH,kinnaur,2019.0,1.0,0,12,0.0,0.0,2,3,0,0,5,2,3,0,42173,84.3,0.0,28.0,28.0,24.0
HIMACHAL PRADESH,kinnaur,2020.0,0.0,0,5,0.0,0.0,4,6,0,0,6,1,2,0,42173,84.3,0.0,24.0,24.0,19.0
HIMACHAL PRADESH,kullu,2001.0,13.0,1,13,0.0,13.0,7,6,1,0,12,0,2,0,198016,83.98,30093.0,68.0,68.0,61.0
HIMACHAL PRADESH,kullu,2002.0,8.0,2,14,0.0,14.0,11,11,0,0,20,0,11,0,198016,83.98,30093.0,91.0,91.0,80.0
HIMACHAL PRADESH,kullu,2003.0,14.0,1,16,0.0,16.0,8,6,2,2,24,0,13,0,198016,83.98,30093.0,102.0,102.0,94.0
HIMACHAL PRADESH,kullu,2004.0,9.0,4,13,0.0,13.0,13,11,2,1,11,1,10,0,198016,83.98,30093.0,88.0,88.0,74.0
HIMACHAL PRADESH,kullu,2005.0,10.0,13,19,0.0,19.0,24,24,0,0,23,0,12,0,198016,83.98,30093.0,144.0,144.0,120.0
HIMACHAL PRADESH,kullu,2006.0,5.0,4,10,0.0,10.0,9,9,0,0,24,0,16,0,198016,83.98,30093.0,87.0,87.0,78.0
HIMACHAL PRADESH,kullu,2007.0,11.0,2,22,0.0,22.0,12,11,1,0,22,3,18,0,198016,83.98,30093.0,124.0,124.0,109.0
HIMACHAL PRADESH,kullu,2008.0,15.0,3,16,0.0,16.0,19,17,2,0,31,2,28,0,198016,83.98,30093.0,149.0,149.0,128.0
HIMACHAL PRADESH,kullu,2009.0,7.0,6,24,0.0,24.0,12,10,2,0,23,1,16,0,198016,83.98,30093.0,125.0,125.0,112.0
HIMACHAL PRADESH,kullu,2010.0,11.0,5,17,0.0,17.0,9,5,4,0,23,1,9,0,198016,83.98,30093.0,101.0,101.0,91.0
HIMACHAL PRADESH,kullu,2011.0,13.0,2,20,0.0,20.0,13,12,1,0,38,2,21,0,198016,83.98,30093.0,142.0,142.0,127.0
HIMACHAL PRADESH,kullu,2012.0,9.0,3,22,0.0,22.0,7,5,2,0,22,0,10,0,198016,83.98,30093.0,102.0,102.0,95.0
HIMACHAL PRADESH,kullu,2015.0,,0,23,0.0,,0,11,11,0,19,4,14,0,198016,83.98,30093.0,82.0,82.0,78.0
HIMACHAL PRADESH,kullu,2019.0,2.0,0,30,0.0,0.0,15,16,0,0,26,6,8,0,198016,83.98,30093.0,103.0,103.0,82.0
HIMACHAL PRADESH,kullu,2020.0,0.0,0,31,0.0,0.0,23,23,0,0,45,6,15,0,198016,83.98,30093.0,143.0,143.0,114.0
HIMACHAL PRADESH,mandi,2001.0,18.0,8,16,0.0,16.0,11,10,1,0,59,4,56,0,447872,85.94,60982.0,199.0,199.0,184.0
HIMACHAL PRADESH,mandi,2002.0,5.0,9,24,0.0,24.0,9,8,1,2,51,6,47,0,447872,85.94,60982.0,186.0,186.0,171.0
HIMACHAL PRADESH,mandi,2003.0,10.0,9,23,0.0,23.0,7,5,2,1,52,2,43,0,447872,85.94,60982.0,177.0,177.0,168.0
HIMACHAL PRADESH,mandi,2004.0,19.0,7,15,0.0,15.0,7,6,1,1,56,2,29,0,447872,85.94,60982.0,158.0,158.0,149.0
HIMACHAL PRADESH,mandi,2005.0,7.0,12,8,0.0,8.0,10,8,2,0,70,4,20,0,447872,85.94,60982.0,149.0,149.0,135.0
HIMACHAL PRADESH,mandi,2006.0,12.0,6,18,0.0,18.0,12,7,5,0,51,4,27,0,447872,85.94,60982.0,160.0,160.0,144.0
HIMACHAL PRADESH,mandi,2007.0,14.0,7,30,0.0,30.0,25,23,2,0,70,6,60,0,447872,85.94,60982.0,267.0,267.0,236.0
HIMACHAL PRADESH,mandi,2008.0,19.0,7,32,0.0,32.0,14,13,1,1,75,8,42,0,447872,85.94,60982.0,244.0,244.0,222.0
HIMACHAL PRADESH,mandi,2009.0,9.0,7,22,0.0,22.0,14,11,3,0,59,5,29,0,447872,85.94,60982.0,181.0,181.0,162.0
HIMACHAL PRADESH,mandi,2010.0,11.0,11,19,0.0,19.0,19,15,4,0,71,13,45,0,447872,85.94,60982.0,227.0,227.0,195.0
HIMACHAL PRADESH,mandi,2011.0,13.0,5,26,0.0,26.0,17,16,1,0,55,12,40,0,447872,85.94,60982.0,211.0,211.0,182.0
HIMACHAL PRADESH,mandi,2012.0,15.0,6,28,0.0,28.0,19,18,1,0,49,17,32,0,447872,85.94,60982.0,213.0,213.0,177.0
HIMACHAL PRADESH,mandi,2015.0,,0,29,0.0,,0,38,0,0,84,5,25,0,447872,85.94,60982.0,181.0,181.0,176.0
HIMACHAL PRADESH,mandi,2019.0,0.0,0,52,0.0,0.0,0,58,0,0,91,16,46,0,447872,85.94,60982.0,263.0,263.0,247.0
HIMACHAL PRADESH,mandi,2020.0,0.0,0,41,0.0,0.0,0,59,0,0,87,14,62,0,447872,85.94,60982.0,263.0,263.0,249.0
HIMACHAL PRADESH,shimla,2001.0,14.0,13,18,0.0,18.0,13,11,2,2,50,1,31,0,380996,87.19,167233.0,173.0,173.0,159.0
HIMACHAL PRADESH,shimla,2002.0,15.0,10,27,0.0,27.0,22,18,4,0,49,0,22,0,380996,87.19,167233.0,194.0,194.0,172.0
HIMACHAL PRADESH,shimla,2003.0,18.0,15,21,0.0,21.0,21,16,5,2,40,8,15,0,380996,87.19,167233.0,182.0,182.0,153.0
HIMACHAL PRADESH,shimla,2004.0,10.0,10,34,0.0,34.0,16,14,2,1,43,6,24,0,380996,87.19,167233.0,194.0,194.0,172.0
HIMACHAL PRADESH,shimla,2005.0,15.0,6,32,0.0,32.0,14,10,4,0,51,7,29,0,380996,87.19,167233.0,200.0,200.0,179.0
HIMACHAL PRADESH,shimla,2006.0,16.0,13,34,0.0,34.0,28,26,2,0,39,0,30,0,380996,87.19,167233.0,222.0,222.0,194.0
HIMACHAL PRADESH,shimla,2007.0,15.0,15,27,0.0,27.0,28,26,2,1,46,0,44,0,380996,87.19,167233.0,231.0,231.0,203.0
HIMACHAL PRADESH,shimla,2008.0,15.0,10,22,0.0,22.0,20,19,1,0,31,0,33,0,380996,87.19,167233.0,173.0,173.0,153.0
HIMACHAL PRADESH,shimla,2009.0,18.0,12,28,0.0,28.0,28,22,6,0,32,5,39,0,380996,87.19,167233.0,218.0,218.0,185.0
HIMACHAL PRADESH,shimla,2010.0,20.0,6,21,0.0,21.0,23,22,1,0,27,4,29,0,380996,87.19,167233.0,174.0,174.0,147.0
HIMACHAL PRADESH,shimla,2011.0,20.0,10,22,0.0,22.0,24,24,0,0,45,5,16,0,380996,87.19,167233.0,188.0,188.0,159.0
HIMACHAL PRADESH,shimla,2012.0,18.0,6,23,0.0,23.0,29,25,4,0,28,7,23,0,380996,87.19,167233.0,186.0,186.0,150.0
HIMACHAL PRADESH,shimla,2015.0,,0,24,0.0,,9,36,0,0,46,7,26,0,380996,87.19,167233.0,148.0,148.0,132.0
HIMACHAL PRADESH,shimla,2019.0,0.0,2,62,0.0,0.0,49,62,0,0,68,9,14,0,380996,87.19,167233.0,266.0,266.0,208.0
HIMACHAL PRADESH,shimla,2020.0,0.0,0,54,0.0,0.0,3,50,0,0,68,18,32,0,380996,87.19,167233.0,225.0,225.0,204.0
HIMACHAL PRADESH,sirmaur,2001.0,3.0,5,10,0.0,10.0,13,11,2,3,33,4,22,0,241299,79.36,47670.0,116.0,116.0,99.0
HIMACHAL PRADESH,sirmaur,2002.0,9.0,9,11,0.0,11.0,10,10,0,0,34,0,15,0,241299,79.36,47670.0,109.0,109.0,99.0
HIMACHAL PRADESH,sirmaur,2003.0,6.0,4,8,0.0,8.0,15,14,1,1,24,0,18,0,241299,79.36,47670.0,99.0,99.0,84.0
HIMACHAL PRADESH,sirmaur,2004.0,9.0,3,9,0.0,9.0,13,10,3,1,23,4,15,0,241299,79.36,47670.0,99.0,99.0,82.0
HIMACHAL PRADESH,sirmaur,2005.0,12.0,5,11,0.0,11.0,9,8,1,0,20,4,21,0,241299,79.36,47670.0,102.0,102.0,89.0
HIMACHAL PRADESH,sirmaur,2006.0,10.0,9,3,0.0,3.0,6,4,2,1,23,3,26,0,241299,79.36,47670.0,90.0,90.0,81.0
HIMACHAL PRADESH,sirmaur,2007.0,16.0,4,7,0.0,7.0,12,9,3,0,26,0,26,0,241299,79.36,47670.0,110.0,110.0,98.0
HIMACHAL PRADESH,sirmaur,2008.0,7.0,2,10,0.0,10.0,14,13,1,0,19,0,30,0,241299,79.36,47670.0,106.0,106.0,92.0
HIMACHAL PRADESH,sirmaur,2009.0,7.0,5,15,0.0,15.0,10,9,1,0,34,2,28,0,241299,79.36,47670.0,126.0,126.0,114.0
HIMACHAL PRADESH,sirmaur,2010.0,10.0,5,15,0.0,15.0,14,12,2,0,36,5,17,0,241299,79.36,47670.0,131.0,131.0,112.0
HIMACHAL PRADESH,sirmaur,2011.0,9.0,4,12,0.0,12.0,17,17,0,0,33,1,23,0,241299,79.36,47670.0,128.0,128.0,110.0
HIMACHAL PRADESH,sirmaur,2012.0,8.0,4,17,0.0,17.0,11,11,0,0,24,4,18,0,241299,79.36,47670.0,114.0,114.0,99.0
HIMACHAL PRADESH,sirmaur,2015.0,,0,31,0.0,,0,20,0,0,52,2,17,0,241299,79.36,47670.0,122.0,122.0,120.0
HIMACHAL PRADESH,sirmaur,2019.0,0.0,0,40,0.0,0.0,21,31,0,0,54,2,27,0,241299,79.36,47670.0,175.0,175.0,152.0
HIMACHAL PRADESH,sirmaur,2020.0,0.0,0,44,0.0,0.0,14,17,0,0,41,2,15,0,241299,79.36,47670.0,133.0,133.0,117.0
HIMACHAL PRADESH,solan,2001.0,11.0,8,12,0.0,12.0,13,10,3,2,23,1,24,0,270291,84.75,91195.0,119.0,119.0,105.0
HIMACHAL PRADESH,solan,2002.0,7.0,6,9,0.0,9.0,18,16,2,0,28,1,31,0,270291,84.75,91195.0,127.0,127.0,108.0
HIMACHAL PRADESH,solan,2003.0,13.0,8,11,0.0,11.0,10,7,3,0,24,3,24,0,270291,84.75,91195.0,114.0,114.0,101.0
HIMACHAL PRADESH,solan,2004.0,4.0,7,20,0.0,20.0,9,8,1,0,27,0,28,0,270291,84.75,91195.0,124.0,124.0,115.0
HIMACHAL PRADESH,solan,2005.0,6.0,8,15,0.0,15.0,9,8,1,1,22,1,19,0,270291,84.75,91195.0,105.0,105.0,95.0
HIMACHAL PRADESH,solan,2006.0,10.0,3,9,0.0,9.0,18,13,5,1,28,2,21,0,270291,84.75,91195.0,119.0,119.0,99.0
HIMACHAL PRADESH,solan,2007.0,10.0,9,8,0.0,8.0,17,16,1,3,26,0,30,0,270291,84.75,91195.0,128.0,128.0,111.0
HIMACHAL PRADESH,solan,2008.0,16.0,3,14,0.0,14.0,15,13,2,0,13,2,17,0,270291,84.75,91195.0,109.0,109.0,92.0
HIMACHAL PRADESH,solan,2009.0,7.0,4,8,0.0,8.0,9,6,3,0,13,2,15,0,270291,84.75,91195.0,75.0,75.0,64.0
HIMACHAL PRADESH,solan,2010.0,5.0,6,11,0.0,11.0,13,11,2,0,12,1,20,0,270291,84.75,91195.0,92.0,92.0,78.0
HIMACHAL PRADESH,solan,2011.0,14.0,3,11,0.0,11.0,13,13,0,0,8,0,16,0,270291,84.75,91195.0,89.0,89.0,76.0
HIMACHAL PRADESH,solan,2012.0,3.0,5,9,0.0,9.0,8,8,0,0,13,1,16,0,270291,84.75,91195.0,72.0,72.0,63.0
HIMACHAL PRADESH,solan,2015.0,,0,8,0.0,,5,12,7,0,18,2,10,0,270291,84.75,91195.0,62.0,62.0,55.0
HIMACHAL PRADESH,solan,2019.0,0.0,1,31,0.0,0.0,16,24,6,0,24,2,10,0,270291,84.75,91195.0,114.0,114.0,96.0
HIMACHAL PRADESH,solan,2020.0,1.0,0,16,0.0,0.0,13,15,2,0,24,3,9,0,270291,84.75,91195.0,83.0,83.0,67.0
HIMACHAL PRADESH,una,2001.0,6.0,6,9,0.0,9.0,5,5,0,0,11,0,20,0,224524,87.73,39424.0,71.0,71.0,66.0
HIMACHAL PRADESH,una,2002.0,13.0,5,6,0.0,6.0,8,6,2,0,12,0,11,0,224524,87.73,39424.0,69.0,69.0,61.0
HIMACHAL PRADESH,una,2003.0,5.0,7,2,0.0,2.0,7,6,1,0,10,2,30,0,224524,87.73,39424.0,72.0,72.0,63.0
HIMACHAL PRADESH,una,2004.0,10.0,6,10,0.0,10.0,7,5,2,1,12,0,22,0,224524,87.73,39424.0,85.0,85.0,78.0
HIMACHAL PRADESH,una,2005.0,10.0,4,5,0.0,5.0,5,4,1,0,6,0,14,0,224524,87.73,39424.0,54.0,54.0,49.0
HIMACHAL PRADESH,una,2006.0,6.0,7,9,0.0,9.0,6,6,0,1,11,1,18,0,224524,87.73,39424.0,74.0,74.0,67.0
HIMACHAL PRADESH,una,2007.0,14.0,1,9,0.0,9.0,12,9,3,0,10,5,19,0,224524,87.73,39424.0,91.0,91.0,74.0
HIMACHAL PRADESH,una,2008.0,15.0,9,11,0.0,11.0,12,10,2,0,17,4,37,0,224524,87.73,39424.0,128.0,128.0,112.0
HIMACHAL PRADESH,una,2009.0,11.0,7,11,0.0,11.0,10,6,4,0,21,6,30,0,224524,87.73,39424.0,117.0,117.0,101.0
HIMACHAL PRADESH,una,2010.0,9.0,4,9,0.0,9.0,18,13,5,1,19,15,37,0,224524,87.73,39424.0,139.0,139.0,106.0
HIMACHAL PRADESH,una,2011.0,6.0,4,11,0.0,11.0,12,10,2,0,17,6,39,0,224524,87.73,39424.0,118.0,118.0,100.0
HIMACHAL PRADESH,una,2012.0,6.0,2,8,0.0,8.0,7,7,0,0,10,5,42,0,224524,87.73,39424.0,95.0,95.0,83.0
HIMACHAL PRADESH,una,2015.0,,0,18,0.0,,1,17,0,1,25,3,44,0,224524,87.73,39424.0,109.0,109.0,105.0
HIMACHAL PRADESH,una,2019.0,0.0,0,18,0.0,0.0,10,15,0,0,20,0,34,0,224524,87.73,39424.0,97.0,97.0,87.0
HIMACHAL PRADESH,una,2020.0,3.0,0,22,0.0,0.0,3,8,0,0,26,3,25,0,224524,87.73,39424.0,90.0,90.0,84.0
JHARKHAND,bokaro,2001.0,70.0,75,26,0.0,26.0,38,32,6,25,24,2,45,0,938436,76.04,804657.0,369.0,369.0,329.0
JHARKHAND,bokaro,2002.0,58.0,108,48,0.0,48.0,40,26,14,29,32,0,16,0,938436,76.04,804657.0,419.0,419.0,379.0
JHARKHAND,bokaro,2003.0,58.0,108,48,0.0,48.0,40,26,14,29,32,0,16,0,938436,76.04,804657.0,419.0,419.0,379.0
JHARKHAND,bokaro,2004.0,58.0,108,48,0.0,48.0,40,26,14,29,32,0,16,0,938436,76.04,804657.0,419.0,419.0,379.0
JHARKHAND,bokaro,2005.0,49.0,13,36,0.0,36.0,43,41,2,19,0,7,47,0,938436,76.04,804657.0,293.0,293.0,243.0
JHARKHAND,bokaro,2006.0,38.0,7,24,0.0,24.0,49,43,6,16,7,0,64,0,938436,76.04,804657.0,278.0,278.0,229.0
JHARKHAND,bokaro,2007.0,60.0,21,57,0.0,57.0,43,36,7,21,7,0,62,0,938436,76.04,804657.0,371.0,371.0,328.0
JHARKHAND,bokaro,2008.0,76.0,8,40,0.0,40.0,41,37,4,15,0,2,65,0,938436,76.04,804657.0,328.0,328.0,285.0
JHARKHAND,bokaro,2009.0,58.0,17,18,0.0,18.0,37,33,4,16,2,0,77,0,938436,76.04,804657.0,280.0,280.0,243.0
JHARKHAND,bokaro,2010.0,70.0,7,28,0.0,28.0,64,64,0,26,2,0,70,0,938436,76.04,804657.0,359.0,359.0,295.0
JHARKHAND,bokaro,2011.0,62.0,19,46,0.0,46.0,57,57,0,13,4,0,102,0,938436,76.04,804657.0,406.0,406.0,349.0
JHARKHAND,bokaro,2012.0,61.0,11,46,0.0,46.0,63,63,0,21,4,0,212,0,938436,76.04,804657.0,527.0,527.0,464.0
JHARKHAND,bokaro,2015.0,,0,97,0.0,,0,123,0,14,0,0,260,0,938436,76.04,804657.0,494.0,494.0,494.0
JHARKHAND,bokaro,2019.0,0.0,20,80,0.0,0.0,0,97,29,25,54,0,71,0,938436,76.04,804657.0,376.0,376.0,376.0
JHARKHAND,bokaro,2020.0,0.0,0,70,0.0,0.0,96,224,32,19,25,0,61,0,938436,76.04,804657.0,527.0,527.0,431.0
JHARKHAND,chatra,2001.0,40.0,10,6,0.0,6.0,10,3,7,7,0,0,6,0,404067,55.64,42020.0,95.0,95.0,85.0
JHARKHAND,chatra,2002.0,31.0,4,18,0.0,18.0,4,1,3,15,0,0,4,0,404067,55.64,42020.0,98.0,98.0,94.0
JHARKHAND,chatra,2003.0,35.0,2,14,0.0,14.0,7,4,3,16,2,0,0,0,404067,55.64,42020.0,97.0,97.0,90.0
JHARKHAND,chatra,2004.0,31.0,4,18,0.0,18.0,4,1,3,15,0,0,4,0,404067,55.64,42020.0,98.0,98.0,94.0
JHARKHAND,chatra,2005.0,27.0,0,11,0.0,11.0,9,2,7,14,1,0,3,0,404067,55.64,42020.0,85.0,85.0,76.0
JHARKHAND,chatra,2006.0,30.0,0,13,0.0,13.0,11,11,0,16,3,0,7,0,404067,55.64,42020.0,104.0,104.0,93.0
JHARKHAND,chatra,2007.0,29.0,69,25,0.0,25.0,12,11,1,15,3,0,8,0,404067,55.64,42020.0,198.0,198.0,186.0
JHARKHAND,chatra,2008.0,42.0,46,11,0.0,11.0,17,14,3,14,1,0,2,0,404067,55.64,42020.0,161.0,161.0,144.0
JHARKHAND,chatra,2009.0,38.0,40,16,0.0,16.0,21,20,1,11,0,0,7,0,404067,55.64,42020.0,170.0,170.0,149.0
JHARKHAND,chatra,2010.0,31.0,36,11,0.0,11.0,26,21,5,18,3,0,9,0,404067,55.64,42020.0,171.0,171.0,145.0
JHARKHAND,chatra,2011.0,50.0,15,12,0.0,12.0,22,17,5,15,1,0,9,0,404067,55.64,42020.0,158.0,158.0,136.0
JHARKHAND,chatra,2012.0,53.0,20,15,0.0,15.0,24,20,4,8,6,0,18,0,404067,55.64,42020.0,183.0,183.0,159.0
JHARKHAND,chatra,2015.0,,0,24,0.0,,0,35,0,16,19,0,34,0,404067,55.64,42020.0,128.0,128.0,128.0
JHARKHAND,chatra,2019.0,0.0,11,25,0.0,0.0,0,44,0,11,20,0,25,0,404067,55.64,42020.0,136.0,136.0,136.0
JHARKHAND,chatra,2020.0,0.0,0,30,0.0,0.0,0,35,0,13,24,0,6,0,404067,55.64,42020.0,108.0,108.0,108.0
JHARKHAND,deoghar,2001.0,47.0,82,22,0.0,22.0,7,0,7,10,13,1,10,0,608878,66.38,159851.0,221.0,221.0,213.0
JHARKHAND,deoghar,2002.0,36.0,34,37,0.0,37.0,5,2,3,16,7,0,17,0,608878,66.38,159851.0,194.0,194.0,189.0
JHARKHAND,deoghar,2003.0,55.0,40,53,0.0,53.0,8,7,1,14,14,1,20,0,608878,66.38,159851.0,266.0,266.0,257.0
JHARKHAND,deoghar,2004.0,36.0,34,37,0.0,37.0,5,2,3,16,7,0,17,0,608878,66.38,159851.0,194.0,194.0,189.0
JHARKHAND,deoghar,2005.0,51.0,56,46,0.0,46.0,10,1,9,3,15,2,19,0,608878,66.38,159851.0,258.0,258.0,246.0
JHARKHAND,deoghar,2006.0,33.0,6,33,0.0,33.0,8,4,4,19,4,14,27,0,608878,66.38,159851.0,185.0,185.0,163.0
JHARKHAND,deoghar,2007.0,48.0,29,24,0.0,24.0,26,6,20,21,2,1,0,0,608878,66.38,159851.0,201.0,201.0,174.0
JHARKHAND,deoghar,2008.0,46.0,4,33,0.0,33.0,11,2,9,6,5,5,29,12,608878,66.38,159851.0,195.0,195.0,179.0
JHARKHAND,deoghar,2009.0,51.0,57,45,0.0,45.0,29,15,14,18,4,22,36,0,608878,66.38,159851.0,336.0,336.0,285.0
JHARKHAND,deoghar,2010.0,58.0,17,33,0.0,33.0,28,17,11,19,7,2,21,0,608878,66.38,159851.0,246.0,246.0,216.0
JHARKHAND,deoghar,2011.0,48.0,66,34,0.0,34.0,24,10,14,18,16,1,24,0,608878,66.38,159851.0,289.0,289.0,264.0
JHARKHAND,deoghar,2012.0,58.0,101,38,0.0,38.0,48,3,45,18,35,0,159,0,608878,66.38,159851.0,543.0,543.0,495.0
JHARKHAND,deoghar,2015.0,,0,44,0.0,,0,78,0,25,40,5,195,0,608878,66.38,159851.0,387.0,387.0,382.0
JHARKHAND,deoghar,2019.0,0.0,21,42,0.0,0.0,10,71,1,22,314,1,93,0,608878,66.38,159851.0,575.0,575.0,564.0
JHARKHAND,deoghar,2020.0,1.0,0,44,0.0,0.0,0,52,0,22,369,0,53,0,608878,66.38,159851.0,541.0,541.0,541.0
JHARKHAND,dhanbad,2001.0,97.0,31,32,0.0,32.0,57,45,12,30,47,0,18,0,1278946,79.54,1255358.0,401.0,401.0,344.0
JHARKHAND,dhanbad,2002.0,88.0,42,38,0.0,38.0,72,25,47,36,53,3,19,0,1278946,79.54,1255358.0,461.0,461.0,386.0
JHARKHAND,dhanbad,2003.0,92.0,31,43,0.0,43.0,55,41,14,30,47,0,18,0,1278946,79.54,1255358.0,414.0,414.0,359.0
JHARKHAND,dhanbad,2004.0,88.0,42,38,0.0,38.0,72,25,47,36,53,3,19,0,1278946,79.54,1255358.0,461.0,461.0,386.0
JHARKHAND,dhanbad,2005.0,97.0,65,32,0.0,32.0,68,58,10,48,16,7,31,0,1278946,79.54,1255358.0,464.0,464.0,389.0
JHARKHAND,dhanbad,2006.0,86.0,64,37,0.0,37.0,65,58,7,32,28,14,31,0,1278946,79.54,1255358.0,459.0,459.0,380.0
JHARKHAND,dhanbad,2007.0,80.0,56,41,0.0,41.0,87,68,19,29,32,9,38,0,1278946,79.54,1255358.0,500.0,500.0,404.0
JHARKHAND,dhanbad,2008.0,72.0,41,47,0.0,47.0,88,76,12,36,35,10,57,0,1278946,79.54,1255358.0,521.0,521.0,423.0
JHARKHAND,dhanbad,2009.0,69.0,33,36,0.0,36.0,81,65,16,45,24,3,59,0,1278946,79.54,1255358.0,467.0,467.0,383.0
JHARKHAND,dhanbad,2010.0,58.0,31,32,0.0,32.0,95,83,12,31,30,2,34,0,1278946,79.54,1255358.0,440.0,440.0,343.0
JHARKHAND,dhanbad,2011.0,79.0,18,32,0.0,32.0,99,83,16,39,34,0,39,0,1278946,79.54,1255358.0,471.0,471.0,372.0
JHARKHAND,dhanbad,2012.0,69.0,18,41,0.0,41.0,121,101,20,49,4,2,89,0,1278946,79.54,1255358.0,555.0,555.0,432.0
JHARKHAND,dhanbad,2015.0,,24,40,0.0,,0,80,0,9,128,0,45,0,1278946,79.54,1255358.0,326.0,326.0,326.0
JHARKHAND,dhanbad,2019.0,0.0,54,61,0.0,0.0,0,113,0,31,61,0,51,0,1278946,79.54,1255358.0,371.0,371.0,371.0
JHARKHAND,dhanbad,2020.0,0.0,0,76,0.0,0.0,26,98,0,22,113,0,74,0,1278946,79.54,1255358.0,409.0,409.0,383.0
JHARKHAND,dumka,2001.0,63.0,32,27,0.0,27.0,24,0,24,3,20,0,23,0,897364,62.86,114912.0,243.0,243.0,219.0
JHARKHAND,dumka,2002.0,67.0,149,50,0.0,50.0,15,3,12,8,31,0,37,0,897364,62.86,114912.0,422.0,422.0,407.0
JHARKHAND,dumka,2003.0,57.0,142,49,0.0,49.0,19,0,19,9,23,0,69,0,897364,62.86,114912.0,436.0,436.0,417.0
JHARKHAND,dumka,2004.0,67.0,149,50,0.0,50.0,15,3,12,8,31,0,37,0,897364,62.86,114912.0,422.0,422.0,407.0
JHARKHAND,dumka,2005.0,52.0,18,38,0.0,38.0,23,9,14,12,11,7,38,3,897364,62.86,114912.0,263.0,263.0,233.0
JHARKHAND,dumka,2006.0,50.0,18,55,0.0,55.0,28,27,1,7,46,0,30,1,897364,62.86,114912.0,318.0,318.0,290.0
JHARKHAND,dumka,2007.0,65.0,27,52,0.0,52.0,29,22,7,23,35,0,49,0,897364,62.86,114912.0,361.0,361.0,332.0
JHARKHAND,dumka,2008.0,77.0,17,60,0.0,60.0,26,23,3,17,7,0,66,0,897364,62.86,114912.0,356.0,356.0,330.0
JHARKHAND,dumka,2009.0,68.0,8,61,0.0,61.0,34,21,13,5,2,0,56,0,897364,62.86,114912.0,329.0,329.0,295.0
JHARKHAND,dumka,2010.0,57.0,16,52,0.0,52.0,38,27,11,6,8,0,46,0,897364,62.86,114912.0,313.0,313.0,275.0
JHARKHAND,dumka,2011.0,59.0,29,34,0.0,34.0,28,18,10,7,19,0,40,0,897364,62.86,114912.0,278.0,278.0,250.0
JHARKHAND,dumka,2012.0,66.0,34,29,0.0,29.0,34,26,8,8,12,0,43,0,897364,62.86,114912.0,289.0,289.0,255.0
JHARKHAND,dumka,2015.0,,3,46,0.0,,0,34,0,13,26,4,48,0,897364,62.86,114912.0,174.0,174.0,170.0
JHARKHAND,dumka,2019.0,0.0,0,27,0.0,0.0,0,0,0,11,26,0,27,0,897364,62.86,114912.0,91.0,91.0,91.0
JHARKHAND,dumka,2020.0,0.0,0,29,0.0,0.0,7,27,0,10,72,0,21,0,897364,62.86,114912.0,166.0,166.0,159.0
JHARKHAND,garhwa,2001.0,32.0,6,11,0.0,11.0,5,2,3,15,0,0,5,0,535332,54.36,42639.0,90.0,90.0,85.0
JHARKHAND,garhwa,2002.0,39.0,17,32,0.0,32.0,9,2,7,14,2,0,19,2,535332,54.36,42639.0,175.0,175.0,166.0
JHARKHAND,garhwa,2003.0,32.0,21,23,0.0,23.0,18,6,12,13,5,0,12,0,535332,54.36,42639.0,165.0,165.0,147.0
JHARKHAND,garhwa,2004.0,39.0,17,32,0.0,32.0,9,2,7,14,2,0,19,2,535332,54.36,42639.0,175.0,175.0,166.0
JHARKHAND,garhwa,2005.0,47.0,5,17,0.0,17.0,20,0,20,17,0,2,15,0,535332,54.36,42639.0,160.0,160.0,138.0
JHARKHAND,garhwa,2006.0,49.0,5,26,0.0,26.0,14,7,7,16,0,0,13,0,535332,54.36,42639.0,163.0,163.0,149.0
JHARKHAND,garhwa,2007.0,53.0,45,17,0.0,17.0,20,12,8,8,0,0,30,0,535332,54.36,42639.0,210.0,210.0,190.0
JHARKHAND,garhwa,2008.0,48.0,78,21,0.0,21.0,27,16,11,9,15,0,20,0,535332,54.36,42639.0,266.0,266.0,239.0
JHARKHAND,garhwa,2009.0,48.0,31,27,0.0,27.0,37,31,6,12,11,0,35,0,535332,54.36,42639.0,265.0,265.0,228.0
JHARKHAND,garhwa,2010.0,61.0,91,21,0.0,21.0,27,23,4,10,11,0,38,0,535332,54.36,42639.0,307.0,307.0,280.0
JHARKHAND,garhwa,2011.0,70.0,61,51,0.0,51.0,33,26,7,19,22,0,89,1,535332,54.36,42639.0,430.0,430.0,397.0
JHARKHAND,garhwa,2012.0,85.0,44,43,0.0,43.0,24,21,3,21,14,0,68,0,535332,54.36,42639.0,366.0,366.0,342.0
JHARKHAND,garhwa,2015.0,,4,48,0.0,,0,29,0,17,38,0,53,0,535332,54.36,42639.0,189.0,189.0,189.0
JHARKHAND,garhwa,2019.0,0.0,27,68,0.0,0.0,0,50,0,28,62,0,102,0,535332,54.36,42639.0,337.0,337.0,337.0
JHARKHAND,garhwa,2020.0,0.0,0,70,0.0,0.0,0,65,6,9,180,0,68,0,535332,54.36,42639.0,398.0,398.0,398.0
JHARKHAND,giridih,2001.0,63.0,65,42,0.0,42.0,15,10,5,30,13,0,57,0,960679,62.09,122364.0,342.0,342.0,327.0
JHARKHAND,giridih,2002.0,72.0,27,39,0.0,39.0,23,8,15,52,48,0,36,0,960679,62.09,122364.0,359.0,359.0,336.0
JHARKHAND,giridih,2003.0,65.0,27,35,0.0,35.0,31,22,9,42,52,0,37,0,960679,62.09,122364.0,355.0,355.0,324.0
JHARKHAND,giridih,2004.0,72.0,27,39,0.0,39.0,23,8,15,52,48,0,36,0,960679,62.09,122364.0,359.0,359.0,336.0
JHARKHAND,giridih,2005.0,63.0,101,28,0.0,28.0,41,39,2,24,54,0,44,0,960679,62.09,122364.0,424.0,424.0,383.0
JHARKHAND,giridih,2006.0,56.0,145,56,0.0,56.0,35,18,17,39,65,0,68,0,960679,62.09,122364.0,555.0,555.0,520.0
JHARKHAND,giridih,2007.0,59.0,114,46,0.0,46.0,35,30,5,20,61,0,71,0,960679,62.09,122364.0,487.0,487.0,452.0
JHARKHAND,giridih,2008.0,63.0,30,48,0.0,48.0,52,44,8,33,22,1,25,0,960679,62.09,122364.0,374.0,374.0,321.0
JHARKHAND,giridih,2009.0,86.0,32,28,0.0,28.0,36,0,36,45,37,51,3,0,960679,62.09,122364.0,382.0,382.0,295.0
JHARKHAND,giridih,2010.0,59.0,55,37,0.0,37.0,58,18,40,39,9,4,63,0,960679,62.09,122364.0,419.0,419.0,357.0
JHARKHAND,giridih,2011.0,60.0,8,47,0.0,47.0,63,41,22,30,40,2,35,5,960679,62.09,122364.0,400.0,400.0,335.0
JHARKHAND,giridih,2012.0,72.0,92,37,0.0,37.0,53,36,17,32,46,0,104,0,960679,62.09,122364.0,526.0,526.0,473.0
JHARKHAND,giridih,2015.0,,31,45,0.0,,0,57,0,35,238,0,116,0,960679,62.09,122364.0,522.0,522.0,522.0
JHARKHAND,giridih,2019.0,1.0,32,93,0.0,0.0,0,83,5,44,357,0,118,0,960679,62.09,122364.0,733.0,733.0,733.0
JHARKHAND,giridih,2020.0,6.0,0,49,0.0,0.0,0,39,3,39,71,0,61,0,960679,62.09,122364.0,268.0,268.0,268.0
JHARKHAND,godda,2001.0,61.0,0,37,0.0,37.0,30,26,4,1,0,0,0,0,544043,57.52,37008.0,196.0,196.0,166.0
JHARKHAND,godda,2002.0,31.0,36,86,0.0,86.0,21,6,15,4,0,0,56,0,544043,57.52,37008.0,341.0,341.0,320.0
JHARKHAND,godda,2003.0,31.0,36,76,0.0,76.0,25,15,10,4,0,0,56,0,544043,57.52,37008.0,329.0,329.0,304.0
JHARKHAND,godda,2004.0,31.0,36,86,0.0,86.0,21,6,15,4,0,0,56,0,544043,57.52,37008.0,341.0,341.0,320.0
JHARKHAND,godda,2005.0,44.0,83,46,0.0,46.0,29,0,29,8,28,0,39,0,544043,57.52,37008.0,352.0,352.0,323.0
JHARKHAND,godda,2006.0,40.0,79,33,0.0,33.0,25,0,25,8,16,0,47,0,544043,57.52,37008.0,306.0,306.0,281.0
JHARKHAND,godda,2007.0,55.0,85,30,0.0,30.0,39,19,20,7,3,0,42,0,544043,57.52,37008.0,330.0,330.0,291.0
JHARKHAND,godda,2008.0,61.0,44,26,0.0,26.0,41,6,35,7,16,0,50,0,544043,57.52,37008.0,312.0,312.0,271.0
JHARKHAND,godda,2009.0,66.0,41,24,0.0,24.0,36,29,7,7,20,0,30,0,544043,57.52,37008.0,284.0,284.0,248.0
JHARKHAND,godda,2010.0,57.0,104,26,0.0,26.0,42,25,17,7,25,0,11,0,544043,57.52,37008.0,340.0,340.0,298.0
JHARKHAND,godda,2011.0,61.0,0,29,0.0,29.0,38,8,30,0,21,0,10,0,544043,57.52,37008.0,226.0,226.0,188.0
JHARKHAND,godda,2012.0,49.0,0,22,0.0,22.0,63,42,21,11,2,0,0,0,544043,57.52,37008.0,232.0,232.0,169.0
JHARKHAND,godda,2015.0,,0,30,0.0,,0,17,0,6,0,0,82,0,544043,57.52,37008.0,135.0,135.0,135.0
JHARKHAND,godda,2019.0,0.0,20,64,0.0,0.0,0,22,1,12,33,0,57,0,544043,57.52,37008.0,209.0,209.0,209.0
JHARKHAND,godda,2020.0,1.0,0,45,0.0,0.0,0,15,0,10,30,0,42,0,544043,57.52,37008.0,143.0,143.0,143.0
JHARKHAND,gumla,2001.0,136.0,18,29,0.0,29.0,16,11,5,0,2,0,10,1,675769,63.5,73742.0,257.0,257.0,241.0
JHARKHAND,gumla,2002.0,108.0,32,31,0.0,31.0,9,8,1,1,4,0,14,0,675769,63.5,73742.0,239.0,239.0,230.0
JHARKHAND,gumla,2003.0,131.0,24,31,0.0,31.0,14,12,2,0,14,0,11,0,675769,63.5,73742.0,270.0,270.0,256.0
JHARKHAND,gumla,2004.0,108.0,32,31,0.0,31.0,9,8,1,1,4,0,14,0,675769,63.5,73742.0,239.0,239.0,230.0
JHARKHAND,gumla,2005.0,140.0,40,45,0.0,45.0,17,10,7,2,10,0,6,0,675769,63.5,73742.0,322.0,322.0,305.0
JHARKHAND,gumla,2006.0,126.0,58,55,0.0,55.0,26,23,3,1,12,0,12,0,675769,63.5,73742.0,371.0,371.0,345.0
JHARKHAND,gumla,2007.0,137.0,59,60,0.0,60.0,34,29,5,1,11,0,9,0,675769,63.5,73742.0,405.0,405.0,371.0
JHARKHAND,gumla,2008.0,158.0,79,38,0.0,38.0,37,11,26,0,11,0,8,0,675769,63.5,73742.0,406.0,406.0,369.0
JHARKHAND,gumla,2009.0,168.0,37,39,0.0,39.0,36,14,22,1,7,0,12,0,675769,63.5,73742.0,375.0,375.0,339.0
JHARKHAND,gumla,2010.0,153.0,66,57,0.0,57.0,44,41,3,2,8,0,7,1,675769,63.5,73742.0,439.0,439.0,395.0
JHARKHAND,gumla,2011.0,201.0,52,46,0.0,46.0,52,27,25,1,10,0,17,0,675769,63.5,73742.0,477.0,477.0,425.0
JHARKHAND,gumla,2012.0,192.0,45,36,0.0,36.0,55,44,11,2,9,0,6,0,675769,63.5,73742.0,436.0,436.0,381.0
JHARKHAND,gumla,2015.0,,2,56,0.0,,10,29,0,2,16,0,21,0,675769,63.5,73742.0,136.0,136.0,126.0
JHARKHAND,gumla,2019.0,1.0,3,81,0.0,0.0,12,30,0,3,10,0,34,0,675769,63.5,73742.0,174.0,174.0,162.0
JHARKHAND,gumla,2020.0,0.0,0,91,0.0,0.0,11,20,0,2,5,0,17,0,675769,63.5,73742.0,146.0,146.0,135.0
JHARKHAND,hazaribagh,2001.0,76.0,35,41,0.0,41.0,42,31,11,31,15,0,18,0,1167793,71.81,529069.0,341.0,341.0,299.0
JHARKHAND,hazaribagh,2002.0,86.0,59,71,0.0,71.0,33,18,15,31,27,0,90,0,1167793,71.81,529069.0,501.0,501.0,468.0
JHARKHAND,hazaribagh,2003.0,81.0,42,40,0.0,40.0,36,20,16,41,57,0,30,0,1167793,71.81,529069.0,403.0,403.0,367.0
JHARKHAND,hazaribagh,2004.0,86.0,59,71,0.0,71.0,33,18,15,31,27,0,90,0,1167793,71.81,529069.0,501.0,501.0,468.0
JHARKHAND,hazaribagh,2005.0,104.0,34,57,0.0,57.0,55,32,23,31,32,0,55,0,1167793,71.81,529069.0,480.0,480.0,425.0
JHARKHAND,hazaribagh,2006.0,97.0,103,45,0.0,45.0,77,54,23,39,70,0,69,0,1167793,71.81,529069.0,622.0,622.0,545.0
JHARKHAND,hazaribagh,2007.0,78.0,72,41,0.0,41.0,28,25,3,45,40,0,86,0,1167793,71.81,529069.0,459.0,459.0,431.0
JHARKHAND,hazaribagh,2008.0,80.0,52,57,0.0,57.0,65,61,4,36,31,0,97,0,1167793,71.81,529069.0,540.0,540.0,475.0
JHARKHAND,hazaribagh,2009.0,61.0,93,33,0.0,33.0,53,48,5,32,9,0,9,0,1167793,71.81,529069.0,376.0,376.0,323.0
JHARKHAND,hazaribagh,2010.0,69.0,50,30,0.0,30.0,53,50,3,27,18,0,42,0,1167793,71.81,529069.0,372.0,372.0,319.0
JHARKHAND,hazaribagh,2011.0,72.0,41,22,0.0,22.0,58,52,6,26,25,0,22,0,1167793,71.81,529069.0,346.0,346.0,288.0
JHARKHAND,hazaribagh,2012.0,68.0,31,42,0.0,42.0,53,49,4,24,9,0,54,0,1167793,71.81,529069.0,376.0,376.0,323.0
JHARKHAND,hazaribagh,2015.0,,36,57,0.0,,0,53,8,22,62,0,53,0,1167793,71.81,529069.0,291.0,291.0,291.0
JHARKHAND,hazaribagh,2019.0,1.0,2,99,0.0,0.0,0,46,0,23,17,0,79,0,1167793,71.81,529069.0,267.0,267.0,267.0
JHARKHAND,hazaribagh,2020.0,1.0,0,121,0.0,0.0,7,45,0,25,37,0,36,0,1167793,71.81,529069.0,272.0,272.0,265.0
JHARKHAND,palamu,2001.0,73.0,52,15,0.0,15.0,14,2,12,18,8,0,28,1,1084417,58.91,125093.0,238.0,238.0,224.0
JHARKHAND,palamu,2002.0,69.0,48,14,0.0,14.0,16,8,8,24,11,0,18,34,1084417,58.91,125093.0,264.0,264.0,248.0
JHARKHAND,palamu,2003.0,70.0,24,13,0.0,13.0,14,8,6,11,4,0,13,0,1084417,58.91,125093.0,176.0,176.0,162.0
JHARKHAND,palamu,2004.0,69.0,48,14,0.0,14.0,16,8,8,24,11,0,18,34,1084417,58.91,125093.0,264.0,264.0,248.0
JHARKHAND,palamu,2005.0,69.0,57,27,0.0,27.0,44,30,14,21,13,0,29,0,1084417,58.91,125093.0,331.0,331.0,287.0
JHARKHAND,palamu,2006.0,90.0,47,32,0.0,32.0,28,10,18,19,0,7,32,0,1084417,58.91,125093.0,315.0,315.0,280.0
JHARKHAND,palamu,2007.0,67.0,31,29,0.0,29.0,36,28,8,17,6,3,31,0,1084417,58.91,125093.0,285.0,285.0,246.0
JHARKHAND,palamu,2008.0,102.0,174,30,0.0,30.0,57,31,26,18,1,0,32,0,1084417,58.91,125093.0,501.0,501.0,444.0
JHARKHAND,palamu,2009.0,79.0,149,37,0.0,37.0,61,40,21,18,18,0,34,0,1084417,58.91,125093.0,494.0,494.0,433.0
JHARKHAND,palamu,2010.0,89.0,151,27,0.0,27.0,63,15,48,23,21,0,22,0,1084417,58.91,125093.0,486.0,486.0,423.0
JHARKHAND,palamu,2011.0,93.0,72,28,0.0,28.0,63,34,29,28,6,0,12,0,1084417,58.91,125093.0,393.0,393.0,330.0
JHARKHAND,palamu,2012.0,70.0,61,26,0.0,26.0,57,30,27,28,10,0,20,0,1084417,58.91,125093.0,355.0,355.0,298.0
JHARKHAND,palamu,2015.0,,6,45,0.0,,0,39,0,21,19,0,31,0,1084417,58.91,125093.0,161.0,161.0,161.0
JHARKHAND,palamu,2019.0,0.0,9,59,0.0,0.0,14,105,0,14,47,4,95,0,1084417,58.91,125093.0,347.0,347.0,329.0
JHARKHAND,palamu,2020.0,0.0,0,56,0.0,0.0,5,54,0,11,90,5,30,0,1084417,58.91,125093.0,251.0,251.0,241.0
JHARKHAND,ranchi,2001.0,243.0,65,73,0.0,73.0,1,1,0,4,24,1,78,0,1436976,76.56,977821.0,563.0,563.0,561.0
JHARKHAND,ranchi,2002.0,270.0,161,55,0.0,55.0,67,22,45,9,73,0,62,0,1436976,76.56,977821.0,819.0,819.0,752.0
JHARKHAND,ranchi,2003.0,250.0,136,55,0.0,55.0,70,2,68,9,73,0,61,0,1436976,76.56,977821.0,779.0,779.0,709.0
JHARKHAND,ranchi,2004.0,270.0,161,55,0.0,55.0,67,22,45,9,73,0,62,0,1436976,76.56,977821.0,819.0,819.0,752.0
JHARKHAND,ranchi,2005.0,239.0,168,102,5.0,97.0,105,0,105,11,14,0,58,0,1436976,76.56,977821.0,904.0,904.0,799.0
JHARKHAND,ranchi,2006.0,253.0,60,79,0.0,79.0,94,40,54,14,36,2,40,4,1436976,76.56,977821.0,755.0,755.0,659.0
JHARKHAND,ranchi,2007.0,203.0,78,53,0.0,53.0,88,64,24,17,27,2,100,0,1436976,76.56,977821.0,709.0,709.0,619.0
JHARKHAND,ranchi,2008.0,209.0,72,62,0.0,62.0,117,62,55,12,23,0,88,27,1436976,76.56,977821.0,789.0,789.0,672.0
JHARKHAND,ranchi,2009.0,202.0,211,63,0.0,63.0,113,42,71,19,12,0,68,4,1436976,76.56,977821.0,868.0,868.0,755.0
JHARKHAND,ranchi,2010.0,183.0,55,92,0.0,92.0,128,113,15,22,14,3,53,2,1436976,76.56,977821.0,772.0,772.0,641.0
JHARKHAND,ranchi,2011.0,151.0,38,50,0.0,50.0,66,54,12,8,9,2,14,0,1436976,76.56,977821.0,454.0,454.0,386.0
JHARKHAND,ranchi,2012.0,145.0,77,52,0.0,52.0,76,53,23,11,22,1,45,0,1436976,76.56,977821.0,557.0,557.0,480.0
JHARKHAND,ranchi,2015.0,,0,89,0.0,,0,65,0,8,0,0,58,0,1436976,76.56,977821.0,220.0,220.0,220.0
JHARKHAND,ranchi,2019.0,0.0,0,114,0.0,0.0,0,17,0,12,75,0,115,0,1436976,76.56,977821.0,333.0,333.0,333.0
JHARKHAND,ranchi,2020.0,0.0,0,157,0.0,0.0,0,58,2,16,81,0,117,0,1436976,76.56,977821.0,431.0,431.0,431.0
KARNATAKA,bagalkot,2001.0,59.0,34,2,0.0,2.0,17,7,10,1,39,0,50,0,834247,70.88,478520.0,221.0,221.0,204.0
KARNATAKA,bagalkot,2002.0,51.0,38,4,0.0,4.0,17,7,10,2,53,1,63,0,834247,70.88,478520.0,250.0,250.0,232.0
KARNATAKA,bagalkot,2003.0,50.0,28,12,0.0,12.0,16,11,5,2,44,0,45,0,834247,70.88,478520.0,225.0,225.0,209.0
KARNATAKA,bagalkot,2004.0,38.0,39,3,0.0,3.0,24,14,10,2,40,0,54,0,834247,70.88,478520.0,227.0,227.0,203.0
KARNATAKA,bagalkot,2005.0,43.0,28,4,0.0,4.0,15,4,11,1,43,4,68,0,834247,70.88,478520.0,225.0,225.0,206.0
KARNATAKA,bagalkot,2006.0,35.0,25,12,0.0,12.0,20,13,7,3,45,1,59,0,834247,70.88,478520.0,232.0,232.0,211.0
KARNATAKA,bagalkot,2007.0,38.0,24,4,0.0,4.0,27,17,10,2,51,3,70,0,834247,70.88,478520.0,250.0,250.0,220.0
KARNATAKA,bagalkot,2008.0,43.0,26,2,0.0,2.0,22,15,7,6,62,2,56,0,834247,70.88,478520.0,243.0,243.0,219.0
KARNATAKA,bagalkot,2009.0,41.0,35,8,0.0,8.0,18,9,9,7,59,0,58,0,834247,70.88,478520.0,252.0,252.0,234.0
KARNATAKA,bagalkot,2010.0,51.0,28,9,0.0,9.0,11,6,5,5,67,0,59,0,834247,70.88,478520.0,250.0,250.0,239.0
KARNATAKA,bagalkot,2011.0,37.0,39,15,0.0,15.0,15,9,6,0,38,0,58,0,834247,70.88,478520.0,232.0,232.0,217.0
KARNATAKA,bagalkot,2012.0,51.0,43,11,0.0,11.0,17,14,3,6,63,0,72,2,834247,70.88,478520.0,293.0,293.0,276.0
KARNATAKA,bagalkot,2015.0,,1,12,0.0,,8,12,3,2,153,0,43,0,834247,70.88,478520.0,234.0,234.0,226.0
KARNATAKA,bagalkot,2019.0,0.0,0,2,0.0,0.0,0,1,0,5,180,1,30,0,834247,70.88,478520.0,219.0,219.0,218.0
KARNATAKA,bagalkot,2020.0,0.0,0,10,0.0,0.0,1,7,1,4,139,2,31,0,834247,70.88,478520.0,195.0,195.0,192.0
KARNATAKA,bangalore rural,2001.0,137.0,86,13,0.0,13.0,37,10,27,30,90,0,123,0,962183,73.99,407396.0,566.0,566.0,529.0
KARNATAKA,bangalore rural,2002.0,153.0,114,22,0.0,22.0,38,0,38,35,114,0,129,0,962183,73.99,407396.0,665.0,665.0,627.0
KARNATAKA,bangalore rural,2003.0,128.0,85,27,0.0,27.0,34,19,15,31,107,0,130,0,962183,73.99,407396.0,603.0,603.0,569.0
KARNATAKA,bangalore rural,2004.0,152.0,88,29,0.0,29.0,42,20,22,31,104,0,94,0,962183,73.99,407396.0,611.0,611.0,569.0
KARNATAKA,bangalore rural,2005.0,171.0,94,16,0.0,16.0,44,20,24,46,110,0,102,0,962183,73.99,407396.0,643.0,643.0,599.0
KARNATAKA,bangalore rural,2006.0,175.0,104,26,0.0,26.0,34,22,12,26,121,0,99,0,962183,73.99,407396.0,645.0,645.0,611.0
KARNATAKA,bangalore rural,2007.0,176.0,43,29,0.0,29.0,43,13,30,32,99,0,103,0,962183,73.99,407396.0,597.0,597.0,554.0
KARNATAKA,bangalore rural,2008.0,102.0,54,14,0.0,14.0,22,7,15,11,56,0,56,0,962183,73.99,407396.0,351.0,351.0,329.0
KARNATAKA,bangalore rural,2009.0,87.0,80,14,0.0,14.0,23,4,19,14,48,0,79,0,962183,73.99,407396.0,382.0,382.0,359.0
KARNATAKA,bangalore rural,2010.0,100.0,50,16,0.0,16.0,30,18,12,8,48,0,55,0,962183,73.99,407396.0,353.0,353.0,323.0
KARNATAKA,bangalore rural,2011.0,105.0,39,29,0.0,29.0,30,1,29,10,74,2,83,0,962183,73.99,407396.0,431.0,431.0,399.0
KARNATAKA,bangalore rural,2012.0,93.0,57,31,0.0,31.0,53,41,12,10,70,0,96,0,962183,73.99,407396.0,494.0,494.0,441.0
KARNATAKA,belgaum,2001.0,120.0,55,8,0.0,8.0,27,12,15,4,62,0,125,0,2150090,75.7,1012691.0,436.0,436.0,409.0
KARNATAKA,belgaum,2002.0,113.0,60,6,0.0,6.0,26,16,10,7,55,0,102,0,2150090,75.7,1012691.0,401.0,401.0,375.0
KARNATAKA,belgaum,2003.0,107.0,39,11,0.0,11.0,28,15,13,12,45,4,93,0,2150090,75.7,1012691.0,378.0,378.0,346.0
KARNATAKA,belgaum,2004.0,106.0,81,5,0.0,5.0,26,12,14,6,56,0,109,0,2150090,75.7,1012691.0,420.0,420.0,394.0
KARNATAKA,belgaum,2005.0,116.0,79,13,0.0,13.0,41,26,15,10,74,0,108,0,2150090,75.7,1012691.0,495.0,495.0,454.0
KARNATAKA,belgaum,2006.0,98.0,91,22,0.0,22.0,35,23,12,13,107,2,152,0,2150090,75.7,1012691.0,577.0,577.0,540.0
KARNATAKA,belgaum,2007.0,110.0,84,22,0.0,22.0,42,28,14,10,129,2,232,0,2150090,75.7,1012691.0,695.0,695.0,651.0
KARNATAKA,belgaum,2008.0,124.0,94,30,0.0,30.0,59,45,14,9,180,9,233,0,2150090,75.7,1012691.0,827.0,827.0,759.0
KARNATAKA,belgaum,2009.0,106.0,92,39,0.0,39.0,60,43,17,10,220,3,311,0,2150090,75.7,1012691.0,940.0,940.0,877.0
KARNATAKA,belgaum,2010.0,124.0,106,42,0.0,42.0,62,44,18,10,222,8,273,0,2150090,75.7,1012691.0,951.0,951.0,881.0
KARNATAKA,belgaum,2011.0,136.0,121,45,0.0,45.0,53,32,21,11,221,4,297,0,2150090,75.7,1012691.0,986.0,986.0,929.0
KARNATAKA,belgaum,2012.0,142.0,120,37,0.0,37.0,54,34,20,5,205,9,307,0,2150090,75.7,1012691.0,970.0,970.0,907.0
KARNATAKA,bellary,2001.0,58.0,41,16,0.0,16.0,14,11,3,5,82,0,49,0,1029714,69.2,706850.0,295.0,295.0,281.0
KARNATAKA,bellary,2002.0,62.0,58,11,0.0,11.0,13,8,5,8,68,0,52,0,1029714,69.2,706850.0,296.0,296.0,283.0
KARNATAKA,bellary,2003.0,48.0,41,14,0.0,14.0,12,6,6,2,58,0,36,0,1029714,69.2,706850.0,237.0,237.0,225.0
KARNATAKA,bellary,2004.0,42.0,31,5,0.0,5.0,17,12,5,5,38,1,44,0,1029714,69.2,706850.0,205.0,205.0,187.0
KARNATAKA,bellary,2005.0,58.0,35,17,0.0,17.0,21,16,5,5,53,0,60,0,1029714,69.2,706850.0,287.0,287.0,266.0
KARNATAKA,bellary,2006.0,56.0,44,15,0.0,15.0,23,22,1,13,59,0,70,0,1029714,69.2,706850.0,318.0,318.0,295.0
KARNATAKA,bellary,2007.0,62.0,51,14,0.0,14.0,17,15,2,7,71,0,62,0,1029714,69.2,706850.0,315.0,315.0,298.0
KARNATAKA,bellary,2008.0,46.0,47,11,0.0,11.0,19,10,9,10,41,0,49,0,1029714,69.2,706850.0,253.0,253.0,234.0
KARNATAKA,bellary,2009.0,44.0,46,11,0.0,11.0,25,19,6,7,66,0,75,0,1029714,69.2,706850.0,310.0,310.0,285.0
KARNATAKA,bellary,2010.0,58.0,40,12,0.0,12.0,20,15,5,13,80,0,99,0,1029714,69.2,706850.0,354.0,354.0,334.0
KARNATAKA,bellary,2011.0,58.0,57,6,0.0,6.0,21,15,6,15,65,1,103,1,1029714,69.2,706850.0,354.0,354.0,332.0
KARNATAKA,bellary,2012.0,54.0,46,18,0.0,18.0,31,24,7,9,48,0,104,0,1029714,69.2,706850.0,359.0,359.0,328.0
KARNATAKA,bidar,2001.0,48.0,58,7,0.0,7.0,19,10,9,2,90,3,51,0,771022,72.46,344875.0,304.0,304.0,282.0
KARNATAKA,bidar,2002.0,49.0,62,8,0.0,8.0,23,13,10,10,85,2,64,0,771022,72.46,344875.0,334.0,334.0,309.0
KARNATAKA,bidar,2003.0,37.0,57,6,0.0,6.0,22,17,5,5,45,3,67,0,771022,72.46,344875.0,270.0,270.0,245.0
KARNATAKA,bidar,2004.0,40.0,94,8,0.0,8.0,25,16,9,8,27,2,47,0,771022,72.46,344875.0,284.0,284.0,257.0
KARNATAKA,bidar,2005.0,38.0,44,5,0.0,5.0,12,8,4,10,44,3,53,0,771022,72.46,344875.0,226.0,226.0,211.0
KARNATAKA,bidar,2006.0,38.0,53,8,0.0,8.0,20,13,7,10,82,2,69,0,771022,72.46,344875.0,310.0,310.0,288.0
KARNATAKA,bidar,2007.0,42.0,46,11,0.0,11.0,26,20,6,4,103,1,81,0,771022,72.46,344875.0,351.0,351.0,324.0
KARNATAKA,bidar,2008.0,28.0,36,7,0.0,7.0,23,17,6,11,105,2,55,0,771022,72.46,344875.0,297.0,297.0,272.0
KARNATAKA,bidar,2009.0,22.0,41,12,0.0,12.0,14,4,10,3,38,0,81,0,771022,72.46,344875.0,237.0,237.0,223.0
KARNATAKA,bidar,2010.0,41.0,39,8,0.0,8.0,26,19,7,6,26,1,88,0,771022,72.46,344875.0,269.0,269.0,242.0
KARNATAKA,bidar,2011.0,51.0,33,14,0.0,14.0,13,11,2,7,27,2,77,0,771022,72.46,344875.0,251.0,251.0,236.0
KARNATAKA,bidar,2012.0,38.0,39,11,0.0,11.0,30,24,6,10,40,2,99,0,771022,72.46,344875.0,310.0,310.0,278.0
KARNATAKA,bidar,2015.0,,0,9,0.0,,6,15,6,10,88,14,126,0,771022,72.46,344875.0,274.0,274.0,254.0
KARNATAKA,bidar,2019.0,0.0,2,14,0.0,0.0,12,22,0,8,84,5,111,0,771022,72.46,344875.0,258.0,258.0,241.0
KARNATAKA,bidar,2020.0,0.0,0,5,0.0,0.0,6,9,0,8,77,4,61,0,771022,72.46,344875.0,170.0,170.0,160.0
KARNATAKA,bijapur,2001.0,51.0,47,6,0.0,6.0,24,19,5,1,65,0,92,0,926424,69.94,396089.0,316.0,316.0,292.0
KARNATAKA,bijapur,2002.0,62.0,53,3,0.0,3.0,30,24,6,5,71,0,90,0,926424,69.94,396089.0,347.0,347.0,317.0
KARNATAKA,bijapur,2003.0,55.0,33,9,0.0,9.0,18,11,7,4,68,0,83,0,926424,69.94,396089.0,297.0,297.0,279.0
KARNATAKA,bijapur,2004.0,66.0,49,8,0.0,8.0,21,11,10,2,96,0,73,0,926424,69.94,396089.0,344.0,344.0,323.0
KARNATAKA,bijapur,2005.0,49.0,61,18,0.0,18.0,22,16,6,0,93,0,105,0,926424,69.94,396089.0,388.0,388.0,366.0
KARNATAKA,bijapur,2006.0,63.0,59,18,0.0,18.0,26,19,7,4,89,0,126,0,926424,69.94,396089.0,429.0,429.0,403.0
KARNATAKA,bijapur,2007.0,49.0,28,17,0.0,17.0,30,13,17,2,80,0,145,0,926424,69.94,396089.0,398.0,398.0,368.0
KARNATAKA,bijapur,2008.0,83.0,73,19,0.0,19.0,23,17,6,1,83,0,135,0,926424,69.94,396089.0,459.0,459.0,436.0
KARNATAKA,bijapur,2009.0,64.0,64,19,0.0,19.0,28,23,5,0,73,0,139,0,926424,69.94,396089.0,434.0,434.0,406.0
KARNATAKA,bijapur,2010.0,59.0,49,13,0.0,13.0,43,27,16,5,58,0,160,0,926424,69.94,396089.0,443.0,443.0,400.0
KARNATAKA,bijapur,2011.0,66.0,58,7,0.0,7.0,43,21,22,8,66,0,116,1,926424,69.94,396089.0,415.0,415.0,372.0
KARNATAKA,bijapur,2012.0,69.0,64,18,0.0,18.0,30,24,6,4,41,0,128,9,926424,69.94,396089.0,411.0,411.0,381.0
KARNATAKA,chitradurga,2001.0,31.0,22,18,0.0,18.0,4,0,4,2,48,0,35,0,776221,74.66,274238.0,182.0,182.0,178.0
KARNATAKA,chitradurga,2002.0,37.0,18,12,0.0,12.0,7,4,3,7,46,0,32,0,776221,74.66,274238.0,178.0,178.0,171.0
KARNATAKA,chitradurga,2003.0,42.0,20,19,0.0,19.0,15,7,8,6,43,1,32,0,776221,74.66,274238.0,212.0,212.0,196.0
KARNATAKA,chitradurga,2004.0,32.0,32,16,0.0,16.0,7,5,2,6,63,0,39,0,776221,74.66,274238.0,218.0,218.0,211.0
KARNATAKA,chitradurga,2005.0,21.0,14,15,0.0,15.0,6,5,1,6,62,0,29,0,776221,74.66,274238.0,174.0,174.0,168.0
KARNATAKA,chitradurga,2006.0,38.0,21,16,0.0,16.0,19,17,2,3,52,0,28,0,776221,74.66,274238.0,212.0,212.0,193.0
KARNATAKA,chitradurga,2007.0,32.0,20,10,0.0,10.0,21,7,14,9,65,1,51,0,776221,74.66,274238.0,240.0,240.0,218.0
KARNATAKA,chitradurga,2008.0,42.0,15,18,0.0,18.0,20,15,5,6,82,0,49,0,776221,74.66,274238.0,270.0,270.0,250.0
KARNATAKA,chitradurga,2009.0,43.0,27,26,0.0,26.0,24,21,3,10,102,0,83,0,776221,74.66,274238.0,365.0,365.0,341.0
KARNATAKA,chitradurga,2010.0,40.0,34,26,0.0,26.0,39,38,1,7,158,0,99,0,776221,74.66,274238.0,468.0,468.0,429.0
KARNATAKA,chitradurga,2011.0,38.0,21,27,0.0,27.0,30,24,6,5,93,0,96,0,776221,74.66,274238.0,367.0,367.0,337.0
KARNATAKA,chitradurga,2012.0,43.0,38,26,0.0,26.0,34,34,0,6,140,0,75,0,776221,74.66,274238.0,422.0,422.0,388.0
KARNATAKA,chitradurga,2015.0,,0,6,0.0,,45,66,17,3,250,0,55,0,776221,74.66,274238.0,442.0,442.0,397.0
KARNATAKA,chitradurga,2019.0,9.0,0,13,0.0,0.0,5,10,0,10,245,1,49,0,776221,74.66,274238.0,342.0,342.0,336.0
KARNATAKA,chitradurga,2020.0,0.0,0,13,0.0,0.0,6,9,0,6,239,2,46,0,776221,74.66,274238.0,321.0,321.0,313.0
KARNATAKA,dakshina kannada,2015.0,,2,19,0.0,,1,7,3,1,101,5,32,0,938434,89.7,729302.0,171.0,171.0,165.0
KARNATAKA,dakshina kannada,2019.0,0.0,0,11,0.0,0.0,1,1,0,0,40,2,25,0,938434,89.7,729302.0,80.0,80.0,77.0
KARNATAKA,dakshina kannada,2020.0,0.0,0,6,0.0,0.0,1,1,0,0,45,4,18,0,938434,89.7,729302.0,75.0,75.0,70.0
KARNATAKA,davanagere,2001.0,58.0,39,22,0.0,22.0,23,13,10,8,84,5,77,0,917705,76.37,542998.0,361.0,361.0,333.0
KARNATAKA,davanagere,2002.0,57.0,26,14,0.0,14.0,18,15,3,8,74,2,73,0,917705,76.37,542998.0,304.0,304.0,284.0
KARNATAKA,davanagere,2003.0,28.0,20,16,0.0,16.0,14,6,8,10,56,2,78,0,917705,76.37,542998.0,254.0,254.0,238.0
KARNATAKA,davanagere,2004.0,38.0,14,8,0.0,8.0,10,7,3,11,61,0,59,0,917705,76.37,542998.0,219.0,219.0,209.0
KARNATAKA,davanagere,2005.0,40.0,16,14,0.0,14.0,14,9,5,9,66,2,78,0,917705,76.37,542998.0,267.0,267.0,251.0
KARNATAKA,davanagere,2006.0,23.0,13,17,0.0,17.0,14,12,2,11,60,6,79,0,917705,76.37,542998.0,254.0,254.0,234.0
KARNATAKA,davanagere,2007.0,19.0,22,10,0.0,10.0,16,11,5,5,49,2,102,0,917705,76.37,542998.0,251.0,251.0,233.0
KARNATAKA,davanagere,2008.0,26.0,18,10,0.0,10.0,35,31,4,9,60,5,102,0,917705,76.37,542998.0,310.0,310.0,270.0
KARNATAKA,davanagere,2009.0,27.0,24,16,0.0,16.0,17,15,2,12,90,0,112,0,917705,76.37,542998.0,331.0,331.0,314.0
KARNATAKA,davanagere,2010.0,29.0,25,16,0.0,16.0,20,20,0,9,91,1,120,0,917705,76.37,542998.0,347.0,347.0,326.0
KARNATAKA,davanagere,2011.0,35.0,18,11,0.0,11.0,17,15,2,6,65,0,93,0,917705,76.37,542998.0,273.0,273.0,256.0
KARNATAKA,davanagere,2012.0,42.0,35,17,0.0,17.0,23,20,3,8,117,0,119,0,917705,76.37,542998.0,401.0,401.0,378.0
KARNATAKA,davanagere,2015.0,,2,14,0.0,,35,45,6,4,182,2,77,0,917705,76.37,542998.0,367.0,367.0,330.0
KARNATAKA,davanagere,2019.0,0.0,0,13,0.0,0.0,0,2,0,10,165,1,58,0,917705,76.37,542998.0,249.0,249.0,248.0
KARNATAKA,davanagere,2020.0,0.0,0,20,0.0,0.0,13,17,0,5,144,0,57,0,917705,76.37,542998.0,256.0,256.0,243.0
KARNATAKA,dharwad,2015.0,,0,16,0.0,,9,21,12,2,34,0,34,0,823204,80.82,881917.0,128.0,128.0,119.0
KARNATAKA,dharwad,2019.0,1.0,0,5,0.0,0.0,1,1,0,0,25,0,3,0,823204,80.82,881917.0,36.0,36.0,35.0
KARNATAKA,dharwad,2020.0,0.0,0,4,0.0,0.0,0,0,0,1,18,0,13,0,823204,80.82,881917.0,36.0,36.0,36.0
KARNATAKA,gadag,2001.0,22.0,17,2,0.0,2.0,4,2,2,3,10,0,18,0,493533,79.32,342183.0,82.0,82.0,78.0
KARNATAKA,gadag,2002.0,15.0,22,3,0.0,3.0,4,3,1,3,12,0,12,0,493533,79.32,342183.0,78.0,78.0,74.0
KARNATAKA,gadag,2003.0,16.0,12,1,0.0,1.0,4,2,2,1,12,0,13,0,493533,79.32,342183.0,64.0,64.0,60.0
KARNATAKA,gadag,2004.0,16.0,17,1,0.0,1.0,5,3,2,2,21,0,16,0,493533,79.32,342183.0,84.0,84.0,79.0
KARNATAKA,gadag,2005.0,20.0,23,1,0.0,1.0,7,2,5,4,16,0,14,0,493533,79.32,342183.0,93.0,93.0,86.0
KARNATAKA,gadag,2006.0,20.0,12,1,0.0,1.0,5,3,2,4,20,1,17,0,493533,79.32,342183.0,86.0,86.0,80.0
KARNATAKA,gadag,2007.0,17.0,17,4,0.0,4.0,5,2,3,3,31,0,23,0,493533,79.32,342183.0,109.0,109.0,104.0
KARNATAKA,gadag,2008.0,23.0,22,10,0.0,10.0,10,0,10,5,49,1,34,0,493533,79.32,342183.0,174.0,174.0,163.0
KARNATAKA,gadag,2009.0,21.0,12,4,0.0,4.0,9,7,2,0,44,0,34,0,493533,79.32,342183.0,137.0,137.0,128.0
KARNATAKA,gadag,2010.0,27.0,11,6,0.0,6.0,8,0,8,1,35,0,53,0,493533,79.32,342183.0,155.0,155.0,147.0
KARNATAKA,gadag,2011.0,25.0,17,5,0.0,5.0,10,5,5,0,48,0,32,0,493533,79.32,342183.0,152.0,152.0,142.0
KARNATAKA,gadag,2012.0,24.0,11,6,0.0,6.0,12,12,0,2,59,0,47,0,493533,79.32,342183.0,179.0,179.0,167.0
KARNATAKA,gadag,2015.0,,0,7,0.0,,0,2,2,0,49,0,21,0,493533,79.32,342183.0,81.0,81.0,81.0
KARNATAKA,gadag,2019.0,0.0,0,8,0.0,0.0,0,11,0,1,72,0,16,0,493533,79.32,342183.0,108.0,108.0,108.0
KARNATAKA,gadag,2020.0,0.0,0,5,0.0,0.0,0,17,0,0,35,1,18,0,493533,79.32,342183.0,76.0,76.0,75.0
KARNATAKA,gulbarga,2001.0,95.0,83,20,0.0,20.0,35,21,14,6,143,1,104,0,1592789,61.77,852621.0,542.0,542.0,506.0
KARNATAKA,gulbarga,2002.0,79.0,76,24,0.0,24.0,43,32,11,4,119,6,73,0,1592789,61.77,852621.0,491.0,491.0,442.0
KARNATAKA,gulbarga,2003.0,88.0,72,14,0.0,14.0,29,20,9,5,150,0,103,0,1592789,61.77,852621.0,504.0,504.0,475.0
KARNATAKA,gulbarga,2004.0,102.0,133,23,1.0,22.0,40,35,5,7,122,0,98,0,1592789,61.77,852621.0,588.0,588.0,548.0
KARNATAKA,gulbarga,2005.0,115.0,111,16,0.0,16.0,33,17,16,12,119,0,112,0,1592789,61.77,852621.0,567.0,567.0,534.0
KARNATAKA,gulbarga,2006.0,99.0,125,18,0.0,18.0,45,28,17,9,78,0,122,0,1592789,61.77,852621.0,559.0,559.0,514.0
KARNATAKA,gulbarga,2007.0,91.0,90,35,0.0,35.0,54,38,16,19,91,0,127,0,1592789,61.77,852621.0,596.0,596.0,542.0
KARNATAKA,gulbarga,2008.0,104.0,104,25,0.0,25.0,47,31,16,7,75,0,169,0,1592789,61.77,852621.0,603.0,603.0,556.0
KARNATAKA,gulbarga,2009.0,145.0,104,32,0.0,32.0,49,41,8,8,68,0,170,0,1592789,61.77,852621.0,657.0,657.0,608.0
KARNATAKA,gulbarga,2010.0,89.0,103,34,0.0,34.0,75,56,19,6,56,0,152,0,1592789,61.77,852621.0,624.0,624.0,549.0
KARNATAKA,gulbarga,2011.0,93.0,114,36,0.0,36.0,85,73,12,2,111,0,153,0,1592789,61.77,852621.0,715.0,715.0,630.0
KARNATAKA,gulbarga,2012.0,82.0,87,29,0.0,29.0,53,39,14,10,132,0,151,0,1592789,61.77,852621.0,626.0,626.0,573.0
KARNATAKA,hassan,2001.0,64.0,69,20,0.0,20.0,17,0,17,4,75,1,68,0,859086,78.37,304673.0,355.0,355.0,337.0
KARNATAKA,hassan,2002.0,74.0,65,11,0.0,11.0,26,0,26,7,64,0,62,0,859086,78.37,304673.0,346.0,346.0,320.0
KARNATAKA,hassan,2003.0,53.0,67,16,0.0,16.0,20,9,11,3,78,0,43,0,859086,78.37,304673.0,316.0,316.0,296.0
KARNATAKA,hassan,2004.0,61.0,57,16,0.0,16.0,19,8,11,9,49,0,72,0,859086,78.37,304673.0,318.0,318.0,299.0
KARNATAKA,hassan,2005.0,63.0,58,10,0.0,10.0,21,9,12,8,49,0,42,0,859086,78.37,304673.0,282.0,282.0,261.0
KARNATAKA,hassan,2006.0,61.0,38,13,0.0,13.0,11,7,4,7,62,0,62,0,859086,78.37,304673.0,278.0,278.0,267.0
KARNATAKA,hassan,2007.0,54.0,35,13,0.0,13.0,15,9,6,11,77,0,83,0,859086,78.37,304673.0,316.0,316.0,301.0
KARNATAKA,hassan,2008.0,72.0,59,17,0.0,17.0,28,24,4,8,76,0,79,1,859086,78.37,304673.0,385.0,385.0,357.0
KARNATAKA,hassan,2009.0,59.0,48,22,0.0,22.0,22,15,7,15,75,0,103,2,859086,78.37,304673.0,390.0,390.0,368.0
KARNATAKA,hassan,2010.0,61.0,83,23,0.0,23.0,34,25,9,14,134,0,180,0,859086,78.37,304673.0,586.0,586.0,552.0
KARNATAKA,hassan,2011.0,56.0,87,27,0.0,27.0,27,25,2,32,106,0,264,0,859086,78.37,304673.0,653.0,653.0,626.0
KARNATAKA,hassan,2012.0,77.0,80,21,0.0,21.0,26,19,7,5,120,1,155,0,859086,78.37,304673.0,532.0,532.0,505.0
KARNATAKA,hassan,2015.0,,0,24,0.0,,47,54,6,14,194,2,63,0,859086,78.37,304673.0,404.0,404.0,355.0
KARNATAKA,hassan,2019.0,1.0,0,14,0.0,0.0,0,66,64,13,200,2,84,0,859086,78.37,304673.0,444.0,444.0,442.0
KARNATAKA,hassan,2020.0,0.0,0,19,0.0,0.0,70,79,4,14,240,2,64,0,859086,78.37,304673.0,492.0,492.0,420.0
KARNATAKA,haveri,2001.0,24.0,17,3,0.0,3.0,12,11,1,5,42,0,32,0,740469,77.61,299020.0,150.0,150.0,138.0
KARNATAKA,haveri,2002.0,18.0,19,2,0.0,2.0,10,7,3,4,27,0,18,0,740469,77.61,299020.0,110.0,110.0,100.0
KARNATAKA,haveri,2003.0,25.0,8,3,0.0,3.0,8,6,2,1,33,0,17,0,740469,77.61,299020.0,106.0,106.0,98.0
KARNATAKA,haveri,2004.0,25.0,11,9,0.0,9.0,7,0,7,2,28,0,25,0,740469,77.61,299020.0,123.0,123.0,116.0
KARNATAKA,haveri,2005.0,25.0,8,4,0.0,4.0,6,6,0,4,27,0,22,0,740469,77.61,299020.0,106.0,106.0,100.0
KARNATAKA,haveri,2006.0,27.0,10,5,0.0,5.0,13,4,9,1,37,0,17,0,740469,77.61,299020.0,128.0,128.0,115.0
KARNATAKA,haveri,2007.0,17.0,21,8,0.0,8.0,21,6,15,5,35,0,27,0,740469,77.61,299020.0,163.0,163.0,142.0
KARNATAKA,haveri,2008.0,31.0,23,5,0.0,5.0,12,0,12,0,48,0,33,0,740469,77.61,299020.0,169.0,169.0,157.0
KARNATAKA,haveri,2009.0,21.0,27,5,0.0,5.0,14,0,14,3,50,0,47,0,740469,77.61,299020.0,186.0,186.0,172.0
KARNATAKA,haveri,2010.0,28.0,23,6,0.0,6.0,23,0,23,2,65,0,65,0,740469,77.61,299020.0,241.0,241.0,218.0
KARNATAKA,haveri,2011.0,23.0,27,13,0.0,13.0,22,0,22,0,76,0,74,0,740469,77.61,299020.0,270.0,270.0,248.0
KARNATAKA,haveri,2012.0,19.0,24,12,0.0,12.0,18,0,18,3,72,0,68,0,740469,77.61,299020.0,246.0,246.0,228.0
KARNATAKA,haveri,2015.0,,0,15,0.0,,8,17,9,2,47,0,30,0,740469,77.61,299020.0,128.0,128.0,120.0
KARNATAKA,haveri,2019.0,1.0,0,13,0.0,0.0,0,4,4,3,72,0,33,0,740469,77.61,299020.0,130.0,130.0,130.0
KARNATAKA,haveri,2020.0,2.0,0,10,0.0,0.0,0,3,3,6,89,0,35,0,740469,77.61,299020.0,148.0,148.0,148.0
KARNATAKA,kodagu,2001.0,26.0,33,4,0.0,4.0,4,4,0,4,22,0,14,0,274831,83.7,75382.0,115.0,115.0,111.0
KARNATAKA,kodagu,2002.0,35.0,29,4,0.0,4.0,6,1,5,2,27,0,18,0,274831,83.7,75382.0,131.0,131.0,125.0
KARNATAKA,kodagu,2003.0,32.0,24,11,0.0,11.0,6,2,4,1,27,0,18,0,274831,83.7,75382.0,136.0,136.0,130.0
KARNATAKA,kodagu,2004.0,21.0,22,8,0.0,8.0,3,1,2,2,18,2,11,0,274831,83.7,75382.0,98.0,98.0,93.0
KARNATAKA,kodagu,2005.0,34.0,29,10,0.0,10.0,10,9,1,2,18,3,35,0,274831,83.7,75382.0,161.0,161.0,148.0
KARNATAKA,kodagu,2006.0,27.0,33,6,0.0,6.0,6,1,5,0,21,2,26,0,274831,83.7,75382.0,133.0,133.0,125.0
KARNATAKA,kodagu,2007.0,25.0,28,4,0.0,4.0,11,9,2,4,20,1,43,0,274831,83.7,75382.0,151.0,151.0,139.0
KARNATAKA,kodagu,2008.0,22.0,33,20,0.0,20.0,6,5,1,2,27,1,41,0,274831,83.7,75382.0,178.0,178.0,171.0
KARNATAKA,kodagu,2009.0,31.0,23,14,0.0,14.0,13,8,5,5,24,2,46,0,274831,83.7,75382.0,185.0,185.0,170.0
KARNATAKA,kodagu,2010.0,37.0,30,20,0.0,20.0,15,7,8,1,57,0,61,0,274831,83.7,75382.0,256.0,256.0,241.0
KARNATAKA,kodagu,2011.0,33.0,25,16,0.0,16.0,11,5,6,5,25,1,57,0,274831,83.7,75382.0,200.0,200.0,188.0
KARNATAKA,kodagu,2012.0,29.0,36,12,0.0,12.0,5,3,2,2,25,0,43,0,274831,83.7,75382.0,169.0,169.0,164.0
KARNATAKA,kodagu,2015.0,,0,36,0.0,,2,7,2,1,48,1,33,0,274831,83.7,75382.0,130.0,130.0,127.0
KARNATAKA,kodagu,2019.0,1.0,0,8,0.0,0.0,21,23,0,2,34,0,35,0,274831,83.7,75382.0,124.0,124.0,103.0
KARNATAKA,kodagu,2020.0,0.0,0,9,0.0,0.0,0,0,0,0,44,1,37,0,274831,83.7,75382.0,91.0,91.0,90.0
KARNATAKA,kolar,2001.0,69.0,72,17,0.0,17.0,21,18,3,18,42,0,39,0,1286193,73.17,625523.0,316.0,316.0,295.0
KARNATAKA,kolar,2002.0,73.0,71,18,0.0,18.0,36,12,24,16,34,0,46,0,1286193,73.17,625523.0,348.0,348.0,312.0
KARNATAKA,kolar,2003.0,65.0,56,14,0.0,14.0,32,26,6,10,32,1,52,0,1286193,73.17,625523.0,308.0,308.0,275.0
KARNATAKA,kolar,2004.0,59.0,41,16,0.0,16.0,28,16,12,28,32,0,43,0,1286193,73.17,625523.0,291.0,291.0,263.0
KARNATAKA,kolar,2005.0,73.0,49,20,0.0,20.0,30,24,6,19,41,0,41,0,1286193,73.17,625523.0,323.0,323.0,293.0
KARNATAKA,kolar,2006.0,96.0,59,13,0.0,13.0,27,19,8,16,50,0,47,0,1286193,73.17,625523.0,348.0,348.0,321.0
KARNATAKA,kolar,2007.0,66.0,62,19,0.0,19.0,35,24,11,17,44,0,50,0,1286193,73.17,625523.0,347.0,347.0,312.0
KARNATAKA,kolar,2008.0,37.0,22,14,0.0,14.0,15,11,4,14,22,0,21,0,1286193,73.17,625523.0,174.0,174.0,159.0
KARNATAKA,kolar,2009.0,30.0,28,10,0.0,10.0,15,8,7,11,17,2,18,0,1286193,73.17,625523.0,156.0,156.0,139.0
KARNATAKA,kolar,2010.0,40.0,54,12,0.0,12.0,18,5,13,4,29,0,12,0,1286193,73.17,625523.0,199.0,199.0,181.0
KARNATAKA,kolar,2011.0,37.0,45,17,0.0,17.0,18,13,5,3,21,0,23,0,1286193,73.17,625523.0,199.0,199.0,181.0
KARNATAKA,kolar,2012.0,46.0,58,18,0.0,18.0,20,14,6,1,37,0,34,0,1286193,73.17,625523.0,252.0,252.0,232.0
KARNATAKA,kolar,2015.0,,0,2,0.0,,7,18,9,3,40,0,14,0,1286193,73.17,625523.0,93.0,93.0,86.0
KARNATAKA,kolar,2019.0,3.0,0,4,0.0,0.0,0,0,0,2,77,0,30,0,1286193,73.17,625523.0,116.0,116.0,116.0
KARNATAKA,kolar,2020.0,0.0,0,10,0.0,0.0,0,2,0,6,72,1,11,0,1286193,73.17,625523.0,102.0,102.0,101.0
KARNATAKA,koppal,2001.0,23.0,33,6,0.0,6.0,12,12,0,5,40,1,23,0,603312,68.42,198292.0,161.0,161.0,148.0
KARNATAKA,koppal,2002.0,19.0,37,6,0.0,6.0,26,26,0,3,29,0,49,0,603312,68.42,198292.0,201.0,201.0,175.0
KARNATAKA,koppal,2003.0,24.0,23,12,0.0,12.0,5,5,0,5,18,2,27,0,603312,68.42,198292.0,133.0,133.0,126.0
KARNATAKA,koppal,2004.0,25.0,9,8,0.0,8.0,4,4,0,6,16,0,47,0,603312,68.42,198292.0,127.0,127.0,123.0
KARNATAKA,koppal,2005.0,29.0,22,8,0.0,8.0,8,8,0,4,24,1,40,0,603312,68.42,198292.0,152.0,152.0,143.0
KARNATAKA,koppal,2006.0,25.0,9,6,0.0,6.0,7,7,0,3,28,0,23,0,603312,68.42,198292.0,114.0,114.0,107.0
KARNATAKA,koppal,2007.0,19.0,10,6,0.0,6.0,5,5,0,1,32,0,48,0,603312,68.42,198292.0,132.0,132.0,127.0
KARNATAKA,koppal,2008.0,22.0,4,6,0.0,6.0,12,12,0,4,26,0,39,0,603312,68.42,198292.0,131.0,131.0,119.0
KARNATAKA,koppal,2009.0,22.0,20,14,0.0,14.0,13,13,0,5,32,0,57,0,603312,68.42,198292.0,190.0,190.0,177.0
KARNATAKA,koppal,2010.0,28.0,27,10,0.0,10.0,21,0,21,2,29,0,46,0,603312,68.42,198292.0,194.0,194.0,173.0
KARNATAKA,koppal,2011.0,25.0,15,13,0.0,13.0,21,0,21,0,23,0,70,0,603312,68.42,198292.0,201.0,201.0,180.0
KARNATAKA,koppal,2012.0,24.0,11,7,0.0,7.0,27,0,27,0,17,0,87,0,603312,68.42,198292.0,207.0,207.0,180.0
KARNATAKA,koppal,2015.0,,0,12,0.0,,18,25,7,3,52,0,39,0,603312,68.42,198292.0,156.0,156.0,138.0
KARNATAKA,koppal,2019.0,0.0,0,14,0.0,0.0,0,4,0,5,86,2,60,0,603312,68.42,198292.0,171.0,171.0,169.0
KARNATAKA,koppal,2020.0,0.0,0,8,0.0,0.0,18,18,0,3,103,2,56,0,603312,68.42,198292.0,208.0,208.0,188.0
KARNATAKA,mandya,2001.0,67.0,47,15,0.0,15.0,9,1,8,7,50,0,72,0,888034,70.5,282715.0,291.0,291.0,282.0
KARNATAKA,mandya,2002.0,61.0,56,30,0.0,30.0,18,0,18,14,45,0,102,0,888034,70.5,282715.0,374.0,374.0,356.0
KARNATAKA,mandya,2003.0,57.0,59,13,0.0,13.0,8,6,2,5,65,0,77,0,888034,70.5,282715.0,305.0,305.0,297.0
KARNATAKA,mandya,2004.0,58.0,50,15,0.0,15.0,8,0,8,19,46,2,43,0,888034,70.5,282715.0,264.0,264.0,254.0
KARNATAKA,mandya,2005.0,43.0,56,17,0.0,17.0,12,11,1,13,56,0,60,0,888034,70.5,282715.0,286.0,286.0,274.0
KARNATAKA,mandya,2006.0,58.0,46,19,0.0,19.0,14,13,1,8,79,0,89,0,888034,70.5,282715.0,346.0,346.0,332.0
KARNATAKA,mandya,2007.0,48.0,43,17,0.0,17.0,15,14,1,15,66,0,95,0,888034,70.5,282715.0,331.0,331.0,316.0
KARNATAKA,mandya,2008.0,50.0,41,18,0.0,18.0,14,13,1,11,59,0,72,0,888034,70.5,282715.0,297.0,297.0,283.0
KARNATAKA,mandya,2009.0,74.0,72,16,0.0,16.0,27,19,8,8,85,0,125,0,888034,70.5,282715.0,450.0,450.0,423.0
KARNATAKA,mandya,2010.0,83.0,62,30,0.0,30.0,47,35,12,10,117,0,185,0,888034,70.5,282715.0,611.0,611.0,564.0
KARNATAKA,mandya,2011.0,71.0,57,31,0.0,31.0,34,31,3,12,98,0,230,0,888034,70.5,282715.0,598.0,598.0,564.0
KARNATAKA,mandya,2012.0,86.0,95,35,0.0,35.0,46,39,7,9,149,1,204,1,888034,70.5,282715.0,707.0,707.0,660.0
KARNATAKA,mandya,2015.0,,1,13,0.0,,40,56,15,9,432,10,148,0,888034,70.5,282715.0,724.0,724.0,674.0
KARNATAKA,mandya,2019.0,0.0,0,7,0.0,0.0,41,45,0,5,193,5,71,0,888034,70.5,282715.0,367.0,367.0,321.0
KARNATAKA,mandya,2020.0,0.0,0,13,0.0,0.0,0,0,0,10,281,2,78,0,888034,70.5,282715.0,384.0,384.0,382.0
KARNATAKA,raichur,2001.0,33.0,38,12,0.0,12.0,11,5,6,1,63,4,52,0,841840,61.52,420837.0,237.0,237.0,222.0
KARNATAKA,raichur,2002.0,59.0,67,6,0.0,6.0,25,16,9,10,72,6,56,0,841840,61.52,420837.0,332.0,332.0,301.0
KARNATAKA,raichur,2003.0,37.0,26,12,0.0,12.0,16,16,0,7,61,5,79,0,841840,61.52,420837.0,271.0,271.0,250.0
KARNATAKA,raichur,2004.0,43.0,34,6,0.0,6.0,11,7,4,5,57,1,67,0,841840,61.52,420837.0,241.0,241.0,229.0
KARNATAKA,raichur,2005.0,41.0,43,8,0.0,8.0,10,6,4,2,66,6,59,0,841840,61.52,420837.0,253.0,253.0,237.0
KARNATAKA,raichur,2006.0,32.0,46,13,0.0,13.0,18,12,6,6,76,5,85,0,841840,61.52,420837.0,312.0,312.0,289.0
KARNATAKA,raichur,2007.0,44.0,31,19,0.0,19.0,23,20,3,3,61,2,97,0,841840,61.52,420837.0,322.0,322.0,297.0
KARNATAKA,raichur,2008.0,53.0,34,19,0.0,19.0,21,21,0,7,86,0,106,0,841840,61.52,420837.0,366.0,366.0,345.0
KARNATAKA,raichur,2009.0,49.0,27,21,0.0,21.0,18,18,0,9,85,4,141,0,841840,61.52,420837.0,393.0,393.0,371.0
KARNATAKA,raichur,2010.0,49.0,47,31,0.0,31.0,38,32,6,3,105,0,195,0,841840,61.52,420837.0,537.0,537.0,499.0
KARNATAKA,raichur,2011.0,53.0,32,29,0.0,29.0,37,14,23,10,149,0,174,0,841840,61.52,420837.0,550.0,550.0,513.0
KARNATAKA,raichur,2012.0,42.0,31,19,0.0,19.0,34,25,9,1,141,0,190,0,841840,61.52,420837.0,511.0,511.0,477.0
KARNATAKA,raichur,2015.0,,2,17,0.0,,4,11,1,8,223,2,150,0,841840,61.52,420837.0,418.0,418.0,412.0
KARNATAKA,raichur,2019.0,1.0,1,9,0.0,0.0,0,1,0,6,137,0,93,0,841840,61.52,420837.0,248.0,248.0,248.0
KARNATAKA,raichur,2020.0,0.0,0,12,0.0,0.0,17,25,7,1,161,0,85,0,841840,61.52,420837.0,308.0,308.0,291.0
KARNATAKA,shimoga,2001.0,56.0,48,12,0.0,12.0,14,10,4,6,65,0,134,0,830559,82.01,571010.0,361.0,361.0,347.0
KARNATAKA,shimoga,2002.0,53.0,47,11,0.0,11.0,14,12,2,4,59,1,159,0,830559,82.01,571010.0,373.0,373.0,358.0
KARNATAKA,shimoga,2003.0,51.0,40,15,0.0,15.0,21,14,7,4,73,0,127,0,830559,82.01,571010.0,367.0,367.0,346.0
KARNATAKA,shimoga,2004.0,48.0,40,11,0.0,11.0,22,9,13,5,60,2,107,0,830559,82.01,571010.0,328.0,328.0,304.0
KARNATAKA,shimoga,2005.0,50.0,38,17,0.0,17.0,27,20,7,7,88,5,158,0,830559,82.01,571010.0,434.0,434.0,402.0
KARNATAKA,shimoga,2006.0,50.0,52,23,0.0,23.0,21,14,7,5,61,2,191,0,830559,82.01,571010.0,449.0,449.0,426.0
KARNATAKA,shimoga,2007.0,40.0,43,23,0.0,23.0,26,21,5,3,81,3,158,0,830559,82.01,571010.0,426.0,426.0,397.0
KARNATAKA,shimoga,2008.0,45.0,45,14,0.0,14.0,27,23,4,3,101,5,207,0,830559,82.01,571010.0,488.0,488.0,456.0
KARNATAKA,shimoga,2009.0,53.0,54,15,0.0,15.0,38,27,11,5,137,3,255,0,830559,82.01,571010.0,613.0,613.0,572.0
KARNATAKA,shimoga,2010.0,34.0,58,17,0.0,17.0,31,24,7,4,113,8,277,0,830559,82.01,571010.0,590.0,590.0,551.0
KARNATAKA,shimoga,2011.0,54.0,76,23,0.0,23.0,25,18,7,6,123,10,278,0,830559,82.01,571010.0,643.0,643.0,608.0
KARNATAKA,shimoga,2012.0,50.0,78,14,0.0,14.0,32,24,8,6,158,3,222,0,830559,82.01,571010.0,609.0,609.0,574.0
KARNATAKA,shimoga,2015.0,,0,27,0.0,,42,55,10,10,368,2,187,0,830559,82.01,571010.0,701.0,701.0,657.0
KARNATAKA,shimoga,2019.0,0.0,0,11,0.0,0.0,31,34,1,8,331,4,80,0,830559,82.01,571010.0,500.0,500.0,465.0
KARNATAKA,shimoga,2020.0,0.0,0,8,0.0,0.0,51,52,0,6,250,1,63,0,830559,82.01,571010.0,431.0,431.0,379.0
KARNATAKA,tumkur,2001.0,80.0,55,6,0.0,6.0,21,4,17,28,53,0,44,0,1313801,76.78,507202.0,314.0,314.0,293.0
KARNATAKA,tumkur,2002.0,58.0,49,9,0.0,9.0,19,10,9,16,60,0,30,0,1313801,76.78,507202.0,269.0,269.0,250.0
KARNATAKA,tumkur,2003.0,79.0,46,14,0.0,14.0,24,1,23,10,77,1,38,0,1313801,76.78,507202.0,327.0,327.0,302.0
KARNATAKA,tumkur,2004.0,65.0,56,15,0.0,15.0,8,0,8,16,61,1,33,0,1313801,76.78,507202.0,278.0,278.0,269.0
KARNATAKA,tumkur,2005.0,64.0,54,14,0.0,14.0,24,15,9,8,59,0,41,0,1313801,76.78,507202.0,302.0,302.0,278.0
KARNATAKA,tumkur,2006.0,62.0,41,13,0.0,13.0,15,5,10,10,87,0,47,0,1313801,76.78,507202.0,303.0,303.0,288.0
KARNATAKA,tumkur,2007.0,74.0,41,17,0.0,17.0,25,19,6,10,105,0,77,0,1313801,76.78,507202.0,391.0,391.0,366.0
KARNATAKA,tumkur,2008.0,69.0,55,12,0.0,12.0,18,10,8,16,90,0,80,0,1313801,76.78,507202.0,370.0,370.0,352.0
KARNATAKA,tumkur,2009.0,83.0,54,19,0.0,19.0,23,6,17,13,85,0,79,0,1313801,76.78,507202.0,398.0,398.0,375.0
KARNATAKA,tumkur,2010.0,88.0,57,25,0.0,25.0,29,14,15,14,107,0,78,0,1313801,76.78,507202.0,452.0,452.0,423.0
KARNATAKA,tumkur,2011.0,101.0,94,31,0.0,31.0,40,14,26,17,135,0,124,0,1313801,76.78,507202.0,613.0,613.0,573.0
KARNATAKA,tumkur,2012.0,91.0,80,33,0.0,33.0,38,10,28,18,171,0,132,0,1313801,76.78,507202.0,634.0,634.0,596.0
KARNATAKA,udupi,2001.0,16.0,14,2,0.0,2.0,2,0,2,0,16,2,16,0,522231,88.23,206353.0,72.0,72.0,68.0
KARNATAKA,udupi,2002.0,15.0,22,1,0.0,1.0,9,4,5,2,21,0,22,0,522231,88.23,206353.0,102.0,102.0,93.0
KARNATAKA,udupi,2003.0,15.0,10,5,0.0,5.0,9,0,9,0,21,1,23,0,522231,88.23,206353.0,98.0,98.0,88.0
KARNATAKA,udupi,2004.0,16.0,22,0,0.0,0.0,8,1,7,0,21,2,22,0,522231,88.23,206353.0,99.0,99.0,89.0
KARNATAKA,udupi,2005.0,26.0,18,7,0.0,7.0,9,2,7,2,27,1,14,0,522231,88.23,206353.0,120.0,120.0,110.0
KARNATAKA,udupi,2006.0,21.0,10,11,0.0,11.0,7,3,4,4,17,0,24,0,522231,88.23,206353.0,112.0,112.0,105.0
KARNATAKA,udupi,2007.0,12.0,12,11,0.0,11.0,7,1,6,1,22,2,19,0,522231,88.23,206353.0,104.0,104.0,95.0
KARNATAKA,udupi,2008.0,21.0,10,11,0.0,11.0,7,3,4,0,17,0,15,0,522231,88.23,206353.0,99.0,99.0,92.0
KARNATAKA,udupi,2009.0,28.0,12,5,0.0,5.0,3,3,0,0,26,1,22,0,522231,88.23,206353.0,105.0,105.0,101.0
KARNATAKA,udupi,2010.0,15.0,17,12,0.0,12.0,7,3,4,1,31,1,38,0,522231,88.23,206353.0,141.0,141.0,133.0
KARNATAKA,udupi,2011.0,22.0,9,5,0.0,5.0,9,3,6,1,45,1,42,0,522231,88.23,206353.0,148.0,148.0,138.0
KARNATAKA,udupi,2012.0,14.0,18,5,0.0,5.0,12,3,9,0,41,1,38,0,522231,88.23,206353.0,146.0,146.0,133.0
KARNATAKA,udupi,2015.0,,0,20,0.0,,5,15,10,0,110,3,35,0,522231,88.23,206353.0,198.0,198.0,190.0
KARNATAKA,udupi,2019.0,0.0,0,9,0.0,0.0,6,7,1,3,95,2,62,0,522231,88.23,206353.0,185.0,185.0,177.0
KARNATAKA,udupi,2020.0,0.0,0,11,0.0,0.0,9,9,0,1,70,4,32,0,522231,88.23,206353.0,136.0,136.0,123.0
KARNATAKA,uttara kannada,2015.0,,2,6,0.0,,25,26,1,0,161,4,53,0,686876,84.53,387913.0,278.0,278.0,249.0
KARNATAKA,uttara kannada,2019.0,0.0,0,9,0.0,0.0,1,1,0,2,146,9,50,0,686876,84.53,387913.0,218.0,218.0,208.0
KARNATAKA,uttara kannada,2020.0,0.0,0,5,0.0,0.0,1,2,0,1,124,2,27,0,686876,84.53,387913.0,162.0,162.0,159.0
KERALA,ernakulam,2001.0,44.0,67,38,0.0,38.0,20,7,13,3,162,3,161,0,1538397,95.81,1477085.0,556.0,556.0,533.0
KERALA,ernakulam,2002.0,36.0,80,27,0.0,27.0,12,9,3,1,170,6,179,0,1538397,95.81,1477085.0,550.0,550.0,532.0
KERALA,idukki,2001.0,33.0,30,34,0.0,34.0,0,0,0,0,145,16,127,0,566682,92.33,57593.0,419.0,419.0,403.0
KERALA,idukki,2002.0,32.0,18,26,0.0,26.0,0,0,0,0,120,10,108,0,566682,92.33,57593.0,340.0,340.0,330.0
KERALA,idukki,2003.0,28.0,14,14,0.0,14.0,0,0,0,0,93,6,104,0,566682,92.33,57593.0,273.0,273.0,267.0
KERALA,idukki,2004.0,34.0,13,15,0.0,15.0,10,9,1,0,101,10,111,0,566682,92.33,57593.0,319.0,319.0,299.0
KERALA,idukki,2005.0,26.0,31,28,0.0,28.0,7,5,2,2,125,10,107,0,566682,92.33,57593.0,371.0,371.0,354.0
KERALA,idukki,2006.0,31.0,7,30,0.0,30.0,14,11,3,2,133,12,131,0,566682,92.33,57593.0,404.0,404.0,378.0
KERALA,idukki,2007.0,24.0,22,28,0.0,28.0,9,7,2,0,155,21,186,0,566682,92.33,57593.0,482.0,482.0,452.0
KERALA,idukki,2008.0,15.0,28,28,0.0,28.0,15,12,3,0,131,3,193,0,566682,92.33,57593.0,456.0,456.0,438.0
KERALA,idukki,2009.0,19.0,16,23,0.0,23.0,3,1,2,1,130,20,199,0,566682,92.33,57593.0,437.0,437.0,414.0
KERALA,idukki,2010.0,15.0,37,33,0.0,33.0,7,4,3,0,177,13,208,0,566682,92.33,57593.0,530.0,530.0,510.0
KERALA,idukki,2011.0,20.0,31,54,0.0,54.0,10,8,2,0,169,18,237,0,566682,92.33,57593.0,603.0,603.0,575.0
KERALA,idukki,2012.0,22.0,29,53,0.0,53.0,10,10,0,2,189,10,219,0,566682,92.33,57593.0,597.0,597.0,577.0
KERALA,idukki,2015.0,,0,85,0.0,,0,12,8,0,181,13,108,0,566682,92.33,57593.0,407.0,407.0,394.0
KERALA,idukki,2019.0,0.0,4,82,0.0,0.0,0,4,1,0,228,13,83,0,566682,92.33,57593.0,415.0,415.0,402.0
KERALA,idukki,2020.0,0.0,0,27,0.0,0.0,2,3,0,1,202,28,55,0,566682,92.33,57593.0,318.0,318.0,288.0
KERALA,kannur,2001.0,26.0,58,42,0.0,42.0,12,7,5,0,77,7,157,0,1152817,96.13,1212898.0,433.0,433.0,414.0
KERALA,kannur,2002.0,28.0,63,21,0.0,21.0,14,8,6,0,89,7,203,0,1152817,96.13,1212898.0,460.0,460.0,439.0
KERALA,kannur,2003.0,12.0,38,13,0.0,13.0,4,2,2,0,65,3,174,0,1152817,96.13,1212898.0,326.0,326.0,319.0
KERALA,kannur,2004.0,23.0,21,33,0.0,33.0,4,2,2,0,92,7,193,0,1152817,96.13,1212898.0,410.0,410.0,399.0
KERALA,kannur,2005.0,23.0,18,25,0.0,25.0,7,5,2,0,121,17,215,0,1152817,96.13,1212898.0,458.0,458.0,434.0
KERALA,kannur,2006.0,20.0,29,37,0.0,37.0,16,8,8,0,116,12,227,0,1152817,96.13,1212898.0,510.0,510.0,482.0
KERALA,kannur,2007.0,14.0,47,34,0.0,34.0,16,10,6,1,123,14,247,0,1152817,96.13,1212898.0,546.0,546.0,516.0
KERALA,kannur,2008.0,26.0,38,33,0.0,33.0,13,7,6,1,111,13,276,0,1152817,96.13,1212898.0,557.0,557.0,531.0
KERALA,kannur,2009.0,14.0,35,37,0.0,37.0,10,5,5,0,131,16,280,0,1152817,96.13,1212898.0,570.0,570.0,544.0
KERALA,kannur,2010.0,26.0,19,23,0.0,23.0,11,6,5,0,131,9,300,0,1152817,96.13,1212898.0,553.0,553.0,533.0
KERALA,kannur,2011.0,20.0,45,55,0.0,55.0,14,11,3,0,161,23,373,0,1152817,96.13,1212898.0,760.0,760.0,723.0
KERALA,kannur,2012.0,32.0,27,66,0.0,66.0,23,18,5,0,183,12,391,0,1152817,96.13,1212898.0,823.0,823.0,788.0
KERALA,kannur,2015.0,,4,56,0.0,,2,13,10,1,219,11,235,0,1152817,96.13,1212898.0,551.0,551.0,538.0
KERALA,kannur,2019.0,0.0,5,98,0.0,0.0,5,6,0,0,230,23,232,0,1152817,96.13,1212898.0,599.0,599.0,571.0
KERALA,kannur,2020.0,0.0,0,36,0.0,0.0,1,2,1,0,134,34,194,0,1152817,96.13,1212898.0,402.0,402.0,367.0
KERALA,kollam,2001.0,41.0,65,55,0.0,55.0,16,9,7,3,235,0,315,0,1249621,94.43,465978.0,801.0,801.0,785.0
KERALA,kollam,2002.0,41.0,49,60,0.0,60.0,20,12,8,2,307,1,312,0,1249621,94.43,465978.0,872.0,872.0,851.0
KERALA,kollam,2003.0,36.0,22,53,0.0,53.0,24,11,13,5,317,0,365,0,1249621,94.43,465978.0,899.0,899.0,875.0
KERALA,kollam,2004.0,46.0,26,55,0.0,55.0,20,12,8,3,287,24,337,0,1249621,94.43,465978.0,873.0,873.0,829.0
KERALA,kollam,2005.0,40.0,29,47,0.0,47.0,21,19,2,2,320,4,367,0,1249621,94.43,465978.0,898.0,898.0,873.0
KERALA,kollam,2006.0,34.0,39,75,0.0,75.0,35,28,7,1,351,10,445,0,1249621,94.43,465978.0,1100.0,1100.0,1055.0
KERALA,kollam,2007.0,43.0,27,46,0.0,46.0,22,20,2,4,282,10,447,0,1249621,94.43,465978.0,949.0,949.0,917.0
KERALA,kollam,2008.0,26.0,21,61,0.0,61.0,23,20,3,2,273,11,442,0,1249621,94.43,465978.0,943.0,943.0,909.0
KERALA,kollam,2009.0,34.0,29,51,0.0,51.0,21,19,2,2,299,11,432,0,1249621,94.43,465978.0,951.0,951.0,919.0
KERALA,kollam,2010.0,40.0,30,55,0.0,55.0,36,32,4,4,364,10,581,0,1249621,94.43,465978.0,1211.0,1211.0,1165.0
KERALA,kottayam,2001.0,34.0,26,22,0.0,22.0,18,12,6,2,125,8,82,0,964926,97.34,299808.0,357.0,357.0,331.0
KERALA,kottayam,2002.0,20.0,22,28,0.0,28.0,15,7,8,0,156,19,132,0,964926,97.34,299808.0,435.0,435.0,401.0
KERALA,kottayam,2003.0,19.0,25,25,0.0,25.0,15,10,5,0,141,10,115,0,964926,97.34,299808.0,390.0,390.0,365.0
KERALA,kottayam,2004.0,18.0,7,28,0.0,28.0,13,8,5,1,159,12,139,0,964926,97.34,299808.0,418.0,418.0,393.0
KERALA,kottayam,2005.0,24.0,13,25,0.0,25.0,17,13,4,1,167,16,149,0,964926,97.34,299808.0,454.0,454.0,421.0
KERALA,kottayam,2006.0,21.0,18,30,0.0,30.0,22,19,3,2,196,29,186,0,964926,97.34,299808.0,556.0,556.0,505.0
KERALA,kottayam,2007.0,17.0,17,25,0.0,25.0,20,16,4,1,224,31,185,0,964926,97.34,299808.0,565.0,565.0,514.0
KERALA,kottayam,2008.0,26.0,16,31,0.0,31.0,16,11,5,0,221,32,193,0,964926,97.34,299808.0,582.0,582.0,534.0
KERALA,kottayam,2009.0,19.0,18,28,0.0,28.0,14,8,6,0,162,34,192,0,964926,97.34,299808.0,509.0,509.0,461.0
KERALA,kottayam,2010.0,17.0,23,46,0.0,46.0,11,7,4,0,236,66,257,0,964926,97.34,299808.0,713.0,713.0,636.0
KERALA,kottayam,2011.0,22.0,50,51,0.0,51.0,24,21,3,2,258,31,285,0,964926,97.34,299808.0,798.0,798.0,743.0
KERALA,kottayam,2012.0,20.0,29,55,0.0,55.0,19,17,2,1,265,55,255,0,964926,97.34,299808.0,773.0,773.0,699.0
KERALA,kottayam,2015.0,,0,48,0.0,,0,9,9,0,153,23,135,0,964926,97.34,299808.0,377.0,377.0,354.0
KERALA,kottayam,2019.0,1.0,4,104,0.0,0.0,9,14,1,0,247,41,83,0,964926,97.34,299808.0,504.0,504.0,454.0
KERALA,kottayam,2020.0,0.0,0,26,0.0,0.0,6,8,0,0,163,13,77,0,964926,97.34,299808.0,293.0,293.0,274.0
KERALA,kozhikode,2001.0,34.0,35,39,0.0,39.0,12,10,2,2,118,8,319,0,1399358,96.11,1101157.0,618.0,618.0,598.0
KERALA,kozhikode,2002.0,21.0,39,53,0.0,53.0,5,1,4,0,135,12,343,0,1399358,96.11,1101157.0,666.0,666.0,649.0
KERALA,malappuram,2001.0,23.0,33,71,0.0,71.0,17,4,13,3,92,3,448,0,1754576,93.25,356170.0,778.0,778.0,758.0
KERALA,malappuram,2002.0,26.0,28,70,0.0,70.0,11,4,7,3,90,5,431,0,1754576,93.25,356170.0,745.0,745.0,729.0
KERALA,malappuram,2003.0,18.0,17,42,0.0,42.0,11,4,7,2,57,2,460,0,1754576,93.25,356170.0,662.0,662.0,649.0
KERALA,malappuram,2004.0,23.0,25,57,0.0,57.0,10,6,4,0,133,10,516,0,1754576,93.25,356170.0,841.0,841.0,821.0
KERALA,malappuram,2005.0,28.0,33,50,0.0,50.0,13,8,5,0,130,5,449,0,1754576,93.25,356170.0,771.0,771.0,753.0
KERALA,malappuram,2006.0,19.0,15,45,0.0,45.0,10,5,5,1,145,12,458,0,1754576,93.25,356170.0,760.0,760.0,738.0
KERALA,malappuram,2007.0,22.0,29,41,0.0,41.0,13,3,10,0,139,37,503,0,1754576,93.25,356170.0,838.0,838.0,788.0
KERALA,malappuram,2008.0,29.0,27,51,0.0,51.0,13,7,6,2,149,28,525,0,1754576,93.25,356170.0,888.0,888.0,847.0
KERALA,malappuram,2009.0,24.0,31,35,0.0,35.0,17,10,7,0,141,33,545,0,1754576,93.25,356170.0,878.0,878.0,828.0
KERALA,malappuram,2010.0,14.0,34,49,0.0,49.0,21,13,8,0,156,29,658,0,1754576,93.25,356170.0,1031.0,1031.0,981.0
KERALA,malappuram,2011.0,13.0,17,83,0.0,83.0,24,12,12,0,232,27,661,0,1754576,93.25,356170.0,1164.0,1164.0,1113.0
KERALA,malappuram,2012.0,16.0,26,97,0.0,97.0,10,3,7,2,221,21,668,0,1754576,93.25,356170.0,1168.0,1168.0,1137.0
KERALA,malappuram,2015.0,,2,129,0.0,,0,3,0,0,321,30,494,0,1754576,93.25,356170.0,979.0,979.0,949.0
KERALA,malappuram,2019.0,0.0,0,206,0.0,0.0,11,13,0,0,370,31,428,0,1754576,93.25,356170.0,1059.0,1059.0,1017.0
KERALA,malappuram,2020.0,0.0,0,49,0.0,0.0,11,14,2,0,406,38,455,0,1754576,93.25,356170.0,975.0,975.0,926.0
KERALA,palakkad,2001.0,45.0,57,63,0.0,63.0,14,10,4,5,112,10,215,0,1266985,89.52,356575.0,598.0,598.0,574.0
KERALA,palakkad,2002.0,51.0,42,48,0.0,48.0,10,7,3,0,122,5,196,0,1266985,89.52,356575.0,532.0,532.0,517.0
KERALA,palakkad,2003.0,52.0,41,47,0.0,47.0,12,1,11,3,140,4,214,0,1266985,89.52,356575.0,572.0,572.0,556.0
KERALA,palakkad,2004.0,34.0,45,36,0.0,36.0,13,5,8,1,102,3,233,0,1266985,89.52,356575.0,516.0,516.0,500.0
KERALA,palakkad,2005.0,37.0,23,53,0.0,53.0,10,6,4,1,66,4,279,0,1266985,89.52,356575.0,536.0,536.0,522.0
KERALA,palakkad,2006.0,44.0,30,59,0.0,59.0,8,2,6,4,52,17,363,0,1266985,89.52,356575.0,644.0,644.0,619.0
KERALA,palakkad,2007.0,41.0,19,39,0.0,39.0,9,4,5,6,82,5,356,0,1266985,89.52,356575.0,605.0,605.0,591.0
KERALA,palakkad,2008.0,34.0,19,42,0.0,42.0,15,8,7,4,133,4,296,0,1266985,89.52,356575.0,604.0,604.0,585.0
KERALA,palakkad,2009.0,36.0,21,49,0.0,49.0,13,7,6,3,105,30,315,0,1266985,89.52,356575.0,634.0,634.0,591.0
KERALA,palakkad,2010.0,42.0,24,49,0.0,49.0,11,9,2,4,96,11,352,0,1266985,89.52,356575.0,649.0,649.0,627.0
KERALA,palakkad,2011.0,41.0,43,85,0.0,85.0,13,9,4,2,156,18,404,0,1266985,89.52,356575.0,860.0,860.0,829.0
KERALA,palakkad,2012.0,32.0,42,68,0.0,68.0,13,9,4,5,146,11,401,0,1266985,89.52,356575.0,799.0,799.0,775.0
KERALA,palakkad,2015.0,,0,72,0.0,,4,17,6,1,144,21,363,0,1266985,89.52,356575.0,628.0,628.0,603.0
KERALA,palakkad,2019.0,2.0,0,145,0.0,0.0,20,25,0,0,241,14,207,0,1266985,89.52,356575.0,654.0,654.0,620.0
KERALA,palakkad,2020.0,1.0,0,48,0.0,0.0,16,16,0,2,169,16,166,0,1266985,89.52,356575.0,434.0,434.0,402.0
KERALA,pathanamthitta,2001.0,20.0,13,12,0.0,12.0,0,0,0,0,90,3,95,0,589398,96.41,123798.0,245.0,245.0,242.0
KERALA,pathanamthitta,2002.0,28.0,24,12,0.0,12.0,0,0,0,0,139,4,116,0,589398,96.41,123798.0,335.0,335.0,331.0
KERALA,pathanamthitta,2003.0,27.0,10,13,0.0,13.0,0,0,0,2,94,0,116,0,589398,96.41,123798.0,275.0,275.0,275.0
KERALA,pathanamthitta,2004.0,18.0,16,18,0.0,18.0,19,18,1,1,139,6,138,0,589398,96.41,123798.0,392.0,392.0,367.0
KERALA,pathanamthitta,2005.0,22.0,14,14,0.0,14.0,9,6,3,1,139,2,119,0,589398,96.41,123798.0,343.0,343.0,332.0
KERALA,pathanamthitta,2006.0,18.0,8,24,0.0,24.0,15,9,6,0,145,9,129,0,589398,96.41,123798.0,387.0,387.0,363.0
KERALA,pathanamthitta,2007.0,21.0,12,19,0.0,19.0,19,18,1,0,153,18,162,0,589398,96.41,123798.0,442.0,442.0,405.0
KERALA,pathanamthitta,2008.0,17.0,18,32,0.0,32.0,10,8,2,0,168,12,173,0,589398,96.41,123798.0,472.0,472.0,450.0
KERALA,pathanamthitta,2009.0,15.0,18,24,0.0,24.0,11,10,1,0,156,19,120,0,589398,96.41,123798.0,398.0,398.0,368.0
KERALA,pathanamthitta,2010.0,19.0,13,29,0.0,29.0,11,10,1,2,132,51,124,0,589398,96.41,123798.0,421.0,421.0,359.0
KERALA,pathanamthitta,2011.0,20.0,19,33,0.0,33.0,17,15,2,0,157,14,158,0,589398,96.41,123798.0,468.0,468.0,437.0
KERALA,pathanamthitta,2012.0,28.0,24,32,0.0,32.0,17,16,1,2,137,8,162,0,589398,96.41,123798.0,459.0,459.0,434.0
KERALA,pathanamthitta,2015.0,,0,62,0.0,,0,7,0,0,178,8,75,0,589398,96.41,123798.0,330.0,330.0,322.0
KERALA,pathanamthitta,2019.0,0.0,2,91,0.0,0.0,4,5,0,0,150,21,69,0,589398,96.41,123798.0,342.0,342.0,317.0
KERALA,pathanamthitta,2020.0,0.0,0,30,0.0,0.0,2,2,0,0,179,20,57,0,589398,96.41,123798.0,290.0,290.0,268.0
KERALA,thrissur,2001.0,42.0,79,42,0.0,42.0,18,9,9,2,223,16,198,0,1422052,95.11,839433.0,680.0,680.0,646.0
KERALA,thrissur,2002.0,52.0,59,30,0.0,30.0,11,7,4,4,195,14,189,0,1422052,95.11,839433.0,595.0,595.0,570.0
KERALA,thrissur,2003.0,39.0,35,29,0.0,29.0,20,7,13,3,157,10,224,0,1422052,95.11,839433.0,566.0,566.0,536.0
KERALA,thrissur,2004.0,41.0,52,41,0.0,41.0,22,10,12,2,175,10,244,0,1422052,95.11,839433.0,650.0,650.0,618.0
KERALA,thrissur,2005.0,41.0,35,38,0.0,38.0,23,11,12,2,161,28,270,0,1422052,95.11,839433.0,659.0,659.0,608.0
KERALA,thrissur,2006.0,44.0,48,55,0.0,55.0,18,6,12,3,220,22,302,0,1422052,95.11,839433.0,785.0,785.0,745.0
KERALA,thrissur,2007.0,38.0,50,48,0.0,48.0,27,19,8,0,202,28,332,0,1422052,95.11,839433.0,800.0,800.0,745.0
KERALA,thrissur,2008.0,38.0,64,46,0.0,46.0,17,12,5,2,214,29,332,0,1422052,95.11,839433.0,805.0,805.0,759.0
KERALA,thrissur,2009.0,23.0,38,32,0.0,32.0,19,10,9,3,153,29,345,0,1422052,95.11,839433.0,693.0,693.0,645.0
KERALA,thrissur,2010.0,30.0,37,49,0.0,49.0,16,9,7,1,205,39,400,0,1422052,95.11,839433.0,842.0,842.0,787.0
MADHYA PRADESH,balaghat,2001.0,56.0,43,87,0.0,87.0,11,11,0,3,157,12,72,0,740749,80.63,193972.0,539.0,539.0,516.0
MADHYA PRADESH,balaghat,2002.0,69.0,41,87,0.0,87.0,9,8,1,5,186,14,78,0,740749,80.63,193972.0,585.0,585.0,562.0
MADHYA PRADESH,balaghat,2003.0,55.0,25,61,0.0,61.0,7,5,2,10,134,32,69,0,740749,80.63,193972.0,461.0,461.0,422.0
MADHYA PRADESH,balaghat,2004.0,74.0,22,86,0.0,86.0,10,6,4,13,175,19,69,0,740749,80.63,193972.0,564.0,564.0,535.0
MADHYA PRADESH,balaghat,2005.0,65.0,36,58,0.0,58.0,10,6,4,4,155,17,34,0,740749,80.63,193972.0,447.0,447.0,420.0
MADHYA PRADESH,balaghat,2006.0,60.0,22,67,0.0,67.0,5,3,2,6,111,10,41,0,740749,80.63,193972.0,394.0,394.0,379.0
MADHYA PRADESH,balaghat,2007.0,51.0,16,53,0.0,53.0,7,5,2,7,89,9,39,0,740749,80.63,193972.0,331.0,331.0,315.0
MADHYA PRADESH,balaghat,2008.0,56.0,21,61,0.0,61.0,8,6,2,8,131,11,38,0,740749,80.63,193972.0,403.0,403.0,384.0
MADHYA PRADESH,balaghat,2009.0,56.0,23,62,0.0,62.0,8,8,0,7,96,4,37,0,740749,80.63,193972.0,363.0,363.0,351.0
MADHYA PRADESH,balaghat,2010.0,39.0,17,52,0.0,52.0,7,6,1,4,97,14,40,0,740749,80.63,193972.0,329.0,329.0,308.0
MADHYA PRADESH,balaghat,2011.0,51.0,21,55,0.0,55.0,7,7,0,3,104,7,37,0,740749,80.63,193972.0,347.0,347.0,333.0
MADHYA PRADESH,balaghat,2012.0,43.0,22,78,0.0,78.0,9,7,2,6,113,11,63,0,740749,80.63,193972.0,432.0,432.0,412.0
MADHYA PRADESH,balaghat,2015.0,,0,146,0.0,,91,92,0,8,151,6,77,0,740749,80.63,193972.0,571.0,571.0,474.0
MADHYA PRADESH,barwani,2001.0,41.0,30,34,0.0,34.0,2,2,0,5,81,9,18,0,548609,50.96,157975.0,256.0,256.0,245.0
MADHYA PRADESH,barwani,2002.0,37.0,34,30,0.0,30.0,4,4,0,3,71,9,15,0,548609,50.96,157975.0,237.0,237.0,224.0
MADHYA PRADESH,barwani,2003.0,45.0,24,38,0.0,38.0,9,8,1,4,88,5,23,0,548609,50.96,157975.0,283.0,283.0,269.0
MADHYA PRADESH,barwani,2004.0,29.0,31,30,0.0,30.0,1,1,0,4,83,7,22,0,548609,50.96,157975.0,238.0,238.0,230.0
MADHYA PRADESH,barwani,2005.0,43.0,18,41,0.0,41.0,5,5,0,2,92,17,14,0,548609,50.96,157975.0,278.0,278.0,256.0
MADHYA PRADESH,barwani,2006.0,39.0,29,48,0.0,48.0,2,2,0,4,103,15,32,0,548609,50.96,157975.0,322.0,322.0,305.0
MADHYA PRADESH,barwani,2007.0,39.0,38,55,0.0,55.0,10,8,2,4,132,11,32,0,548609,50.96,157975.0,386.0,386.0,365.0
MADHYA PRADESH,barwani,2008.0,32.0,21,39,0.0,39.0,6,4,2,1,81,3,6,0,548609,50.96,157975.0,234.0,234.0,225.0
MADHYA PRADESH,barwani,2009.0,33.0,12,31,0.0,31.0,5,5,0,3,53,7,11,0,548609,50.96,157975.0,191.0,191.0,179.0
MADHYA PRADESH,barwani,2010.0,51.0,21,32,0.0,32.0,4,4,0,6,56,8,6,0,548609,50.96,157975.0,220.0,220.0,208.0
MADHYA PRADESH,barwani,2011.0,51.0,19,39,0.0,39.0,8,7,1,2,58,5,11,0,548609,50.96,157975.0,240.0,240.0,227.0
MADHYA PRADESH,barwani,2012.0,46.0,15,50,0.0,50.0,8,8,0,2,72,5,13,0,548609,50.96,157975.0,269.0,269.0,256.0
MADHYA PRADESH,barwani,2015.0,,0,102,0.0,,11,23,4,4,94,2,19,0,548609,50.96,157975.0,259.0,259.0,246.0
MADHYA PRADESH,betul,2001.0,56.0,48,95,0.0,95.0,19,16,3,7,135,4,71,0,709956,76.81,259119.0,549.0,549.0,526.0
MADHYA PRADESH,betul,2002.0,65.0,50,115,0.0,115.0,22,20,2,13,152,11,50,0,709956,76.81,259119.0,615.0,615.0,582.0
MADHYA PRADESH,betul,2003.0,65.0,51,137,0.0,137.0,24,22,2,9,171,11,51,0,709956,76.81,259119.0,680.0,680.0,645.0
MADHYA PRADESH,betul,2004.0,59.0,43,110,0.0,110.0,17,15,2,18,125,16,76,0,709956,76.81,259119.0,591.0,591.0,558.0
MADHYA PRADESH,betul,2005.0,66.0,30,136,0.0,136.0,14,12,2,22,130,11,74,0,709956,76.81,259119.0,633.0,633.0,608.0
MADHYA PRADESH,betul,2006.0,65.0,24,142,0.0,142.0,27,24,3,13,134,25,71,0,709956,76.81,259119.0,670.0,670.0,618.0
MADHYA PRADESH,betul,2007.0,51.0,48,156,0.0,156.0,18,17,1,13,174,14,72,0,709956,76.81,259119.0,720.0,720.0,688.0
MADHYA PRADESH,betul,2008.0,57.0,33,121,0.0,121.0,26,22,4,17,198,10,50,0,709956,76.81,259119.0,659.0,659.0,623.0
MADHYA PRADESH,betul,2009.0,65.0,32,130,1.0,129.0,30,30,0,18,155,15,71,0,709956,76.81,259119.0,676.0,676.0,631.0
MADHYA PRADESH,betul,2010.0,58.0,27,144,0.0,144.0,25,22,3,24,152,9,42,0,709956,76.81,259119.0,650.0,650.0,616.0
MADHYA PRADESH,betul,2011.0,54.0,29,120,0.0,120.0,19,18,1,20,188,6,53,0,709956,76.81,259119.0,628.0,628.0,603.0
MADHYA PRADESH,betul,2012.0,75.0,26,118,0.0,118.0,12,10,2,11,151,15,57,0,709956,76.81,259119.0,595.0,595.0,568.0
MADHYA PRADESH,betul,2015.0,,2,65,0.0,,0,90,0,8,142,12,115,0,709956,76.81,259119.0,434.0,434.0,422.0
MADHYA PRADESH,bhind,2001.0,63.0,97,31,0.0,31.0,47,20,27,34,80,2,54,0,780902,83.19,338933.0,486.0,486.0,437.0
MADHYA PRADESH,bhind,2002.0,72.0,106,33,0.0,33.0,29,16,13,36,91,6,65,0,780902,83.19,338933.0,500.0,500.0,465.0
MADHYA PRADESH,bhind,2003.0,61.0,101,25,0.0,25.0,28,18,10,24,94,0,53,0,780902,83.19,338933.0,439.0,439.0,411.0
MADHYA PRADESH,bhind,2004.0,57.0,126,29,0.0,29.0,33,13,20,35,75,2,75,0,780902,83.19,338933.0,494.0,494.0,459.0
MADHYA PRADESH,bhind,2005.0,97.0,121,29,0.0,29.0,21,9,12,28,73,2,41,0,780902,83.19,338933.0,462.0,462.0,439.0
MADHYA PRADESH,bhind,2006.0,72.0,103,34,0.0,34.0,13,6,7,32,71,1,69,0,780902,83.19,338933.0,442.0,442.0,428.0
MADHYA PRADESH,bhind,2007.0,68.0,104,27,0.0,27.0,15,8,7,38,55,2,28,0,780902,83.19,338933.0,379.0,379.0,362.0
MADHYA PRADESH,bhind,2008.0,54.0,74,27,0.0,27.0,13,9,4,30,60,1,38,0,780902,83.19,338933.0,337.0,337.0,323.0
MADHYA PRADESH,bhind,2009.0,76.0,79,23,0.0,23.0,32,24,8,38,57,13,67,0,780902,83.19,338933.0,440.0,440.0,395.0
MADHYA PRADESH,bhind,2010.0,78.0,78,30,0.0,30.0,11,8,3,40,60,2,42,0,780902,83.19,338933.0,382.0,382.0,369.0
MADHYA PRADESH,bhind,2011.0,73.0,92,51,0.0,51.0,22,18,4,28,71,11,45,0,780902,83.19,338933.0,466.0,466.0,433.0
MADHYA PRADESH,bhind,2012.0,64.0,80,49,0.0,49.0,27,25,2,40,83,7,50,0,780902,83.19,338933.0,476.0,476.0,442.0
MADHYA PRADESH,bhind,2015.0,,0,60,0.0,,0,68,0,27,134,0,123,0,780902,83.19,338933.0,412.0,412.0,412.0
MADHYA PRADESH,bhopal,2001.0,61.0,109,106,0.0,106.0,55,48,7,15,252,56,132,0,972649,81.94,1482718.0,947.0,947.0,836.0
MADHYA PRADESH,bhopal,2002.0,62.0,92,98,0.0,98.0,41,21,20,16,244,51,131,0,972649,81.94,1482718.0,874.0,874.0,782.0
MADHYA PRADESH,bhopal,2003.0,54.0,111,93,0.0,93.0,55,46,9,16,252,23,142,0,972649,81.94,1482718.0,894.0,894.0,816.0
MADHYA PRADESH,bhopal,2004.0,71.0,91,84,0.0,84.0,43,38,5,29,251,30,152,0,972649,81.94,1482718.0,878.0,878.0,805.0
MADHYA PRADESH,bhopal,2005.0,72.0,71,79,0.0,79.0,31,24,7,13,177,51,125,0,972649,81.94,1482718.0,729.0,729.0,647.0
MADHYA PRADESH,bhopal,2006.0,62.0,89,70,0.0,70.0,49,42,7,22,193,44,103,0,972649,81.94,1482718.0,751.0,751.0,658.0
MADHYA PRADESH,bhopal,2007.0,74.0,76,82,0.0,82.0,48,43,5,24,212,41,137,0,972649,81.94,1482718.0,824.0,824.0,735.0
MADHYA PRADESH,bhopal,2008.0,60.0,86,113,0.0,113.0,42,36,6,28,207,39,157,0,972649,81.94,1482718.0,887.0,887.0,806.0
MADHYA PRADESH,bhopal,2009.0,65.0,93,152,0.0,152.0,77,58,19,46,244,34,231,0,972649,81.94,1482718.0,1171.0,1171.0,1060.0
MADHYA PRADESH,bhopal,2010.0,71.0,73,106,0.0,106.0,66,59,7,31,28,186,205,1,972649,81.94,1482718.0,939.0,939.0,687.0
MADHYA PRADESH,bhopal,2011.0,91.0,112,146,0.0,146.0,40,32,8,19,144,16,198,2,972649,81.94,1482718.0,954.0,954.0,898.0
MADHYA PRADESH,bhopal,2012.0,78.0,96,143,0.0,143.0,63,49,14,19,244,52,254,0,972649,81.94,1482718.0,1155.0,1155.0,1040.0
MADHYA PRADESH,bhopal,2015.0,,3,161,0.0,,0,263,0,16,392,20,337,0,972649,81.94,1482718.0,1192.0,1192.0,1172.0
MADHYA PRADESH,chhatarpur,2001.0,54.0,72,65,0.0,65.0,28,23,5,20,193,10,46,0,788933,65.28,324295.0,581.0,581.0,543.0
MADHYA PRADESH,chhatarpur,2002.0,70.0,66,76,0.0,76.0,25,14,11,20,188,16,58,0,788933,65.28,324295.0,620.0,620.0,579.0
MADHYA PRADESH,chhatarpur,2003.0,55.0,69,56,0.0,56.0,11,8,3,17,164,13,50,0,788933,65.28,324295.0,502.0,502.0,478.0
MADHYA PRADESH,chhatarpur,2004.0,56.0,44,62,0.0,62.0,19,14,5,17,160,20,55,0,788933,65.28,324295.0,514.0,514.0,475.0
MADHYA PRADESH,chhatarpur,2005.0,62.0,72,46,0.0,46.0,12,10,2,18,162,8,40,0,788933,65.28,324295.0,478.0,478.0,458.0
MADHYA PRADESH,chhatarpur,2006.0,71.0,72,59,0.0,59.0,23,20,3,19,170,18,70,0,788933,65.28,324295.0,584.0,584.0,543.0
MADHYA PRADESH,chhatarpur,2007.0,53.0,80,65,0.0,65.0,32,25,7,31,216,22,85,0,788933,65.28,324295.0,681.0,681.0,627.0
MADHYA PRADESH,chhatarpur,2008.0,52.0,62,57,0.0,57.0,26,14,12,22,194,20,58,0,788933,65.28,324295.0,574.0,574.0,528.0
MADHYA PRADESH,chhatarpur,2009.0,67.0,76,64,0.0,64.0,20,15,5,17,178,6,85,0,788933,65.28,324295.0,597.0,597.0,571.0
MADHYA PRADESH,chhatarpur,2010.0,69.0,71,55,0.0,55.0,26,24,2,24,184,11,55,0,788933,65.28,324295.0,576.0,576.0,539.0
MADHYA PRADESH,chhatarpur,2011.0,58.0,78,77,0.0,77.0,44,42,2,33,185,8,75,0,788933,65.28,324295.0,679.0,679.0,627.0
MADHYA PRADESH,chhatarpur,2012.0,50.0,60,62,0.0,62.0,39,39,0,26,172,0,68,0,788933,65.28,324295.0,578.0,578.0,539.0
MADHYA PRADESH,chhatarpur,2015.0,,1,52,0.0,,22,115,0,24,183,0,112,0,788933,65.28,324295.0,509.0,509.0,487.0
MADHYA PRADESH,chhindwara,2001.0,78.0,51,93,0.0,93.0,18,16,2,10,203,32,109,0,947337,76.45,452203.0,705.0,705.0,655.0
MADHYA PRADESH,chhindwara,2002.0,81.0,46,82,0.0,82.0,10,9,1,11,189,36,117,0,947337,76.45,452203.0,664.0,664.0,618.0
MADHYA PRADESH,chhindwara,2003.0,45.0,34,82,0.0,82.0,14,12,2,12,187,27,78,0,947337,76.45,452203.0,575.0,575.0,534.0
MADHYA PRADESH,chhindwara,2004.0,66.0,28,132,0.0,132.0,15,12,3,8,204,31,138,0,947337,76.45,452203.0,769.0,769.0,723.0
MADHYA PRADESH,chhindwara,2005.0,74.0,29,122,0.0,122.0,19,18,1,15,165,24,122,0,947337,76.45,452203.0,711.0,711.0,668.0
MADHYA PRADESH,chhindwara,2006.0,76.0,38,125,0.0,125.0,16,14,2,13,188,29,79,0,947337,76.45,452203.0,705.0,705.0,660.0
MADHYA PRADESH,chhindwara,2007.0,59.0,28,116,0.0,116.0,14,13,1,16,185,19,118,0,947337,76.45,452203.0,685.0,685.0,652.0
MADHYA PRADESH,chhindwara,2008.0,76.0,23,120,0.0,120.0,13,11,2,17,185,22,121,0,947337,76.45,452203.0,710.0,710.0,675.0
MADHYA PRADESH,chhindwara,2009.0,73.0,22,138,0.0,138.0,32,27,5,18,252,36,160,0,947337,76.45,452203.0,901.0,901.0,833.0
MADHYA PRADESH,chhindwara,2010.0,86.0,27,102,0.0,102.0,17,14,3,8,235,38,105,0,947337,76.45,452203.0,737.0,737.0,682.0
MADHYA PRADESH,chhindwara,2011.0,71.0,26,111,0.0,111.0,24,22,2,14,189,41,89,0,947337,76.45,452203.0,700.0,700.0,635.0
MADHYA PRADESH,chhindwara,2012.0,61.0,33,122,0.0,122.0,21,19,2,18,202,41,108,0,947337,76.45,452203.0,749.0,749.0,687.0
MADHYA PRADESH,chhindwara,2015.0,,0,173,0.0,,147,147,0,10,227,0,110,0,947337,76.45,452203.0,814.0,814.0,667.0
MADHYA PRADESH,damoh,2001.0,43.0,78,66,0.0,66.0,18,10,8,28,189,0,58,0,570229,74.67,204351.0,564.0,564.0,546.0
MADHYA PRADESH,damoh,2002.0,49.0,57,57,0.0,57.0,14,7,7,31,136,0,52,0,570229,74.67,204351.0,467.0,467.0,453.0
MADHYA PRADESH,damoh,2003.0,47.0,50,49,0.0,49.0,18,13,5,27,179,0,64,0,570229,74.67,204351.0,501.0,501.0,483.0
MADHYA PRADESH,damoh,2004.0,49.0,58,54,0.0,54.0,9,2,7,23,150,0,52,0,570229,74.67,204351.0,458.0,458.0,449.0
MADHYA PRADESH,damoh,2005.0,40.0,68,43,0.0,43.0,12,6,6,31,113,0,53,0,570229,74.67,204351.0,415.0,415.0,403.0
MADHYA PRADESH,damoh,2006.0,44.0,52,40,0.0,40.0,4,1,3,40,116,0,51,0,570229,74.67,204351.0,391.0,391.0,387.0
MADHYA PRADESH,damoh,2007.0,43.0,47,30,0.0,30.0,14,9,5,20,148,0,50,0,570229,74.67,204351.0,396.0,396.0,382.0
MADHYA PRADESH,damoh,2008.0,58.0,47,46,0.0,46.0,13,12,1,15,126,0,47,0,570229,74.67,204351.0,411.0,411.0,398.0
MADHYA PRADESH,damoh,2009.0,47.0,59,39,0.0,39.0,18,17,1,23,147,0,70,0,570229,74.67,204351.0,460.0,460.0,442.0
MADHYA PRADESH,damoh,2010.0,49.0,65,41,0.0,41.0,22,19,3,25,203,0,84,0,570229,74.67,204351.0,552.0,552.0,530.0
MADHYA PRADESH,damoh,2011.0,45.0,56,52,0.0,52.0,21,14,7,27,193,0,139,0,570229,74.67,204351.0,606.0,606.0,585.0
MADHYA PRADESH,damoh,2012.0,51.0,47,50,0.0,50.0,32,27,5,20,165,0,108,0,570229,74.67,204351.0,555.0,555.0,523.0
MADHYA PRADESH,damoh,2015.0,,0,45,0.0,,85,85,0,18,123,0,78,0,570229,74.67,204351.0,434.0,434.0,349.0
MADHYA PRADESH,datia,2015.0,,0,31,0.0,,17,18,0,16,81,0,46,0,338232,84.29,137549.0,209.0,209.0,192.0
MADHYA PRADESH,dewas,2001.0,50.0,112,78,0.0,78.0,20,11,9,15,279,80,96,0,677866,75.74,358347.0,828.0,828.0,728.0
MADHYA PRADESH,dewas,2002.0,53.0,76,97,0.0,97.0,33,13,20,14,191,54,135,0,677866,75.74,358347.0,783.0,783.0,696.0
MADHYA PRADESH,dewas,2003.0,57.0,85,88,0.0,88.0,34,20,14,12,213,68,196,0,677866,75.74,358347.0,875.0,875.0,773.0
MADHYA PRADESH,dewas,2004.0,48.0,93,82,0.0,82.0,30,21,9,16,193,55,216,0,677866,75.74,358347.0,845.0,845.0,760.0
MADHYA PRADESH,dewas,2005.0,57.0,76,86,0.0,86.0,32,21,11,20,186,52,173,0,677866,75.74,358347.0,800.0,800.0,716.0
MADHYA PRADESH,dewas,2006.0,43.0,72,85,0.0,85.0,21,16,5,10,168,31,136,0,677866,75.74,358347.0,672.0,672.0,620.0
MADHYA PRADESH,dewas,2007.0,39.0,63,84,0.0,84.0,27,18,9,22,165,48,131,0,677866,75.74,358347.0,690.0,690.0,615.0
MADHYA PRADESH,dewas,2008.0,45.0,73,73,0.0,73.0,18,14,4,10,191,42,150,0,677866,75.74,358347.0,693.0,693.0,633.0
MADHYA PRADESH,dewas,2009.0,40.0,45,59,0.0,59.0,11,9,2,7,154,20,142,0,677866,75.74,358347.0,548.0,548.0,517.0
MADHYA PRADESH,dewas,2010.0,47.0,67,89,0.0,89.0,28,26,2,10,192,41,131,0,677866,75.74,358347.0,722.0,722.0,653.0
MADHYA PRADESH,dewas,2011.0,43.0,69,102,0.0,102.0,26,21,5,19,162,30,110,0,677866,75.74,358347.0,689.0,689.0,633.0
MADHYA PRADESH,dewas,2012.0,62.0,55,70,0.0,70.0,31,29,2,19,146,31,130,0,677866,75.74,358347.0,645.0,645.0,583.0
MADHYA PRADESH,dewas,2015.0,,3,123,0.0,,21,65,1,9,189,18,166,0,677866,75.74,358347.0,595.0,595.0,556.0
MADHYA PRADESH,dhar,2001.0,89.0,99,68,0.0,68.0,22,18,4,41,168,21,88,0,890416,65.75,288184.0,686.0,686.0,643.0
MADHYA PRADESH,dhar,2002.0,90.0,101,74,0.0,74.0,30,24,6,53,220,51,91,0,890416,65.75,288184.0,814.0,814.0,733.0
MADHYA PRADESH,dhar,2003.0,87.0,86,82,0.0,82.0,27,23,4,40,200,13,85,0,890416,65.75,288184.0,729.0,729.0,689.0
MADHYA PRADESH,dhar,2004.0,100.0,78,109,0.0,109.0,30,29,1,48,154,18,112,0,890416,65.75,288184.0,788.0,788.0,740.0
MADHYA PRADESH,dhar,2005.0,86.0,82,134,0.0,134.0,40,36,4,41,180,9,63,0,890416,65.75,288184.0,809.0,809.0,760.0
MADHYA PRADESH,dhar,2006.0,58.0,65,103,0.0,103.0,35,31,4,30,183,10,47,0,890416,65.75,288184.0,669.0,669.0,624.0
MADHYA PRADESH,dhar,2007.0,78.0,58,82,0.0,82.0,22,18,4,35,157,17,56,0,890416,65.75,288184.0,609.0,609.0,570.0
MADHYA PRADESH,dhar,2008.0,80.0,94,100,0.0,100.0,29,27,2,37,185,11,69,0,890416,65.75,288184.0,734.0,734.0,694.0
MADHYA PRADESH,dhar,2009.0,80.0,73,99,0.0,99.0,34,32,2,41,167,18,87,0,890416,65.75,288184.0,732.0,732.0,680.0
MADHYA PRADESH,dhar,2010.0,71.0,66,89,0.0,89.0,42,41,1,54,176,22,82,0,890416,65.75,288184.0,733.0,733.0,669.0
MADHYA PRADESH,dhar,2011.0,81.0,63,103,0.0,103.0,43,41,2,62,189,13,74,0,890416,65.75,288184.0,774.0,774.0,718.0
MADHYA PRADESH,dhar,2012.0,61.0,53,81,0.0,81.0,49,45,4,39,173,16,69,0,890416,65.75,288184.0,671.0,671.0,606.0
MADHYA PRADESH,dhar,2015.0,,2,116,0.0,,13,175,0,4,167,10,47,0,890416,65.75,288184.0,534.0,534.0,511.0
MADHYA PRADESH,dindori,2001.0,13.0,4,20,0.0,20.0,2,2,0,0,53,6,4,0,291716,69.95,26870.0,124.0,124.0,116.0
MADHYA PRADESH,dindori,2002.0,26.0,7,26,0.0,26.0,2,1,1,1,57,4,15,0,291716,69.95,26870.0,166.0,166.0,160.0
MADHYA PRADESH,dindori,2003.0,14.0,3,37,0.0,37.0,2,2,0,1,64,8,22,0,291716,69.95,26870.0,190.0,190.0,180.0
MADHYA PRADESH,dindori,2004.0,14.0,13,34,0.0,34.0,3,3,0,1,61,4,11,0,291716,69.95,26870.0,178.0,178.0,171.0
MADHYA PRADESH,dindori,2005.0,18.0,9,32,0.0,32.0,1,1,0,2,57,0,11,0,291716,69.95,26870.0,163.0,163.0,162.0
MADHYA PRADESH,dindori,2006.0,27.0,5,26,0.0,26.0,0,0,0,2,51,0,15,0,291716,69.95,26870.0,152.0,152.0,152.0
MADHYA PRADESH,dindori,2007.0,15.0,3,23,0.0,23.0,0,0,0,3,27,1,4,0,291716,69.95,26870.0,99.0,99.0,98.0
MADHYA PRADESH,dindori,2008.0,19.0,3,20,0.0,20.0,1,1,0,2,33,1,4,0,291716,69.95,26870.0,104.0,104.0,102.0
MADHYA PRADESH,dindori,2009.0,23.0,1,35,0.0,35.0,2,1,1,4,48,5,38,0,291716,69.95,26870.0,193.0,193.0,186.0
MADHYA PRADESH,dindori,2010.0,20.0,2,31,0.0,31.0,2,1,1,4,89,5,17,0,291716,69.95,26870.0,203.0,203.0,196.0
MADHYA PRADESH,dindori,2011.0,22.0,4,46,0.0,46.0,6,4,2,1,67,5,21,0,291716,69.95,26870.0,224.0,224.0,213.0
MADHYA PRADESH,dindori,2012.0,32.0,8,40,0.0,40.0,6,6,0,5,80,6,39,0,291716,69.95,26870.0,262.0,262.0,250.0
MADHYA PRADESH,dindori,2015.0,,0,45,0.0,,31,42,0,1,105,2,62,0,291716,69.95,26870.0,288.0,288.0,255.0
MADHYA PRADESH,guna,2001.0,71.0,72,124,0.0,124.0,17,15,2,7,317,22,95,0,884020,74.13,354813.0,866.0,866.0,827.0
MADHYA PRADESH,guna,2002.0,64.0,74,148,0.0,148.0,7,4,3,12,339,35,99,0,884020,74.13,354813.0,933.0,933.0,891.0
MADHYA PRADESH,guna,2003.0,37.0,32,83,0.0,83.0,8,6,2,9,175,7,68,0,884020,74.13,354813.0,510.0,510.0,495.0
MADHYA PRADESH,guna,2004.0,45.0,32,78,0.0,78.0,6,4,2,10,161,13,42,0,884020,74.13,354813.0,471.0,471.0,452.0
MADHYA PRADESH,guna,2005.0,40.0,34,77,0.0,77.0,5,5,0,3,176,18,61,0,884020,74.13,354813.0,496.0,496.0,473.0
MADHYA PRADESH,guna,2006.0,37.0,45,69,0.0,69.0,13,12,1,7,162,17,48,0,884020,74.13,354813.0,480.0,480.0,450.0
MADHYA PRADESH,guna,2007.0,39.0,28,80,0.0,80.0,3,2,1,4,166,23,45,0,884020,74.13,354813.0,471.0,471.0,445.0
MADHYA PRADESH,guna,2008.0,53.0,29,72,0.0,72.0,14,13,1,9,134,16,25,0,884020,74.13,354813.0,438.0,438.0,408.0
MADHYA PRADESH,guna,2009.0,43.0,20,54,0.0,54.0,9,8,1,11,124,14,38,0,884020,74.13,354813.0,376.0,376.0,353.0
MADHYA PRADESH,guna,2010.0,37.0,34,56,0.0,56.0,12,11,1,13,150,9,47,1,884020,74.13,354813.0,427.0,427.0,406.0
MADHYA PRADESH,guna,2011.0,45.0,43,75,0.0,75.0,26,24,2,9,122,14,30,1,884020,74.13,354813.0,466.0,466.0,426.0
MADHYA PRADESH,guna,2012.0,44.0,45,60,0.0,60.0,28,25,3,8,131,11,34,0,884020,74.13,354813.0,449.0,449.0,410.0
MADHYA PRADESH,guna,2015.0,,0,110,0.0,,33,33,0,5,184,13,76,0,884020,74.13,354813.0,454.0,454.0,408.0
MADHYA PRADESH,gwalior,2001.0,84.0,168,59,0.0,59.0,46,22,24,20,139,8,49,0,883317,80.36,983008.0,678.0,678.0,624.0
MADHYA PRADESH,gwalior,2002.0,102.0,126,69,0.0,69.0,79,48,31,18,150,12,133,0,883317,80.36,983008.0,837.0,837.0,746.0
MADHYA PRADESH,gwalior,2003.0,91.0,137,72,0.0,72.0,81,50,31,24,161,6,125,0,883317,80.36,983008.0,850.0,850.0,763.0
MADHYA PRADESH,gwalior,2004.0,86.0,145,58,0.0,58.0,52,34,18,31,180,9,147,0,883317,80.36,983008.0,818.0,818.0,757.0
MADHYA PRADESH,gwalior,2005.0,99.0,133,61,0.0,61.0,44,32,12,21,164,11,130,0,883317,80.36,983008.0,768.0,768.0,713.0
MADHYA PRADESH,gwalior,2006.0,107.0,152,77,0.0,77.0,41,33,8,32,186,13,172,0,883317,80.36,983008.0,898.0,898.0,844.0
MADHYA PRADESH,gwalior,2007.0,70.0,139,74,0.0,74.0,68,46,22,33,170,20,130,0,883317,80.36,983008.0,846.0,846.0,758.0
MADHYA PRADESH,gwalior,2008.0,98.0,120,42,0.0,42.0,62,47,15,24,126,17,139,0,883317,80.36,983008.0,732.0,732.0,653.0
MADHYA PRADESH,gwalior,2009.0,104.0,128,73,0.0,73.0,85,67,18,23,183,20,209,0,883317,80.36,983008.0,983.0,983.0,878.0
MADHYA PRADESH,gwalior,2010.0,99.0,176,71,0.0,71.0,102,82,20,52,180,18,248,0,883317,80.36,983008.0,1119.0,1119.0,999.0
MADHYA PRADESH,gwalior,2011.0,107.0,148,75,0.0,75.0,90,81,9,34,170,14,168,0,883317,80.36,983008.0,971.0,971.0,867.0
MADHYA PRADESH,gwalior,2012.0,96.0,172,85,0.0,85.0,83,75,8,35,158,13,202,0,883317,80.36,983008.0,1012.0,1012.0,916.0
MADHYA PRADESH,gwalior,2015.0,,5,158,0.0,,0,105,98,29,255,9,380,0,883317,80.36,983008.0,1039.0,1039.0,1030.0
MADHYA PRADESH,harda,2001.0,14.0,12,28,0.0,28.0,2,2,0,9,35,0,27,0,247226,77.94,101167.0,157.0,157.0,155.0
MADHYA PRADESH,harda,2002.0,18.0,13,28,0.0,28.0,3,3,0,7,42,8,16,0,247226,77.94,101167.0,166.0,166.0,155.0
MADHYA PRADESH,harda,2003.0,13.0,10,25,0.0,25.0,1,1,0,3,52,0,22,0,247226,77.94,101167.0,152.0,152.0,151.0
MADHYA PRADESH,harda,2004.0,15.0,17,31,0.0,31.0,3,3,0,5,30,3,14,0,247226,77.94,101167.0,152.0,152.0,146.0
MADHYA PRADESH,harda,2005.0,20.0,13,32,0.0,32.0,7,6,1,7,41,0,9,0,247226,77.94,101167.0,168.0,168.0,161.0
MADHYA PRADESH,harda,2006.0,16.0,26,25,0.0,25.0,7,5,2,5,37,2,16,0,247226,77.94,101167.0,166.0,166.0,157.0
MADHYA PRADESH,harda,2007.0,17.0,23,38,0.0,38.0,12,7,5,5,41,14,34,0,247226,77.94,101167.0,234.0,234.0,208.0
MADHYA PRADESH,harda,2008.0,20.0,24,18,0.0,18.0,9,7,2,6,42,39,0,0,247226,77.94,101167.0,185.0,185.0,137.0
MADHYA PRADESH,harda,2009.0,12.0,11,19,0.0,19.0,7,4,3,3,36,7,5,0,247226,77.94,101167.0,126.0,126.0,112.0
MADHYA PRADESH,harda,2010.0,25.0,17,40,0.0,40.0,9,9,0,3,54,5,17,0,247226,77.94,101167.0,219.0,219.0,205.0
MADHYA PRADESH,harda,2011.0,25.0,16,53,0.0,53.0,15,15,0,5,59,9,14,0,247226,77.94,101167.0,264.0,264.0,240.0
MADHYA PRADESH,harda,2012.0,14.0,20,26,0.0,26.0,12,10,2,7,51,4,16,0,247226,77.94,101167.0,188.0,188.0,172.0
MADHYA PRADESH,harda,2015.0,,0,48,0.0,,74,74,0,4,74,1,9,0,247226,77.94,101167.0,284.0,284.0,209.0
MADHYA PRADESH,hoshangabad,2001.0,53.0,57,65,0.0,65.0,16,13,3,9,109,6,31,0,571774,80.83,334394.0,427.0,427.0,405.0
MADHYA PRADESH,hoshangabad,2002.0,48.0,86,62,0.0,62.0,21,20,1,9,122,13,45,0,571774,80.83,334394.0,489.0,489.0,455.0
MADHYA PRADESH,hoshangabad,2003.0,49.0,53,70,0.0,70.0,10,7,3,19,127,7,52,0,571774,80.83,334394.0,467.0,467.0,450.0
MADHYA PRADESH,hoshangabad,2004.0,50.0,63,51,0.0,51.0,20,14,6,8,132,11,71,0,571774,80.83,334394.0,477.0,477.0,446.0
MADHYA PRADESH,hoshangabad,2005.0,41.0,65,64,0.0,64.0,16,9,7,10,124,16,58,0,571774,80.83,334394.0,474.0,474.0,442.0
MADHYA PRADESH,hoshangabad,2006.0,47.0,46,57,0.0,57.0,12,8,4,12,112,14,29,0,571774,80.83,334394.0,398.0,398.0,372.0
MADHYA PRADESH,hoshangabad,2007.0,41.0,48,52,0.0,52.0,23,23,0,11,110,12,59,0,571774,80.83,334394.0,431.0,431.0,396.0
MADHYA PRADESH,hoshangabad,2008.0,52.0,41,64,0.0,64.0,19,14,5,16,130,19,44,0,571774,80.83,334394.0,468.0,468.0,430.0
MADHYA PRADESH,hoshangabad,2009.0,46.0,47,59,0.0,59.0,23,23,0,10,114,21,101,0,571774,80.83,334394.0,503.0,503.0,459.0
MADHYA PRADESH,hoshangabad,2010.0,52.0,39,73,0.0,73.0,38,35,3,20,140,48,111,0,571774,80.83,334394.0,632.0,632.0,546.0
MADHYA PRADESH,hoshangabad,2011.0,59.0,50,59,0.0,59.0,28,26,2,16,149,17,120,0,571774,80.83,334394.0,585.0,585.0,540.0
MADHYA PRADESH,hoshangabad,2012.0,44.0,32,69,0.0,69.0,34,27,7,12,129,21,57,0,571774,80.83,334394.0,501.0,501.0,446.0
MADHYA PRADESH,hoshangabad,2015.0,,0,101,0.0,,42,54,1,5,104,6,94,0,571774,80.83,334394.0,407.0,407.0,359.0
MADHYA PRADESH,indore,2001.0,111.0,133,84,0.0,84.0,50,35,15,25,215,63,161,0,1289352,84.6,1730363.0,976.0,976.0,863.0
MADHYA PRADESH,indore,2002.0,109.0,135,93,0.0,93.0,47,28,19,23,217,54,249,0,1289352,84.6,1730363.0,1067.0,1067.0,966.0
MADHYA PRADESH,indore,2003.0,93.0,129,77,0.0,77.0,61,43,18,22,240,84,298,0,1289352,84.6,1730363.0,1142.0,1142.0,997.0
MADHYA PRADESH,indore,2004.0,107.0,136,97,0.0,97.0,47,30,17,35,269,69,294,0,1289352,84.6,1730363.0,1198.0,1198.0,1082.0
MADHYA PRADESH,indore,2005.0,104.0,137,102,0.0,102.0,59,42,17,29,221,73,283,0,1289352,84.6,1730363.0,1169.0,1169.0,1037.0
MADHYA PRADESH,indore,2006.0,81.0,126,90,0.0,90.0,39,33,6,22,253,68,263,0,1289352,84.6,1730363.0,1071.0,1071.0,964.0
MADHYA PRADESH,indore,2007.0,111.0,151,102,0.0,102.0,49,35,14,21,276,55,319,0,1289352,84.6,1730363.0,1235.0,1235.0,1131.0
MADHYA PRADESH,indore,2008.0,125.0,197,122,0.0,122.0,61,46,15,35,343,63,369,0,1289352,84.6,1730363.0,1498.0,1498.0,1374.0
MADHYA PRADESH,indore,2009.0,132.0,208,82,0.0,82.0,36,29,7,44,419,91,484,0,1289352,84.6,1730363.0,1614.0,1614.0,1487.0
MADHYA PRADESH,indore,2010.0,108.0,149,104,0.0,104.0,56,45,11,38,338,67,352,2,1289352,84.6,1730363.0,1374.0,1374.0,1251.0
MADHYA PRADESH,indore,2011.0,135.0,137,129,0.0,129.0,66,52,14,41,339,59,398,3,1289352,84.6,1730363.0,1502.0,1502.0,1377.0
MADHYA PRADESH,indore,2012.0,123.0,172,173,0.0,173.0,54,42,12,24,405,114,448,0,1289352,84.6,1730363.0,1740.0,1740.0,1572.0
MADHYA PRADESH,indore,2015.0,,4,99,0.0,,264,332,6,27,311,111,268,0,1289352,84.6,1730363.0,1422.0,1422.0,1047.0
MADHYA PRADESH,jabalpur,2001.0,103.0,167,108,0.0,108.0,33,20,13,28,264,50,81,0,1127304,84.56,1227340.0,975.0,975.0,892.0
MADHYA PRADESH,jabalpur,2002.0,73.0,146,80,0.0,80.0,32,14,18,49,250,64,125,0,1127304,84.56,1227340.0,931.0,931.0,835.0
MADHYA PRADESH,jabalpur,2003.0,92.0,131,103,0.0,103.0,45,25,20,57,297,60,108,0,1127304,84.56,1227340.0,1041.0,1041.0,936.0
MADHYA PRADESH,jabalpur,2004.0,84.0,178,102,0.0,102.0,39,26,13,42,227,113,115,0,1127304,84.56,1227340.0,1041.0,1041.0,889.0
MADHYA PRADESH,jabalpur,2005.0,77.0,131,92,0.0,92.0,36,23,13,34,310,133,154,0,1127304,84.56,1227340.0,1095.0,1095.0,926.0
MADHYA PRADESH,jabalpur,2006.0,65.0,132,103,0.0,103.0,39,32,7,31,228,94,127,0,1127304,84.56,1227340.0,961.0,961.0,828.0
MADHYA PRADESH,jabalpur,2007.0,81.0,156,77,0.0,77.0,40,31,9,42,290,65,144,0,1127304,84.56,1227340.0,1012.0,1012.0,907.0
MADHYA PRADESH,jabalpur,2008.0,69.0,111,127,0.0,127.0,52,40,12,42,288,67,146,0,1127304,84.56,1227340.0,1081.0,1081.0,962.0
MADHYA PRADESH,jabalpur,2009.0,92.0,92,129,0.0,129.0,44,33,11,26,221,63,186,0,1127304,84.56,1227340.0,1026.0,1026.0,919.0
MADHYA PRADESH,jabalpur,2010.0,81.0,95,130,0.0,130.0,34,32,2,56,189,60,185,1,1127304,84.56,1227340.0,995.0,995.0,901.0
MADHYA PRADESH,jabalpur,2011.0,93.0,129,107,0.0,107.0,39,27,12,39,269,40,212,2,1127304,84.56,1227340.0,1076.0,1076.0,997.0
MADHYA PRADESH,jabalpur,2012.0,98.0,129,127,0.0,127.0,51,45,6,33,253,43,219,0,1127304,84.56,1227340.0,1131.0,1131.0,1037.0
MADHYA PRADESH,jabalpur,2015.0,,5,126,0.0,,153,254,0,31,286,27,210,0,1127304,84.56,1227340.0,1092.0,1092.0,912.0
MADHYA PRADESH,jhabua,2001.0,124.0,119,44,0.0,44.0,83,80,3,5,127,4,24,0,702053,47.97,121031.0,657.0,657.0,570.0
MADHYA PRADESH,jhabua,2002.0,133.0,129,29,0.0,29.0,68,62,6,3,119,0,8,0,702053,47.97,121031.0,586.0,586.0,518.0
MADHYA PRADESH,jhabua,2003.0,119.0,101,36,0.0,36.0,37,35,2,0,112,10,12,0,702053,47.97,121031.0,500.0,500.0,453.0
MADHYA PRADESH,jhabua,2004.0,139.0,87,22,0.0,22.0,43,42,1,1,73,0,12,0,702053,47.97,121031.0,442.0,442.0,399.0
MADHYA PRADESH,jhabua,2005.0,129.0,68,37,0.0,37.0,48,43,5,1,62,2,8,0,702053,47.97,121031.0,440.0,440.0,390.0
MADHYA PRADESH,jhabua,2006.0,117.0,63,32,0.0,32.0,20,17,3,4,46,2,22,0,702053,47.97,121031.0,358.0,358.0,336.0
MADHYA PRADESH,jhabua,2007.0,109.0,51,35,0.0,35.0,14,14,0,3,66,0,16,0,702053,47.97,121031.0,343.0,343.0,329.0
MADHYA PRADESH,jhabua,2008.0,19.0,20,31,0.0,31.0,18,18,0,4,32,0,9,0,702053,47.97,121031.0,182.0,182.0,164.0
MADHYA PRADESH,jhabua,2009.0,20.0,17,30,0.0,30.0,18,18,0,5,42,0,9,0,702053,47.97,121031.0,189.0,189.0,171.0
MADHYA PRADESH,jhabua,2010.0,26.0,26,35,0.0,35.0,14,12,2,1,45,0,5,0,702053,47.97,121031.0,201.0,201.0,187.0
MADHYA PRADESH,jhabua,2011.0,24.0,8,42,0.0,42.0,35,17,18,4,62,0,10,0,702053,47.97,121031.0,262.0,262.0,227.0
MADHYA PRADESH,jhabua,2012.0,20.0,24,62,0.0,62.0,25,17,8,0,92,0,24,0,702053,47.97,121031.0,334.0,334.0,309.0
MADHYA PRADESH,jhabua,2015.0,,0,31,0.0,,0,112,0,0,62,5,10,0,702053,47.97,121031.0,220.0,220.0,215.0
MADHYA PRADESH,katni,2001.0,51.0,37,25,0.0,25.0,9,3,6,11,106,12,59,0,548368,77.94,225261.0,344.0,344.0,323.0
MADHYA PRADESH,katni,2002.0,40.0,37,37,0.0,37.0,3,2,1,5,133,9,65,0,548368,77.94,225261.0,369.0,369.0,357.0
MADHYA PRADESH,katni,2003.0,35.0,34,37,0.0,37.0,6,4,2,17,137,15,61,0,548368,77.94,225261.0,385.0,385.0,364.0
MADHYA PRADESH,katni,2004.0,33.0,18,30,0.0,30.0,4,3,1,19,130,11,67,0,548368,77.94,225261.0,346.0,346.0,331.0
MADHYA PRADESH,katni,2005.0,33.0,25,46,0.0,46.0,3,3,0,30,104,10,50,0,548368,77.94,225261.0,350.0,350.0,337.0
MADHYA PRADESH,katni,2006.0,49.0,33,32,0.0,32.0,7,6,1,18,142,11,48,0,548368,77.94,225261.0,379.0,379.0,361.0
MADHYA PRADESH,katni,2007.0,37.0,22,44,0.0,44.0,15,8,7,22,129,11,58,0,548368,77.94,225261.0,397.0,397.0,371.0
MADHYA PRADESH,katni,2008.0,33.0,26,48,0.0,48.0,7,5,2,18,97,7,57,0,548368,77.94,225261.0,348.0,348.0,334.0
MADHYA PRADESH,katni,2009.0,37.0,19,48,0.0,48.0,13,10,3,21,117,17,87,0,548368,77.94,225261.0,420.0,420.0,390.0
MADHYA PRADESH,katni,2010.0,37.0,34,69,0.0,69.0,16,10,6,13,144,18,77,0,548368,77.94,225261.0,493.0,493.0,459.0
MADHYA PRADESH,katni,2011.0,41.0,26,62,0.0,62.0,8,7,1,16,140,12,51,0,548368,77.94,225261.0,426.0,426.0,406.0
MADHYA PRADESH,katni,2012.0,36.0,22,58,0.0,58.0,18,14,4,12,146,14,46,0,548368,77.94,225261.0,428.0,428.0,396.0
MADHYA PRADESH,katni,2015.0,,0,99,0.0,,60,91,29,16,175,2,47,0,548368,77.94,225261.0,519.0,519.0,457.0
MADHYA PRADESH,mandla,2001.0,35.0,13,64,0.0,64.0,9,9,0,4,151,19,46,0,447956,73.72,91914.0,414.0,414.0,386.0
MADHYA PRADESH,mandla,2002.0,21.0,26,43,0.0,43.0,5,5,0,0,107,11,44,0,447956,73.72,91914.0,305.0,305.0,289.0
MADHYA PRADESH,mandla,2003.0,37.0,15,39,0.0,39.0,2,2,0,4,143,13,44,0,447956,73.72,91914.0,338.0,338.0,323.0
MADHYA PRADESH,mandla,2004.0,22.0,11,44,0.0,44.0,4,2,2,6,110,16,30,0,447956,73.72,91914.0,291.0,291.0,271.0
MADHYA PRADESH,mandla,2005.0,44.0,15,61,0.0,61.0,8,7,1,4,75,3,18,0,447956,73.72,91914.0,297.0,297.0,286.0
MADHYA PRADESH,mandla,2006.0,27.0,19,62,0.0,62.0,7,6,1,4,81,9,24,0,447956,73.72,91914.0,302.0,302.0,286.0
MADHYA PRADESH,mandla,2007.0,27.0,8,47,0.0,47.0,6,6,0,3,87,8,15,0,447956,73.72,91914.0,254.0,254.0,240.0
MADHYA PRADESH,mandla,2008.0,34.0,16,47,0.0,47.0,3,2,1,4,87,14,25,0,447956,73.72,91914.0,280.0,280.0,263.0
MADHYA PRADESH,mandla,2009.0,23.0,14,43,0.0,43.0,9,9,0,4,58,12,19,0,447956,73.72,91914.0,234.0,234.0,213.0
MADHYA PRADESH,mandla,2010.0,33.0,13,56,0.0,56.0,7,7,0,5,68,6,17,0,447956,73.72,91914.0,268.0,268.0,255.0
MADHYA PRADESH,mandla,2011.0,36.0,14,63,0.0,63.0,9,9,0,4,101,12,27,0,447956,73.72,91914.0,338.0,338.0,317.0
MADHYA PRADESH,mandla,2012.0,25.0,16,75,0.0,75.0,8,8,0,3,94,12,40,0,447956,73.72,91914.0,356.0,356.0,336.0
MADHYA PRADESH,mandla,2015.0,,0,41,0.0,,0,104,104,6,80,0,48,0,447956,73.72,91914.0,383.0,383.0,383.0
MADHYA PRADESH,mandsaur,2001.0,28.0,33,41,0.0,41.0,15,8,7,4,102,11,30,0,605119,85.24,220704.0,320.0,320.0,294.0
MADHYA PRADESH,mandsaur,2002.0,34.0,38,45,0.0,45.0,17,10,7,7,129,15,49,0,605119,85.24,220704.0,396.0,396.0,364.0
MADHYA PRADESH,mandsaur,2003.0,30.0,27,45,0.0,45.0,12,5,7,4,126,12,54,0,605119,85.24,220704.0,367.0,367.0,343.0
MADHYA PRADESH,mandsaur,2004.0,27.0,35,40,0.0,40.0,17,9,8,8,128,20,68,0,605119,85.24,220704.0,400.0,400.0,363.0
MADHYA PRADESH,mandsaur,2005.0,38.0,27,31,0.0,31.0,18,10,8,7,129,14,79,0,605119,85.24,220704.0,392.0,392.0,360.0
MADHYA PRADESH,mandsaur,2006.0,18.0,25,37,0.0,37.0,18,11,7,11,130,15,62,0,605119,85.24,220704.0,371.0,371.0,338.0
MADHYA PRADESH,mandsaur,2007.0,30.0,37,40,0.0,40.0,21,12,9,6,132,9,62,0,605119,85.24,220704.0,398.0,398.0,368.0
MADHYA PRADESH,mandsaur,2008.0,45.0,32,40,0.0,40.0,19,15,4,15,128,4,56,0,605119,85.24,220704.0,398.0,398.0,375.0
MADHYA PRADESH,mandsaur,2009.0,34.0,33,46,0.0,46.0,30,17,13,4,124,17,93,0,605119,85.24,220704.0,457.0,457.0,410.0
MADHYA PRADESH,mandsaur,2010.0,25.0,31,58,0.0,58.0,24,19,5,4,108,14,59,0,605119,85.24,220704.0,405.0,405.0,367.0
MADHYA PRADESH,mandsaur,2011.0,37.0,52,49,0.0,49.0,26,18,8,4,100,6,58,10,605119,85.24,220704.0,417.0,417.0,385.0
MADHYA PRADESH,mandsaur,2012.0,37.0,49,49,0.0,49.0,34,28,6,6,100,6,78,1,605119,85.24,220704.0,443.0,443.0,403.0
MADHYA PRADESH,mandsaur,2015.0,,0,79,0.0,,0,61,61,6,134,4,87,0,605119,85.24,220704.0,432.0,432.0,428.0
MADHYA PRADESH,morena,2001.0,63.0,99,35,0.0,35.0,35,18,17,29,77,2,34,0,874089,79.89,343305.0,444.0,444.0,407.0
MADHYA PRADESH,morena,2002.0,62.0,116,46,0.0,46.0,27,17,10,28,73,2,41,0,874089,79.89,343305.0,468.0,468.0,439.0
MADHYA PRADESH,morena,2003.0,57.0,65,40,0.0,40.0,32,21,11,23,93,3,41,0,874089,79.89,343305.0,426.0,426.0,391.0
MADHYA PRADESH,morena,2004.0,66.0,144,55,0.0,55.0,15,11,4,33,89,3,62,0,874089,79.89,343305.0,537.0,537.0,519.0
MADHYA PRADESH,morena,2005.0,62.0,105,32,0.0,32.0,30,20,10,27,89,3,74,0,874089,79.89,343305.0,484.0,484.0,451.0
MADHYA PRADESH,morena,2006.0,66.0,85,34,0.0,34.0,30,15,15,21,77,3,59,0,874089,79.89,343305.0,439.0,439.0,406.0
MADHYA PRADESH,morena,2007.0,47.0,92,39,0.0,39.0,38,24,14,26,104,2,78,0,874089,79.89,343305.0,503.0,503.0,463.0
MADHYA PRADESH,morena,2008.0,59.0,75,26,0.0,26.0,35,21,14,32,73,1,73,0,874089,79.89,343305.0,435.0,435.0,399.0
MADHYA PRADESH,morena,2009.0,63.0,80,31,0.0,31.0,40,29,11,37,83,5,66,0,874089,79.89,343305.0,476.0,476.0,431.0
MADHYA PRADESH,morena,2010.0,57.0,94,40,0.0,40.0,20,17,3,32,80,0,75,0,874089,79.89,343305.0,458.0,458.0,438.0
MADHYA PRADESH,morena,2011.0,56.0,100,40,0.0,40.0,28,23,5,32,85,4,85,0,874089,79.89,343305.0,498.0,498.0,466.0
MADHYA PRADESH,morena,2012.0,53.0,110,32,0.0,32.0,35,29,6,29,107,3,94,0,874089,79.89,343305.0,530.0,530.0,492.0
MADHYA PRADESH,morena,2015.0,,2,85,0.0,,0,57,0,37,147,5,186,0,874089,79.89,343305.0,519.0,519.0,514.0
MADHYA PRADESH,neemuch,2001.0,17.0,18,37,0.0,37.0,16,7,9,1,83,18,62,0,372419,82.53,202970.0,305.0,305.0,271.0
MADHYA PRADESH,neemuch,2002.0,19.0,23,26,0.0,26.0,13,9,4,3,75,23,90,0,372419,82.53,202970.0,311.0,311.0,275.0
MADHYA PRADESH,neemuch,2003.0,13.0,15,31,0.0,31.0,9,5,4,4,65,10,65,0,372419,82.53,202970.0,252.0,252.0,233.0
MADHYA PRADESH,neemuch,2004.0,18.0,23,23,0.0,23.0,6,5,1,4,62,10,60,0,372419,82.53,202970.0,235.0,235.0,219.0
MADHYA PRADESH,neemuch,2005.0,13.0,18,27,0.0,27.0,9,3,6,1,68,7,41,0,372419,82.53,202970.0,220.0,220.0,204.0
MADHYA PRADESH,neemuch,2006.0,17.0,14,22,0.0,22.0,8,4,4,4,34,7,42,0,372419,82.53,202970.0,178.0,178.0,163.0
MADHYA PRADESH,neemuch,2007.0,18.0,9,20,0.0,20.0,11,5,6,3,70,12,40,0,372419,82.53,202970.0,214.0,214.0,191.0
MADHYA PRADESH,neemuch,2008.0,24.0,14,19,0.0,19.0,12,3,9,0,45,14,28,0,372419,82.53,202970.0,187.0,187.0,161.0
MADHYA PRADESH,neemuch,2009.0,13.0,12,34,0.0,34.0,16,10,6,1,52,6,34,0,372419,82.53,202970.0,218.0,218.0,196.0
MADHYA PRADESH,neemuch,2010.0,20.0,18,12,0.0,12.0,14,11,3,3,48,7,47,0,372419,82.53,202970.0,195.0,195.0,174.0
MADHYA PRADESH,neemuch,2011.0,20.0,13,25,0.0,25.0,17,9,8,4,49,4,51,9,372419,82.53,202970.0,234.0,234.0,213.0
MADHYA PRADESH,neemuch,2012.0,18.0,17,25,0.0,25.0,12,10,2,4,43,13,42,0,372419,82.53,202970.0,211.0,211.0,186.0
MADHYA PRADESH,neemuch,2015.0,,0,51,0.0,,19,19,0,8,95,0,14,0,372419,82.53,202970.0,206.0,206.0,187.0
MADHYA PRADESH,panna,2001.0,24.0,26,44,0.0,44.0,11,10,1,19,104,2,31,0,450549,73.33,108184.0,316.0,316.0,303.0
MADHYA PRADESH,panna,2002.0,35.0,30,35,0.0,35.0,12,7,5,17,74,6,31,0,450549,73.33,108184.0,287.0,287.0,269.0
MADHYA PRADESH,panna,2003.0,36.0,16,32,0.0,32.0,7,4,3,21,92,2,26,0,450549,73.33,108184.0,271.0,271.0,262.0
MADHYA PRADESH,panna,2004.0,41.0,37,34,0.0,34.0,10,0,10,15,65,0,28,0,450549,73.33,108184.0,274.0,274.0,264.0
MADHYA PRADESH,panna,2005.0,32.0,28,33,0.0,33.0,12,4,8,14,85,0,13,1,450549,73.33,108184.0,263.0,263.0,251.0
MADHYA PRADESH,panna,2006.0,30.0,31,41,0.0,41.0,8,3,5,14,68,0,20,0,450549,73.33,108184.0,261.0,261.0,253.0
MADHYA PRADESH,panna,2007.0,34.0,38,26,0.0,26.0,12,6,6,7,77,6,19,0,450549,73.33,108184.0,257.0,257.0,239.0
MADHYA PRADESH,panna,2008.0,34.0,17,28,0.0,28.0,7,6,1,17,77,0,26,0,450549,73.33,108184.0,241.0,241.0,234.0
MADHYA PRADESH,panna,2009.0,39.0,13,31,0.0,31.0,6,4,2,22,76,0,32,0,450549,73.33,108184.0,256.0,256.0,250.0
MADHYA PRADESH,panna,2010.0,25.0,21,47,0.0,47.0,11,5,6,16,87,0,47,0,450549,73.33,108184.0,312.0,312.0,301.0
MADHYA PRADESH,panna,2011.0,33.0,18,48,0.0,48.0,10,5,5,14,87,5,48,0,450549,73.33,108184.0,321.0,321.0,306.0
MADHYA PRADESH,panna,2012.0,30.0,19,34,0.0,34.0,8,4,4,18,72,10,31,0,450549,73.33,108184.0,264.0,264.0,246.0
MADHYA PRADESH,panna,2015.0,,0,61,0.0,,54,54,0,12,72,0,40,0,450549,73.33,108184.0,293.0,293.0,239.0
MADHYA PRADESH,raisen,2001.0,39.0,79,79,0.0,79.0,11,9,2,20,194,31,50,0,598247,81.58,206800.0,593.0,593.0,551.0
MADHYA PRADESH,raisen,2002.0,34.0,70,98,0.0,98.0,10,8,2,16,296,16,58,0,598247,81.58,206800.0,706.0,706.0,680.0
MADHYA PRADESH,raisen,2003.0,35.0,50,75,0.0,75.0,8,8,0,17,176,0,46,0,598247,81.58,206800.0,490.0,490.0,482.0
MADHYA PRADESH,raisen,2004.0,44.0,55,67,0.0,67.0,11,8,3,15,198,0,66,0,598247,81.58,206800.0,534.0,534.0,523.0
MADHYA PRADESH,raisen,2005.0,46.0,55,97,0.0,97.0,14,14,0,8,154,15,57,0,598247,81.58,206800.0,557.0,557.0,528.0
MADHYA PRADESH,raisen,2006.0,51.0,46,74,0.0,74.0,14,11,3,18,172,17,52,0,598247,81.58,206800.0,532.0,532.0,501.0
MADHYA PRADESH,raisen,2007.0,45.0,70,75,0.0,75.0,12,12,0,15,148,16,42,0,598247,81.58,206800.0,510.0,510.0,482.0
MADHYA PRADESH,raisen,2008.0,42.0,42,67,0.0,67.0,24,17,7,19,150,0,35,0,598247,81.58,206800.0,470.0,470.0,446.0
MADHYA PRADESH,raisen,2009.0,55.0,44,93,0.0,93.0,10,8,2,19,165,16,66,0,598247,81.58,206800.0,571.0,571.0,545.0
MADHYA PRADESH,raisen,2010.0,54.0,44,86,0.0,86.0,34,32,2,16,210,0,65,0,598247,81.58,206800.0,629.0,629.0,595.0
MADHYA PRADESH,raisen,2011.0,47.0,70,118,0.0,118.0,36,22,14,15,179,16,67,0,598247,81.58,206800.0,702.0,702.0,650.0
MADHYA PRADESH,raisen,2012.0,54.0,42,92,0.0,92.0,21,16,5,22,158,0,72,0,598247,81.58,206800.0,574.0,574.0,553.0
MADHYA PRADESH,raisen,2015.0,,2,119,0.0,,48,50,2,13,195,8,0,0,598247,81.58,206800.0,437.0,437.0,381.0
MADHYA PRADESH,rajgarh,2001.0,42.0,68,95,0.0,95.0,12,9,3,7,196,26,49,0,649106,69.14,217322.0,602.0,602.0,564.0
MADHYA PRADESH,rajgarh,2002.0,36.0,57,80,0.0,80.0,11,8,3,4,179,27,68,0,649106,69.14,217322.0,553.0,553.0,515.0
MADHYA PRADESH,rajgarh,2003.0,31.0,48,88,0.0,88.0,9,5,4,2,163,20,83,0,649106,69.14,217322.0,541.0,541.0,512.0
MADHYA PRADESH,rajgarh,2004.0,30.0,45,98,0.0,98.0,19,14,5,4,193,31,126,0,649106,69.14,217322.0,663.0,663.0,613.0
MADHYA PRADESH,rajgarh,2005.0,26.0,47,75,0.0,75.0,19,15,4,4,158,31,92,0,649106,69.14,217322.0,546.0,546.0,496.0
MADHYA PRADESH,rajgarh,2006.0,28.0,29,83,0.0,83.0,12,6,6,9,146,35,101,0,649106,69.14,217322.0,538.0,538.0,491.0
MADHYA PRADESH,rajgarh,2007.0,25.0,58,100,0.0,100.0,22,16,6,12,227,34,144,0,649106,69.14,217322.0,744.0,744.0,688.0
MADHYA PRADESH,rajgarh,2008.0,38.0,63,83,0.0,83.0,28,22,6,10,166,36,136,0,649106,69.14,217322.0,671.0,671.0,607.0
MADHYA PRADESH,rajgarh,2009.0,32.0,47,68,0.0,68.0,33,27,6,9,153,25,76,0,649106,69.14,217322.0,544.0,544.0,486.0
MADHYA PRADESH,rajgarh,2010.0,36.0,28,73,0.0,73.0,34,27,7,14,179,27,30,0,649106,69.14,217322.0,528.0,528.0,467.0
MADHYA PRADESH,rajgarh,2011.0,43.0,34,90,0.0,90.0,26,21,5,6,175,39,51,0,649106,69.14,217322.0,580.0,580.0,515.0
MADHYA PRADESH,rajgarh,2012.0,36.0,40,90,0.0,90.0,52,47,5,6,181,25,50,0,649106,69.14,217322.0,622.0,622.0,545.0
MADHYA PRADESH,rajgarh,2015.0,,3,107,0.0,,54,59,0,7,178,3,209,0,649106,69.14,217322.0,620.0,620.0,563.0
MADHYA PRADESH,ratlam,2001.0,58.0,60,70,0.0,70.0,21,13,8,4,125,28,53,0,620862,79.52,368434.0,510.0,510.0,461.0
MADHYA PRADESH,ratlam,2002.0,36.0,47,67,0.0,67.0,10,6,4,7,138,17,79,0,620862,79.52,368434.0,478.0,478.0,451.0
MADHYA PRADESH,ratlam,2003.0,45.0,46,62,0.0,62.0,14,9,5,5,132,13,50,0,620862,79.52,368434.0,443.0,443.0,416.0
MADHYA PRADESH,ratlam,2004.0,42.0,35,71,0.0,71.0,19,16,3,5,109,30,60,0,620862,79.52,368434.0,461.0,461.0,412.0
MADHYA PRADESH,ratlam,2005.0,47.0,37,74,0.0,74.0,13,10,3,10,127,30,56,0,620862,79.52,368434.0,481.0,481.0,438.0
MADHYA PRADESH,ratlam,2006.0,40.0,55,62,0.0,62.0,20,14,6,9,125,24,78,0,620862,79.52,368434.0,495.0,495.0,451.0
MADHYA PRADESH,ratlam,2007.0,35.0,40,85,0.0,85.0,14,13,1,5,165,35,85,0,620862,79.52,368434.0,563.0,563.0,514.0
MADHYA PRADESH,ratlam,2008.0,43.0,44,63,0.0,63.0,16,14,2,11,105,11,57,0,620862,79.52,368434.0,429.0,429.0,402.0
MADHYA PRADESH,ratlam,2009.0,45.0,31,67,0.0,67.0,19,18,1,6,111,21,73,0,620862,79.52,368434.0,459.0,459.0,419.0
MADHYA PRADESH,ratlam,2010.0,53.0,49,88,0.0,88.0,24,23,1,16,145,32,94,0,620862,79.52,368434.0,613.0,613.0,557.0
MADHYA PRADESH,ratlam,2011.0,35.0,49,97,0.0,97.0,48,39,9,9,131,18,135,0,620862,79.52,368434.0,667.0,667.0,601.0
MADHYA PRADESH,ratlam,2012.0,37.0,55,72,0.0,72.0,28,25,3,13,128,11,85,0,620862,79.52,368434.0,529.0,529.0,490.0
MADHYA PRADESH,ratlam,2015.0,,0,79,0.0,,1,128,0,7,176,12,105,0,620862,79.52,368434.0,508.0,508.0,495.0
MADHYA PRADESH,rewa,2001.0,53.0,54,31,0.0,31.0,26,18,8,18,105,2,56,0,1016687,75.65,320563.0,402.0,402.0,374.0
MADHYA PRADESH,rewa,2002.0,68.0,40,32,0.0,32.0,36,15,21,26,95,3,54,0,1016687,75.65,320563.0,422.0,422.0,383.0
MADHYA PRADESH,rewa,2003.0,57.0,46,41,0.0,41.0,36,11,25,28,110,2,44,0,1016687,75.65,320563.0,441.0,441.0,403.0
MADHYA PRADESH,rewa,2004.0,65.0,28,52,0.0,52.0,36,18,18,39,123,3,50,0,1016687,75.65,320563.0,484.0,484.0,445.0
MADHYA PRADESH,rewa,2005.0,53.0,46,64,0.0,64.0,26,15,11,42,107,2,39,0,1016687,75.65,320563.0,469.0,469.0,441.0
MADHYA PRADESH,rewa,2006.0,45.0,28,47,0.0,47.0,23,18,5,46,125,2,51,0,1016687,75.65,320563.0,437.0,437.0,412.0
MADHYA PRADESH,rewa,2007.0,40.0,30,66,0.0,66.0,25,18,7,26,119,3,72,0,1016687,75.65,320563.0,472.0,472.0,444.0
MADHYA PRADESH,rewa,2008.0,52.0,42,82,0.0,82.0,27,26,1,26,124,7,67,0,1016687,75.65,320563.0,536.0,536.0,502.0
MADHYA PRADESH,rewa,2009.0,64.0,43,73,0.0,73.0,30,25,5,44,119,2,80,1,1016687,75.65,320563.0,559.0,559.0,527.0
MADHYA PRADESH,rewa,2010.0,51.0,44,81,0.0,81.0,45,43,2,37,140,1,124,0,1016687,75.65,320563.0,649.0,649.0,603.0
MADHYA PRADESH,rewa,2011.0,46.0,41,91,0.0,91.0,26,25,1,32,122,107,112,8,1016687,75.65,320563.0,702.0,702.0,569.0
MADHYA PRADESH,rewa,2012.0,54.0,44,92,0.0,92.0,44,35,9,39,115,7,101,0,1016687,75.65,320563.0,632.0,632.0,581.0
MADHYA PRADESH,rewa,2015.0,,0,135,0.0,,146,180,16,26,157,0,126,0,1016687,75.65,320563.0,786.0,786.0,640.0
MADHYA PRADESH,sagar,2001.0,84.0,122,141,0.0,141.0,30,16,14,29,509,0,142,0,1073205,79.41,590907.0,1228.0,1228.0,1198.0
MADHYA PRADESH,sagar,2002.0,81.0,120,136,0.0,136.0,30,24,6,26,425,22,164,0,1073205,79.41,590907.0,1170.0,1170.0,1118.0
MADHYA PRADESH,sagar,2003.0,59.0,109,121,0.0,121.0,30,28,2,27,388,17,127,0,1073205,79.41,590907.0,1029.0,1029.0,982.0
MADHYA PRADESH,sagar,2004.0,69.0,89,141,0.0,141.0,30,23,7,40,338,26,161,0,1073205,79.41,590907.0,1065.0,1065.0,1009.0
MADHYA PRADESH,sagar,2005.0,76.0,105,110,0.0,110.0,31,21,10,34,362,24,127,0,1073205,79.41,590907.0,1010.0,1010.0,955.0
MADHYA PRADESH,sagar,2006.0,76.0,95,116,0.0,116.0,31,30,1,28,284,19,131,0,1073205,79.41,590907.0,927.0,927.0,877.0
MADHYA PRADESH,sagar,2007.0,80.0,101,115,0.0,115.0,32,30,2,30,345,29,125,0,1073205,79.41,590907.0,1004.0,1004.0,943.0
MADHYA PRADESH,sagar,2008.0,83.0,90,119,0.0,119.0,31,28,3,37,349,38,154,0,1073205,79.41,590907.0,1051.0,1051.0,982.0
MADHYA PRADESH,sagar,2009.0,76.0,115,127,0.0,127.0,44,40,4,46,361,5,168,0,1073205,79.41,590907.0,1113.0,1113.0,1064.0
MADHYA PRADESH,sagar,2010.0,90.0,123,120,0.0,120.0,67,63,4,35,385,16,133,0,1073205,79.41,590907.0,1156.0,1156.0,1073.0
MADHYA PRADESH,sagar,2011.0,94.0,96,131,0.0,131.0,106,104,2,37,416,29,156,0,1073205,79.41,590907.0,1302.0,1302.0,1167.0
MADHYA PRADESH,sagar,2012.0,83.0,89,125,0.0,125.0,63,61,2,34,441,22,145,0,1073205,79.41,590907.0,1190.0,1190.0,1105.0
MADHYA PRADESH,sagar,2015.0,,3,173,0.0,,1,145,0,35,418,8,173,0,1073205,79.41,590907.0,956.0,956.0,947.0
MADHYA PRADESH,satna,2001.0,49.0,48,58,0.0,58.0,16,5,11,19,157,6,65,0,971396,77.14,385553.0,492.0,492.0,470.0
MADHYA PRADESH,satna,2002.0,62.0,72,66,0.0,66.0,29,5,24,37,173,3,47,0,971396,77.14,385553.0,584.0,584.0,552.0
MADHYA PRADESH,satna,2003.0,61.0,59,59,0.0,59.0,18,5,13,33,187,5,57,0,971396,77.14,385553.0,556.0,556.0,533.0
MADHYA PRADESH,satna,2004.0,60.0,65,64,0.0,64.0,17,3,14,33,180,6,64,0,971396,77.14,385553.0,570.0,570.0,547.0
MADHYA PRADESH,satna,2005.0,78.0,53,75,0.0,75.0,18,3,15,34,195,9,66,0,971396,77.14,385553.0,621.0,621.0,594.0
MADHYA PRADESH,satna,2006.0,74.0,52,72,0.0,72.0,18,10,8,39,198,11,92,0,971396,77.14,385553.0,646.0,646.0,617.0
MADHYA PRADESH,satna,2007.0,90.0,46,84,0.0,84.0,27,17,10,38,191,7,101,0,971396,77.14,385553.0,695.0,695.0,661.0
MADHYA PRADESH,satna,2008.0,62.0,50,102,0.0,102.0,20,15,5,32,207,9,137,0,971396,77.14,385553.0,741.0,741.0,712.0
MADHYA PRADESH,satna,2009.0,60.0,48,145,0.0,145.0,23,18,5,40,194,11,119,0,971396,77.14,385553.0,808.0,808.0,774.0
MADHYA PRADESH,satna,2010.0,73.0,49,89,0.0,89.0,27,20,7,26,199,18,119,0,971396,77.14,385553.0,716.0,716.0,671.0
MADHYA PRADESH,satna,2011.0,66.0,35,83,0.0,83.0,20,13,7,20,177,7,109,0,971396,77.14,385553.0,620.0,620.0,593.0
MADHYA PRADESH,satna,2012.0,72.0,38,89,0.0,89.0,29,25,4,17,138,7,121,0,971396,77.14,385553.0,629.0,629.0,593.0
MADHYA PRADESH,satna,2015.0,,6,59,0.0,,0,161,0,34,162,13,110,0,971396,77.14,385553.0,545.0,545.0,532.0
MADHYA PRADESH,sehore,2015.0,,1,125,0.0,,30,62,0,6,146,6,169,0,565137,77.28,193740.0,545.0,545.0,509.0
MADHYA PRADESH,seoni,2001.0,40.0,25,52,0.0,52.0,3,2,1,10,106,23,25,0,588750,77.18,120687.0,339.0,339.0,313.0
MADHYA PRADESH,seoni,2002.0,40.0,15,44,0.0,44.0,4,4,0,3,116,12,24,0,588750,77.18,120687.0,306.0,306.0,290.0
MADHYA PRADESH,seoni,2003.0,27.0,24,54,0.0,54.0,1,1,0,6,86,4,25,0,588750,77.18,120687.0,282.0,282.0,277.0
MADHYA PRADESH,seoni,2004.0,21.0,24,74,0.0,74.0,10,10,0,17,117,11,23,0,588750,77.18,120687.0,381.0,381.0,360.0
MADHYA PRADESH,seoni,2005.0,23.0,14,57,0.0,57.0,10,8,2,22,142,11,37,0,588750,77.18,120687.0,383.0,383.0,362.0
MADHYA PRADESH,seoni,2006.0,36.0,23,57,0.0,57.0,6,5,1,11,105,9,35,0,588750,77.18,120687.0,345.0,345.0,330.0
MADHYA PRADESH,seoni,2007.0,40.0,28,51,0.0,51.0,7,6,1,8,96,23,19,0,588750,77.18,120687.0,330.0,330.0,300.0
MADHYA PRADESH,seoni,2008.0,41.0,23,61,0.0,61.0,16,14,2,7,103,14,21,0,588750,77.18,120687.0,363.0,363.0,333.0
MADHYA PRADESH,seoni,2009.0,38.0,26,61,0.0,61.0,12,8,4,15,85,14,26,0,588750,77.18,120687.0,350.0,350.0,324.0
MADHYA PRADESH,seoni,2010.0,39.0,20,71,0.0,71.0,21,16,5,18,92,23,38,0,588750,77.18,120687.0,414.0,414.0,370.0
MADHYA PRADESH,seoni,2011.0,31.0,23,61,0.0,61.0,12,11,1,9,111,13,27,0,588750,77.18,120687.0,360.0,360.0,335.0
MADHYA PRADESH,seoni,2012.0,38.0,12,65,0.0,65.0,10,8,2,11,100,7,24,0,588750,77.18,120687.0,342.0,342.0,325.0
MADHYA PRADESH,seoni,2015.0,,0,77,0.0,,6,112,0,10,136,20,217,0,588750,77.18,120687.0,578.0,578.0,552.0
MADHYA PRADESH,shahdol,2001.0,57.0,28,63,0.0,63.0,13,13,0,9,216,3,87,0,804988,71.8,398154.0,552.0,552.0,536.0
MADHYA PRADESH,shahdol,2002.0,51.0,34,72,0.0,72.0,13,10,3,11,259,24,133,0,804988,71.8,398154.0,682.0,682.0,645.0
MADHYA PRADESH,shahdol,2003.0,60.0,21,68,0.0,68.0,12,8,4,13,221,14,120,0,804988,71.8,398154.0,609.0,609.0,583.0
MADHYA PRADESH,shahdol,2004.0,36.0,18,47,0.0,47.0,10,9,1,8,135,0,72,0,804988,71.8,398154.0,383.0,383.0,373.0
MADHYA PRADESH,shahdol,2005.0,44.0,17,43,0.0,43.0,6,5,1,13,156,9,57,0,804988,71.8,398154.0,394.0,394.0,379.0
MADHYA PRADESH,shahdol,2006.0,33.0,22,67,0.0,67.0,4,4,0,16,140,9,69,0,804988,71.8,398154.0,431.0,431.0,418.0
MADHYA PRADESH,shahdol,2007.0,29.0,18,50,0.0,50.0,8,8,0,10,128,9,78,0,804988,71.8,398154.0,388.0,388.0,371.0
MADHYA PRADESH,shahdol,2008.0,31.0,12,47,0.0,47.0,13,13,0,16,139,9,57,0,804988,71.8,398154.0,384.0,384.0,362.0
MADHYA PRADESH,shahdol,2009.0,28.0,12,42,0.0,42.0,11,8,3,11,113,5,73,0,804988,71.8,398154.0,348.0,348.0,332.0
MADHYA PRADESH,shahdol,2010.0,34.0,17,61,0.0,61.0,16,16,0,12,123,6,63,0,804988,71.8,398154.0,409.0,409.0,387.0
MADHYA PRADESH,shahdol,2011.0,45.0,21,80,0.0,80.0,22,17,5,21,143,9,108,0,804988,71.8,398154.0,551.0,551.0,520.0
MADHYA PRADESH,shahdol,2012.0,44.0,13,81,0.0,81.0,27,27,0,13,133,7,141,0,804988,71.8,398154.0,567.0,567.0,533.0
MADHYA PRADESH,shahdol,2015.0,,0,112,0.0,,64,86,0,14,198,2,211,0,804988,71.8,398154.0,687.0,687.0,621.0
MADHYA PRADESH,shajapur,2001.0,42.0,46,90,0.0,90.0,13,8,5,8,153,36,65,0,669852,83.29,239230.0,556.0,556.0,507.0
MADHYA PRADESH,shajapur,2002.0,42.0,57,84,0.0,84.0,18,15,3,9,144,18,84,0,669852,83.29,239230.0,558.0,558.0,522.0
MADHYA PRADESH,shajapur,2003.0,31.0,51,71,0.0,71.0,13,9,4,10,166,36,79,0,669852,83.29,239230.0,541.0,541.0,492.0
MADHYA PRADESH,shajapur,2004.0,40.0,53,74,0.0,74.0,15,11,4,15,180,28,96,0,669852,83.29,239230.0,590.0,590.0,547.0
MADHYA PRADESH,shajapur,2005.0,31.0,45,73,0.0,73.0,15,10,5,6,173,22,64,0,669852,83.29,239230.0,517.0,517.0,480.0
MADHYA PRADESH,shajapur,2006.0,28.0,41,58,0.0,58.0,19,10,9,11,150,27,62,0,669852,83.29,239230.0,473.0,473.0,427.0
MADHYA PRADESH,shajapur,2007.0,35.0,46,67,0.0,67.0,15,11,4,7,163,33,65,0,669852,83.29,239230.0,513.0,513.0,465.0
MADHYA PRADESH,shajapur,2008.0,27.0,44,57,0.0,57.0,16,13,3,12,161,34,77,0,669852,83.29,239230.0,501.0,501.0,451.0
MADHYA PRADESH,shajapur,2009.0,34.0,40,79,0.0,79.0,18,13,5,8,138,22,71,0,669852,83.29,239230.0,507.0,507.0,467.0
MADHYA PRADESH,shajapur,2010.0,38.0,34,56,0.0,56.0,19,16,3,11,117,19,33,0,669852,83.29,239230.0,402.0,402.0,364.0
MADHYA PRADESH,shajapur,2011.0,49.0,36,50,0.0,50.0,13,10,3,8,135,17,7,0,669852,83.29,239230.0,378.0,378.0,348.0
MADHYA PRADESH,shajapur,2012.0,39.0,44,67,0.0,67.0,18,17,1,7,102,15,42,0,669852,83.29,239230.0,419.0,419.0,386.0
MADHYA PRADESH,shajapur,2015.0,,2,23,0.0,,0,28,12,11,74,1,88,0,669852,83.29,239230.0,239.0,239.0,238.0
MADHYA PRADESH,sheopur,2001.0,24.0,30,21,0.0,21.0,18,3,15,6,52,0,14,0,295297,61.76,88571.0,204.0,204.0,186.0
MADHYA PRADESH,sheopur,2002.0,20.0,36,28,0.0,28.0,20,5,15,5,68,2,21,0,295297,61.76,88571.0,248.0,248.0,226.0
MADHYA PRADESH,sheopur,2003.0,15.0,28,19,0.0,19.0,4,1,3,1,51,0,11,0,295297,61.76,88571.0,152.0,152.0,148.0
MADHYA PRADESH,sheopur,2004.0,12.0,14,21,0.0,21.0,5,3,2,3,51,0,22,0,295297,61.76,88571.0,154.0,154.0,149.0
MADHYA PRADESH,sheopur,2005.0,13.0,17,21,0.0,21.0,4,1,3,1,42,0,24,0,295297,61.76,88571.0,147.0,147.0,143.0
MADHYA PRADESH,sheopur,2006.0,12.0,13,19,0.0,19.0,8,4,4,2,34,0,31,0,295297,61.76,88571.0,146.0,146.0,138.0
MADHYA PRADESH,sheopur,2007.0,19.0,23,13,0.0,13.0,6,3,3,3,38,0,27,0,295297,61.76,88571.0,148.0,148.0,142.0
MADHYA PRADESH,sheopur,2008.0,9.0,19,13,0.0,13.0,10,5,5,0,32,2,19,0,295297,61.76,88571.0,127.0,127.0,115.0
MADHYA PRADESH,sheopur,2009.0,17.0,17,14,0.0,14.0,7,3,4,5,18,0,26,0,295297,61.76,88571.0,125.0,125.0,118.0
MADHYA PRADESH,sheopur,2010.0,17.0,13,11,0.0,11.0,10,4,6,3,35,0,23,0,295297,61.76,88571.0,133.0,133.0,123.0
MADHYA PRADESH,sheopur,2011.0,14.0,11,18,0.0,18.0,11,7,4,2,28,2,9,0,295297,61.76,88571.0,124.0,124.0,111.0
MADHYA PRADESH,sheopur,2012.0,8.0,15,17,0.0,17.0,4,4,0,5,40,0,29,0,295297,61.76,88571.0,139.0,139.0,135.0
MADHYA PRADESH,sheopur,2015.0,,0,22,0.0,,12,22,0,2,14,2,27,0,295297,61.76,88571.0,101.0,101.0,87.0
MADHYA PRADESH,shivpuri,2001.0,88.0,63,72,0.0,72.0,20,11,9,14,172,2,26,0,776190,74.11,239673.0,549.0,549.0,527.0
MADHYA PRADESH,shivpuri,2002.0,71.0,77,73,0.0,73.0,18,6,12,6,180,0,41,0,776190,74.11,239673.0,557.0,557.0,539.0
MADHYA PRADESH,shivpuri,2003.0,60.0,66,69,0.0,69.0,47,16,31,13,130,0,32,0,776190,74.11,239673.0,533.0,533.0,486.0
MADHYA PRADESH,shivpuri,2004.0,78.0,49,61,0.0,61.0,28,13,15,7,113,0,36,0,776190,74.11,239673.0,461.0,461.0,433.0
MADHYA PRADESH,shivpuri,2005.0,73.0,86,58,0.0,58.0,22,19,3,2,99,0,30,0,776190,74.11,239673.0,450.0,450.0,428.0
MADHYA PRADESH,shivpuri,2006.0,72.0,65,83,0.0,83.0,22,17,5,33,170,7,50,0,776190,74.11,239673.0,607.0,607.0,578.0
MADHYA PRADESH,shivpuri,2007.0,64.0,70,91,0.0,91.0,29,17,12,23,152,1,36,0,776190,74.11,239673.0,586.0,586.0,556.0
MADHYA PRADESH,shivpuri,2008.0,74.0,47,64,0.0,64.0,31,24,7,16,128,3,53,0,776190,74.11,239673.0,511.0,511.0,477.0
MADHYA PRADESH,shivpuri,2009.0,62.0,40,55,0.0,55.0,32,20,12,16,124,8,43,0,776190,74.11,239673.0,467.0,467.0,427.0
MADHYA PRADESH,shivpuri,2010.0,56.0,30,73,0.0,73.0,28,22,6,7,131,9,32,0,776190,74.11,239673.0,467.0,467.0,430.0
MADHYA PRADESH,shivpuri,2011.0,55.0,53,93,0.0,93.0,27,18,9,13,168,5,65,0,776190,74.11,239673.0,599.0,599.0,567.0
MADHYA PRADESH,shivpuri,2012.0,61.0,54,104,0.0,104.0,29,22,7,9,148,19,67,0,776190,74.11,239673.0,624.0,624.0,576.0
MADHYA PRADESH,shivpuri,2015.0,,3,108,0.0,,0,68,68,14,208,3,86,0,776190,74.11,239673.0,558.0,558.0,555.0
MADHYA PRADESH,sidhi,2001.0,36.0,21,42,0.0,42.0,33,30,3,27,105,2,66,0,947830,67.36,261031.0,407.0,407.0,372.0
MADHYA PRADESH,sidhi,2002.0,48.0,25,46,0.0,46.0,17,16,1,36,131,3,42,0,947830,67.36,261031.0,411.0,411.0,391.0
MADHYA PRADESH,sidhi,2003.0,44.0,19,38,0.0,38.0,26,24,2,17,121,2,27,0,947830,67.36,261031.0,358.0,358.0,330.0
MADHYA PRADESH,sidhi,2004.0,61.0,19,51,0.0,51.0,27,22,5,17,161,2,59,0,947830,67.36,261031.0,475.0,475.0,446.0
MADHYA PRADESH,sidhi,2005.0,50.0,9,47,0.0,47.0,22,21,1,23,132,4,42,0,947830,67.36,261031.0,398.0,398.0,372.0
MADHYA PRADESH,sidhi,2006.0,72.0,25,66,0.0,66.0,31,31,0,21,129,2,47,0,947830,67.36,261031.0,490.0,490.0,457.0
MADHYA PRADESH,sidhi,2007.0,61.0,25,82,0.0,82.0,44,37,7,24,184,10,80,0,947830,67.36,261031.0,636.0,636.0,582.0
MADHYA PRADESH,sidhi,2008.0,30.0,12,37,0.0,37.0,17,17,0,18,83,5,30,0,947830,67.36,261031.0,286.0,286.0,264.0
MADHYA PRADESH,sidhi,2009.0,23.0,7,24,0.0,24.0,14,13,1,20,80,6,36,0,947830,67.36,261031.0,248.0,248.0,228.0
MADHYA PRADESH,sidhi,2010.0,32.0,20,44,0.0,44.0,29,28,1,26,104,3,36,0,947830,67.36,261031.0,367.0,367.0,335.0
MADHYA PRADESH,sidhi,2011.0,29.0,9,32,0.0,32.0,32,31,1,16,93,1,45,0,947830,67.36,261031.0,321.0,321.0,288.0
MADHYA PRADESH,sidhi,2012.0,31.0,9,48,0.0,48.0,40,38,2,18,84,5,59,0,947830,67.36,261031.0,382.0,382.0,337.0
MADHYA PRADESH,sidhi,2015.0,,1,17,0.0,,0,70,70,10,67,1,43,0,947830,67.36,261031.0,279.0,279.0,278.0
MADHYA PRADESH,tikamgarh,2001.0,53.0,46,86,0.0,86.0,7,4,3,15,177,2,27,0,637913,68.68,212733.0,506.0,506.0,497.0
MADHYA PRADESH,tikamgarh,2002.0,45.0,58,51,0.0,51.0,13,7,6,20,161,5,40,0,637913,68.68,212733.0,457.0,457.0,439.0
MADHYA PRADESH,tikamgarh,2003.0,40.0,31,50,0.0,50.0,15,5,10,20,98,5,21,0,637913,68.68,212733.0,345.0,345.0,325.0
MADHYA PRADESH,tikamgarh,2004.0,59.0,42,43,0.0,43.0,11,5,6,24,133,7,37,0,637913,68.68,212733.0,410.0,410.0,392.0
MADHYA PRADESH,tikamgarh,2005.0,47.0,43,40,0.0,40.0,15,6,9,18,106,5,28,0,637913,68.68,212733.0,357.0,357.0,337.0
MADHYA PRADESH,tikamgarh,2006.0,37.0,31,52,0.0,52.0,9,5,4,22,131,4,34,0,637913,68.68,212733.0,381.0,381.0,368.0
MADHYA PRADESH,tikamgarh,2007.0,56.0,35,63,0.0,63.0,18,15,3,14,148,0,39,0,637913,68.68,212733.0,454.0,454.0,436.0
MADHYA PRADESH,tikamgarh,2008.0,46.0,28,35,0.0,35.0,13,10,3,25,107,2,36,0,637913,68.68,212733.0,340.0,340.0,325.0
MADHYA PRADESH,tikamgarh,2009.0,51.0,34,67,0.0,67.0,13,12,1,18,136,3,52,0,637913,68.68,212733.0,454.0,454.0,438.0
MADHYA PRADESH,tikamgarh,2010.0,34.0,25,78,0.0,78.0,19,16,3,15,143,4,59,0,637913,68.68,212733.0,474.0,474.0,451.0
MADHYA PRADESH,tikamgarh,2011.0,37.0,27,76,0.0,76.0,23,23,0,18,153,4,36,10,637913,68.68,212733.0,483.0,483.0,456.0
MADHYA PRADESH,tikamgarh,2012.0,43.0,27,61,0.0,61.0,13,8,5,16,124,7,27,4,637913,68.68,212733.0,396.0,396.0,376.0
MADHYA PRADESH,tikamgarh,2015.0,,1,70,0.0,,89,89,0,10,165,4,42,0,637913,68.68,212733.0,470.0,470.0,377.0
MADHYA PRADESH,ujjain,2001.0,84.0,163,59,0.0,59.0,44,33,11,7,161,33,109,0,882871,83.05,662787.0,763.0,763.0,686.0
MADHYA PRADESH,ujjain,2002.0,54.0,172,68,0.0,68.0,47,27,20,9,156,28,140,0,882871,83.05,662787.0,789.0,789.0,714.0
MADHYA PRADESH,ujjain,2003.0,58.0,146,59,0.0,59.0,40,34,6,7,172,27,125,0,882871,83.05,662787.0,733.0,733.0,666.0
MADHYA PRADESH,ujjain,2004.0,62.0,136,65,0.0,65.0,36,27,9,13,187,36,192,0,882871,83.05,662787.0,828.0,828.0,756.0
MADHYA PRADESH,ujjain,2005.0,55.0,134,74,0.0,74.0,28,14,14,17,172,41,173,1,882871,83.05,662787.0,797.0,797.0,728.0
MADHYA PRADESH,ujjain,2006.0,65.0,128,79,0.0,79.0,39,34,5,12,175,39,157,0,882871,83.05,662787.0,812.0,812.0,734.0
MADHYA PRADESH,ujjain,2007.0,70.0,131,79,0.0,79.0,33,29,4,14,168,36,199,0,882871,83.05,662787.0,842.0,842.0,773.0
MADHYA PRADESH,ujjain,2008.0,60.0,122,78,0.0,78.0,32,25,7,23,215,37,158,0,882871,83.05,662787.0,835.0,835.0,766.0
MADHYA PRADESH,ujjain,2009.0,76.0,121,46,0.0,46.0,27,23,4,20,167,45,210,0,882871,83.05,662787.0,785.0,785.0,713.0
MADHYA PRADESH,ujjain,2010.0,77.0,120,77,0.0,77.0,54,48,6,20,179,42,193,0,882871,83.05,662787.0,893.0,893.0,797.0
MADHYA PRADESH,ujjain,2011.0,68.0,149,81,0.0,81.0,43,35,8,14,196,36,176,0,882871,83.05,662787.0,887.0,887.0,808.0
MADHYA PRADESH,ujjain,2012.0,55.0,193,73,0.0,73.0,36,31,5,11,180,53,202,0,882871,83.05,662787.0,912.0,912.0,823.0
MADHYA PRADESH,ujjain,2015.0,,1,143,0.0,,95,159,0,6,291,20,224,0,882871,83.05,662787.0,939.0,939.0,824.0
MADHYA PRADESH,umaria,2015.0,,1,44,0.0,,12,30,0,0,48,1,43,0,265128,72.89,83133.0,179.0,179.0,166.0
MADHYA PRADESH,vidisha,2001.0,47.0,56,112,0.0,112.0,10,6,4,13,245,22,56,0,647838,74.23,260367.0,683.0,683.0,651.0
MADHYA PRADESH,vidisha,2002.0,42.0,54,114,0.0,114.0,19,16,3,8,231,19,54,0,647838,74.23,260367.0,674.0,674.0,636.0
MADHYA PRADESH,vidisha,2003.0,41.0,48,94,0.0,94.0,9,7,2,12,197,24,40,0,647838,74.23,260367.0,568.0,568.0,535.0
MADHYA PRADESH,vidisha,2004.0,48.0,56,100,0.0,100.0,11,10,1,11,203,18,58,0,647838,74.23,260367.0,616.0,616.0,587.0
MADHYA PRADESH,vidisha,2005.0,43.0,49,97,0.0,97.0,15,14,1,27,199,9,45,0,647838,74.23,260367.0,596.0,596.0,572.0
MADHYA PRADESH,vidisha,2006.0,45.0,60,85,0.0,85.0,17,14,3,15,180,23,45,0,647838,74.23,260367.0,572.0,572.0,532.0
MADHYA PRADESH,vidisha,2007.0,48.0,58,100,0.0,100.0,22,18,4,20,212,18,85,0,647838,74.23,260367.0,685.0,685.0,645.0
MADHYA PRADESH,vidisha,2008.0,40.0,45,93,0.0,93.0,14,13,1,24,205,25,63,0,647838,74.23,260367.0,616.0,616.0,577.0
MADHYA PRADESH,vidisha,2009.0,48.0,47,80,0.0,80.0,15,13,2,19,216,30,87,0,647838,74.23,260367.0,637.0,637.0,592.0
MADHYA PRADESH,vidisha,2010.0,54.0,58,81,0.0,81.0,22,18,4,17,239,22,114,0,647838,74.23,260367.0,710.0,710.0,666.0
MADHYA PRADESH,vidisha,2011.0,47.0,56,87,0.0,87.0,30,27,3,16,197,19,79,0,647838,74.23,260367.0,648.0,648.0,599.0
MADHYA PRADESH,vidisha,2012.0,58.0,62,94,0.0,94.0,25,23,2,19,213,23,97,0,647838,74.23,260367.0,710.0,710.0,662.0
MADHYA PRADESH,vidisha,2015.0,,0,126,0.0,,59,87,0,15,300,6,111,0,647838,74.23,260367.0,704.0,704.0,639.0
MADHYA PRADESH  ,balaghat,2020.0,1.0,0,69,0.0,0.0,150,152,2,14,115,6,204,0,740749,80.63,193972.0,713.0,713.0,557.0
MADHYA PRADESH  ,barwani,2020.0,0.0,0,35,0.0,0.0,0,0,0,4,83,3,54,0,548609,50.96,157975.0,179.0,179.0,176.0
MADHYA PRADESH  ,betul,2020.0,1.0,0,48,0.0,0.0,0,156,0,16,85,2,49,0,709956,76.81,259119.0,357.0,357.0,355.0
MADHYA PRADESH  ,bhind,2020.0,0.0,0,21,0.0,0.0,0,0,0,26,67,4,160,0,780902,83.19,338933.0,278.0,278.0,274.0
MADHYA PRADESH  ,bhopal,2020.0,0.0,0,120,0.0,0.0,265,279,2,13,215,15,310,0,972649,81.94,1482718.0,1219.0,1219.0,939.0
MADHYA PRADESH  ,chhatarpur,2020.0,1.0,0,52,0.0,0.0,2,40,0,24,158,2,82,0,788933,65.28,324295.0,361.0,361.0,357.0
MADHYA PRADESH  ,chhindwara,2020.0,3.0,0,53,0.0,0.0,124,124,0,22,81,0,68,0,947337,76.45,452203.0,475.0,475.0,351.0
MADHYA PRADESH  ,damoh,2020.0,0.0,0,34,0.0,0.0,145,145,0,14,109,3,103,0,570229,74.67,204351.0,553.0,553.0,405.0
MADHYA PRADESH  ,datia,2020.0,2.0,0,15,0.0,0.0,0,0,0,12,65,1,49,0,338232,84.29,137549.0,144.0,144.0,143.0
MADHYA PRADESH  ,dewas,2020.0,0.0,0,30,0.0,0.0,92,96,0,9,138,11,154,0,677866,75.74,358347.0,530.0,530.0,427.0
MADHYA PRADESH  ,dhar,2020.0,0.0,0,82,0.0,0.0,2,15,0,6,135,3,94,0,890416,65.75,288184.0,337.0,337.0,332.0
MADHYA PRADESH  ,dindori,2020.0,0.0,0,32,0.0,0.0,0,3,0,3,49,1,85,0,291716,69.95,26870.0,173.0,173.0,172.0
MADHYA PRADESH  ,guna,2020.0,1.0,0,65,0.0,0.0,86,105,16,3,182,2,111,0,884020,74.13,354813.0,571.0,571.0,483.0
MADHYA PRADESH  ,gwalior,2020.0,0.0,0,162,0.0,0.0,139,153,2,24,287,6,564,0,883317,80.36,983008.0,1337.0,1337.0,1192.0
MADHYA PRADESH  ,harda,2020.0,0.0,0,27,0.0,0.0,2,2,0,0,59,1,38,0,247226,77.94,101167.0,129.0,129.0,126.0
MADHYA PRADESH  ,hoshangabad,2020.0,0.0,0,53,0.0,0.0,86,92,1,13,127,5,115,0,571774,80.83,334394.0,492.0,492.0,401.0
MADHYA PRADESH  ,indore,2020.0,3.0,0,147,0.0,0.0,398,424,0,28,285,14,455,0,1289352,84.6,1730363.0,1754.0,1754.0,1342.0
MADHYA PRADESH  ,jabalpur,2020.0,0.0,0,116,0.0,0.0,269,270,0,19,221,6,201,0,1127304,84.56,1227340.0,1102.0,1102.0,827.0
MADHYA PRADESH  ,jhabua,2020.0,0.0,0,16,0.0,0.0,67,73,1,0,21,2,11,0,702053,47.97,121031.0,191.0,191.0,122.0
MADHYA PRADESH  ,katni,2020.0,1.0,0,24,0.0,0.0,98,98,0,10,60,4,59,0,548368,77.94,225261.0,354.0,354.0,252.0
MADHYA PRADESH  ,mandla,2020.0,1.0,0,21,0.0,0.0,104,116,0,2,30,1,49,0,447956,73.72,91914.0,324.0,324.0,219.0
MADHYA PRADESH  ,mandsaur,2020.0,0.0,0,23,0.0,0.0,56,59,0,8,80,4,40,0,605119,85.24,220704.0,270.0,270.0,210.0
MADHYA PRADESH  ,morena,2020.0,0.0,0,46,0.0,0.0,0,4,0,32,94,3,136,0,874089,79.89,343305.0,315.0,315.0,312.0
MADHYA PRADESH  ,neemuch,2020.0,0.0,0,11,0.0,0.0,36,36,0,6,26,0,35,0,372419,82.53,202970.0,150.0,150.0,114.0
MADHYA PRADESH  ,panna,2020.0,0.0,0,23,0.0,0.0,129,129,0,13,94,2,71,0,450549,73.33,108184.0,461.0,461.0,330.0
MADHYA PRADESH  ,raisen,2020.0,0.0,0,51,0.0,0.0,94,94,0,16,89,3,96,0,598247,81.58,206800.0,443.0,443.0,346.0
MADHYA PRADESH  ,rajgarh,2020.0,0.0,0,57,0.0,0.0,1,1,0,13,131,3,159,0,649106,69.14,217322.0,365.0,365.0,361.0
MADHYA PRADESH  ,ratlam,2020.0,1.0,0,43,0.0,0.0,125,137,1,6,116,5,88,0,620862,79.52,368434.0,522.0,522.0,392.0
MADHYA PRADESH  ,rewa,2020.0,0.0,0,49,0.0,0.0,218,226,0,32,121,6,152,0,1016687,75.65,320563.0,804.0,804.0,580.0
MADHYA PRADESH  ,sagar,2020.0,2.0,0,74,0.0,0.0,0,193,1,33,189,3,97,0,1073205,79.41,590907.0,592.0,592.0,589.0
MADHYA PRADESH  ,satna,2020.0,0.0,0,51,0.0,0.0,0,197,0,20,100,5,118,0,971396,77.14,385553.0,491.0,491.0,486.0
MADHYA PRADESH  ,sehore,2020.0,0.0,0,49,0.0,0.0,0,65,0,5,144,8,75,0,565137,77.28,193740.0,346.0,346.0,338.0
MADHYA PRADESH  ,seoni,2020.0,0.0,0,36,0.0,0.0,0,137,0,4,68,3,117,0,588750,77.18,120687.0,365.0,365.0,362.0
MADHYA PRADESH  ,shahdol,2020.0,1.0,0,44,0.0,0.0,99,112,0,10,82,1,150,0,804988,71.8,398154.0,499.0,499.0,399.0
MADHYA PRADESH  ,shajapur,2020.0,0.0,0,33,0.0,0.0,29,31,0,7,91,2,60,0,669852,83.29,239230.0,253.0,253.0,222.0
MADHYA PRADESH  ,sheopur,2020.0,0.0,0,13,0.0,0.0,22,24,0,6,35,1,40,0,295297,61.76,88571.0,141.0,141.0,118.0
MADHYA PRADESH  ,shivpuri,2020.0,0.0,0,69,0.0,0.0,107,107,0,13,122,3,110,0,776190,74.11,239673.0,531.0,531.0,421.0
MADHYA PRADESH  ,sidhi,2020.0,0.0,0,18,0.0,0.0,1,1,0,10,39,6,93,0,947830,67.36,261031.0,168.0,168.0,161.0
MADHYA PRADESH  ,tikamgarh,2020.0,0.0,0,24,0.0,0.0,38,77,0,26,77,2,32,0,637913,68.68,212733.0,276.0,276.0,236.0
MADHYA PRADESH  ,ujjain,2020.0,0.0,0,65,0.0,0.0,141,151,1,8,236,9,194,0,882871,83.05,662787.0,805.0,805.0,655.0
MADHYA PRADESH  ,umaria,2020.0,3.0,0,16,0.0,0.0,31,33,0,2,25,1,28,0,265128,72.89,83133.0,139.0,139.0,107.0
MADHYA PRADESH  ,vidisha,2020.0,1.0,0,42,0.0,0.0,98,100,0,13,125,11,115,0,647838,74.23,260367.0,505.0,505.0,396.0
MADHYA PRADESH,balaghat,2019.0,1.0,1,81,0.0,0.0,197,198,1,11,111,2,147,0,740749,80.63,193972.0,750.0,750.0,551.0
MADHYA PRADESH,barwani,2019.0,0.0,0,25,0.0,0.0,2,3,0,5,47,2,32,0,548609,50.96,157975.0,116.0,116.0,112.0
MADHYA PRADESH,betul,2019.0,1.0,2,65,0.0,0.0,0,223,0,10,115,3,77,0,709956,76.81,259119.0,496.0,496.0,493.0
MADHYA PRADESH,bhind,2019.0,0.0,0,35,0.0,0.0,80,85,0,28,64,5,133,0,780902,83.19,338933.0,430.0,430.0,345.0
MADHYA PRADESH,bhopal,2019.0,2.0,1,178,0.0,0.0,289,319,4,16,358,13,394,0,972649,81.94,1482718.0,1574.0,1574.0,1272.0
MADHYA PRADESH,chhatarpur,2019.0,0.0,2,47,0.0,0.0,37,60,0,17,81,0,121,0,788933,65.28,324295.0,365.0,365.0,328.0
MADHYA PRADESH,chhindwara,2019.0,2.0,0,64,0.0,0.0,216,246,0,9,81,0,76,0,947337,76.45,452203.0,694.0,694.0,478.0
MADHYA PRADESH,damoh,2019.0,0.0,0,21,0.0,0.0,115,134,16,15,82,2,62,0,570229,74.67,204351.0,447.0,447.0,330.0
MADHYA PRADESH,datia,2019.0,0.0,0,33,0.0,0.0,53,53,0,8,91,1,65,0,338232,84.29,137549.0,304.0,304.0,250.0
MADHYA PRADESH,dewas,2019.0,1.0,3,51,0.0,0.0,100,111,0,4,166,13,175,0,677866,75.74,358347.0,624.0,624.0,511.0
MADHYA PRADESH,dhar,2019.0,0.0,1,94,0.0,0.0,228,292,4,10,134,3,79,0,890416,65.75,288184.0,845.0,845.0,614.0
MADHYA PRADESH,dindori,2019.0,0.0,0,40,0.0,0.0,74,75,0,2,57,1,91,0,291716,69.95,26870.0,340.0,340.0,265.0
MADHYA PRADESH,guna,2019.0,0.0,2,39,0.0,0.0,77,80,0,7,113,4,85,0,884020,74.13,354813.0,407.0,407.0,326.0
MADHYA PRADESH,gwalior,2019.0,0.0,6,131,0.0,0.0,160,180,4,31,288,8,497,0,883317,80.36,983008.0,1305.0,1305.0,1137.0
MADHYA PRADESH,harda,2019.0,0.0,0,24,0.0,0.0,0,1,0,2,36,1,51,0,247226,77.94,101167.0,115.0,115.0,114.0
MADHYA PRADESH,hoshangabad,2019.0,0.0,0,46,0.0,0.0,114,125,0,8,116,6,100,0,571774,80.83,334394.0,515.0,515.0,395.0
MADHYA PRADESH,indore,2019.0,3.0,1,175,0.0,0.0,476,502,3,18,413,22,571,0,1289352,84.6,1730363.0,2184.0,2184.0,1686.0
MADHYA PRADESH,jabalpur,2019.0,0.0,0,145,0.0,0.0,315,324,0,28,220,11,215,0,1127304,84.56,1227340.0,1258.0,1258.0,932.0
MADHYA PRADESH,jhabua,2019.0,0.0,0,27,0.0,0.0,0,77,0,0,28,1,9,0,702053,47.97,121031.0,142.0,142.0,141.0
MADHYA PRADESH,katni,2019.0,1.0,0,24,0.0,0.0,127,128,0,16,82,1,35,0,548368,77.94,225261.0,414.0,414.0,286.0
MADHYA PRADESH,mandla,2019.0,0.0,0,18,0.0,0.0,83,89,0,5,30,1,29,0,447956,73.72,91914.0,255.0,255.0,171.0
MADHYA PRADESH,mandsaur,2019.0,0.0,1,13,0.0,0.0,56,79,0,3,88,3,25,0,605119,85.24,220704.0,268.0,268.0,209.0
MADHYA PRADESH,morena,2019.0,1.0,2,57,0.0,0.0,56,59,0,30,96,6,176,0,874089,79.89,343305.0,483.0,483.0,421.0
MADHYA PRADESH,neemuch,2019.0,0.0,0,14,0.0,0.0,31,31,0,1,36,0,43,0,372419,82.53,202970.0,156.0,156.0,125.0
MADHYA PRADESH,panna,2019.0,2.0,0,17,0.0,0.0,131,131,0,17,83,0,38,0,450549,73.33,108184.0,419.0,419.0,288.0
MADHYA PRADESH,raisen,2019.0,0.0,0,67,0.0,0.0,125,127,0,9,109,4,78,0,598247,81.58,206800.0,519.0,519.0,390.0
MADHYA PRADESH,rajgarh,2019.0,0.0,1,21,0.0,0.0,1,1,0,3,132,3,133,0,649106,69.14,217322.0,295.0,295.0,291.0
MADHYA PRADESH,ratlam,2019.0,2.0,0,81,0.0,0.0,124,154,1,4,151,5,119,0,620862,79.52,368434.0,641.0,641.0,512.0
MADHYA PRADESH,rewa,2019.0,1.0,3,63,0.0,0.0,262,267,0,32,134,2,114,0,1016687,75.65,320563.0,878.0,878.0,614.0
MADHYA PRADESH,sagar,2019.0,4.0,1,68,0.0,0.0,1,272,1,23,168,5,128,0,1073205,79.41,590907.0,671.0,671.0,665.0
MADHYA PRADESH,satna,2019.0,2.0,3,39,0.0,0.0,0,253,0,21,130,2,131,0,971396,77.14,385553.0,581.0,581.0,579.0
MADHYA PRADESH,sehore,2019.0,0.0,3,35,0.0,0.0,0,116,0,6,92,2,82,0,565137,77.28,193740.0,336.0,336.0,334.0
MADHYA PRADESH,seoni,2019.0,1.0,1,33,0.0,0.0,8,173,0,9,93,3,136,0,588750,77.18,120687.0,457.0,457.0,446.0
MADHYA PRADESH,shahdol,2019.0,1.0,1,38,0.0,0.0,139,147,0,10,92,4,151,0,804988,71.8,398154.0,583.0,583.0,440.0
MADHYA PRADESH,shajapur,2019.0,0.0,0,20,0.0,0.0,30,31,0,5,79,1,57,0,669852,83.29,239230.0,223.0,223.0,192.0
MADHYA PRADESH,sheopur,2019.0,0.0,0,13,0.0,0.0,16,19,0,1,19,0,19,0,295297,61.76,88571.0,87.0,87.0,71.0
MADHYA PRADESH,shivpuri,2019.0,1.0,2,56,0.0,0.0,116,116,0,16,137,5,64,0,776190,74.11,239673.0,513.0,513.0,392.0
MADHYA PRADESH,sidhi,2019.0,0.0,0,22,0.0,0.0,5,5,0,9,62,1,63,0,947830,67.36,261031.0,167.0,167.0,161.0
MADHYA PRADESH,tikamgarh,2019.0,0.0,0,30,0.0,0.0,31,73,0,16,65,1,39,0,637913,68.68,212733.0,255.0,255.0,223.0
MADHYA PRADESH,ujjain,2019.0,1.0,0,64,0.0,0.0,0,14,0,6,232,7,172,0,882871,83.05,662787.0,496.0,496.0,489.0
MADHYA PRADESH,umaria,2019.0,0.0,0,11,0.0,0.0,43,58,0,4,28,0,44,0,265128,72.89,83133.0,188.0,188.0,145.0
MADHYA PRADESH,vidisha,2019.0,2.0,1,71,0.0,0.0,103,117,1,15,155,4,126,0,647838,74.23,260367.0,595.0,595.0,488.0
MAHARASHTRA,akola,2001.0,64.0,41,15,0.0,15.0,15,14,1,2,109,7,189,0,841253,88.91,627497.0,472.0,472.0,450.0
MAHARASHTRA,akola,2002.0,59.0,34,28,0.0,28.0,21,16,5,4,70,11,156,0,841253,88.91,627497.0,432.0,432.0,400.0
MAHARASHTRA,akola,2003.0,48.0,38,29,0.0,29.0,29,29,0,9,80,5,132,0,841253,88.91,627497.0,428.0,428.0,394.0
MAHARASHTRA,akola,2004.0,55.0,45,38,0.0,38.0,23,21,2,6,94,15,147,0,841253,88.91,627497.0,484.0,484.0,446.0
MAHARASHTRA,akola,2005.0,46.0,40,21,0.0,21.0,24,22,2,3,82,14,184,0,841253,88.91,627497.0,459.0,459.0,421.0
MAHARASHTRA,akola,2006.0,47.0,52,25,0.0,25.0,28,26,2,1,95,14,135,0,841253,88.91,627497.0,450.0,450.0,408.0
MAHARASHTRA,akola,2007.0,38.0,43,22,0.0,22.0,17,15,2,3,86,48,165,0,841253,88.91,627497.0,461.0,461.0,396.0
MAHARASHTRA,akola,2008.0,54.0,72,26,0.0,26.0,35,33,2,7,111,61,153,0,841253,88.91,627497.0,580.0,580.0,484.0
MAHARASHTRA,akola,2009.0,43.0,68,21,0.0,21.0,33,26,7,10,97,63,131,0,841253,88.91,627497.0,520.0,520.0,424.0
MAHARASHTRA,akola,2010.0,46.0,66,25,0.0,25.0,25,23,2,12,100,55,149,0,841253,88.91,627497.0,528.0,528.0,448.0
MAHARASHTRA,akola,2011.0,46.0,43,30,0.0,30.0,40,37,3,13,93,24,140,0,841253,88.91,627497.0,499.0,499.0,435.0
MAHARASHTRA,akola,2012.0,42.0,34,19,0.0,19.0,22,19,3,4,92,40,87,0,841253,88.91,627497.0,381.0,381.0,319.0
MAHARASHTRA,akola,2015.0,,0,44,0.0,,34,47,1,4,222,6,144,0,841253,88.91,627497.0,502.0,502.0,462.0
MAHARASHTRA,akola,2019.0,0.0,0,31,0.0,0.0,83,95,0,3,197,3,254,0,841253,88.91,627497.0,666.0,666.0,580.0
MAHARASHTRA,akola,2020.0,0.0,0,28,0.0,0.0,45,56,0,7,245,5,261,0,841253,88.91,627497.0,647.0,647.0,597.0
MAHARASHTRA,bhandara,2001.0,32.0,22,39,0.0,39.0,4,1,3,5,71,37,60,0,573445,88.97,175728.0,313.0,313.0,272.0
MAHARASHTRA,bhandara,2002.0,36.0,13,32,0.0,32.0,16,15,1,3,57,37,70,0,573445,88.97,175728.0,312.0,312.0,259.0
MAHARASHTRA,bhandara,2003.0,30.0,7,41,0.0,41.0,7,6,1,7,54,27,69,0,573445,88.97,175728.0,290.0,290.0,256.0
MAHARASHTRA,bhandara,2004.0,22.0,11,36,0.0,36.0,16,16,0,1,66,39,52,0,573445,88.97,175728.0,295.0,295.0,240.0
MAHARASHTRA,bhandara,2005.0,27.0,11,15,0.0,15.0,17,14,3,3,64,34,67,0,573445,88.97,175728.0,270.0,270.0,219.0
MAHARASHTRA,bhandara,2006.0,35.0,18,40,0.0,40.0,15,10,5,4,54,29,89,0,573445,88.97,175728.0,339.0,339.0,295.0
MAHARASHTRA,bhandara,2007.0,30.0,10,19,0.0,19.0,7,4,3,2,55,27,68,0,573445,88.97,175728.0,244.0,244.0,210.0
MAHARASHTRA,bhandara,2008.0,28.0,14,26,0.0,26.0,14,13,1,0,69,18,73,0,573445,88.97,175728.0,282.0,282.0,250.0
MAHARASHTRA,bhandara,2009.0,26.0,8,17,0.0,17.0,12,12,0,4,31,13,68,0,573445,88.97,175728.0,208.0,208.0,183.0
MAHARASHTRA,bhandara,2010.0,24.0,7,24,0.0,24.0,15,13,2,3,42,12,61,0,573445,88.97,175728.0,227.0,227.0,200.0
MAHARASHTRA,bhandara,2011.0,33.0,15,23,0.0,23.0,12,9,3,1,30,14,50,0,573445,88.97,175728.0,213.0,213.0,187.0
MAHARASHTRA,bhandara,2012.0,20.0,11,26,0.0,26.0,11,8,3,3,36,33,59,0,573445,88.97,175728.0,236.0,236.0,192.0
MAHARASHTRA,bhandara,2015.0,,0,25,0.0,,41,52,1,0,92,8,41,0,573445,88.97,175728.0,260.0,260.0,211.0
MAHARASHTRA,bhandara,2019.0,0.0,0,33,0.0,0.0,71,73,1,2,85,12,45,0,573445,88.97,175728.0,322.0,322.0,239.0
MAHARASHTRA,bhandara,2020.0,1.0,0,15,0.0,0.0,60,63,0,1,88,12,38,0,573445,88.97,175728.0,278.0,278.0,206.0
MAHARASHTRA,chandrapur,2001.0,49.0,26,43,0.0,43.0,10,7,3,2,102,28,144,0,1062993,82.94,665067.0,457.0,457.0,419.0
MAHARASHTRA,chandrapur,2002.0,52.0,19,29,0.0,29.0,24,21,3,3,89,9,116,0,1062993,82.94,665067.0,394.0,394.0,361.0
MAHARASHTRA,chandrapur,2003.0,41.0,21,36,0.0,36.0,13,12,1,3,85,21,101,0,1062993,82.94,665067.0,370.0,370.0,336.0
MAHARASHTRA,chandrapur,2004.0,59.0,19,31,0.0,31.0,18,17,1,3,93,27,94,0,1062993,82.94,665067.0,393.0,393.0,348.0
MAHARASHTRA,chandrapur,2005.0,61.0,18,41,0.0,41.0,17,14,3,2,93,27,110,0,1062993,82.94,665067.0,427.0,427.0,383.0
MAHARASHTRA,chandrapur,2006.0,42.0,20,30,0.0,30.0,17,14,3,6,81,47,123,0,1062993,82.94,665067.0,413.0,413.0,349.0
MAHARASHTRA,chandrapur,2007.0,59.0,23,35,0.0,35.0,25,19,6,5,115,109,169,0,1062993,82.94,665067.0,600.0,600.0,466.0
MAHARASHTRA,chandrapur,2008.0,51.0,47,37,0.0,37.0,34,28,6,14,112,146,221,0,1062993,82.94,665067.0,733.0,733.0,553.0
MAHARASHTRA,chandrapur,2009.0,49.0,33,44,0.0,44.0,19,17,2,9,132,171,158,0,1062993,82.94,665067.0,678.0,678.0,488.0
MAHARASHTRA,chandrapur,2010.0,56.0,29,43,0.0,43.0,21,16,5,7,117,116,147,0,1062993,82.94,665067.0,600.0,600.0,463.0
MAHARASHTRA,chandrapur,2011.0,50.0,39,56,0.0,56.0,30,25,5,4,108,77,109,0,1062993,82.94,665067.0,559.0,559.0,452.0
MAHARASHTRA,chandrapur,2012.0,44.0,33,44,0.0,44.0,34,29,5,4,119,79,125,0,1062993,82.94,665067.0,560.0,560.0,447.0
MAHARASHTRA,chandrapur,2015.0,,1,126,0.0,,0,99,49,10,269,11,201,0,1062993,82.94,665067.0,766.0,766.0,755.0
MAHARASHTRA,chandrapur,2019.0,0.0,0,41,0.0,0.0,95,172,0,3,159,22,113,0,1062993,82.94,665067.0,605.0,605.0,488.0
MAHARASHTRA,chandrapur,2020.0,0.0,0,45,0.0,0.0,113,128,0,3,194,15,127,0,1062993,82.94,665067.0,625.0,625.0,497.0
MAHARASHTRA,dhule,2001.0,48.0,25,16,0.0,16.0,6,6,0,6,17,8,127,0,878372,81.4,445885.0,275.0,275.0,261.0
MAHARASHTRA,dhule,2002.0,46.0,25,16,0.0,16.0,8,8,0,7,20,6,124,0,878372,81.4,445885.0,276.0,276.0,262.0
MAHARASHTRA,dhule,2003.0,32.0,13,7,0.0,7.0,5,5,0,2,18,6,90,0,878372,81.4,445885.0,185.0,185.0,174.0
MAHARASHTRA,dhule,2004.0,32.0,16,11,0.0,11.0,3,3,0,1,24,9,96,0,878372,81.4,445885.0,206.0,206.0,194.0
MAHARASHTRA,dhule,2005.0,47.0,30,15,0.0,15.0,9,9,0,10,27,7,110,0,878372,81.4,445885.0,279.0,279.0,263.0
MAHARASHTRA,dhule,2006.0,38.0,33,12,0.0,12.0,8,8,0,6,33,12,189,0,878372,81.4,445885.0,351.0,351.0,331.0
MAHARASHTRA,dhule,2007.0,49.0,23,15,0.0,15.0,5,5,0,10,37,14,223,0,878372,81.4,445885.0,396.0,396.0,377.0
MAHARASHTRA,dhule,2008.0,54.0,38,10,0.0,10.0,8,8,0,3,32,8,196,0,878372,81.4,445885.0,367.0,367.0,351.0
MAHARASHTRA,dhule,2009.0,45.0,36,12,0.0,12.0,13,9,4,7,34,8,281,0,878372,81.4,445885.0,461.0,461.0,440.0
MAHARASHTRA,dhule,2010.0,48.0,54,18,0.0,18.0,12,12,0,6,28,9,234,0,878372,81.4,445885.0,439.0,439.0,418.0
MAHARASHTRA,dhule,2011.0,49.0,31,16,0.0,16.0,27,27,0,4,52,7,203,0,878372,81.4,445885.0,432.0,432.0,398.0
MAHARASHTRA,dhule,2012.0,50.0,39,30,0.0,30.0,18,14,4,4,39,2,207,0,878372,81.4,445885.0,437.0,437.0,417.0
MAHARASHTRA,dhule,2015.0,,0,35,0.0,,0,24,14,6,69,7,200,0,878372,81.4,445885.0,355.0,355.0,348.0
MAHARASHTRA,dhule,2019.0,0.0,0,12,0.0,0.0,4,31,0,2,104,3,293,0,878372,81.4,445885.0,449.0,449.0,442.0
MAHARASHTRA,dhule,2020.0,1.0,0,14,0.0,0.0,4,76,0,4,80,9,236,0,878372,81.4,445885.0,424.0,424.0,411.0
MAHARASHTRA,gadchiroli,2001.0,47.0,24,27,0.0,27.0,7,6,1,0,55,17,57,0,491101,71.86,67261.0,268.0,268.0,244.0
MAHARASHTRA,gadchiroli,2002.0,51.0,33,22,0.0,22.0,9,8,1,0,59,15,65,0,491101,71.86,67261.0,285.0,285.0,261.0
MAHARASHTRA,gadchiroli,2003.0,58.0,28,30,0.0,30.0,17,13,4,2,57,20,81,0,491101,71.86,67261.0,340.0,340.0,303.0
MAHARASHTRA,gadchiroli,2004.0,47.0,49,31,0.0,31.0,8,8,0,3,44,11,46,0,491101,71.86,67261.0,278.0,278.0,259.0
MAHARASHTRA,gadchiroli,2005.0,60.0,45,22,0.0,22.0,5,3,2,1,62,4,42,0,491101,71.86,67261.0,268.0,268.0,259.0
MAHARASHTRA,gadchiroli,2006.0,59.0,52,14,0.0,14.0,10,8,2,2,52,5,47,0,491101,71.86,67261.0,265.0,265.0,250.0
MAHARASHTRA,gadchiroli,2007.0,53.0,47,11,0.0,11.0,8,7,1,3,31,7,44,0,491101,71.86,67261.0,223.0,223.0,208.0
MAHARASHTRA,gadchiroli,2008.0,56.0,33,22,0.0,22.0,13,11,2,2,30,7,46,0,491101,71.86,67261.0,244.0,244.0,224.0
MAHARASHTRA,gadchiroli,2009.0,66.0,45,12,0.0,12.0,14,13,1,1,23,6,27,0,491101,71.86,67261.0,220.0,220.0,200.0
MAHARASHTRA,gadchiroli,2010.0,58.0,30,16,0.0,16.0,11,9,2,0,28,0,20,0,491101,71.86,67261.0,190.0,190.0,179.0
MAHARASHTRA,gadchiroli,2011.0,82.0,27,20,0.0,20.0,5,3,2,0,24,3,23,0,491101,71.86,67261.0,209.0,209.0,201.0
MAHARASHTRA,gadchiroli,2012.0,57.0,69,18,0.0,18.0,9,6,3,0,30,5,12,0,491101,71.86,67261.0,227.0,227.0,213.0
MAHARASHTRA,gadchiroli,2015.0,,1,41,0.0,,2,18,1,1,40,6,13,0,491101,71.86,67261.0,123.0,123.0,115.0
MAHARASHTRA,gadchiroli,2019.0,0.0,0,17,0.0,0.0,41,41,0,0,47,12,20,0,491101,71.86,67261.0,178.0,178.0,125.0
MAHARASHTRA,gadchiroli,2020.0,1.0,0,17,0.0,0.0,28,28,0,0,55,1,21,0,491101,71.86,67261.0,151.0,151.0,122.0
MAHARASHTRA,hingoli,2001.0,36.0,27,20,0.0,20.0,9,8,1,2,44,4,134,0,505373,80.71,154030.0,305.0,305.0,292.0
MAHARASHTRA,hingoli,2002.0,32.0,15,17,0.0,17.0,7,7,0,6,36,4,98,0,505373,80.71,154030.0,239.0,239.0,228.0
MAHARASHTRA,hingoli,2003.0,28.0,29,14,0.0,14.0,7,7,0,1,36,6,112,0,505373,80.71,154030.0,254.0,254.0,241.0
MAHARASHTRA,hingoli,2004.0,35.0,25,13,0.0,13.0,15,12,3,1,29,11,85,0,505373,80.71,154030.0,242.0,242.0,216.0
MAHARASHTRA,hingoli,2005.0,34.0,11,15,0.0,15.0,15,12,3,2,45,8,106,0,505373,80.71,154030.0,266.0,266.0,243.0
MAHARASHTRA,hingoli,2006.0,41.0,25,15,0.0,15.0,12,10,2,8,41,2,100,0,505373,80.71,154030.0,271.0,271.0,257.0
MAHARASHTRA,hingoli,2007.0,29.0,16,9,0.0,9.0,8,7,1,3,45,6,98,0,505373,80.71,154030.0,231.0,231.0,217.0
MAHARASHTRA,hingoli,2008.0,43.0,29,17,0.0,17.0,10,9,1,7,54,6,99,0,505373,80.71,154030.0,292.0,292.0,276.0
MAHARASHTRA,hingoli,2009.0,50.0,34,10,0.0,10.0,16,12,4,3,27,8,106,0,505373,80.71,154030.0,280.0,280.0,256.0
MAHARASHTRA,hingoli,2010.0,38.0,36,14,0.0,14.0,6,4,2,1,33,7,115,0,505373,80.71,154030.0,270.0,270.0,257.0
MAHARASHTRA,hingoli,2011.0,39.0,33,18,0.0,18.0,12,8,4,0,42,5,82,0,505373,80.71,154030.0,261.0,261.0,244.0
MAHARASHTRA,hingoli,2012.0,25.0,16,13,0.0,13.0,10,5,5,6,33,3,88,0,505373,80.71,154030.0,217.0,217.0,204.0
MAHARASHTRA,hingoli,2015.0,,0,22,0.0,,17,25,3,1,91,3,65,0,505373,80.71,154030.0,227.0,227.0,207.0
MAHARASHTRA,hingoli,2019.0,0.0,0,20,0.0,0.0,25,30,0,4,68,2,144,0,505373,80.71,154030.0,293.0,293.0,266.0
MAHARASHTRA,hingoli,2020.0,0.0,0,14,0.0,0.0,13,17,0,6,73,1,71,0,505373,80.71,154030.0,195.0,195.0,181.0
MAHARASHTRA,jalgaon,2001.0,83.0,44,19,0.0,19.0,16,12,4,5,76,31,389,0,1905493,85.91,1052794.0,698.0,698.0,651.0
MAHARASHTRA,jalgaon,2002.0,81.0,39,22,0.0,22.0,21,19,2,10,78,29,219,0,1905493,85.91,1052794.0,542.0,542.0,492.0
MAHARASHTRA,jalgaon,2003.0,82.0,39,38,0.0,38.0,20,9,11,8,79,21,239,0,1905493,85.91,1052794.0,584.0,584.0,543.0
MAHARASHTRA,jalgaon,2004.0,83.0,39,36,0.0,36.0,12,12,0,6,83,38,323,0,1905493,85.91,1052794.0,668.0,668.0,618.0
MAHARASHTRA,jalgaon,2005.0,74.0,55,52,0.0,52.0,26,26,0,4,92,30,301,0,1905493,85.91,1052794.0,712.0,712.0,656.0
MAHARASHTRA,jalgaon,2006.0,75.0,53,52,0.0,52.0,21,21,0,14,111,25,305,0,1905493,85.91,1052794.0,729.0,729.0,683.0
MAHARASHTRA,jalgaon,2007.0,94.0,38,52,0.0,52.0,27,27,0,20,75,19,420,0,1905493,85.91,1052794.0,824.0,824.0,778.0
MAHARASHTRA,jalgaon,2008.0,83.0,57,42,0.0,42.0,29,19,10,18,107,29,456,0,1905493,85.91,1052794.0,892.0,892.0,834.0
MAHARASHTRA,jalgaon,2009.0,75.0,52,30,0.0,30.0,25,25,0,10,109,39,423,0,1905493,85.91,1052794.0,818.0,818.0,754.0
MAHARASHTRA,jalgaon,2010.0,94.0,71,49,0.0,49.0,41,32,9,11,143,41,425,0,1905493,85.91,1052794.0,965.0,965.0,883.0
MAHARASHTRA,jalgaon,2011.0,81.0,72,48,0.0,48.0,57,25,32,8,146,51,364,0,1905493,85.91,1052794.0,932.0,932.0,824.0
MAHARASHTRA,jalgaon,2012.0,102.0,77,45,0.0,45.0,43,39,4,1,134,51,409,0,1905493,85.91,1052794.0,950.0,950.0,856.0
MAHARASHTRA,jalgaon,2015.0,,1,66,0.0,,0,88,0,1,288,21,276,0,1905493,85.91,1052794.0,741.0,741.0,720.0
MAHARASHTRA,jalgaon,2019.0,0.0,0,37,0.0,0.0,0,139,11,4,241,6,265,0,1905493,85.91,1052794.0,703.0,703.0,697.0
MAHARASHTRA,jalgaon,2020.0,1.0,0,29,0.0,0.0,21,143,8,2,259,20,206,0,1905493,85.91,1052794.0,689.0,689.0,648.0
MAHARASHTRA,jalna,2001.0,43.0,24,16,0.0,16.0,12,8,4,5,56,7,172,0,826903,79.14,307865.0,363.0,363.0,344.0
MAHARASHTRA,jalna,2002.0,48.0,28,14,0.0,14.0,11,8,3,5,25,8,199,0,826903,79.14,307865.0,363.0,363.0,344.0
MAHARASHTRA,jalna,2003.0,53.0,25,8,0.0,8.0,15,14,1,15,53,14,204,0,826903,79.14,307865.0,410.0,410.0,381.0
MAHARASHTRA,jalna,2004.0,53.0,30,10,0.0,10.0,10,6,4,24,49,12,226,0,826903,79.14,307865.0,434.0,434.0,412.0
MAHARASHTRA,jalna,2005.0,37.0,40,20,0.0,20.0,13,8,5,21,53,5,215,0,826903,79.14,307865.0,437.0,437.0,419.0
MAHARASHTRA,jalna,2006.0,52.0,25,19,0.0,19.0,13,6,7,19,58,8,248,0,826903,79.14,307865.0,474.0,474.0,453.0
MAHARASHTRA,jalna,2007.0,52.0,22,17,0.0,17.0,17,10,7,31,43,5,266,0,826903,79.14,307865.0,487.0,487.0,465.0
MAHARASHTRA,jalna,2008.0,58.0,33,16,0.0,16.0,13,10,3,27,53,7,309,0,826903,79.14,307865.0,545.0,545.0,525.0
MAHARASHTRA,jalna,2009.0,55.0,38,22,0.0,22.0,20,17,3,25,54,14,346,0,826903,79.14,307865.0,616.0,616.0,582.0
MAHARASHTRA,jalna,2010.0,51.0,43,11,0.0,11.0,13,11,2,40,81,10,315,0,826903,79.14,307865.0,588.0,588.0,565.0
MAHARASHTRA,jalna,2011.0,47.0,40,15,0.0,15.0,20,17,3,23,73,10,289,0,826903,79.14,307865.0,552.0,552.0,522.0
MAHARASHTRA,jalna,2012.0,45.0,69,25,0.0,25.0,25,18,7,36,89,9,303,0,826903,79.14,307865.0,651.0,651.0,617.0
MAHARASHTRA,jalna,2015.0,,0,47,0.0,,13,69,27,11,191,12,263,0,826903,79.14,307865.0,633.0,633.0,608.0
MAHARASHTRA,jalna,2019.0,0.0,0,39,0.0,0.0,0,45,11,2,280,0,396,0,826903,79.14,307865.0,773.0,773.0,773.0
MAHARASHTRA,jalna,2020.0,0.0,0,36,0.0,0.0,0,68,20,12,208,0,191,0,826903,79.14,307865.0,535.0,535.0,535.0
MAHARASHTRA,kolhapur,2001.0,54.0,33,26,0.0,26.0,21,13,8,19,46,7,80,0,1807470,87.47,1050353.0,333.0,333.0,305.0
MAHARASHTRA,kolhapur,2002.0,65.0,42,17,0.0,17.0,15,7,8,20,46,8,70,0,1807470,87.47,1050353.0,315.0,315.0,292.0
MAHARASHTRA,kolhapur,2003.0,66.0,40,15,0.0,15.0,18,11,7,25,47,7,64,0,1807470,87.47,1050353.0,315.0,315.0,290.0
MAHARASHTRA,kolhapur,2004.0,54.0,54,15,0.0,15.0,20,14,6,29,34,15,78,0,1807470,87.47,1050353.0,334.0,334.0,299.0
MAHARASHTRA,kolhapur,2005.0,65.0,62,26,0.0,26.0,25,15,10,22,47,12,76,0,1807470,87.47,1050353.0,386.0,386.0,349.0
MAHARASHTRA,kolhapur,2006.0,65.0,45,33,0.0,33.0,29,22,7,25,71,15,132,0,1807470,87.47,1050353.0,477.0,477.0,433.0
MAHARASHTRA,kolhapur,2007.0,65.0,47,30,0.0,30.0,16,8,8,16,51,24,125,0,1807470,87.47,1050353.0,420.0,420.0,380.0
MAHARASHTRA,kolhapur,2008.0,59.0,26,34,0.0,34.0,30,18,12,17,76,13,153,0,1807470,87.47,1050353.0,472.0,472.0,429.0
MAHARASHTRA,kolhapur,2009.0,46.0,36,35,0.0,35.0,22,18,4,18,61,15,130,0,1807470,87.47,1050353.0,420.0,420.0,383.0
MAHARASHTRA,kolhapur,2010.0,52.0,30,27,0.0,27.0,22,13,9,18,71,12,96,0,1807470,87.47,1050353.0,377.0,377.0,343.0
MAHARASHTRA,kolhapur,2011.0,65.0,41,42,0.0,42.0,38,35,3,19,59,18,121,0,1807470,87.47,1050353.0,483.0,483.0,427.0
MAHARASHTRA,kolhapur,2012.0,63.0,39,48,0.0,48.0,45,22,23,17,66,32,148,0,1807470,87.47,1050353.0,551.0,551.0,474.0
MAHARASHTRA,kolhapur,2015.0,,0,93,0.0,,9,158,59,7,219,2,128,0,1807470,87.47,1050353.0,675.0,675.0,664.0
MAHARASHTRA,kolhapur,2019.0,0.0,0,49,0.0,0.0,175,217,2,7,184,8,139,0,1807470,87.47,1050353.0,781.0,781.0,598.0
MAHARASHTRA,kolhapur,2020.0,1.0,0,51,0.0,0.0,130,133,0,6,263,15,194,0,1807470,87.47,1050353.0,793.0,793.0,648.0
MAHARASHTRA,latur,2001.0,42.0,17,7,0.0,7.0,22,22,0,38,50,7,150,0,1075257,82.94,490261.0,362.0,362.0,333.0
MAHARASHTRA,latur,2002.0,39.0,27,4,0.0,4.0,19,19,0,5,53,5,125,0,1075257,82.94,490261.0,300.0,300.0,276.0
MAHARASHTRA,latur,2003.0,56.0,34,21,0.0,21.0,15,15,0,31,49,2,80,0,1075257,82.94,490261.0,324.0,324.0,307.0
MAHARASHTRA,latur,2004.0,61.0,31,22,0.0,22.0,19,19,0,39,36,0,82,0,1075257,82.94,490261.0,331.0,331.0,312.0
MAHARASHTRA,latur,2005.0,49.0,40,24,0.0,24.0,22,20,2,40,61,3,107,0,1075257,82.94,490261.0,392.0,392.0,367.0
MAHARASHTRA,latur,2006.0,54.0,40,15,0.0,15.0,22,22,0,65,53,5,144,0,1075257,82.94,490261.0,435.0,435.0,408.0
MAHARASHTRA,latur,2007.0,73.0,37,17,0.0,17.0,26,26,0,66,73,0,107,0,1075257,82.94,490261.0,442.0,442.0,416.0
MAHARASHTRA,latur,2008.0,74.0,28,22,0.0,22.0,29,29,0,77,74,0,187,0,1075257,82.94,490261.0,542.0,542.0,513.0
MAHARASHTRA,latur,2009.0,70.0,36,33,0.0,33.0,28,28,0,15,49,0,159,0,1075257,82.94,490261.0,451.0,451.0,423.0
MAHARASHTRA,latur,2010.0,65.0,41,28,0.0,28.0,31,31,0,3,85,3,229,0,1075257,82.94,490261.0,544.0,544.0,510.0
MAHARASHTRA,latur,2011.0,68.0,48,17,0.0,17.0,37,37,0,4,57,0,156,0,1075257,82.94,490261.0,441.0,441.0,404.0
MAHARASHTRA,latur,2012.0,67.0,63,21,0.0,21.0,32,32,0,4,61,0,212,0,1075257,82.94,490261.0,513.0,513.0,481.0
MAHARASHTRA,latur,2015.0,,0,54,0.0,,0,68,10,8,155,1,205,0,1075257,82.94,490261.0,501.0,501.0,500.0
MAHARASHTRA,latur,2019.0,13.0,0,37,0.0,0.0,84,96,0,5,145,0,210,0,1075257,82.94,490261.0,590.0,590.0,506.0
MAHARASHTRA,latur,2020.0,0.0,0,25,0.0,0.0,74,86,0,7,138,0,131,0,1075257,82.94,490261.0,461.0,461.0,387.0
MAHARASHTRA,mumbai,2001.0,295.0,200,127,0.0,127.0,148,12,136,18,274,44,198,0,1878246,90.23,,1579.0,1579.0,1387.0
MAHARASHTRA,mumbai,2002.0,252.0,134,128,0.0,128.0,119,61,58,18,254,40,214,0,1878246,90.23,,1406.0,1406.0,1247.0
MAHARASHTRA,mumbai,2003.0,242.0,115,133,0.0,133.0,150,85,65,8,282,44,199,0,1878246,90.23,,1456.0,1456.0,1262.0
MAHARASHTRA,mumbai,2004.0,253.0,127,187,0.0,187.0,178,113,65,13,321,78,248,0,1878246,90.23,,1770.0,1770.0,1514.0
MAHARASHTRA,mumbai,2005.0,212.0,136,201,0.0,201.0,198,122,76,9,385,99,336,0,1878246,90.23,,1975.0,1975.0,1678.0
MAHARASHTRA,nanded,2001.0,80.0,66,23,0.0,23.0,41,36,5,21,85,22,202,0,1481358,80.44,689064.0,604.0,604.0,541.0
MAHARASHTRA,nanded,2002.0,83.0,85,29,0.0,29.0,40,34,6,24,83,6,241,0,1481358,80.44,689064.0,660.0,660.0,614.0
MAHARASHTRA,nanded,2003.0,71.0,90,33,0.0,33.0,24,14,10,16,78,7,229,0,1481358,80.44,689064.0,605.0,605.0,574.0
MAHARASHTRA,nanded,2004.0,91.0,82,31,0.0,31.0,23,16,7,16,78,12,198,0,1481358,80.44,689064.0,585.0,585.0,550.0
MAHARASHTRA,nanded,2005.0,70.0,112,41,0.0,41.0,42,29,13,17,85,10,239,0,1481358,80.44,689064.0,699.0,699.0,647.0
MAHARASHTRA,nanded,2006.0,71.0,73,33,0.0,33.0,35,21,14,16,82,0,221,0,1481358,80.44,689064.0,599.0,599.0,564.0
MAHARASHTRA,nanded,2007.0,83.0,82,33,0.0,33.0,40,29,11,19,83,7,213,0,1481358,80.44,689064.0,633.0,633.0,586.0
MAHARASHTRA,nanded,2008.0,88.0,57,23,0.0,23.0,29,22,7,8,77,6,252,0,1481358,80.44,689064.0,592.0,592.0,557.0
MAHARASHTRA,nanded,2009.0,102.0,71,34,0.0,34.0,40,29,11,30,62,3,346,0,1481358,80.44,689064.0,762.0,762.0,719.0
MAHARASHTRA,nanded,2010.0,82.0,67,36,0.0,36.0,52,43,9,68,85,5,315,0,1481358,80.44,689064.0,798.0,798.0,741.0
MAHARASHTRA,nanded,2011.0,90.0,76,32,0.0,32.0,52,43,9,29,93,3,325,0,1481358,80.44,689064.0,784.0,784.0,729.0
MAHARASHTRA,nanded,2012.0,81.0,57,48,0.0,48.0,37,32,5,25,71,5,421,0,1481358,80.44,689064.0,830.0,830.0,788.0
MAHARASHTRA,nanded,2015.0,,0,70,0.0,,0,61,13,12,165,4,213,0,1481358,80.44,689064.0,538.0,538.0,534.0
MAHARASHTRA,nanded,2019.0,0.0,0,47,0.0,0.0,74,110,6,9,167,11,314,0,1481358,80.44,689064.0,738.0,738.0,653.0
MAHARASHTRA,nanded,2020.0,1.0,0,39,0.0,0.0,63,89,8,6,232,9,242,0,1481358,80.44,689064.0,689.0,689.0,617.0
MAHARASHTRA,nandurbar,2001.0,44.0,20,16,0.0,16.0,6,6,0,2,27,1,78,0,663511,66.16,202673.0,216.0,216.0,209.0
MAHARASHTRA,nandurbar,2002.0,26.0,9,28,0.0,28.0,5,5,0,2,41,5,75,0,663511,66.16,202673.0,224.0,224.0,214.0
MAHARASHTRA,nandurbar,2003.0,43.0,13,10,0.0,10.0,10,9,1,2,34,12,77,0,663511,66.16,202673.0,221.0,221.0,199.0
MAHARASHTRA,nandurbar,2004.0,35.0,17,20,0.0,20.0,9,8,1,1,30,6,82,0,663511,66.16,202673.0,229.0,229.0,214.0
MAHARASHTRA,nandurbar,2005.0,27.0,22,19,0.0,19.0,3,2,1,3,21,8,73,0,663511,66.16,202673.0,198.0,198.0,187.0
MAHARASHTRA,nandurbar,2006.0,26.0,14,21,0.0,21.0,9,6,3,0,22,6,96,0,663511,66.16,202673.0,224.0,224.0,209.0
MAHARASHTRA,nandurbar,2007.0,32.0,19,14,0.0,14.0,3,0,3,3,24,2,94,0,663511,66.16,202673.0,208.0,208.0,203.0
MAHARASHTRA,nandurbar,2008.0,30.0,14,11,0.0,11.0,10,8,2,1,21,7,93,0,663511,66.16,202673.0,208.0,208.0,191.0
MAHARASHTRA,nandurbar,2009.0,43.0,13,23,0.0,23.0,13,13,0,1,33,11,75,0,663511,66.16,202673.0,248.0,248.0,224.0
MAHARASHTRA,nandurbar,2010.0,43.0,14,20,0.0,20.0,14,12,2,2,32,12,88,0,663511,66.16,202673.0,259.0,259.0,233.0
MAHARASHTRA,nandurbar,2011.0,43.0,16,20,0.0,20.0,18,15,3,0,40,7,87,0,663511,66.16,202673.0,269.0,269.0,244.0
MAHARASHTRA,nandurbar,2012.0,35.0,17,19,0.0,19.0,10,8,2,0,22,4,78,0,663511,66.16,202673.0,214.0,214.0,200.0
MAHARASHTRA,nandurbar,2015.0,,0,25,0.0,,10,22,0,0,41,4,38,0,663511,66.16,202673.0,140.0,140.0,126.0
MAHARASHTRA,nandurbar,2019.0,0.0,0,22,0.0,0.0,3,6,0,0,61,3,70,0,663511,66.16,202673.0,165.0,165.0,159.0
MAHARASHTRA,nandurbar,2020.0,0.0,0,17,0.0,0.0,2,10,1,1,44,5,50,0,663511,66.16,202673.0,130.0,130.0,123.0
MAHARASHTRA,osmanabad,2001.0,48.0,13,16,0.0,16.0,8,7,1,2,52,6,102,0,769368,80.42,233256.0,271.0,271.0,257.0
MAHARASHTRA,osmanabad,2002.0,46.0,17,28,0.0,28.0,15,8,7,0,53,10,115,0,769368,80.42,233256.0,327.0,327.0,302.0
MAHARASHTRA,osmanabad,2003.0,38.0,16,12,0.0,12.0,7,3,4,3,37,11,92,0,769368,80.42,233256.0,235.0,235.0,217.0
MAHARASHTRA,osmanabad,2004.0,46.0,15,26,0.0,26.0,12,11,1,1,35,9,105,0,769368,80.42,233256.0,287.0,287.0,266.0
MAHARASHTRA,osmanabad,2005.0,41.0,19,22,0.0,22.0,7,4,3,1,42,8,118,0,769368,80.42,233256.0,287.0,287.0,272.0
MAHARASHTRA,osmanabad,2006.0,58.0,27,37,0.0,37.0,10,7,3,3,57,5,150,0,769368,80.42,233256.0,394.0,394.0,379.0
MAHARASHTRA,osmanabad,2007.0,44.0,24,29,0.0,29.0,23,18,5,2,84,7,172,0,769368,80.42,233256.0,437.0,437.0,407.0
MAHARASHTRA,osmanabad,2008.0,53.0,25,22,0.0,22.0,22,19,3,2,80,7,183,0,769368,80.42,233256.0,438.0,438.0,409.0
MAHARASHTRA,osmanabad,2009.0,33.0,23,20,0.0,20.0,19,16,3,3,64,9,153,0,769368,80.42,233256.0,363.0,363.0,335.0
MAHARASHTRA,osmanabad,2010.0,44.0,31,28,0.0,28.0,29,23,6,2,74,11,161,0,769368,80.42,233256.0,437.0,437.0,397.0
MAHARASHTRA,osmanabad,2011.0,42.0,35,30,0.0,30.0,28,18,10,2,88,11,186,0,769368,80.42,233256.0,480.0,480.0,441.0
MAHARASHTRA,osmanabad,2012.0,54.0,31,38,0.0,38.0,31,21,10,2,86,12,175,0,769368,80.42,233256.0,498.0,498.0,455.0
MAHARASHTRA,osmanabad,2015.0,,0,54,0.0,,15,46,3,6,106,1,109,0,769368,80.42,233256.0,340.0,340.0,324.0
MAHARASHTRA,osmanabad,2019.0,0.0,0,24,0.0,0.0,29,51,5,3,144,5,73,0,769368,80.42,233256.0,334.0,334.0,300.0
MAHARASHTRA,osmanabad,2020.0,0.0,0,20,0.0,0.0,50,76,2,6,123,2,67,0,769368,80.42,233256.0,346.0,346.0,294.0
MAHARASHTRA,parbhani,2001.0,49.0,28,25,0.0,25.0,22,16,6,1,57,10,120,0,780191,79.63,485186.0,359.0,359.0,327.0
MAHARASHTRA,parbhani,2002.0,55.0,31,19,0.0,19.0,11,7,4,5,55,4,137,0,780191,79.63,485186.0,347.0,347.0,332.0
MAHARASHTRA,parbhani,2003.0,52.0,30,13,0.0,13.0,12,7,5,7,49,5,149,0,780191,79.63,485186.0,342.0,342.0,325.0
MAHARASHTRA,parbhani,2004.0,42.0,31,13,0.0,13.0,12,8,4,4,45,7,132,0,780191,79.63,485186.0,311.0,311.0,292.0
MAHARASHTRA,parbhani,2005.0,39.0,33,14,0.0,14.0,13,8,5,10,40,3,131,0,780191,79.63,485186.0,310.0,310.0,294.0
MAHARASHTRA,parbhani,2006.0,69.0,47,18,0.0,18.0,18,11,7,10,73,4,162,0,780191,79.63,485186.0,437.0,437.0,415.0
MAHARASHTRA,parbhani,2007.0,47.0,39,22,0.0,22.0,14,9,5,8,54,6,183,0,780191,79.63,485186.0,409.0,409.0,389.0
MAHARASHTRA,parbhani,2008.0,49.0,37,12,0.0,12.0,17,11,6,15,56,6,204,0,780191,79.63,485186.0,425.0,425.0,402.0
MAHARASHTRA,parbhani,2009.0,52.0,31,30,0.0,30.0,24,14,10,7,49,7,219,0,780191,79.63,485186.0,473.0,473.0,442.0
MAHARASHTRA,parbhani,2010.0,41.0,49,20,0.0,20.0,36,21,15,5,54,6,209,0,780191,79.63,485186.0,476.0,476.0,434.0
MAHARASHTRA,parbhani,2011.0,58.0,64,26,0.0,26.0,36,16,20,5,80,6,215,0,780191,79.63,485186.0,552.0,552.0,510.0
MAHARASHTRA,parbhani,2012.0,34.0,63,28,0.0,28.0,31,13,18,3,68,9,242,0,780191,79.63,485186.0,537.0,537.0,497.0
MAHARASHTRA,parbhani,2015.0,,0,44,0.0,,26,40,2,11,153,1,205,0,780191,79.63,485186.0,482.0,482.0,455.0
MAHARASHTRA,parbhani,2019.0,0.0,0,28,0.0,0.0,50,61,1,6,93,1,208,0,780191,79.63,485186.0,448.0,448.0,397.0
MAHARASHTRA,parbhani,2020.0,0.0,0,32,0.0,0.0,29,37,0,3,139,4,115,0,780191,79.63,485186.0,359.0,359.0,326.0
MAHARASHTRA,ratnagiri,2001.0,17.0,5,10,0.0,10.0,8,4,4,0,32,19,62,0,794498,85.89,192209.0,171.0,171.0,144.0
MAHARASHTRA,ratnagiri,2002.0,26.0,6,13,0.0,13.0,5,5,0,0,41,16,23,0,794498,85.89,192209.0,148.0,148.0,127.0
MAHARASHTRA,ratnagiri,2003.0,20.0,14,16,0.0,16.0,5,1,4,0,27,10,47,0,794498,85.89,192209.0,160.0,160.0,145.0
MAHARASHTRA,ratnagiri,2004.0,16.0,8,23,0.0,23.0,6,5,1,1,40,12,44,0,794498,85.89,192209.0,179.0,179.0,161.0
MAHARASHTRA,ratnagiri,2005.0,21.0,3,27,0.0,27.0,7,3,4,2,40,29,40,0,794498,85.89,192209.0,203.0,203.0,167.0
MAHARASHTRA,ratnagiri,2006.0,16.0,7,25,0.0,25.0,9,8,1,1,32,24,52,0,794498,85.89,192209.0,200.0,200.0,167.0
MAHARASHTRA,ratnagiri,2007.0,19.0,4,17,0.0,17.0,9,4,5,2,33,31,48,0,794498,85.89,192209.0,189.0,189.0,149.0
MAHARASHTRA,ratnagiri,2008.0,18.0,15,26,0.0,26.0,15,12,3,0,33,27,55,0,794498,85.89,192209.0,230.0,230.0,188.0
MAHARASHTRA,ratnagiri,2009.0,24.0,4,14,0.0,14.0,12,8,4,0,36,20,51,0,794498,85.89,192209.0,187.0,187.0,155.0
MAHARASHTRA,ratnagiri,2010.0,23.0,10,28,0.0,28.0,9,7,2,0,37,12,33,0,794498,85.89,192209.0,189.0,189.0,168.0
MAHARASHTRA,ratnagiri,2011.0,15.0,12,30,0.0,30.0,12,10,2,1,35,18,49,0,794498,85.89,192209.0,214.0,214.0,184.0
MAHARASHTRA,ratnagiri,2012.0,10.0,12,11,0.0,11.0,4,3,1,2,31,17,38,0,794498,85.89,192209.0,140.0,140.0,119.0
MAHARASHTRA,ratnagiri,2015.0,,0,48,0.0,,27,28,1,1,60,16,18,0,794498,85.89,192209.0,199.0,199.0,156.0
MAHARASHTRA,ratnagiri,2019.0,0.0,0,11,0.0,0.0,56,56,0,1,62,24,15,0,794498,85.89,192209.0,225.0,225.0,145.0
MAHARASHTRA,ratnagiri,2020.0,1.0,0,10,0.0,0.0,33,33,0,0,53,29,12,0,794498,85.89,192209.0,171.0,171.0,109.0
MAHARASHTRA,sangli,2001.0,85.0,24,32,0.0,32.0,18,8,10,12,54,22,96,0,1320088,86.26,633218.0,393.0,393.0,353.0
MAHARASHTRA,sangli,2002.0,97.0,29,33,0.0,33.0,22,14,8,4,38,8,63,0,1320088,86.26,633218.0,349.0,349.0,319.0
MAHARASHTRA,sangli,2003.0,78.0,24,47,0.0,47.0,24,12,12,7,39,8,87,0,1320088,86.26,633218.0,385.0,385.0,353.0
MAHARASHTRA,sangli,2004.0,69.0,26,30,0.0,30.0,14,9,5,3,31,11,85,0,1320088,86.26,633218.0,313.0,313.0,288.0
MAHARASHTRA,sangli,2005.0,77.0,12,34,0.0,34.0,32,12,20,7,55,7,105,0,1320088,86.26,633218.0,395.0,395.0,356.0
MAHARASHTRA,sangli,2006.0,61.0,34,24,0.0,24.0,21,14,7,8,51,4,99,0,1320088,86.26,633218.0,347.0,347.0,322.0
MAHARASHTRA,sangli,2007.0,74.0,24,28,0.0,28.0,18,11,7,11,72,3,116,0,1320088,86.26,633218.0,392.0,392.0,371.0
MAHARASHTRA,sangli,2008.0,46.0,27,42,0.0,42.0,21,13,8,12,67,14,140,0,1320088,86.26,633218.0,432.0,432.0,397.0
MAHARASHTRA,sangli,2009.0,67.0,32,37,0.0,37.0,22,9,13,12,45,10,66,0,1320088,86.26,633218.0,350.0,350.0,318.0
MAHARASHTRA,sangli,2010.0,61.0,33,49,0.0,49.0,26,10,16,18,67,10,84,0,1320088,86.26,633218.0,423.0,423.0,387.0
MAHARASHTRA,sangli,2011.0,53.0,29,40,0.0,40.0,22,13,9,5,51,8,98,0,1320088,86.26,633218.0,368.0,368.0,338.0
MAHARASHTRA,sangli,2012.0,47.0,41,33,0.0,33.0,35,23,12,8,57,15,64,0,1320088,86.26,633218.0,368.0,368.0,318.0
MAHARASHTRA,sangli,2015.0,,0,67,0.0,,37,95,13,16,171,4,103,0,1320088,86.26,633218.0,506.0,506.0,465.0
MAHARASHTRA,sangli,2019.0,0.0,0,40,0.0,0.0,174,202,7,8,214,7,86,0,1320088,86.26,633218.0,738.0,738.0,557.0
MAHARASHTRA,sangli,2020.0,1.0,0,38,0.0,0.0,133,152,2,7,250,18,103,0,1320088,86.26,633218.0,704.0,704.0,553.0
MAHARASHTRA,satara,2001.0,57.0,19,32,0.0,32.0,12,7,5,13,49,9,179,0,1408326,88.2,398121.0,414.0,414.0,393.0
MAHARASHTRA,satara,2002.0,83.0,17,31,0.0,31.0,14,9,5,13,51,2,156,0,1408326,88.2,398121.0,412.0,412.0,396.0
MAHARASHTRA,satara,2003.0,61.0,20,17,0.0,17.0,14,6,8,8,42,5,156,0,1408326,88.2,398121.0,354.0,354.0,335.0
MAHARASHTRA,satara,2004.0,59.0,28,22,0.0,22.0,20,14,6,7,38,8,169,0,1408326,88.2,398121.0,393.0,393.0,365.0
MAHARASHTRA,satara,2005.0,59.0,32,31,0.0,31.0,26,18,8,6,61,2,180,0,1408326,88.2,398121.0,454.0,454.0,426.0
MAHARASHTRA,satara,2006.0,64.0,40,34,1.0,33.0,41,32,9,8,88,10,255,0,1408326,88.2,398121.0,615.0,615.0,564.0
MAHARASHTRA,satara,2007.0,75.0,26,43,0.0,43.0,38,26,12,9,59,13,256,0,1408326,88.2,398121.0,600.0,600.0,549.0
MAHARASHTRA,satara,2008.0,60.0,27,30,0.0,30.0,21,14,7,3,66,26,164,0,1408326,88.2,398121.0,448.0,448.0,401.0
MAHARASHTRA,satara,2009.0,47.0,38,26,0.0,26.0,22,18,4,4,57,7,131,0,1408326,88.2,398121.0,380.0,380.0,351.0
MAHARASHTRA,satara,2010.0,43.0,59,27,0.0,27.0,42,29,13,0,82,19,170,0,1408326,88.2,398121.0,511.0,511.0,450.0
MAHARASHTRA,satara,2011.0,55.0,40,34,0.0,34.0,41,36,5,2,80,16,179,0,1408326,88.2,398121.0,522.0,522.0,465.0
MAHARASHTRA,satara,2012.0,65.0,48,43,0.0,43.0,36,25,11,0,78,29,166,0,1408326,88.2,398121.0,544.0,544.0,479.0
MAHARASHTRA,satara,2015.0,,1,114,0.0,,104,150,1,2,274,18,155,0,1408326,88.2,398121.0,819.0,819.0,697.0
MAHARASHTRA,satara,2019.0,0.0,0,49,0.0,0.0,172,187,0,1,268,14,170,0,1408326,88.2,398121.0,861.0,861.0,675.0
MAHARASHTRA,satara,2020.0,0.0,0,49,0.0,0.0,141,150,1,4,275,15,168,0,1408326,88.2,398121.0,803.0,803.0,647.0
MAHARASHTRA,sindhudurg,2001.0,14.0,4,7,0.0,7.0,2,2,0,0,20,13,8,0,417890,90.26,82319.0,77.0,77.0,62.0
MAHARASHTRA,sindhudurg,2002.0,18.0,7,11,0.0,11.0,4,2,2,1,14,1,11,0,417890,90.26,82319.0,82.0,82.0,77.0
MAHARASHTRA,sindhudurg,2003.0,14.0,4,8,0.0,8.0,8,4,4,1,16,3,3,0,417890,90.26,82319.0,73.0,73.0,62.0
MAHARASHTRA,sindhudurg,2004.0,10.0,4,5,0.0,5.0,5,5,0,0,18,5,6,0,417890,90.26,82319.0,63.0,63.0,53.0
MAHARASHTRA,sindhudurg,2005.0,15.0,8,4,0.0,4.0,4,2,2,0,20,12,4,0,417890,90.26,82319.0,75.0,75.0,59.0
MAHARASHTRA,sindhudurg,2006.0,15.0,6,9,0.0,9.0,4,4,0,3,13,10,13,0,417890,90.26,82319.0,86.0,86.0,72.0
MAHARASHTRA,sindhudurg,2007.0,17.0,3,9,0.0,9.0,4,2,2,4,13,14,8,0,417890,90.26,82319.0,85.0,85.0,67.0
MAHARASHTRA,sindhudurg,2008.0,6.0,7,8,0.0,8.0,2,2,0,0,34,15,14,0,417890,90.26,82319.0,96.0,96.0,79.0
MAHARASHTRA,sindhudurg,2009.0,11.0,5,8,0.0,8.0,4,3,1,1,12,6,11,0,417890,90.26,82319.0,70.0,70.0,60.0
MAHARASHTRA,sindhudurg,2010.0,14.0,7,9,0.0,9.0,5,4,1,0,10,12,11,0,417890,90.26,82319.0,82.0,82.0,65.0
MAHARASHTRA,sindhudurg,2011.0,12.0,7,11,0.0,11.0,10,7,3,0,8,12,5,0,417890,90.26,82319.0,86.0,86.0,64.0
MAHARASHTRA,sindhudurg,2012.0,8.0,7,9,0.0,9.0,8,5,3,0,20,17,11,0,417890,90.26,82319.0,97.0,97.0,72.0
MAHARASHTRA,sindhudurg,2015.0,,0,28,0.0,,2,13,5,0,38,2,10,0,417890,90.26,82319.0,98.0,98.0,94.0
MAHARASHTRA,sindhudurg,2019.0,0.0,0,7,0.0,0.0,16,16,0,0,43,11,3,0,417890,90.26,82319.0,96.0,96.0,69.0
MAHARASHTRA,sindhudurg,2020.0,0.0,0,6,0.0,0.0,13,13,0,0,53,2,0,0,417890,90.26,82319.0,87.0,87.0,72.0
MAHARASHTRA,wardha,2001.0,60.0,25,35,0.0,35.0,12,12,0,9,98,35,89,0,638990,87.18,325041.0,410.0,410.0,363.0
MAHARASHTRA,wardha,2002.0,49.0,31,37,0.0,37.0,21,19,2,2,110,30,79,0,638990,87.18,325041.0,417.0,417.0,366.0
MAHARASHTRA,wardha,2003.0,48.0,26,25,0.0,25.0,15,15,0,1,81,4,67,0,638990,87.18,325041.0,307.0,307.0,288.0
MAHARASHTRA,wardha,2004.0,42.0,25,31,0.0,31.0,25,25,0,5,104,7,70,0,638990,87.18,325041.0,365.0,365.0,333.0
MAHARASHTRA,wardha,2005.0,45.0,30,35,0.0,35.0,31,31,0,4,110,45,94,0,638990,87.18,325041.0,460.0,460.0,384.0
MAHARASHTRA,wardha,2006.0,49.0,28,31,0.0,31.0,22,21,1,2,96,35,134,0,638990,87.18,325041.0,450.0,450.0,393.0
MAHARASHTRA,wardha,2007.0,49.0,32,31,0.0,31.0,26,25,1,0,107,35,92,0,638990,87.18,325041.0,429.0,429.0,368.0
MAHARASHTRA,wardha,2008.0,36.0,27,26,0.0,26.0,26,22,4,5,128,36,116,0,638990,87.18,325041.0,452.0,452.0,390.0
MAHARASHTRA,wardha,2009.0,29.0,28,41,0.0,41.0,18,15,3,1,84,32,100,0,638990,87.18,325041.0,392.0,392.0,342.0
MAHARASHTRA,wardha,2010.0,41.0,29,44,0.0,44.0,26,22,4,2,119,57,93,0,638990,87.18,325041.0,481.0,481.0,398.0
MAHARASHTRA,wardha,2011.0,37.0,33,34,0.0,34.0,26,23,3,3,88,45,62,0,638990,87.18,325041.0,388.0,388.0,317.0
MAHARASHTRA,wardha,2012.0,30.0,32,40,0.0,40.0,26,25,1,0,93,30,59,0,638990,87.18,325041.0,376.0,376.0,320.0
MAHARASHTRA,wardha,2015.0,,0,60,0.0,,30,56,0,0,243,4,67,0,638990,87.18,325041.0,460.0,460.0,426.0
MAHARASHTRA,wardha,2019.0,0.0,0,14,0.0,0.0,98,106,0,3,137,14,45,0,638990,87.18,325041.0,417.0,417.0,305.0
MAHARASHTRA,wardha,2020.0,0.0,0,24,0.0,0.0,100,105,0,2,197,6,48,0,638990,87.18,325041.0,482.0,482.0,376.0
MAHARASHTRA,washim,2001.0,29.0,21,15,0.0,15.0,13,13,0,10,60,10,116,0,526094,85.44,178445.0,302.0,302.0,279.0
MAHARASHTRA,washim,2002.0,34.0,13,29,0.0,29.0,9,8,1,9,45,9,99,0,526094,85.44,178445.0,285.0,285.0,267.0
MAHARASHTRA,washim,2003.0,27.0,24,15,0.0,15.0,13,10,3,9,60,12,119,0,526094,85.44,178445.0,307.0,307.0,282.0
MAHARASHTRA,washim,2004.0,28.0,21,19,0.0,19.0,17,16,1,5,71,7,144,0,526094,85.44,178445.0,348.0,348.0,324.0
MAHARASHTRA,washim,2005.0,24.0,24,12,0.0,12.0,15,12,3,10,63,7,139,0,526094,85.44,178445.0,321.0,321.0,299.0
MAHARASHTRA,washim,2006.0,28.0,19,12,0.0,12.0,11,11,0,10,64,12,134,0,526094,85.44,178445.0,313.0,313.0,290.0
MAHARASHTRA,washim,2007.0,22.0,19,14,0.0,14.0,19,18,1,8,62,14,131,0,526094,85.44,178445.0,322.0,322.0,289.0
MAHARASHTRA,washim,2008.0,30.0,29,20,0.0,20.0,22,18,4,2,59,18,110,0,526094,85.44,178445.0,332.0,332.0,292.0
MAHARASHTRA,washim,2009.0,22.0,22,25,0.0,25.0,13,12,1,5,61,16,109,0,526094,85.44,178445.0,311.0,311.0,282.0
MAHARASHTRA,washim,2010.0,40.0,21,12,0.0,12.0,17,14,3,5,56,10,102,0,526094,85.44,178445.0,292.0,292.0,265.0
MAHARASHTRA,washim,2011.0,35.0,32,13,0.0,13.0,27,21,6,12,80,12,118,0,526094,85.44,178445.0,369.0,369.0,330.0
MAHARASHTRA,washim,2012.0,40.0,31,31,0.0,31.0,29,27,2,6,84,19,133,0,526094,85.44,178445.0,433.0,433.0,385.0
MAHARASHTRA,washim,2015.0,,0,30,0.0,,13,34,1,12,206,4,127,0,526094,85.44,178445.0,427.0,427.0,410.0
MAHARASHTRA,washim,2019.0,0.0,0,24,0.0,0.0,2,18,0,4,106,2,168,0,526094,85.44,178445.0,324.0,324.0,320.0
MAHARASHTRA,washim,2020.0,0.0,0,24,0.0,0.0,0,10,0,12,163,1,181,0,526094,85.44,178445.0,391.0,391.0,390.0
MAHARASHTRA,yavatmal,2001.0,56.0,45,56,0.0,56.0,37,31,6,12,125,27,177,0,1265681,84.09,457211.0,628.0,628.0,564.0
MAHARASHTRA,yavatmal,2002.0,76.0,67,65,0.0,65.0,36,31,5,17,104,17,142,0,1265681,84.09,457211.0,625.0,625.0,572.0
MAHARASHTRA,yavatmal,2003.0,83.0,68,50,0.0,50.0,38,35,3,12,135,16,170,0,1265681,84.09,457211.0,660.0,660.0,606.0
MAHARASHTRA,yavatmal,2004.0,79.0,62,62,0.0,62.0,42,39,3,11,129,23,206,0,1265681,84.09,457211.0,718.0,718.0,653.0
MAHARASHTRA,yavatmal,2005.0,72.0,73,59,0.0,59.0,43,40,3,10,133,42,233,0,1265681,84.09,457211.0,767.0,767.0,682.0
MAHARASHTRA,yavatmal,2006.0,61.0,87,66,0.0,66.0,37,34,3,8,142,51,201,0,1265681,84.09,457211.0,756.0,756.0,668.0
MAHARASHTRA,yavatmal,2007.0,70.0,50,49,0.0,49.0,32,31,1,8,129,27,174,0,1265681,84.09,457211.0,620.0,620.0,561.0
MAHARASHTRA,yavatmal,2008.0,74.0,55,43,0.0,43.0,34,33,1,6,114,30,171,0,1265681,84.09,457211.0,604.0,604.0,540.0
MAHARASHTRA,yavatmal,2009.0,77.0,57,40,0.0,40.0,28,25,3,9,128,23,212,0,1265681,84.09,457211.0,642.0,642.0,591.0
MAHARASHTRA,yavatmal,2010.0,68.0,43,33,0.0,33.0,52,49,3,7,121,38,165,0,1265681,84.09,457211.0,612.0,612.0,522.0
MAHARASHTRA,yavatmal,2011.0,84.0,47,44,0.0,44.0,54,46,8,8,118,37,198,0,1265681,84.09,457211.0,688.0,688.0,597.0
MAHARASHTRA,yavatmal,2012.0,71.0,71,64,0.0,64.0,65,60,5,18,143,66,247,0,1265681,84.09,457211.0,874.0,874.0,743.0
MAHARASHTRA,yavatmal,2015.0,,2,98,0.0,,38,115,1,15,458,140,262,0,1265681,84.09,457211.0,1129.0,1129.0,951.0
MAHARASHTRA,yavatmal,2019.0,0.0,0,67,0.0,0.0,119,163,0,3,250,12,243,0,1265681,84.09,457211.0,857.0,857.0,726.0
MAHARASHTRA,yavatmal,2020.0,1.0,0,43,0.0,0.0,104,115,0,6,187,16,231,0,1265681,84.09,457211.0,703.0,703.0,583.0
MANIPUR,bishnupur,2001.0,29.0,25,1,0.0,1.0,3,3,0,0,0,0,1,0,104550,79.61,74741.0,63.0,63.0,60.0
MANIPUR,bishnupur,2002.0,24.0,23,2,0.0,2.0,20,7,13,0,9,0,1,0,104550,79.61,74741.0,101.0,101.0,81.0
MANIPUR,bishnupur,2003.0,22.0,42,2,0.0,2.0,10,6,4,0,16,0,0,0,104550,79.61,74741.0,104.0,104.0,94.0
MANIPUR,bishnupur,2004.0,19.0,48,3,0.0,3.0,14,8,6,0,7,0,1,0,104550,79.61,74741.0,109.0,109.0,95.0
MANIPUR,bishnupur,2005.0,30.0,38,3,0.0,3.0,7,5,2,0,3,0,1,0,104550,79.61,74741.0,92.0,92.0,85.0
MANIPUR,bishnupur,2006.0,14.0,27,1,0.0,1.0,9,5,4,0,6,0,2,0,104550,79.61,74741.0,69.0,69.0,60.0
MANIPUR,bishnupur,2007.0,31.0,31,4,0.0,4.0,9,6,3,0,21,0,0,0,104550,79.61,74741.0,109.0,109.0,100.0
MANIPUR,bishnupur,2008.0,16.0,43,3,0.0,3.0,14,11,3,0,16,0,4,0,104550,79.61,74741.0,113.0,113.0,99.0
MANIPUR,bishnupur,2009.0,16.0,35,2,0.0,2.0,7,5,2,0,10,0,0,0,104550,79.61,74741.0,79.0,79.0,72.0
MANIPUR,bishnupur,2010.0,14.0,28,6,0.0,6.0,20,12,8,0,7,0,4,0,104550,79.61,74741.0,105.0,105.0,85.0
MANIPUR,bishnupur,2011.0,5.0,24,2,0.0,2.0,18,11,7,0,11,0,3,0,104550,79.61,74741.0,83.0,83.0,65.0
MANIPUR,bishnupur,2012.0,10.0,36,11,0.0,11.0,12,7,5,0,3,0,4,0,104550,79.61,74741.0,99.0,99.0,87.0
MANIPUR,bishnupur,2015.0,,0,10,0.0,,0,12,0,0,9,0,10,0,104550,79.61,74741.0,41.0,41.0,41.0
MANIPUR,bishnupur,2019.0,0.0,0,6,0.0,0.0,0,7,0,0,5,0,0,0,104550,79.61,74741.0,18.0,18.0,18.0
MANIPUR,bishnupur,2020.0,2.0,0,6,0.0,0.0,1,3,0,1,2,0,1,0,104550,79.61,74741.0,16.0,16.0,15.0
MANIPUR,chandel,2001.0,7.0,7,0,0.0,0.0,1,1,0,0,0,0,0,0,59741,64.34,14962.0,16.0,16.0,15.0
MANIPUR,chandel,2002.0,9.0,4,0,0.0,0.0,9,0,9,0,0,0,0,0,59741,64.34,14962.0,31.0,31.0,22.0
MANIPUR,chandel,2003.0,17.0,6,0,0.0,0.0,3,1,2,0,0,0,0,0,59741,64.34,14962.0,29.0,29.0,26.0
MANIPUR,chandel,2004.0,6.0,13,1,0.0,1.0,1,0,1,0,0,0,0,0,59741,64.34,14962.0,23.0,23.0,22.0
MANIPUR,chandel,2005.0,20.0,10,0,0.0,0.0,1,0,1,0,2,0,0,0,59741,64.34,14962.0,34.0,34.0,33.0
MANIPUR,chandel,2006.0,14.0,12,2,0.0,2.0,2,0,2,0,1,0,0,0,59741,64.34,14962.0,35.0,35.0,33.0
MANIPUR,chandel,2007.0,16.0,17,0,0.0,0.0,2,0,2,0,0,0,0,0,59741,64.34,14962.0,37.0,37.0,35.0
MANIPUR,chandel,2008.0,13.0,10,0,0.0,0.0,2,0,2,0,0,0,0,0,59741,64.34,14962.0,27.0,27.0,25.0
MANIPUR,chandel,2009.0,6.0,31,0,0.0,0.0,0,0,0,0,0,0,0,0,59741,64.34,14962.0,37.0,37.0,37.0
MANIPUR,chandel,2010.0,3.0,5,0,0.0,0.0,1,0,1,0,0,0,0,0,59741,64.34,14962.0,10.0,10.0,9.0
MANIPUR,chandel,2011.0,2.0,8,1,0.0,1.0,0,0,0,0,0,0,0,0,59741,64.34,14962.0,12.0,12.0,12.0
MANIPUR,chandel,2012.0,7.0,12,0,0.0,0.0,5,1,4,0,1,0,0,0,59741,64.34,14962.0,30.0,30.0,25.0
MANIPUR,chandel,2015.0,,0,0,0.0,,1,1,0,0,0,0,1,0,59741,64.34,14962.0,3.0,3.0,2.0
MANIPUR,chandel,2019.0,0.0,0,0,0.0,0.0,0,0,0,0,0,0,0,0,59741,64.34,14962.0,0.0,0.0,0.0
MANIPUR,chandel,2020.0,0.0,0,0,0.0,0.0,0,0,0,0,0,0,0,0,59741,64.34,14962.0,0.0,0.0,0.0
MANIPUR,churachandpur,2001.0,35.0,21,1,0.0,1.0,0,0,0,0,0,0,0,0,117232,77.67,0.0,58.0,58.0,58.0
MANIPUR,churachandpur,2002.0,30.0,11,0,0.0,0.0,19,1,18,0,1,0,0,0,117232,77.67,0.0,80.0,80.0,61.0
MANIPUR,churachandpur,2003.0,14.0,21,0,0.0,0.0,4,0,4,0,2,0,0,0,117232,77.67,0.0,45.0,45.0,41.0
MANIPUR,churachandpur,2004.0,26.0,18,0,0.0,0.0,7,1,6,0,0,0,0,0,117232,77.67,0.0,58.0,58.0,51.0
MANIPUR,churachandpur,2005.0,49.0,25,0,0.0,0.0,4,1,3,0,2,0,0,0,117232,77.67,0.0,84.0,84.0,80.0
MANIPUR,churachandpur,2006.0,43.0,30,20,0.0,20.0,1,0,1,0,5,0,0,0,117232,77.67,0.0,120.0,120.0,119.0
MANIPUR,churachandpur,2007.0,28.0,5,1,0.0,1.0,6,1,5,0,0,0,0,0,117232,77.67,0.0,47.0,47.0,41.0
MANIPUR,churachandpur,2008.0,18.0,5,2,0.0,2.0,5,0,5,0,0,0,0,0,117232,77.67,0.0,37.0,37.0,32.0
MANIPUR,churachandpur,2009.0,15.0,10,3,0.0,3.0,4,3,1,0,1,0,0,0,117232,77.67,0.0,40.0,40.0,36.0
MANIPUR,churachandpur,2010.0,12.0,3,1,0.0,1.0,4,0,4,0,0,0,0,0,117232,77.67,0.0,25.0,25.0,21.0
MANIPUR,churachandpur,2011.0,7.0,1,0,0.0,0.0,7,3,4,0,0,0,1,0,117232,77.67,0.0,23.0,23.0,16.0
MANIPUR,churachandpur,2012.0,8.0,6,1,0.0,1.0,6,1,5,0,1,0,1,0,117232,77.67,0.0,30.0,30.0,24.0
MANIPUR,churachandpur,2015.0,,0,2,0.0,,0,0,0,0,0,0,0,0,117232,77.67,0.0,2.0,2.0,2.0
MANIPUR,churachandpur,2019.0,0.0,0,0,0.0,0.0,0,1,1,0,1,0,0,0,117232,77.67,0.0,3.0,3.0,3.0
MANIPUR,churachandpur,2020.0,0.0,0,0,0.0,0.0,0,1,0,0,0,0,0,0,117232,77.67,0.0,1.0,1.0,1.0
MANIPUR,imphal east,2006.0,31.0,57,3,0.0,3.0,26,21,5,0,14,0,0,0,198371,85.5,108310.0,160.0,160.0,134.0
MANIPUR,imphal east,2007.0,41.0,89,1,0.0,1.0,28,19,9,0,4,0,1,0,198371,85.5,108310.0,193.0,193.0,165.0
MANIPUR,imphal east,2008.0,30.0,103,9,0.0,9.0,43,24,19,0,14,0,5,0,198371,85.5,108310.0,256.0,256.0,213.0
MANIPUR,imphal east,2009.0,29.0,106,7,0.0,7.0,56,36,20,0,12,0,4,0,198371,85.5,108310.0,277.0,277.0,221.0
MANIPUR,imphal east,2010.0,19.0,51,6,0.0,6.0,43,23,20,0,4,0,3,0,198371,85.5,108310.0,175.0,175.0,132.0
MANIPUR,imphal east,2011.0,17.0,37,11,0.0,11.0,36,28,8,0,7,0,8,0,198371,85.5,108310.0,163.0,163.0,127.0
MANIPUR,imphal east,2012.0,10.0,91,10,0.0,10.0,46,36,10,0,10,0,11,0,198371,85.5,108310.0,234.0,234.0,188.0
MANIPUR,imphal east,2015.0,,1,11,0.0,,0,17,0,0,23,2,5,0,198371,85.5,108310.0,59.0,59.0,57.0
MANIPUR,imphal east,2019.0,0.0,0,8,0.0,0.0,0,21,0,0,15,1,3,0,198371,85.5,108310.0,48.0,48.0,47.0
MANIPUR,imphal east,2020.0,0.0,0,3,0.0,0.0,0,11,1,0,12,0,2,0,198371,85.5,108310.0,29.0,29.0,29.0
MANIPUR,imphal west,2006.0,41.0,74,9,0.0,9.0,51,29,22,0,15,0,5,0,221781,89.22,246683.0,255.0,255.0,204.0
MANIPUR,imphal west,2007.0,61.0,130,7,0.0,7.0,64,37,27,0,28,0,11,0,221781,89.22,246683.0,372.0,372.0,308.0
MANIPUR,imphal west,2008.0,42.0,192,12,0.0,12.0,60,31,29,1,22,0,7,0,221781,89.22,246683.0,408.0,408.0,348.0
MANIPUR,imphal west,2009.0,32.0,156,8,0.0,8.0,52,30,22,0,9,1,9,0,221781,89.22,246683.0,327.0,327.0,274.0
MANIPUR,imphal west,2010.0,18.0,114,10,0.0,10.0,71,45,26,0,12,0,3,0,221781,89.22,246683.0,309.0,309.0,238.0
MANIPUR,imphal west,2011.0,24.0,118,17,0.0,17.0,61,45,16,1,11,0,8,0,221781,89.22,246683.0,318.0,318.0,257.0
MANIPUR,imphal west,2012.0,14.0,149,18,0.0,18.0,72,47,25,0,21,0,9,0,221781,89.22,246683.0,373.0,373.0,301.0
MANIPUR,imphal west,2015.0,,0,13,0.0,,0,34,1,0,43,0,13,0,221781,89.22,246683.0,104.0,104.0,104.0
MANIPUR,imphal west,2019.0,0.0,0,10,0.0,0.0,0,25,1,0,24,0,4,0,221781,89.22,246683.0,64.0,64.0,64.0
MANIPUR,imphal west,2020.0,0.0,0,10,0.0,0.0,0,20,3,0,30,1,1,1,221781,89.22,246683.0,66.0,66.0,65.0
MANIPUR,tamenglong,2001.0,2.0,1,0,0.0,0.0,0,0,0,0,0,0,0,0,58014,68.72,0.0,3.0,3.0,3.0
MANIPUR,tamenglong,2002.0,3.0,3,0,0.0,0.0,4,0,4,0,0,0,0,0,58014,68.72,0.0,14.0,14.0,10.0
MANIPUR,tamenglong,2003.0,3.0,3,0,0.0,0.0,0,0,0,0,0,0,0,0,58014,68.72,0.0,6.0,6.0,6.0
MANIPUR,tamenglong,2004.0,1.0,1,0,0.0,0.0,5,0,5,0,0,0,0,0,58014,68.72,0.0,12.0,12.0,7.0
MANIPUR,tamenglong,2005.0,7.0,2,1,0.0,1.0,1,0,1,0,0,0,0,0,58014,68.72,0.0,13.0,13.0,12.0
MANIPUR,tamenglong,2006.0,9.0,5,0,0.0,0.0,0,0,0,0,0,0,0,0,58014,68.72,0.0,14.0,14.0,14.0
MANIPUR,tamenglong,2007.0,3.0,4,0,0.0,0.0,2,0,2,0,0,0,0,0,58014,68.72,0.0,11.0,11.0,9.0
MANIPUR,tamenglong,2008.0,3.0,3,0,0.0,0.0,2,0,2,0,0,0,0,0,58014,68.72,0.0,10.0,10.0,8.0
MANIPUR,tamenglong,2009.0,5.0,5,0,0.0,0.0,0,0,0,0,0,0,0,0,58014,68.72,0.0,10.0,10.0,10.0
MANIPUR,tamenglong,2010.0,0.0,1,0,0.0,0.0,1,0,1,0,0,0,0,0,58014,68.72,0.0,3.0,3.0,2.0
MANIPUR,tamenglong,2011.0,4.0,0,0,0.0,0.0,0,0,0,0,1,0,0,0,58014,68.72,0.0,5.0,5.0,5.0
MANIPUR,tamenglong,2012.0,11.0,5,1,0.0,1.0,7,1,6,0,0,0,0,0,58014,68.72,0.0,32.0,32.0,25.0
MANIPUR,tamenglong,2015.0,,0,0,0.0,,0,0,0,0,0,0,0,0,58014,68.72,0.0,0.0,0.0,0.0
MANIPUR,tamenglong,2019.0,0.0,0,0,0.0,0.0,0,0,0,0,0,0,0,0,58014,68.72,0.0,0.0,0.0,0.0
MANIPUR,tamenglong,2020.0,0.0,0,0,0.0,0.0,0,0,0,0,0,0,0,0,58014,68.72,0.0,0.0,0.0,0.0
MANIPUR,thoubal,2001.0,32.0,32,4,0.0,4.0,22,14,8,0,1,0,0,0,182250,80.43,131272.0,117.0,117.0,95.0
MANIPUR,thoubal,2002.0,27.0,29,4,0.0,4.0,34,18,16,0,8,0,4,0,182250,80.43,131272.0,144.0,144.0,110.0
MANIPUR,thoubal,2003.0,22.0,42,8,0.0,8.0,34,26,8,0,1,0,3,0,182250,80.43,131272.0,152.0,152.0,118.0
MANIPUR,thoubal,2004.0,38.0,46,11,0.0,11.0,32,20,12,0,2,0,1,0,182250,80.43,131272.0,173.0,173.0,141.0
MANIPUR,thoubal,2005.0,46.0,38,7,0.0,7.0,20,14,6,0,3,0,15,0,182250,80.43,131272.0,156.0,156.0,136.0
MANIPUR,thoubal,2006.0,36.0,52,5,0.0,5.0,35,24,11,0,1,0,3,0,182250,80.43,131272.0,172.0,172.0,137.0
MANIPUR,thoubal,2007.0,39.0,74,6,0.0,6.0,27,17,10,0,17,0,3,0,182250,80.43,131272.0,199.0,199.0,172.0
MANIPUR,thoubal,2008.0,46.0,126,9,0.0,9.0,44,21,23,0,5,0,12,0,182250,80.43,131272.0,295.0,295.0,251.0
MANIPUR,thoubal,2009.0,15.0,89,9,0.0,9.0,32,23,9,0,6,1,12,0,182250,80.43,131272.0,205.0,205.0,172.0
MANIPUR,thoubal,2010.0,18.0,43,9,0.0,9.0,37,25,12,0,8,0,8,0,182250,80.43,131272.0,169.0,169.0,132.0
MANIPUR,thoubal,2011.0,9.0,38,21,0.0,21.0,39,28,11,0,8,0,19,0,182250,80.43,131272.0,194.0,194.0,155.0
MANIPUR,thoubal,2012.0,16.0,73,20,0.0,20.0,44,37,7,0,12,1,17,0,182250,80.43,131272.0,247.0,247.0,202.0
MANIPUR,thoubal,2015.0,,0,9,0.0,,0,28,0,0,9,0,10,0,182250,80.43,131272.0,56.0,56.0,56.0
MANIPUR,thoubal,2019.0,0.0,1,2,0.0,0.0,0,25,0,0,4,0,4,0,182250,80.43,131272.0,36.0,36.0,36.0
MANIPUR,thoubal,2020.0,0.0,0,5,0.0,0.0,0,6,0,0,9,0,1,0,182250,80.43,131272.0,21.0,21.0,21.0
MANIPUR,ukhrul,2001.0,4.0,1,0,0.0,0.0,1,1,0,0,1,0,0,0,73465,80.13,0.0,8.0,8.0,7.0
MANIPUR,ukhrul,2002.0,3.0,1,1,0.0,1.0,1,0,1,0,0,0,0,0,73465,80.13,0.0,8.0,8.0,7.0
MANIPUR,ukhrul,2003.0,2.0,5,0,0.0,0.0,3,3,0,0,1,0,0,0,73465,80.13,0.0,14.0,14.0,11.0
MANIPUR,ukhrul,2004.0,10.0,2,0,0.0,0.0,1,0,1,0,0,0,0,0,73465,80.13,0.0,14.0,14.0,13.0
MANIPUR,ukhrul,2005.0,7.0,9,0,0.0,0.0,1,0,1,0,0,0,0,0,73465,80.13,0.0,18.0,18.0,17.0
MANIPUR,ukhrul,2006.0,4.0,1,0,0.0,0.0,0,0,0,0,0,0,0,0,73465,80.13,0.0,5.0,5.0,5.0
MANIPUR,ukhrul,2007.0,4.0,12,0,0.0,0.0,4,1,3,0,0,0,0,0,73465,80.13,0.0,24.0,24.0,20.0
MANIPUR,ukhrul,2008.0,5.0,10,1,0.0,1.0,0,0,0,0,0,0,0,0,73465,80.13,0.0,17.0,17.0,17.0
MANIPUR,ukhrul,2009.0,6.0,19,1,0.0,1.0,2,0,2,0,0,0,0,0,73465,80.13,0.0,31.0,31.0,29.0
MANIPUR,ukhrul,2010.0,3.0,5,1,0.0,1.0,0,0,0,0,0,0,0,0,73465,80.13,0.0,10.0,10.0,10.0
MANIPUR,ukhrul,2011.0,7.0,8,1,0.0,1.0,3,0,3,0,0,0,0,0,73465,80.13,0.0,23.0,23.0,20.0
MANIPUR,ukhrul,2012.0,5.0,18,0,0.0,0.0,9,0,9,0,0,0,1,0,73465,80.13,0.0,42.0,42.0,33.0
MANIPUR,ukhrul,2015.0,,0,1,0.0,,0,0,0,0,0,0,0,0,73465,80.13,0.0,1.0,1.0,1.0
MANIPUR,ukhrul,2019.0,0.0,0,2,0.0,0.0,0,1,0,0,0,0,0,0,73465,80.13,0.0,3.0,3.0,3.0
MANIPUR,ukhrul,2020.0,0.0,0,0,0.0,0.0,0,0,0,0,0,0,0,0,73465,80.13,0.0,0.0,0.0,0.0
MEGHALAYA,east garo hills,2001.0,16.0,9,2,0.0,2.0,5,0,5,0,2,0,0,0,127474,66.15,35907.0,41.0,41.0,36.0
MEGHALAYA,east khasi hills,2001.0,50.0,25,5,0.0,5.0,20,5,15,0,8,0,3,0,333553,77.28,277748.0,136.0,136.0,116.0
MEGHALAYA,jaintia hills,2001.0,35.0,3,7,0.0,7.0,6,4,2,0,3,0,0,0,149891,50.08,25057.0,67.0,67.0,61.0
MEGHALAYA,jaintia hills,2002.0,39.0,4,2,0.0,2.0,3,1,2,0,5,0,0,0,149891,50.08,25057.0,58.0,58.0,55.0
MEGHALAYA,jaintia hills,2003.0,52.0,2,11,0.0,11.0,0,0,0,0,0,0,0,0,149891,50.08,25057.0,76.0,76.0,76.0
MEGHALAYA,jaintia hills,2004.0,32.0,3,11,0.0,11.0,6,1,5,0,5,0,0,0,149891,50.08,25057.0,74.0,74.0,68.0
MEGHALAYA,jaintia hills,2005.0,43.0,3,10,0.0,10.0,7,3,4,0,10,0,0,0,149891,50.08,25057.0,90.0,90.0,83.0
MEGHALAYA,jaintia hills,2006.0,51.0,3,19,0.0,19.0,3,0,3,0,4,0,0,0,149891,50.08,25057.0,102.0,102.0,99.0
MEGHALAYA,jaintia hills,2007.0,43.0,2,26,0.0,26.0,3,1,2,0,6,0,0,0,149891,50.08,25057.0,109.0,109.0,106.0
MEGHALAYA,jaintia hills,2008.0,38.0,5,18,0.0,18.0,7,4,3,0,7,0,0,0,149891,50.08,25057.0,100.0,100.0,93.0
MEGHALAYA,jaintia hills,2009.0,40.0,5,24,0.0,24.0,8,1,7,0,8,0,0,0,149891,50.08,25057.0,117.0,117.0,109.0
MEGHALAYA,jaintia hills,2010.0,48.0,5,33,0.0,33.0,8,3,5,0,1,0,0,0,149891,50.08,25057.0,136.0,136.0,128.0
MEGHALAYA,jaintia hills,2011.0,52.0,4,43,0.0,43.0,12,8,4,0,6,0,0,0,149891,50.08,25057.0,172.0,172.0,160.0
MEGHALAYA,jaintia hills,2012.0,44.0,11,32,0.0,32.0,18,5,13,0,3,0,0,0,149891,50.08,25057.0,158.0,158.0,140.0
MEGHALAYA,south garo hills,2001.0,6.0,3,1,0.0,1.0,2,0,2,0,0,0,1,0,52007,61.52,8643.0,16.0,16.0,14.0
MEGHALAYA,west garo hills,2001.0,19.0,3,5,0.0,5.0,14,0,14,0,8,0,0,0,263424,57.03,58978.0,68.0,68.0,54.0
MEGHALAYA,west khasi hills,2001.0,16.0,2,4,0.0,4.0,0,0,0,0,2,0,0,0,150419,66.49,34598.0,28.0,28.0,28.0
MIZORAM,aizawl,2001.0,12.0,6,26,0.0,26.0,0,0,0,0,13,0,1,0,166877,96.75,248145.0,84.0,84.0,84.0
MIZORAM,aizawl,2002.0,5.0,18,36,0.0,36.0,4,0,4,0,28,0,2,0,166877,96.75,248145.0,133.0,133.0,129.0
MIZORAM,aizawl,2003.0,14.0,24,24,0.0,24.0,4,1,3,0,25,0,3,0,166877,96.75,248145.0,122.0,122.0,118.0
MIZORAM,aizawl,2004.0,10.0,7,6,0.0,6.0,6,0,6,0,30,0,0,0,166877,96.75,248145.0,71.0,71.0,65.0
MIZORAM,aizawl,2005.0,4.0,4,10,0.0,10.0,5,0,5,0,10,2,0,0,166877,96.75,248145.0,50.0,50.0,43.0
MIZORAM,aizawl,2006.0,7.0,9,31,0.0,31.0,2,0,2,0,24,0,1,0,166877,96.75,248145.0,107.0,107.0,105.0
MIZORAM,aizawl,2007.0,18.0,11,35,0.0,35.0,3,0,3,0,38,0,2,0,166877,96.75,248145.0,145.0,145.0,142.0
MIZORAM,aizawl,2008.0,12.0,7,39,0.0,39.0,1,0,1,0,36,0,4,0,166877,96.75,248145.0,139.0,139.0,138.0
MIZORAM,aizawl,2009.0,14.0,8,27,0.0,27.0,7,0,7,0,29,0,4,0,166877,96.75,248145.0,123.0,123.0,116.0
MIZORAM,aizawl,2010.0,23.0,10,34,0.0,34.0,3,0,3,0,42,0,2,0,166877,96.75,248145.0,151.0,151.0,148.0
MIZORAM,aizawl,2011.0,10.0,10,35,0.0,35.0,1,0,1,0,43,0,9,0,166877,96.75,248145.0,144.0,144.0,143.0
MIZORAM,aizawl,2012.0,12.0,13,42,0.0,42.0,2,0,2,0,44,0,8,0,166877,96.75,248145.0,165.0,165.0,163.0
MIZORAM,aizawl,2015.0,,2,17,0.0,,2,3,1,0,30,1,3,0,166877,96.75,248145.0,59.0,59.0,56.0
MIZORAM,aizawl,2019.0,0.0,0,15,0.0,0.0,0,1,0,0,18,0,0,0,166877,96.75,248145.0,34.0,34.0,34.0
MIZORAM,aizawl,2020.0,0.0,0,19,0.0,0.0,0,0,0,0,11,2,5,0,166877,96.75,248145.0,37.0,37.0,35.0
MIZORAM,champhai,2001.0,2.0,1,7,0.0,7.0,1,0,1,0,7,0,0,0,55756,93.15,42049.0,26.0,26.0,25.0
MIZORAM,champhai,2002.0,6.0,1,9,0.0,9.0,0,0,0,0,10,0,0,0,55756,93.15,42049.0,35.0,35.0,35.0
MIZORAM,champhai,2003.0,6.0,1,10,0.0,10.0,1,0,1,0,11,0,0,0,55756,93.15,42049.0,40.0,40.0,39.0
MIZORAM,champhai,2004.0,6.0,4,3,0.0,3.0,2,0,2,0,5,0,0,0,55756,93.15,42049.0,25.0,25.0,23.0
MIZORAM,champhai,2005.0,4.0,3,5,0.0,5.0,1,0,1,0,7,0,0,0,55756,93.15,42049.0,26.0,26.0,25.0
MIZORAM,champhai,2006.0,2.0,0,12,0.0,12.0,0,0,0,0,6,0,0,0,55756,93.15,42049.0,32.0,32.0,32.0
MIZORAM,champhai,2007.0,5.0,2,12,0.0,12.0,0,0,0,0,3,0,0,0,55756,93.15,42049.0,34.0,34.0,34.0
MIZORAM,champhai,2008.0,4.0,1,7,0.0,7.0,1,0,1,0,5,0,0,0,55756,93.15,42049.0,26.0,26.0,25.0
MIZORAM,champhai,2009.0,6.0,2,15,0.0,15.0,0,0,0,0,4,0,0,0,55756,93.15,42049.0,42.0,42.0,42.0
MIZORAM,champhai,2010.0,5.0,4,20,0.0,20.0,0,0,0,0,5,0,0,0,55756,93.15,42049.0,54.0,54.0,54.0
MIZORAM,champhai,2011.0,4.0,4,10,0.0,10.0,0,0,0,0,10,0,0,0,55756,93.15,42049.0,38.0,38.0,38.0
MIZORAM,champhai,2012.0,5.0,1,12,0.0,12.0,1,1,0,0,15,0,0,0,55756,93.15,42049.0,47.0,47.0,46.0
MIZORAM,champhai,2015.0,,0,5,0.0,,0,0,0,0,5,0,0,0,55756,93.15,42049.0,10.0,10.0,10.0
MIZORAM,champhai,2019.0,0.0,0,3,0.0,0.0,0,0,0,0,4,0,2,0,55756,93.15,42049.0,9.0,9.0,9.0
MIZORAM,champhai,2020.0,0.0,0,3,0.0,0.0,0,0,0,0,0,0,0,0,55756,93.15,42049.0,3.0,3.0,3.0
MIZORAM,kolasib,2001.0,3.0,1,6,0.0,6.0,0,0,0,0,15,0,0,0,34562,92.34,36499.0,31.0,31.0,31.0
MIZORAM,kolasib,2002.0,4.0,1,5,0.0,5.0,1,0,1,0,6,0,1,0,34562,92.34,36499.0,24.0,24.0,23.0
MIZORAM,kolasib,2003.0,5.0,2,5,0.0,5.0,2,0,2,0,11,0,0,0,34562,92.34,36499.0,32.0,32.0,30.0
MIZORAM,kolasib,2004.0,4.0,2,2,0.0,2.0,1,0,1,0,2,0,0,0,34562,92.34,36499.0,14.0,14.0,13.0
MIZORAM,kolasib,2005.0,2.0,1,2,0.0,2.0,0,0,0,0,0,0,0,0,34562,92.34,36499.0,7.0,7.0,7.0
MIZORAM,kolasib,2006.0,4.0,1,8,0.0,8.0,2,0,2,0,6,0,0,0,34562,92.34,36499.0,31.0,31.0,29.0
MIZORAM,kolasib,2007.0,9.0,1,12,0.0,12.0,1,0,1,0,6,0,0,0,34562,92.34,36499.0,42.0,42.0,41.0
MIZORAM,kolasib,2008.0,2.0,1,9,0.0,9.0,4,1,3,0,11,0,1,0,34562,92.34,36499.0,41.0,41.0,37.0
MIZORAM,kolasib,2009.0,3.0,1,7,0.0,7.0,0,0,0,0,9,0,0,0,34562,92.34,36499.0,27.0,27.0,27.0
MIZORAM,kolasib,2010.0,5.0,2,8,0.0,8.0,2,0,2,0,3,0,0,0,34562,92.34,36499.0,30.0,30.0,28.0
MIZORAM,kolasib,2011.0,5.0,2,7,0.0,7.0,2,0,2,0,3,1,0,0,34562,92.34,36499.0,29.0,29.0,26.0
MIZORAM,kolasib,2012.0,4.0,1,9,0.0,9.0,1,0,1,0,9,0,0,0,34562,92.34,36499.0,34.0,34.0,33.0
MIZORAM,kolasib,2015.0,,0,6,0.0,,3,3,0,0,7,0,3,0,34562,92.34,36499.0,22.0,22.0,19.0
MIZORAM,kolasib,2019.0,0.0,0,4,0.0,0.0,0,0,0,0,0,0,2,0,34562,92.34,36499.0,6.0,6.0,6.0
MIZORAM,kolasib,2020.0,0.0,0,3,0.0,0.0,0,0,0,0,3,1,1,0,34562,92.34,36499.0,8.0,8.0,7.0
MIZORAM,lawngtlai,2001.0,2.0,0,2,0.0,2.0,0,0,0,0,0,0,0,0,38776,70.9,0.0,6.0,6.0,6.0
MIZORAM,lawngtlai,2002.0,3.0,0,2,0.0,2.0,0,0,0,0,4,0,0,0,38776,70.9,0.0,11.0,11.0,11.0
MIZORAM,lawngtlai,2003.0,6.0,3,1,0.0,1.0,0,0,0,0,6,0,0,0,38776,70.9,0.0,17.0,17.0,17.0
MIZORAM,lawngtlai,2004.0,3.0,1,1,0.0,1.0,1,0,1,0,5,0,0,0,38776,70.9,0.0,13.0,13.0,12.0
MIZORAM,lawngtlai,2005.0,3.0,3,2,0.0,2.0,2,0,2,2,6,1,0,0,38776,70.9,0.0,23.0,23.0,20.0
MIZORAM,lawngtlai,2006.0,3.0,0,1,0.0,1.0,0,0,0,0,2,0,0,0,38776,70.9,0.0,7.0,7.0,7.0
MIZORAM,lawngtlai,2007.0,5.0,2,3,0.0,3.0,0,0,0,0,5,0,0,0,38776,70.9,0.0,18.0,18.0,18.0
MIZORAM,lawngtlai,2008.0,3.0,1,8,0.0,8.0,0,0,0,0,2,0,0,0,38776,70.9,0.0,22.0,22.0,22.0
MIZORAM,lawngtlai,2009.0,3.0,2,5,0.0,5.0,0,0,0,0,0,0,0,0,38776,70.9,0.0,15.0,15.0,15.0
MIZORAM,lawngtlai,2010.0,7.0,1,6,0.0,6.0,1,0,1,0,2,0,0,0,38776,70.9,0.0,24.0,24.0,23.0
MIZORAM,lawngtlai,2011.0,1.0,1,2,0.0,2.0,1,0,1,0,0,0,0,0,38776,70.9,0.0,8.0,8.0,7.0
MIZORAM,lawngtlai,2012.0,3.0,0,7,0.0,7.0,1,1,0,0,0,0,0,0,38776,70.9,0.0,19.0,19.0,18.0
MIZORAM,lawngtlai,2015.0,,4,7,0.0,,0,1,0,0,3,0,0,0,38776,70.9,0.0,15.0,15.0,15.0
MIZORAM,lawngtlai,2019.0,0.0,0,4,0.0,0.0,0,0,0,0,3,0,0,0,38776,70.9,0.0,7.0,7.0,7.0
MIZORAM,lawngtlai,2020.0,0.0,0,0,0.0,0.0,0,0,0,0,1,0,0,0,38776,70.9,0.0,1.0,1.0,1.0
MIZORAM,lunglei,2001.0,5.0,4,3,0.0,3.0,0,0,0,0,11,0,0,0,71402,87.44,57956.0,26.0,26.0,26.0
MIZORAM,lunglei,2002.0,2.0,2,11,0.0,11.0,0,0,0,0,11,0,0,0,71402,87.44,57956.0,37.0,37.0,37.0
MIZORAM,lunglei,2003.0,6.0,2,6,0.0,6.0,0,0,0,0,15,0,0,0,71402,87.44,57956.0,35.0,35.0,35.0
MIZORAM,lunglei,2004.0,4.0,3,2,0.0,2.0,2,0,2,0,10,0,0,0,71402,87.44,57956.0,25.0,25.0,23.0
MIZORAM,lunglei,2005.0,4.0,4,6,0.0,6.0,2,0,2,0,8,0,0,0,71402,87.44,57956.0,32.0,32.0,30.0
MIZORAM,lunglei,2006.0,2.0,1,9,0.0,9.0,0,0,0,0,7,0,0,0,71402,87.44,57956.0,28.0,28.0,28.0
MIZORAM,lunglei,2007.0,2.0,1,9,0.0,9.0,0,0,0,0,7,0,0,0,71402,87.44,57956.0,28.0,28.0,28.0
MIZORAM,lunglei,2008.0,8.0,0,8,0.0,8.0,2,0,2,0,13,0,0,0,71402,87.44,57956.0,41.0,41.0,39.0
MIZORAM,lunglei,2009.0,1.0,0,12,0.0,12.0,1,0,1,0,8,1,0,0,71402,87.44,57956.0,36.0,36.0,34.0
MIZORAM,lunglei,2010.0,3.0,4,9,0.0,9.0,0,0,0,0,10,0,0,0,71402,87.44,57956.0,35.0,35.0,35.0
MIZORAM,lunglei,2011.0,2.0,3,13,0.0,13.0,2,0,2,0,3,0,0,0,71402,87.44,57956.0,38.0,38.0,36.0
MIZORAM,lunglei,2012.0,0.0,6,16,0.0,16.0,1,0,1,0,4,0,0,0,71402,87.44,57956.0,44.0,44.0,43.0
MIZORAM,lunglei,2015.0,,0,9,0.0,,0,0,0,0,16,1,0,0,71402,87.44,57956.0,26.0,26.0,25.0
MIZORAM,lunglei,2019.0,0.0,0,5,0.0,0.0,0,0,0,0,5,0,0,0,71402,87.44,57956.0,10.0,10.0,10.0
MIZORAM,lunglei,2020.0,0.0,0,0,0.0,0.0,0,0,0,0,3,0,0,0,71402,87.44,57956.0,3.0,3.0,3.0
MIZORAM,mamit,2001.0,4.0,0,0,0.0,0.0,0,0,0,0,0,0,15,2,33114,82.98,10653.0,21.0,21.0,21.0
MIZORAM,mamit,2002.0,1.0,0,4,0.0,4.0,0,0,0,0,0,0,0,0,33114,82.98,10653.0,9.0,9.0,9.0
MIZORAM,mamit,2003.0,2.0,2,1,0.0,1.0,0,0,0,0,0,0,0,0,33114,82.98,10653.0,6.0,6.0,6.0
MIZORAM,mamit,2004.0,3.0,1,2,0.0,2.0,1,0,1,0,2,0,0,0,33114,82.98,10653.0,12.0,12.0,11.0
MIZORAM,mamit,2005.0,4.0,2,6,0.0,6.0,2,0,2,0,3,0,0,0,33114,82.98,10653.0,25.0,25.0,23.0
MIZORAM,mamit,2006.0,5.0,4,2,0.0,2.0,1,0,1,0,1,0,0,0,33114,82.98,10653.0,16.0,16.0,15.0
MIZORAM,mamit,2007.0,1.0,2,1,0.0,1.0,0,0,0,0,3,0,0,0,33114,82.98,10653.0,8.0,8.0,8.0
MIZORAM,mamit,2008.0,1.0,0,2,0.0,2.0,1,0,1,0,3,0,0,0,33114,82.98,10653.0,10.0,10.0,9.0
MIZORAM,mamit,2009.0,1.0,0,9,1.0,8.0,1,0,1,0,4,0,0,0,33114,82.98,10653.0,25.0,25.0,24.0
MIZORAM,mamit,2010.0,3.0,4,6,0.0,6.0,1,0,1,0,6,0,0,0,33114,82.98,10653.0,27.0,27.0,26.0
MIZORAM,mamit,2011.0,2.0,2,4,0.0,4.0,0,0,0,0,4,0,0,0,33114,82.98,10653.0,16.0,16.0,16.0
MIZORAM,mamit,2012.0,3.0,0,10,0.0,10.0,1,0,1,0,3,0,0,0,33114,82.98,10653.0,28.0,28.0,27.0
MIZORAM,mamit,2015.0,,0,1,0.0,,0,0,0,0,9,0,2,0,33114,82.98,10653.0,12.0,12.0,12.0
MIZORAM,mamit,2019.0,0.0,0,4,0.0,0.0,0,1,0,0,2,0,1,0,33114,82.98,10653.0,8.0,8.0,8.0
MIZORAM,mamit,2020.0,0.0,0,6,0.0,0.0,1,1,0,0,3,0,0,0,33114,82.98,10653.0,11.0,11.0,10.0
MIZORAM,saiha,2001.0,2.0,2,3,0.0,3.0,0,0,0,0,6,0,0,0,31242,86.11,19826.0,16.0,16.0,16.0
MIZORAM,saiha,2002.0,2.0,4,7,0.0,7.0,1,1,0,0,14,0,0,0,31242,86.11,19826.0,36.0,36.0,35.0
MIZORAM,saiha,2003.0,6.0,1,4,0.0,4.0,1,1,0,0,11,0,0,0,31242,86.11,19826.0,28.0,28.0,27.0
MIZORAM,saiha,2004.0,3.0,2,1,0.0,1.0,1,0,1,0,10,0,0,0,31242,86.11,19826.0,19.0,19.0,18.0
MIZORAM,saiha,2005.0,2.0,3,2,0.0,2.0,1,0,1,2,9,1,0,0,31242,86.11,19826.0,23.0,23.0,21.0
MIZORAM,saiha,2006.0,1.0,0,5,0.0,5.0,1,1,0,0,3,0,0,0,31242,86.11,19826.0,16.0,16.0,15.0
MIZORAM,saiha,2007.0,2.0,0,3,0.0,3.0,0,0,0,0,3,0,0,0,31242,86.11,19826.0,11.0,11.0,11.0
MIZORAM,saiha,2008.0,2.0,0,0,0.0,0.0,0,0,0,0,1,0,0,0,31242,86.11,19826.0,3.0,3.0,3.0
MIZORAM,saiha,2009.0,2.0,0,3,0.0,3.0,0,0,0,0,0,0,0,0,31242,86.11,19826.0,8.0,8.0,8.0
MIZORAM,saiha,2010.0,2.0,1,3,0.0,3.0,2,0,2,0,1,0,0,0,31242,86.11,19826.0,14.0,14.0,12.0
MIZORAM,saiha,2011.0,1.0,2,2,0.0,2.0,0,0,0,0,5,0,0,0,31242,86.11,19826.0,12.0,12.0,12.0
MIZORAM,saiha,2012.0,0.0,0,0,0.0,0.0,1,1,0,0,1,0,0,0,31242,86.11,19826.0,3.0,3.0,2.0
MIZORAM,saiha,2015.0,,0,6,0.0,,0,0,0,0,2,0,0,0,31242,86.11,19826.0,8.0,8.0,8.0
MIZORAM,saiha,2019.0,0.0,0,2,0.0,0.0,0,0,0,0,2,0,0,0,31242,86.11,19826.0,4.0,4.0,4.0
MIZORAM,saiha,2020.0,0.0,0,0,0.0,0.0,0,0,0,0,1,0,0,0,31242,86.11,19826.0,1.0,1.0,1.0
MIZORAM,serchhip,2001.0,1.0,1,5,0.0,5.0,1,1,0,0,0,0,0,1,27380,96.18,25878.0,15.0,15.0,14.0
MIZORAM,serchhip,2002.0,6.0,0,2,0.0,2.0,1,1,0,0,0,0,0,0,27380,96.18,25878.0,12.0,12.0,11.0
MIZORAM,serchhip,2003.0,1.0,1,3,0.0,3.0,0,0,0,0,9,0,0,0,27380,96.18,25878.0,17.0,17.0,17.0
MIZORAM,serchhip,2004.0,2.0,1,3,0.0,3.0,1,0,1,0,2,0,0,0,27380,96.18,25878.0,13.0,13.0,12.0
MIZORAM,serchhip,2005.0,1.0,4,4,0.0,4.0,0,0,0,0,6,0,0,0,27380,96.18,25878.0,19.0,19.0,19.0
MIZORAM,serchhip,2006.0,1.0,4,4,0.0,4.0,0,0,0,0,2,0,0,0,27380,96.18,25878.0,15.0,15.0,15.0
MIZORAM,serchhip,2007.0,1.0,2,8,0.0,8.0,0,0,0,0,1,0,0,0,27380,96.18,25878.0,20.0,20.0,20.0
MIZORAM,serchhip,2008.0,3.0,0,4,0.0,4.0,0,0,0,0,7,0,0,0,27380,96.18,25878.0,18.0,18.0,18.0
MIZORAM,serchhip,2009.0,1.0,1,5,0.0,5.0,0,0,0,0,7,0,0,0,27380,96.18,25878.0,19.0,19.0,19.0
MIZORAM,serchhip,2010.0,0.0,1,6,0.0,6.0,0,0,0,0,6,0,1,0,27380,96.18,25878.0,20.0,20.0,20.0
MIZORAM,serchhip,2011.0,1.0,0,4,0.0,4.0,0,0,0,0,4,0,0,0,27380,96.18,25878.0,13.0,13.0,13.0
MIZORAM,serchhip,2012.0,3.0,0,7,0.0,7.0,0,0,0,0,9,0,0,0,27380,96.18,25878.0,26.0,26.0,26.0
MIZORAM,serchhip,2015.0,,0,7,0.0,,1,1,0,0,3,0,1,0,27380,96.18,25878.0,13.0,13.0,12.0
MIZORAM,serchhip,2019.0,0.0,0,5,0.0,0.0,0,0,0,0,1,0,0,0,27380,96.18,25878.0,6.0,6.0,6.0
MIZORAM,serchhip,2020.0,0.0,0,0,0.0,0.0,0,0,0,0,1,0,0,0,27380,96.18,25878.0,1.0,1.0,1.0
NAGALAND,dimapur,2001.0,36.0,5,4,0.0,4.0,13,4,9,0,0,0,0,0,166663,81.05,114600.0,75.0,75.0,62.0
NAGALAND,dimapur,2002.0,32.0,7,3,0.0,3.0,19,2,17,0,1,0,0,0,166663,81.05,114600.0,84.0,84.0,65.0
NAGALAND,dimapur,2003.0,15.0,2,2,0.0,2.0,12,2,10,0,0,0,0,1,166663,81.05,114600.0,46.0,46.0,34.0
NAGALAND,dimapur,2004.0,22.0,5,2,0.0,2.0,9,4,5,0,0,0,0,0,166663,81.05,114600.0,49.0,49.0,40.0
NAGALAND,dimapur,2005.0,23.0,4,7,0.0,7.0,5,0,5,0,0,0,0,0,166663,81.05,114600.0,51.0,51.0,46.0
NAGALAND,dimapur,2006.0,25.0,7,5,0.0,5.0,15,2,13,0,2,2,3,0,166663,81.05,114600.0,79.0,79.0,62.0
NAGALAND,dimapur,2007.0,30.0,8,5,0.0,5.0,7,4,3,0,5,1,0,0,166663,81.05,114600.0,68.0,68.0,60.0
NAGALAND,dimapur,2008.0,64.0,13,6,0.0,6.0,31,5,26,0,11,0,2,0,166663,81.05,114600.0,164.0,164.0,133.0
NAGALAND,dimapur,2009.0,15.0,8,7,0.0,7.0,33,4,29,0,7,0,0,0,166663,81.05,114600.0,110.0,110.0,77.0
NAGALAND,dimapur,2010.0,20.0,6,4,0.0,4.0,41,5,36,0,8,2,1,0,166663,81.05,114600.0,127.0,127.0,84.0
NAGALAND,dimapur,2011.0,15.0,10,9,0.0,9.0,24,1,23,0,7,0,1,0,166663,81.05,114600.0,99.0,99.0,75.0
NAGALAND,dimapur,2012.0,26.0,8,9,0.0,9.0,16,5,11,0,9,0,0,0,166663,81.05,114600.0,93.0,93.0,77.0
NAGALAND,dimapur,2015.0,,1,16,0.0,,22,29,5,0,6,1,2,0,166663,81.05,114600.0,82.0,82.0,59.0
NAGALAND,dimapur,2019.0,0.0,0,2,0.0,0.0,10,11,0,0,3,1,0,0,166663,81.05,114600.0,27.0,27.0,16.0
NAGALAND,dimapur,2020.0,0.0,0,2,0.0,0.0,3,3,0,0,5,2,1,0,166663,81.05,114600.0,16.0,16.0,11.0
NAGALAND,kohima,2001.0,25.0,16,6,0.0,6.0,3,0,3,0,6,0,0,0,162251,80.3,77030.0,65.0,65.0,62.0
NAGALAND,kohima,2002.0,25.0,2,9,0.0,9.0,0,0,0,0,0,0,0,0,162251,80.3,77030.0,45.0,45.0,45.0
NAGALAND,kohima,2003.0,28.0,10,5,0.0,5.0,2,0,2,0,4,0,0,0,162251,80.3,77030.0,56.0,56.0,54.0
NAGALAND,kohima,2004.0,12.0,5,10,0.0,10.0,9,0,9,0,2,0,0,0,162251,80.3,77030.0,57.0,57.0,48.0
NAGALAND,kohima,2005.0,19.0,7,5,0.0,5.0,12,5,7,0,0,0,0,0,162251,80.3,77030.0,60.0,60.0,48.0
NAGALAND,kohima,2006.0,31.0,19,8,0.0,8.0,10,0,10,0,0,0,0,0,162251,80.3,77030.0,86.0,86.0,76.0
NAGALAND,kohima,2007.0,24.0,14,4,0.0,4.0,4,1,3,0,1,0,0,0,162251,80.3,77030.0,55.0,55.0,51.0
NAGALAND,kohima,2008.0,27.0,7,6,0.0,6.0,5,0,5,0,1,0,2,0,162251,80.3,77030.0,59.0,59.0,54.0
NAGALAND,kohima,2009.0,8.0,3,6,0.0,6.0,12,4,8,0,0,0,0,0,162251,80.3,77030.0,47.0,47.0,35.0
NAGALAND,kohima,2010.0,7.0,6,3,0.0,3.0,6,0,6,0,1,0,0,0,162251,80.3,77030.0,32.0,32.0,26.0
NAGALAND,kohima,2011.0,7.0,6,0,0.0,0.0,0,0,0,0,0,0,0,0,162251,80.3,77030.0,13.0,13.0,13.0
NAGALAND,kohima,2012.0,11.0,10,1,0.0,1.0,3,0,3,0,2,0,0,0,162251,80.3,77030.0,31.0,31.0,28.0
NAGALAND,kohima,2015.0,,0,10,0.0,,0,0,0,0,0,8,1,0,162251,80.3,77030.0,19.0,19.0,11.0
NAGALAND,kohima,2019.0,0.0,0,2,0.0,0.0,0,0,0,0,5,0,0,0,162251,80.3,77030.0,7.0,7.0,7.0
NAGALAND,kohima,2020.0,0.0,0,0,0.0,0.0,0,0,0,0,0,0,0,0,162251,80.3,77030.0,0.0,0.0,0.0
NAGALAND,mokokchung,2001.0,12.0,2,1,0.0,1.0,1,0,1,0,0,0,0,0,120929,86.03,31214.0,18.0,18.0,17.0
NAGALAND,mokokchung,2002.0,11.0,1,0,0.0,0.0,1,0,1,0,0,0,0,0,120929,86.03,31214.0,14.0,14.0,13.0
NAGALAND,mokokchung,2003.0,8.0,3,1,0.0,1.0,10,0,10,0,0,2,0,0,120929,86.03,31214.0,35.0,35.0,23.0
NAGALAND,mokokchung,2004.0,6.0,3,1,0.0,1.0,1,0,1,0,0,1,0,0,120929,86.03,31214.0,14.0,14.0,12.0
NAGALAND,mokokchung,2005.0,3.0,2,0,0.0,0.0,0,0,0,0,1,0,0,0,120929,86.03,31214.0,6.0,6.0,6.0
NAGALAND,mokokchung,2006.0,9.0,1,0,0.0,0.0,3,0,3,0,0,0,0,0,120929,86.03,31214.0,16.0,16.0,13.0
NAGALAND,mokokchung,2007.0,17.0,3,1,0.0,1.0,3,0,3,0,0,0,0,0,120929,86.03,31214.0,28.0,28.0,25.0
NAGALAND,mokokchung,2008.0,15.0,3,1,0.0,1.0,3,0,3,0,0,0,0,0,120929,86.03,31214.0,26.0,26.0,23.0
NAGALAND,mokokchung,2009.0,3.0,5,0,0.0,0.0,1,0,1,0,0,0,0,0,120929,86.03,31214.0,10.0,10.0,9.0
NAGALAND,mokokchung,2010.0,2.0,4,2,0.0,2.0,1,0,1,0,1,0,0,0,120929,86.03,31214.0,13.0,13.0,12.0
NAGALAND,mokokchung,2011.0,3.0,0,2,0.0,2.0,2,1,1,0,0,0,0,0,120929,86.03,31214.0,11.0,11.0,9.0
NAGALAND,mokokchung,2012.0,5.0,6,3,0.0,3.0,0,0,0,0,3,0,0,0,120929,86.03,31214.0,20.0,20.0,20.0
NAGALAND,mokokchung,2015.0,,0,1,0.0,,0,0,0,0,0,0,0,0,120929,86.03,31214.0,1.0,1.0,1.0
NAGALAND,mokokchung,2019.0,0.0,0,1,0.0,0.0,0,0,0,0,0,0,0,0,120929,86.03,31214.0,1.0,1.0,1.0
NAGALAND,mokokchung,2020.0,0.0,0,0,0.0,0.0,0,0,0,0,2,0,0,0,120929,86.03,31214.0,2.0,2.0,2.0
NAGALAND,mon,2001.0,3.0,3,2,0.0,2.0,2,2,0,0,0,0,0,0,138753,46.56,16590.0,14.0,14.0,12.0
NAGALAND,mon,2002.0,1.0,1,0,0.0,0.0,1,1,0,0,0,0,0,0,138753,46.56,16590.0,4.0,4.0,3.0
NAGALAND,mon,2003.0,7.0,7,2,0.0,2.0,1,0,1,0,0,0,0,0,138753,46.56,16590.0,20.0,20.0,19.0
NAGALAND,mon,2004.0,6.0,6,0,0.0,0.0,2,0,2,0,0,0,0,0,138753,46.56,16590.0,16.0,16.0,14.0
NAGALAND,mon,2005.0,15.0,3,1,0.0,1.0,1,0,1,0,1,0,0,0,138753,46.56,16590.0,23.0,23.0,22.0
NAGALAND,mon,2006.0,15.0,3,2,0.0,2.0,2,0,2,0,0,0,0,0,138753,46.56,16590.0,26.0,26.0,24.0
NAGALAND,mon,2007.0,9.0,1,0,0.0,0.0,0,0,0,0,1,0,0,0,138753,46.56,16590.0,11.0,11.0,11.0
NAGALAND,mon,2008.0,12.0,5,1,0.0,1.0,0,0,0,0,1,0,0,0,138753,46.56,16590.0,20.0,20.0,20.0
NAGALAND,mon,2009.0,4.0,2,0,0.0,0.0,0,0,0,0,0,0,0,0,138753,46.56,16590.0,6.0,6.0,6.0
NAGALAND,mon,2010.0,0.0,0,0,0.0,0.0,0,0,0,0,0,0,0,0,138753,46.56,16590.0,0.0,0.0,0.0
NAGALAND,mon,2011.0,6.0,3,2,0.0,2.0,0,0,0,0,0,0,0,0,138753,46.56,16590.0,13.0,13.0,13.0
NAGALAND,mon,2012.0,6.0,3,3,0.0,3.0,4,2,2,0,0,0,0,0,138753,46.56,16590.0,23.0,23.0,19.0
NAGALAND,mon,2015.0,,0,2,0.0,,0,0,0,0,2,0,1,0,138753,46.56,16590.0,5.0,5.0,5.0
NAGALAND,mon,2019.0,0.0,0,1,0.0,0.0,1,2,1,0,0,0,0,0,138753,46.56,16590.0,5.0,5.0,4.0
NAGALAND,mon,2020.0,0.0,0,0,0.0,0.0,2,2,0,0,0,0,0,0,138753,46.56,16590.0,4.0,4.0,2.0
NAGALAND,phek,2001.0,7.0,4,1,0.0,1.0,2,0,2,0,0,0,0,0,77141,78.37,12864.0,17.0,17.0,15.0
NAGALAND,phek,2002.0,5.0,4,1,0.0,1.0,4,0,4,0,0,0,0,0,77141,78.37,12864.0,19.0,19.0,15.0
NAGALAND,phek,2003.0,8.0,4,2,0.0,2.0,6,0,6,0,0,0,0,0,77141,78.37,12864.0,28.0,28.0,22.0
NAGALAND,phek,2004.0,6.0,2,1,0.0,1.0,0,0,0,0,1,0,0,0,77141,78.37,12864.0,11.0,11.0,11.0
NAGALAND,phek,2005.0,2.0,1,1,0.0,1.0,2,1,1,0,1,0,0,0,77141,78.37,12864.0,10.0,10.0,8.0
NAGALAND,phek,2006.0,9.0,2,5,0.0,5.0,0,0,0,0,0,0,0,0,77141,78.37,12864.0,21.0,21.0,21.0
NAGALAND,phek,2007.0,5.0,5,0,0.0,0.0,0,0,0,0,1,0,0,0,77141,78.37,12864.0,11.0,11.0,11.0
NAGALAND,phek,2008.0,9.0,8,2,0.0,2.0,1,0,1,0,1,0,0,0,77141,78.37,12864.0,24.0,24.0,23.0
NAGALAND,phek,2009.0,2.0,8,0,0.0,0.0,0,0,0,0,1,0,0,0,77141,78.37,12864.0,11.0,11.0,11.0
NAGALAND,phek,2010.0,4.0,1,1,0.0,1.0,1,0,1,0,1,0,0,0,77141,78.37,12864.0,10.0,10.0,9.0
NAGALAND,phek,2011.0,4.0,8,3,0.0,3.0,0,0,0,0,2,0,0,0,77141,78.37,12864.0,20.0,20.0,20.0
NAGALAND,phek,2012.0,2.0,2,1,0.0,1.0,0,0,0,0,2,0,0,0,77141,78.37,12864.0,8.0,8.0,8.0
NAGALAND,phek,2015.0,,0,2,0.0,,0,0,0,0,0,0,0,0,77141,78.37,12864.0,2.0,2.0,2.0
NAGALAND,phek,2019.0,0.0,0,0,0.0,0.0,0,0,0,0,0,0,0,0,77141,78.37,12864.0,0.0,0.0,0.0
NAGALAND,phek,2020.0,0.0,0,1,0.0,0.0,0,0,0,0,0,0,0,0,77141,78.37,12864.0,1.0,1.0,1.0
NAGALAND,tuensang,2001.0,1.0,3,0,0.0,0.0,0,0,0,0,0,0,0,0,218678,55.12,29772.0,4.0,4.0,4.0
NAGALAND,tuensang,2002.0,6.0,5,1,0.0,1.0,1,0,1,0,0,0,0,0,218678,55.12,29772.0,15.0,15.0,14.0
NAGALAND,tuensang,2003.0,9.0,1,0,0.0,0.0,0,0,0,0,0,0,0,0,218678,55.12,29772.0,10.0,10.0,10.0
NAGALAND,tuensang,2004.0,10.0,3,1,0.0,1.0,0,0,0,0,0,0,0,0,218678,55.12,29772.0,15.0,15.0,15.0
NAGALAND,tuensang,2005.0,9.0,0,1,0.0,1.0,2,0,2,0,0,0,0,0,218678,55.12,29772.0,15.0,15.0,13.0
NAGALAND,tuensang,2006.0,4.0,1,1,0.0,1.0,0,0,0,0,0,0,0,0,218678,55.12,29772.0,7.0,7.0,7.0
NAGALAND,tuensang,2007.0,7.0,4,0,0.0,0.0,1,0,1,0,0,0,0,0,218678,55.12,29772.0,13.0,13.0,12.0
NAGALAND,tuensang,2008.0,3.0,0,1,0.0,1.0,0,0,0,0,0,0,0,0,218678,55.12,29772.0,5.0,5.0,5.0
NAGALAND,tuensang,2009.0,0.0,1,1,0.0,1.0,1,0,1,0,1,0,0,0,218678,55.12,29772.0,6.0,6.0,5.0
NAGALAND,tuensang,2010.0,1.0,2,1,0.0,1.0,0,0,0,0,2,0,0,0,218678,55.12,29772.0,7.0,7.0,7.0
NAGALAND,tuensang,2011.0,1.0,2,2,0.0,2.0,4,0,4,0,0,0,0,0,218678,55.12,29772.0,15.0,15.0,11.0
NAGALAND,tuensang,2012.0,4.0,2,1,0.0,1.0,0,0,0,0,0,0,0,0,218678,55.12,29772.0,8.0,8.0,8.0
NAGALAND,tuensang,2015.0,,0,0,0.0,,1,1,0,0,0,0,0,0,218678,55.12,29772.0,2.0,2.0,1.0
NAGALAND,tuensang,2019.0,0.0,0,2,0.0,0.0,0,0,0,0,0,0,0,0,218678,55.12,29772.0,2.0,2.0,2.0
NAGALAND,tuensang,2020.0,0.0,0,0,0.0,0.0,0,0,0,1,0,0,0,0,218678,55.12,29772.0,1.0,1.0,1.0
NAGALAND,wokha,2001.0,12.0,3,1,0.0,1.0,2,0,2,0,0,0,0,0,83670,85.35,37636.0,21.0,21.0,19.0
NAGALAND,wokha,2002.0,6.0,3,1,0.0,1.0,0,0,0,0,0,0,0,0,83670,85.35,37636.0,11.0,11.0,11.0
NAGALAND,wokha,2003.0,5.0,6,0,0.0,0.0,2,1,1,0,0,0,0,0,83670,85.35,37636.0,15.0,15.0,13.0
NAGALAND,wokha,2004.0,4.0,4,0,0.0,0.0,2,0,2,0,0,0,0,0,83670,85.35,37636.0,12.0,12.0,10.0
NAGALAND,wokha,2005.0,10.0,4,0,0.0,0.0,4,3,1,0,0,0,0,0,83670,85.35,37636.0,22.0,22.0,18.0
NAGALAND,wokha,2006.0,4.0,2,0,0.0,0.0,1,1,0,0,0,0,0,0,83670,85.35,37636.0,8.0,8.0,7.0
NAGALAND,wokha,2007.0,8.0,7,3,0.0,3.0,0,0,0,0,0,0,0,0,83670,85.35,37636.0,21.0,21.0,21.0
NAGALAND,wokha,2008.0,5.0,5,0,0.0,0.0,4,2,2,0,1,1,0,0,83670,85.35,37636.0,20.0,20.0,15.0
NAGALAND,wokha,2009.0,6.0,3,3,0.0,3.0,0,0,0,0,1,0,0,0,83670,85.35,37636.0,16.0,16.0,16.0
NAGALAND,wokha,2010.0,4.0,6,2,0.0,2.0,1,1,0,0,0,0,0,0,83670,85.35,37636.0,16.0,16.0,15.0
NAGALAND,wokha,2011.0,2.0,7,1,0.0,1.0,2,0,2,0,0,0,0,0,83670,85.35,37636.0,15.0,15.0,13.0
NAGALAND,wokha,2012.0,1.0,4,2,0.0,2.0,0,0,0,0,0,0,0,0,83670,85.35,37636.0,9.0,9.0,9.0
NAGALAND,wokha,2015.0,,0,2,0.0,,0,0,0,0,0,0,0,0,83670,85.35,37636.0,2.0,2.0,2.0
NAGALAND,wokha,2019.0,0.0,0,0,0.0,0.0,0,0,0,0,0,0,0,0,83670,85.35,37636.0,0.0,0.0,0.0
NAGALAND,wokha,2020.0,0.0,0,0,0.0,0.0,0,0,0,0,0,0,0,0,83670,85.35,37636.0,0.0,0.0,0.0
NAGALAND,zunheboto,2001.0,4.0,1,2,0.0,2.0,0,0,0,0,0,0,0,0,79056,73.74,23081.0,9.0,9.0,9.0
NAGALAND,zunheboto,2002.0,9.0,2,1,0.0,1.0,0,0,0,0,0,0,0,0,79056,73.74,23081.0,13.0,13.0,13.0
NAGALAND,zunheboto,2003.0,6.0,1,0,0.0,0.0,0,0,0,0,0,0,0,0,79056,73.74,23081.0,7.0,7.0,7.0
NAGALAND,zunheboto,2004.0,1.0,3,1,0.0,1.0,0,0,0,0,0,0,0,0,79056,73.74,23081.0,6.0,6.0,6.0
NAGALAND,zunheboto,2005.0,1.0,2,1,0.0,1.0,0,0,0,0,0,0,0,0,79056,73.74,23081.0,5.0,5.0,5.0
NAGALAND,zunheboto,2006.0,14.0,3,2,0.0,2.0,0,0,0,0,0,0,0,0,79056,73.74,23081.0,21.0,21.0,21.0
NAGALAND,zunheboto,2007.0,4.0,5,0,0.0,0.0,0,0,0,0,0,0,0,0,79056,73.74,23081.0,9.0,9.0,9.0
NAGALAND,zunheboto,2008.0,0.0,2,1,0.0,1.0,0,0,0,0,0,0,0,0,79056,73.74,23081.0,4.0,4.0,4.0
NAGALAND,zunheboto,2009.0,1.0,1,3,0.0,3.0,2,2,0,0,0,0,0,0,79056,73.74,23081.0,12.0,12.0,10.0
NAGALAND,zunheboto,2010.0,4.0,5,3,0.0,3.0,0,0,0,0,0,0,0,0,79056,73.74,23081.0,15.0,15.0,15.0
NAGALAND,zunheboto,2011.0,4.0,4,3,0.0,3.0,1,1,0,0,0,0,0,0,79056,73.74,23081.0,16.0,16.0,15.0
NAGALAND,zunheboto,2012.0,10.0,3,1,0.0,1.0,3,3,0,0,0,0,0,0,79056,73.74,23081.0,21.0,21.0,18.0
NAGALAND,zunheboto,2015.0,,0,1,0.0,,0,0,0,0,0,0,0,0,79056,73.74,23081.0,1.0,1.0,1.0
NAGALAND,zunheboto,2019.0,0.0,0,0,0.0,0.0,0,0,0,0,0,0,0,0,79056,73.74,23081.0,0.0,0.0,0.0
NAGALAND,zunheboto,2020.0,0.0,0,0,0.0,0.0,0,1,1,0,0,0,1,0,79056,73.74,23081.0,3.0,3.0,3.0
ODISHA,bhadrak,2001.0,27.0,10,35,0.0,35.0,20,18,2,23,29,5,79,0,675642,84.65,141071.0,283.0,283.0,258.0
ODISHA,bhadrak,2002.0,26.0,36,27,0.0,27.0,18,18,0,12,35,9,12,0,675642,84.65,141071.0,220.0,220.0,193.0
ODISHA,bhadrak,2003.0,17.0,45,25,0.0,25.0,21,21,0,21,49,2,67,0,675642,84.65,141071.0,293.0,293.0,270.0
ODISHA,bhadrak,2004.0,23.0,39,31,0.0,31.0,17,17,0,8,63,15,70,0,675642,84.65,141071.0,314.0,314.0,282.0
ODISHA,bhadrak,2005.0,17.0,32,37,0.0,37.0,18,18,0,9,90,25,116,0,675642,84.65,141071.0,399.0,399.0,356.0
ODISHA,bhadrak,2006.0,39.0,32,45,0.0,45.0,20,19,1,23,58,18,17,0,675642,84.65,141071.0,317.0,317.0,279.0
ODISHA,bhadrak,2007.0,30.0,20,42,0.0,42.0,21,20,1,36,76,10,11,0,675642,84.65,141071.0,309.0,309.0,278.0
ODISHA,bhadrak,2008.0,34.0,20,58,0.0,58.0,46,39,7,16,73,27,106,0,675642,84.65,141071.0,484.0,484.0,411.0
ODISHA,bhadrak,2009.0,44.0,25,46,0.0,46.0,42,39,3,23,108,9,134,0,675642,84.65,141071.0,519.0,519.0,468.0
ODISHA,bhadrak,2010.0,32.0,37,33,0.0,33.0,52,50,2,18,99,12,151,0,675642,84.65,141071.0,519.0,519.0,455.0
ODISHA,bhadrak,2011.0,38.0,32,26,0.0,26.0,55,51,4,24,93,4,138,0,675642,84.65,141071.0,491.0,491.0,432.0
ODISHA,bhadrak,2012.0,39.0,55,54,0.0,54.0,72,66,6,20,93,12,155,0,675642,84.65,141071.0,626.0,626.0,542.0
ODISHA,bhadrak,2015.0,,0,79,0.0,,0,126,0,12,259,19,177,0,675642,84.65,141071.0,672.0,672.0,653.0
ODISHA,bhadrak,2019.0,0.0,13,61,0.0,0.0,265,265,0,23,465,17,99,0,675642,84.65,141071.0,1208.0,1208.0,926.0
ODISHA,bhadrak,2020.0,0.0,0,34,0.0,0.0,221,221,0,23,348,21,112,0,675642,84.65,141071.0,980.0,980.0,738.0
ODISHA,cuttack,2001.0,35.0,143,34,0.0,34.0,43,33,10,39,42,1,125,0,1207781,85.82,641130.0,539.0,539.0,495.0
ODISHA,cuttack,2002.0,47.0,140,32,0.0,32.0,38,31,7,3,69,10,131,0,1207781,85.82,641130.0,540.0,540.0,492.0
ODISHA,cuttack,2003.0,47.0,143,32,0.0,32.0,32,26,6,47,27,1,122,0,1207781,85.82,641130.0,515.0,515.0,482.0
ODISHA,cuttack,2004.0,41.0,120,45,0.0,45.0,51,38,13,50,64,4,126,0,1207781,85.82,641130.0,597.0,597.0,542.0
ODISHA,cuttack,2005.0,34.0,119,29,0.0,29.0,71,64,7,39,24,6,162,0,1207781,85.82,641130.0,584.0,584.0,507.0
ODISHA,cuttack,2006.0,44.0,0,46,0.0,46.0,56,51,5,49,48,4,36,0,1207781,85.82,641130.0,385.0,385.0,325.0
ODISHA,cuttack,2007.0,42.0,40,41,0.0,41.0,68,63,5,48,47,13,36,0,1207781,85.82,641130.0,444.0,444.0,363.0
ODISHA,cuttack,2008.0,26.0,38,35,0.0,35.0,35,34,1,31,16,3,124,0,1207781,85.82,641130.0,378.0,378.0,340.0
ODISHA,cuttack,2009.0,25.0,9,25,0.0,25.0,48,46,2,30,24,5,133,0,1207781,85.82,641130.0,372.0,372.0,319.0
ODISHA,cuttack,2010.0,30.0,14,26,0.0,26.0,26,25,1,22,26,1,107,0,1207781,85.82,641130.0,304.0,304.0,277.0
ODISHA,cuttack,2011.0,49.0,28,34,0.0,34.0,46,40,6,24,26,5,133,0,1207781,85.82,641130.0,425.0,425.0,374.0
ODISHA,cuttack,2012.0,48.0,22,43,0.0,43.0,63,57,6,27,38,7,147,0,1207781,85.82,641130.0,501.0,501.0,431.0
ODISHA,cuttack,2015.0,,0,46,0.0,,67,70,0,0,55,18,29,0,1207781,85.82,641130.0,285.0,285.0,200.0
ODISHA,cuttack,2019.0,0.0,8,31,0.0,0.0,131,131,0,22,219,2,66,0,1207781,85.82,641130.0,610.0,610.0,477.0
ODISHA,cuttack,2020.0,0.0,0,37,0.0,0.0,141,141,0,26,323,4,52,0,1207781,85.82,641130.0,724.0,724.0,579.0
ODISHA,dhenkanal,2001.0,25.0,30,15,0.0,15.0,14,7,7,14,82,5,31,0,544001,80.57,92914.0,245.0,245.0,226.0
ODISHA,dhenkanal,2002.0,28.0,35,12,0.0,12.0,21,17,4,5,69,6,30,0,544001,80.57,92914.0,239.0,239.0,212.0
ODISHA,dhenkanal,2003.0,34.0,46,9,0.0,9.0,9,7,2,3,67,10,27,0,544001,80.57,92914.0,223.0,223.0,204.0
ODISHA,dhenkanal,2004.0,35.0,50,19,0.0,19.0,20,17,3,12,97,18,25,0,544001,80.57,92914.0,315.0,315.0,277.0
ODISHA,dhenkanal,2005.0,36.0,56,8,0.0,8.0,12,9,3,20,139,9,34,0,544001,80.57,92914.0,334.0,334.0,313.0
ODISHA,dhenkanal,2006.0,34.0,14,32,0.0,32.0,13,8,5,12,130,12,23,0,544001,80.57,92914.0,315.0,315.0,290.0
ODISHA,dhenkanal,2007.0,59.0,53,35,0.0,35.0,26,24,2,25,197,8,20,0,544001,80.57,92914.0,484.0,484.0,450.0
ODISHA,dhenkanal,2008.0,50.0,54,26,0.0,26.0,24,20,4,19,187,9,31,0,544001,80.57,92914.0,450.0,450.0,417.0
ODISHA,dhenkanal,2009.0,49.0,30,23,0.0,23.0,24,19,5,15,159,4,30,0,544001,80.57,92914.0,381.0,381.0,353.0
ODISHA,dhenkanal,2010.0,39.0,67,19,0.0,19.0,36,34,2,7,252,8,25,0,544001,80.57,92914.0,508.0,508.0,464.0
ODISHA,dhenkanal,2011.0,58.0,59,17,0.0,17.0,32,29,3,22,185,11,24,0,544001,80.57,92914.0,457.0,457.0,414.0
ODISHA,dhenkanal,2012.0,47.0,109,29,0.0,29.0,41,35,6,23,267,18,33,0,544001,80.57,92914.0,637.0,637.0,578.0
ODISHA,dhenkanal,2015.0,,3,50,0.0,,4,47,5,13,442,34,43,0,544001,80.57,92914.0,641.0,641.0,603.0
ODISHA,dhenkanal,2019.0,0.0,3,36,0.0,0.0,101,101,0,8,450,16,61,0,544001,80.57,92914.0,776.0,776.0,659.0
ODISHA,dhenkanal,2020.0,1.0,0,44,0.0,0.0,81,152,0,6,494,26,99,0,544001,80.57,92914.0,903.0,903.0,796.0
ODISHA,gajapati,2001.0,19.0,7,10,0.0,10.0,5,3,2,1,13,2,7,0,255423,54.71,52888.0,79.0,79.0,72.0
ODISHA,gajapati,2002.0,6.0,10,8,0.0,8.0,4,3,1,0,18,1,7,0,255423,54.71,52888.0,66.0,66.0,61.0
ODISHA,gajapati,2003.0,9.0,9,4,0.0,4.0,5,4,1,3,21,1,7,0,255423,54.71,52888.0,68.0,68.0,62.0
ODISHA,gajapati,2004.0,17.0,6,5,0.0,5.0,7,7,0,0,23,4,8,0,255423,54.71,52888.0,82.0,82.0,71.0
ODISHA,gajapati,2005.0,22.0,7,9,0.0,9.0,6,6,0,1,35,2,3,0,255423,54.71,52888.0,100.0,100.0,92.0
ODISHA,gajapati,2006.0,14.0,0,7,0.0,7.0,8,4,4,3,30,0,8,0,255423,54.71,52888.0,85.0,85.0,77.0
ODISHA,gajapati,2007.0,12.0,6,8,0.0,8.0,10,9,1,2,30,2,6,0,255423,54.71,52888.0,94.0,94.0,82.0
ODISHA,gajapati,2008.0,14.0,15,8,0.0,8.0,4,3,1,2,52,6,3,0,255423,54.71,52888.0,116.0,116.0,106.0
ODISHA,gajapati,2009.0,19.0,16,9,0.0,9.0,8,7,1,1,49,9,14,0,255423,54.71,52888.0,142.0,142.0,125.0
ODISHA,gajapati,2010.0,12.0,12,6,0.0,6.0,17,17,0,0,37,2,16,0,255423,54.71,52888.0,125.0,125.0,106.0
ODISHA,gajapati,2011.0,10.0,10,11,0.0,11.0,6,6,0,0,56,3,20,0,255423,54.71,52888.0,133.0,133.0,124.0
ODISHA,gajapati,2012.0,12.0,19,18,0.0,18.0,14,9,5,2,61,3,8,0,255423,54.71,52888.0,169.0,169.0,152.0
ODISHA,gajapati,2015.0,,0,26,0.0,,2,5,3,2,78,1,10,0,255423,54.71,52888.0,127.0,127.0,124.0
ODISHA,gajapati,2019.0,0.0,0,12,0.0,0.0,29,29,0,1,119,6,9,0,255423,54.71,52888.0,205.0,205.0,170.0
ODISHA,gajapati,2020.0,0.0,0,9,0.0,0.0,35,35,0,1,139,9,21,0,255423,54.71,52888.0,249.0,249.0,205.0
ODISHA,ganjam,2001.0,58.0,92,22,0.0,22.0,14,10,4,1,102,6,9,0,1581986,75.22,556359.0,340.0,340.0,320.0
ODISHA,ganjam,2002.0,76.0,117,34,0.0,34.0,14,8,6,21,124,9,54,0,1581986,75.22,556359.0,497.0,497.0,474.0
ODISHA,ganjam,2003.0,54.0,88,17,0.0,17.0,9,9,0,13,185,10,46,0,1581986,75.22,556359.0,448.0,448.0,429.0
ODISHA,ganjam,2004.0,62.0,77,15,0.0,15.0,18,11,7,21,155,4,30,0,1581986,75.22,556359.0,415.0,415.0,393.0
ODISHA,ganjam,2005.0,56.0,66,26,0.0,26.0,25,12,13,28,179,10,92,0,1581986,75.22,556359.0,533.0,533.0,498.0
ODISHA,ganjam,2006.0,60.0,56,33,0.0,33.0,25,15,10,20,176,6,24,0,1581986,75.22,556359.0,458.0,458.0,427.0
ODISHA,ganjam,2007.0,66.0,127,34,0.0,34.0,27,17,10,20,232,14,18,0,1581986,75.22,556359.0,599.0,599.0,558.0
ODISHA,ganjam,2008.0,68.0,142,48,0.0,48.0,45,33,12,13,259,16,12,0,1581986,75.22,556359.0,696.0,696.0,635.0
ODISHA,ganjam,2009.0,73.0,134,34,0.0,34.0,28,28,0,27,249,21,21,0,1581986,75.22,556359.0,649.0,649.0,600.0
ODISHA,ganjam,2010.0,87.0,198,48,0.0,48.0,47,42,5,25,296,19,0,0,1581986,75.22,556359.0,815.0,815.0,749.0
ODISHA,ganjam,2011.0,85.0,202,50,0.0,50.0,51,39,12,32,358,15,0,0,1581986,75.22,556359.0,894.0,894.0,828.0
ODISHA,ganjam,2012.0,86.0,259,53,0.0,53.0,67,55,12,32,356,27,39,0,1581986,75.22,556359.0,1039.0,1039.0,945.0
ODISHA,ganjam,2015.0,,0,91,0.0,,64,112,45,19,184,33,112,0,1581986,75.22,556359.0,660.0,660.0,563.0
ODISHA,ganjam,2019.0,0.0,7,54,0.0,0.0,137,137,0,21,733,42,115,0,1581986,75.22,556359.0,1246.0,1246.0,1067.0
ODISHA,ganjam,2020.0,0.0,0,56,0.0,0.0,52,52,0,10,595,35,158,0,1581986,75.22,556359.0,958.0,958.0,871.0
ODISHA,jharsuguda,2001.0,15.0,29,12,0.0,12.0,5,5,0,4,39,1,13,0,261941,82.16,185885.0,135.0,135.0,129.0
ODISHA,jharsuguda,2002.0,17.0,17,11,0.0,11.0,4,3,1,0,27,0,13,0,261941,82.16,185885.0,104.0,104.0,100.0
ODISHA,jharsuguda,2003.0,22.0,9,15,0.0,15.0,8,8,0,0,38,4,23,0,261941,82.16,185885.0,142.0,142.0,130.0
ODISHA,jharsuguda,2004.0,15.0,14,12,0.0,12.0,9,7,2,0,41,2,4,0,261941,82.16,185885.0,118.0,118.0,107.0
ODISHA,jharsuguda,2005.0,12.0,14,19,0.0,19.0,6,5,1,1,52,3,22,0,261941,82.16,185885.0,154.0,154.0,145.0
ODISHA,jharsuguda,2006.0,16.0,19,13,0.0,13.0,5,5,0,3,63,6,7,0,261941,82.16,185885.0,150.0,150.0,139.0
ODISHA,jharsuguda,2007.0,21.0,27,11,0.0,11.0,16,11,5,1,67,4,15,0,261941,82.16,185885.0,189.0,189.0,169.0
ODISHA,jharsuguda,2008.0,27.0,29,12,0.0,12.0,12,8,4,6,67,8,35,0,261941,82.16,185885.0,220.0,220.0,200.0
ODISHA,jharsuguda,2009.0,25.0,26,7,0.0,7.0,6,6,0,5,41,4,25,0,261941,82.16,185885.0,152.0,152.0,142.0
ODISHA,jharsuguda,2010.0,22.0,32,10,0.0,10.0,4,3,1,4,47,6,27,0,261941,82.16,185885.0,166.0,166.0,156.0
ODISHA,jharsuguda,2011.0,29.0,28,27,0.0,27.0,14,12,2,7,45,4,17,0,261941,82.16,185885.0,212.0,212.0,194.0
ODISHA,jharsuguda,2012.0,16.0,18,21,0.0,21.0,13,6,7,2,41,11,50,0,261941,82.16,185885.0,206.0,206.0,182.0
ODISHA,jharsuguda,2015.0,,0,45,0.0,,0,24,6,4,114,2,51,0,261941,82.16,185885.0,246.0,246.0,244.0
ODISHA,jharsuguda,2019.0,0.0,1,18,0.0,0.0,53,53,0,3,161,20,45,0,261941,82.16,185885.0,354.0,354.0,281.0
ODISHA,jharsuguda,2020.0,0.0,0,27,0.0,0.0,54,54,0,3,222,11,56,0,261941,82.16,185885.0,427.0,427.0,362.0
ODISHA,kalahandi,2001.0,29.0,34,30,0.0,30.0,17,17,0,0,22,5,9,0,667526,62.66,100219.0,193.0,193.0,171.0
ODISHA,kalahandi,2002.0,22.0,32,18,0.0,18.0,9,9,0,2,25,10,19,0,667526,62.66,100219.0,164.0,164.0,145.0
ODISHA,kalahandi,2003.0,14.0,18,18,0.0,18.0,9,9,0,5,22,6,11,0,667526,62.66,100219.0,130.0,130.0,115.0
ODISHA,kalahandi,2004.0,21.0,19,22,0.0,22.0,11,7,4,2,33,6,20,0,667526,62.66,100219.0,167.0,167.0,150.0
ODISHA,kalahandi,2005.0,24.0,29,30,0.0,30.0,11,10,1,5,40,1,32,0,667526,62.66,100219.0,213.0,213.0,201.0
ODISHA,kalahandi,2006.0,30.0,14,49,0.0,49.0,15,13,2,12,42,5,28,0,667526,62.66,100219.0,259.0,259.0,239.0
ODISHA,kalahandi,2007.0,30.0,15,30,0.0,30.0,23,18,5,12,68,8,19,0,667526,62.66,100219.0,258.0,258.0,227.0
ODISHA,kalahandi,2008.0,24.0,15,38,0.0,38.0,29,29,0,3,82,5,27,0,667526,62.66,100219.0,290.0,290.0,256.0
ODISHA,kalahandi,2009.0,28.0,16,30,0.0,30.0,24,24,0,7,75,8,53,0,667526,62.66,100219.0,295.0,295.0,263.0
ODISHA,kalahandi,2010.0,33.0,21,60,0.0,60.0,35,35,0,16,118,12,91,0,667526,62.66,100219.0,481.0,481.0,434.0
ODISHA,kalahandi,2011.0,38.0,34,46,0.0,46.0,23,22,1,9,97,11,95,0,667526,62.66,100219.0,422.0,422.0,388.0
ODISHA,kalahandi,2012.0,37.0,44,65,0.0,65.0,47,41,6,8,120,14,96,0,667526,62.66,100219.0,543.0,543.0,482.0
ODISHA,kalahandi,2015.0,,4,67,0.0,,0,105,0,7,382,25,180,0,667526,62.66,100219.0,770.0,770.0,745.0
ODISHA,kalahandi,2019.0,0.0,9,109,0.0,0.0,116,116,0,4,485,34,95,0,667526,62.66,100219.0,968.0,968.0,818.0
ODISHA,kalahandi,2020.0,0.0,0,38,0.0,0.0,127,127,0,3,447,28,101,0,667526,62.66,100219.0,871.0,871.0,716.0
ODISHA,kandhamal,2001.0,24.0,10,34,0.0,34.0,25,25,0,4,95,15,29,0,322799,69.79,44094.0,295.0,295.0,255.0
ODISHA,kandhamal,2002.0,19.0,13,32,0.0,32.0,32,29,3,2,72,9,48,0,322799,69.79,44094.0,291.0,291.0,250.0
ODISHA,kandhamal,2003.0,25.0,4,35,0.0,35.0,24,23,1,2,84,7,75,0,322799,69.79,44094.0,315.0,315.0,284.0
ODISHA,kandhamal,2004.0,23.0,14,26,0.0,26.0,17,12,5,2,67,4,42,0,322799,69.79,44094.0,238.0,238.0,217.0
ODISHA,kandhamal,2005.0,28.0,11,20,0.0,20.0,20,20,0,8,111,2,45,0,322799,69.79,44094.0,285.0,285.0,263.0
ODISHA,kandhamal,2006.0,19.0,13,28,0.0,28.0,16,13,3,2,88,4,38,0,322799,69.79,44094.0,252.0,252.0,232.0
ODISHA,kandhamal,2007.0,25.0,19,32,0.0,32.0,14,13,1,4,114,5,32,0,322799,69.79,44094.0,291.0,291.0,272.0
ODISHA,kandhamal,2008.0,27.0,30,46,0.0,46.0,15,11,4,3,70,2,39,0,322799,69.79,44094.0,293.0,293.0,276.0
ODISHA,kandhamal,2009.0,24.0,20,24,0.0,24.0,17,15,2,6,66,2,34,0,322799,69.79,44094.0,234.0,234.0,215.0
ODISHA,kandhamal,2010.0,29.0,13,27,0.0,27.0,30,26,4,3,84,3,26,0,322799,69.79,44094.0,272.0,272.0,239.0
ODISHA,kandhamal,2011.0,36.0,10,32,0.0,32.0,25,21,4,9,70,8,41,0,322799,69.79,44094.0,288.0,288.0,255.0
ODISHA,kandhamal,2012.0,29.0,0,32,0.0,32.0,30,27,3,1,101,4,34,0,322799,69.79,44094.0,293.0,293.0,259.0
ODISHA,kandhamal,2015.0,,13,80,0.0,,35,76,23,7,80,16,217,0,322799,69.79,44094.0,547.0,547.0,496.0
ODISHA,kandhamal,2019.0,0.0,3,29,0.0,0.0,64,64,0,0,99,5,55,0,322799,69.79,44094.0,319.0,319.0,250.0
ODISHA,kandhamal,2020.0,0.0,0,47,0.0,0.0,66,66,0,3,106,19,56,0,322799,69.79,44094.0,363.0,363.0,278.0
ODISHA,kendrapara,2001.0,24.0,36,11,0.0,11.0,15,15,0,24,66,176,57,0,646438,87.11,74137.0,435.0,435.0,244.0
ODISHA,kendrapara,2002.0,19.0,52,9,0.0,9.0,17,14,3,24,13,1,18,0,646438,87.11,74137.0,179.0,179.0,161.0
ODISHA,kendrapara,2003.0,26.0,41,10,0.0,10.0,16,12,4,12,14,0,12,0,646438,87.11,74137.0,157.0,157.0,141.0
ODISHA,kendrapara,2004.0,31.0,24,19,0.0,19.0,8,7,1,29,9,0,10,0,646438,87.11,74137.0,157.0,157.0,149.0
ODISHA,kendrapara,2005.0,29.0,42,23,0.0,23.0,20,17,3,19,13,0,5,0,646438,87.11,74137.0,194.0,194.0,174.0
ODISHA,kendrapara,2006.0,53.0,6,30,0.0,30.0,12,9,3,36,10,1,12,0,646438,87.11,74137.0,202.0,202.0,189.0
ODISHA,kendrapara,2007.0,40.0,13,30,0.0,30.0,31,27,4,41,11,2,27,0,646438,87.11,74137.0,256.0,256.0,223.0
ODISHA,kendrapara,2008.0,53.0,8,30,0.0,30.0,31,31,0,32,8,1,93,0,646438,87.11,74137.0,317.0,317.0,285.0
ODISHA,kendrapara,2009.0,27.0,3,28,0.0,28.0,36,35,1,11,5,1,17,0,646438,87.11,74137.0,192.0,192.0,155.0
ODISHA,kendrapara,2010.0,50.0,38,38,0.0,38.0,36,33,3,39,8,0,22,0,646438,87.11,74137.0,305.0,305.0,269.0
ODISHA,kendrapara,2011.0,38.0,33,41,0.0,41.0,44,43,1,36,14,1,147,0,646438,87.11,74137.0,439.0,439.0,394.0
ODISHA,kendrapara,2012.0,49.0,21,38,0.0,38.0,69,65,4,48,7,4,43,0,646438,87.11,74137.0,386.0,386.0,313.0
ODISHA,kendrapara,2015.0,,18,44,0.0,,55,78,4,18,196,21,228,0,646438,87.11,74137.0,662.0,662.0,586.0
ODISHA,kendrapara,2019.0,0.0,8,31,0.0,0.0,132,145,0,33,605,18,82,0,646438,87.11,74137.0,1054.0,1054.0,904.0
ODISHA,kendrapara,2020.0,0.0,0,37,0.0,0.0,176,177,0,21,794,10,248,0,646438,87.11,74137.0,1463.0,1463.0,1277.0
ODISHA,koraput,2001.0,39.0,30,38,0.0,38.0,13,13,0,7,56,124,132,0,590743,47.2,198449.0,490.0,490.0,353.0
ODISHA,koraput,2002.0,47.0,34,30,0.0,30.0,9,8,1,3,53,4,41,0,590743,47.2,198449.0,260.0,260.0,247.0
ODISHA,koraput,2003.0,41.0,27,38,0.0,38.0,23,21,2,0,82,4,51,0,590743,47.2,198449.0,327.0,327.0,300.0
ODISHA,koraput,2004.0,56.0,29,40,0.0,40.0,20,16,4,1,82,2,46,0,590743,47.2,198449.0,336.0,336.0,314.0
ODISHA,koraput,2005.0,46.0,19,45,0.0,45.0,27,25,2,2,116,6,64,0,590743,47.2,198449.0,397.0,397.0,364.0
ODISHA,koraput,2006.0,43.0,35,57,0.0,57.0,37,36,1,5,130,5,54,0,590743,47.2,198449.0,460.0,460.0,418.0
ODISHA,koraput,2007.0,42.0,34,41,0.0,41.0,32,29,3,4,126,10,54,0,590743,47.2,198449.0,416.0,416.0,374.0
ODISHA,koraput,2008.0,51.0,52,47,0.0,47.0,28,27,1,3,113,7,45,0,590743,47.2,198449.0,421.0,421.0,386.0
ODISHA,koraput,2009.0,36.0,39,41,0.0,41.0,31,27,4,2,82,3,95,0,590743,47.2,198449.0,401.0,401.0,367.0
ODISHA,koraput,2010.0,26.0,44,41,0.0,41.0,23,19,4,0,122,11,42,0,590743,47.2,198449.0,373.0,373.0,339.0
ODISHA,koraput,2011.0,46.0,42,53,0.0,53.0,40,36,4,0,126,10,48,0,590743,47.2,198449.0,458.0,458.0,408.0
ODISHA,koraput,2012.0,55.0,50,73,0.0,73.0,36,31,5,21,114,9,0,0,590743,47.2,198449.0,467.0,467.0,422.0
ODISHA,koraput,2015.0,,0,119,0.0,,0,86,18,12,164,9,154,0,590743,47.2,198449.0,562.0,562.0,553.0
ODISHA,koraput,2019.0,0.0,3,55,0.0,0.0,113,113,0,0,231,6,122,0,590743,47.2,198449.0,643.0,643.0,524.0
ODISHA,koraput,2020.0,1.0,0,33,0.0,0.0,97,97,0,0,323,4,103,0,590743,47.2,198449.0,658.0,658.0,557.0
ODISHA,malkangiri,2015.0,,0,28,0.0,,20,24,4,4,66,5,14,0,252507,40.14,34616.0,165.0,165.0,140.0
ODISHA,malkangiri,2019.0,0.0,5,23,0.0,0.0,74,74,0,2,135,14,62,0,252507,40.14,34616.0,389.0,389.0,301.0
ODISHA,malkangiri,2020.0,0.0,0,15,0.0,0.0,80,80,0,3,192,9,75,0,252507,40.14,34616.0,454.0,454.0,365.0
ODISHA,mayurbhanj,2001.0,74.0,45,77,0.0,77.0,31,31,0,19,141,0,74,0,1123200,65.76,155700.0,569.0,569.0,538.0
ODISHA,mayurbhanj,2002.0,83.0,40,68,0.0,68.0,29,24,5,26,125,0,106,0,1123200,65.76,155700.0,574.0,574.0,545.0
ODISHA,mayurbhanj,2003.0,79.0,46,70,0.0,70.0,28,2,26,11,120,8,135,0,1123200,65.76,155700.0,595.0,595.0,559.0
ODISHA,mayurbhanj,2004.0,77.0,66,84,0.0,84.0,26,25,1,21,102,0,125,0,1123200,65.76,155700.0,611.0,611.0,585.0
ODISHA,mayurbhanj,2005.0,70.0,38,102,0.0,102.0,40,37,3,19,136,0,180,0,1123200,65.76,155700.0,727.0,727.0,687.0
ODISHA,mayurbhanj,2006.0,84.0,42,88,0.0,88.0,38,37,1,25,159,15,61,0,1123200,65.76,155700.0,638.0,638.0,585.0
ODISHA,mayurbhanj,2007.0,98.0,54,74,0.0,74.0,32,29,3,16,176,22,68,0,1123200,65.76,155700.0,646.0,646.0,592.0
ODISHA,mayurbhanj,2008.0,83.0,65,90,0.0,90.0,51,45,6,27,200,23,58,0,1123200,65.76,155700.0,738.0,738.0,664.0
ODISHA,mayurbhanj,2009.0,96.0,66,80,0.0,80.0,64,60,4,26,214,13,152,0,1123200,65.76,155700.0,855.0,855.0,778.0
ODISHA,mayurbhanj,2010.0,88.0,62,76,0.0,76.0,73,72,1,27,189,10,146,0,1123200,65.76,155700.0,820.0,820.0,737.0
ODISHA,mayurbhanj,2011.0,103.0,73,76,0.0,76.0,89,87,2,34,227,20,143,0,1123200,65.76,155700.0,930.0,930.0,821.0
ODISHA,mayurbhanj,2012.0,80.0,60,86,0.0,86.0,67,67,0,34,295,12,129,0,1123200,65.76,155700.0,916.0,916.0,837.0
ODISHA,mayurbhanj,2015.0,,14,154,0.0,,93,126,20,0,301,28,242,0,1123200,65.76,155700.0,978.0,978.0,857.0
ODISHA,mayurbhanj,2019.0,0.0,0,72,0.0,0.0,169,169,0,5,456,19,162,0,1123200,65.76,155700.0,1052.0,1052.0,864.0
ODISHA,mayurbhanj,2020.0,4.0,0,138,0.0,0.0,271,271,0,7,502,60,294,0,1123200,65.76,155700.0,1547.0,1547.0,1216.0
ODISHA,nayagarh,2001.0,26.0,43,17,0.0,17.0,23,18,5,14,11,3,9,0,446177,82.66,37066.0,186.0,186.0,160.0
ODISHA,nayagarh,2002.0,28.0,61,9,0.0,9.0,14,11,3,8,2,1,11,0,446177,82.66,37066.0,157.0,157.0,142.0
ODISHA,nayagarh,2003.0,28.0,34,15,0.0,15.0,18,11,7,12,10,2,15,0,446177,82.66,37066.0,167.0,167.0,147.0
ODISHA,nayagarh,2004.0,30.0,19,17,0.0,17.0,20,14,6,1,11,3,10,0,446177,82.66,37066.0,148.0,148.0,125.0
ODISHA,nayagarh,2005.0,28.0,7,17,0.0,17.0,25,20,5,4,10,3,14,0,446177,82.66,37066.0,150.0,150.0,122.0
ODISHA,nayagarh,2006.0,35.0,12,17,0.0,17.0,21,16,5,12,16,4,12,0,446177,82.66,37066.0,167.0,167.0,142.0
ODISHA,nayagarh,2007.0,31.0,26,21,0.0,21.0,35,27,8,14,13,6,21,0,446177,82.66,37066.0,223.0,223.0,182.0
ODISHA,nayagarh,2008.0,33.0,8,34,0.0,34.0,25,21,4,10,7,5,85,0,446177,82.66,37066.0,266.0,266.0,236.0
ODISHA,nayagarh,2009.0,29.0,12,29,0.0,29.0,28,22,6,11,12,3,87,0,446177,82.66,37066.0,268.0,268.0,237.0
ODISHA,nayagarh,2010.0,39.0,8,20,0.0,20.0,24,20,4,16,12,2,14,0,446177,82.66,37066.0,179.0,179.0,153.0
ODISHA,nayagarh,2011.0,37.0,40,25,0.0,25.0,30,26,4,16,4,1,89,0,446177,82.66,37066.0,297.0,297.0,266.0
ODISHA,nayagarh,2012.0,38.0,99,25,0.0,25.0,43,35,8,16,11,1,17,0,446177,82.66,37066.0,318.0,318.0,274.0
ODISHA,nayagarh,2015.0,,7,35,0.0,,17,52,20,20,79,4,21,0,446177,82.66,37066.0,255.0,255.0,234.0
ODISHA,nayagarh,2019.0,0.0,2,27,0.0,0.0,81,81,0,17,164,2,35,0,446177,82.66,37066.0,409.0,409.0,326.0
ODISHA,nayagarh,2020.0,3.0,0,18,0.0,0.0,68,81,0,16,157,1,42,0,446177,82.66,37066.0,386.0,386.0,317.0
ODISHA,nuapada,2001.0,13.0,2,9,0.0,9.0,4,2,2,0,16,5,17,0,264396,58.46,30038.0,79.0,79.0,70.0
ODISHA,nuapada,2002.0,15.0,9,5,0.0,5.0,9,5,4,2,26,5,17,0,264396,58.46,30038.0,102.0,102.0,88.0
ODISHA,nuapada,2003.0,10.0,6,6,0.0,6.0,4,0,4,0,21,13,16,0,264396,58.46,30038.0,86.0,86.0,69.0
ODISHA,nuapada,2004.0,6.0,5,10,0.0,10.0,7,6,1,1,22,4,10,0,264396,58.46,30038.0,82.0,82.0,71.0
ODISHA,nuapada,2005.0,11.0,2,6,0.0,6.0,7,5,2,2,38,3,14,0,264396,58.46,30038.0,96.0,96.0,86.0
ODISHA,nuapada,2006.0,13.0,4,9,0.0,9.0,6,3,3,6,38,5,17,0,264396,58.46,30038.0,113.0,113.0,102.0
ODISHA,nuapada,2007.0,17.0,13,5,0.0,5.0,14,11,3,8,43,4,17,0,264396,58.46,30038.0,140.0,140.0,122.0
ODISHA,nuapada,2008.0,11.0,8,14,0.0,14.0,17,11,6,2,59,4,37,0,264396,58.46,30038.0,183.0,183.0,162.0
ODISHA,nuapada,2009.0,17.0,5,17,0.0,17.0,12,10,2,1,53,3,14,0,264396,58.46,30038.0,151.0,151.0,136.0
ODISHA,nuapada,2010.0,12.0,9,13,0.0,13.0,11,10,1,0,44,3,9,0,264396,58.46,30038.0,125.0,125.0,111.0
ODISHA,nuapada,2011.0,17.0,2,4,0.0,4.0,12,10,2,2,51,6,20,0,264396,58.46,30038.0,130.0,130.0,112.0
ODISHA,nuapada,2012.0,19.0,31,18,0.0,18.0,19,17,2,1,62,6,13,0,264396,58.46,30038.0,206.0,206.0,181.0
ODISHA,nuapada,2015.0,,0,24,0.0,,0,32,0,1,97,6,75,0,264396,58.46,30038.0,235.0,235.0,229.0
ODISHA,nuapada,2019.0,0.0,2,9,0.0,0.0,49,49,0,2,177,11,44,0,264396,58.46,30038.0,343.0,343.0,283.0
ODISHA,nuapada,2020.0,0.0,0,3,0.0,0.0,51,51,0,0,123,9,26,0,264396,58.46,30038.0,263.0,263.0,203.0
ODISHA,puri,2001.0,25.0,96,41,0.0,41.0,32,24,8,29,13,0,32,0,763389,88.08,204028.0,341.0,341.0,309.0
ODISHA,puri,2002.0,47.0,139,41,0.0,41.0,31,28,3,23,15,2,16,0,763389,88.08,204028.0,386.0,386.0,353.0
ODISHA,puri,2003.0,49.0,125,39,0.0,39.0,19,14,5,0,7,0,24,0,763389,88.08,204028.0,321.0,321.0,302.0
ODISHA,puri,2004.0,40.0,116,36,0.0,36.0,30,24,6,19,22,8,17,0,763389,88.08,204028.0,354.0,354.0,316.0
ODISHA,puri,2005.0,54.0,134,31,0.0,31.0,24,18,6,30,24,8,90,0,763389,88.08,204028.0,450.0,450.0,418.0
ODISHA,puri,2006.0,29.0,9,19,0.0,19.0,33,29,4,30,17,7,17,0,763389,88.08,204028.0,213.0,213.0,173.0
ODISHA,puri,2007.0,21.0,32,43,0.0,43.0,17,12,5,34,19,0,25,0,763389,88.08,204028.0,251.0,251.0,234.0
ODISHA,puri,2008.0,25.0,33,37,0.0,37.0,31,18,13,13,24,7,87,0,763389,88.08,204028.0,325.0,325.0,287.0
ODISHA,puri,2009.0,40.0,72,29,0.0,29.0,48,38,10,20,22,2,71,0,763389,88.08,204028.0,381.0,381.0,331.0
ODISHA,puri,2010.0,52.0,85,22,0.0,22.0,47,40,7,26,16,0,86,0,763389,88.08,204028.0,403.0,403.0,356.0
ODISHA,puri,2011.0,49.0,65,21,0.0,21.0,37,27,10,27,16,1,98,0,763389,88.08,204028.0,372.0,372.0,334.0
ODISHA,puri,2012.0,61.0,67,42,0.0,42.0,55,51,4,26,33,3,161,0,763389,88.08,204028.0,545.0,545.0,487.0
ODISHA,puri,2015.0,,8,64,0.0,,135,135,0,26,139,7,70,0,763389,88.08,204028.0,584.0,584.0,442.0
ODISHA,puri,2019.0,0.0,12,43,0.0,0.0,171,171,0,25,799,30,113,0,763389,88.08,204028.0,1364.0,1364.0,1163.0
ODISHA,puri,2020.0,0.0,0,53,0.0,0.0,177,177,0,20,1027,44,123,0,763389,88.08,204028.0,1621.0,1621.0,1400.0
ODISHA,rayagada,2001.0,35.0,17,9,0.0,9.0,6,0,6,1,33,2,26,0,409792,48.18,115407.0,144.0,144.0,136.0
ODISHA,rayagada,2002.0,18.0,33,15,0.0,15.0,12,0,12,0,56,2,24,0,409792,48.18,115407.0,187.0,187.0,173.0
ODISHA,rayagada,2003.0,27.0,17,14,0.0,14.0,5,5,0,4,44,3,27,0,409792,48.18,115407.0,160.0,160.0,152.0
ODISHA,rayagada,2004.0,25.0,20,19,0.0,19.0,4,0,4,0,59,2,36,0,409792,48.18,115407.0,188.0,188.0,182.0
ODISHA,rayagada,2005.0,27.0,20,17,0.0,17.0,3,0,3,2,44,5,37,0,409792,48.18,115407.0,175.0,175.0,167.0
ODISHA,rayagada,2006.0,37.0,16,22,0.0,22.0,13,10,3,7,53,4,23,12,409792,48.18,115407.0,222.0,222.0,205.0
ODISHA,rayagada,2007.0,31.0,22,23,0.0,23.0,14,14,0,2,71,4,23,0,409792,48.18,115407.0,227.0,227.0,209.0
ODISHA,rayagada,2008.0,24.0,10,19,0.0,19.0,14,10,4,6,54,1,23,0,409792,48.18,115407.0,184.0,184.0,169.0
ODISHA,rayagada,2009.0,22.0,16,36,0.0,36.0,16,16,0,3,55,2,35,0,409792,48.18,115407.0,237.0,237.0,219.0
ODISHA,rayagada,2010.0,33.0,15,28,0.0,28.0,33,30,3,7,79,4,27,0,409792,48.18,115407.0,287.0,287.0,250.0
ODISHA,rayagada,2011.0,38.0,45,32,0.0,32.0,36,34,2,7,106,6,38,0,409792,48.18,115407.0,376.0,376.0,334.0
ODISHA,rayagada,2012.0,24.0,51,41,0.0,41.0,43,40,3,4,111,9,29,0,409792,48.18,115407.0,396.0,396.0,344.0
ODISHA,rayagada,2015.0,,0,66,0.0,,21,78,51,5,88,13,56,0,409792,48.18,115407.0,378.0,378.0,344.0
ODISHA,rayagada,2019.0,0.0,0,33,0.0,0.0,107,107,0,5,163,31,61,0,409792,48.18,115407.0,507.0,507.0,369.0
ODISHA,rayagada,2020.0,1.0,0,22,0.0,0.0,76,88,3,3,182,30,93,0,409792,48.18,115407.0,498.0,498.0,392.0
ODISHA,sambalpur,2001.0,39.0,90,18,0.0,18.0,13,9,4,0,82,9,18,0,475122,78.99,253778.0,300.0,300.0,278.0
ODISHA,sambalpur,2002.0,41.0,57,15,0.0,15.0,5,3,2,5,84,7,6,0,475122,78.99,253778.0,240.0,240.0,228.0
ODISHA,sambalpur,2003.0,29.0,48,22,0.0,22.0,10,9,1,1,61,13,15,0,475122,78.99,253778.0,231.0,231.0,208.0
ODISHA,sambalpur,2004.0,43.0,49,22,0.0,22.0,16,10,6,0,57,8,25,0,475122,78.99,253778.0,258.0,258.0,234.0
ODISHA,sambalpur,2005.0,44.0,84,15,0.0,15.0,25,17,8,3,76,10,22,0,475122,78.99,253778.0,319.0,319.0,284.0
ODISHA,sambalpur,2006.0,43.0,59,25,0.0,25.0,13,8,5,7,106,19,17,0,475122,78.99,253778.0,327.0,327.0,295.0
ODISHA,sambalpur,2007.0,46.0,30,27,0.0,27.0,15,11,4,5,70,6,29,0,475122,78.99,253778.0,270.0,270.0,249.0
ODISHA,sambalpur,2008.0,49.0,55,33,0.0,33.0,13,12,1,6,82,4,39,0,475122,78.99,253778.0,327.0,327.0,310.0
ODISHA,sambalpur,2009.0,43.0,48,35,0.0,35.0,16,12,4,0,38,6,28,0,475122,78.99,253778.0,265.0,265.0,243.0
ODISHA,sambalpur,2010.0,45.0,40,27,0.0,27.0,17,14,3,2,34,3,52,0,475122,78.99,253778.0,264.0,264.0,244.0
ODISHA,sambalpur,2011.0,37.0,54,30,0.0,30.0,13,12,1,2,48,2,29,0,475122,78.99,253778.0,258.0,258.0,243.0
ODISHA,sambalpur,2012.0,54.0,54,57,0.0,57.0,34,26,8,0,62,4,32,0,475122,78.99,253778.0,388.0,388.0,350.0
ODISHA,sambalpur,2015.0,,11,91,0.0,,38,38,0,14,240,10,129,0,475122,78.99,253778.0,571.0,571.0,523.0
ODISHA,sambalpur,2019.0,0.0,8,23,0.0,0.0,66,66,0,2,425,25,115,0,475122,78.99,253778.0,730.0,730.0,639.0
ODISHA,sambalpur,2020.0,1.0,0,31,0.0,0.0,76,76,0,5,434,19,136,0,475122,78.99,253778.0,778.0,778.0,683.0
ODISHA,sundargarh,2001.0,72.0,46,36,0.0,36.0,26,19,7,4,82,10,7,0,935601,75.34,629194.0,345.0,345.0,309.0
ODISHA,sundargarh,2002.0,87.0,57,21,0.0,21.0,15,11,4,4,55,9,27,0,935601,75.34,629194.0,311.0,311.0,287.0
ODISHA,sundargarh,2003.0,83.0,41,21,0.0,21.0,9,6,3,5,52,10,22,0,935601,75.34,629194.0,273.0,273.0,254.0
ODISHA,sundargarh,2004.0,68.0,52,17,0.0,17.0,11,10,1,2,83,13,17,0,935601,75.34,629194.0,291.0,291.0,267.0
ODISHA,sundargarh,2005.0,82.0,45,32,0.0,32.0,8,5,3,2,49,7,27,0,935601,75.34,629194.0,292.0,292.0,277.0
ODISHA,sundargarh,2006.0,73.0,38,39,0.0,39.0,18,15,3,0,70,6,8,0,935601,75.34,629194.0,309.0,309.0,285.0
ODISHA,sundargarh,2007.0,85.0,60,43,0.0,43.0,42,35,7,2,77,5,12,0,935601,75.34,629194.0,411.0,411.0,364.0
ODISHA,sundargarh,2008.0,48.0,49,38,0.0,38.0,17,15,2,7,65,8,6,0,935601,75.34,629194.0,293.0,293.0,268.0
ODISHA,sundargarh,2009.0,30.0,47,20,0.0,20.0,15,13,2,4,41,5,11,0,935601,75.34,629194.0,208.0,208.0,188.0
ODISHA,sundargarh,2010.0,54.0,24,24,0.0,24.0,19,16,3,2,19,1,10,0,935601,75.34,629194.0,196.0,196.0,176.0
ODISHA,sundargarh,2011.0,63.0,42,25,0.0,25.0,15,12,3,5,66,2,7,0,935601,75.34,629194.0,265.0,265.0,248.0
ODISHA,sundargarh,2012.0,48.0,59,40,0.0,40.0,25,15,10,8,73,5,14,0,935601,75.34,629194.0,337.0,337.0,307.0
ODISHA,sundargarh,2015.0,,0,59,0.0,,36,46,1,0,122,3,82,0,935601,75.34,629194.0,349.0,349.0,310.0
ODISHA,sundargarh,2019.0,1.0,0,26,0.0,0.0,0,2,0,5,137,4,88,0,935601,75.34,629194.0,263.0,263.0,259.0
ODISHA,sundargarh,2020.0,0.0,0,28,0.0,0.0,57,61,2,0,195,2,98,0,935601,75.34,629194.0,443.0,443.0,384.0
PUNJAB,amritsar,2001.0,36.0,43,9,0.0,9.0,34,26,8,7,9,0,77,0,1650589,72.61,1223275.0,258.0,258.0,224.0
PUNJAB,amritsar,2002.0,51.0,24,5,0.0,5.0,32,23,9,9,14,0,74,0,1650589,72.61,1223275.0,246.0,246.0,214.0
PUNJAB,amritsar,2003.0,49.0,31,11,0.0,11.0,38,25,13,4,9,0,50,0,1650589,72.61,1223275.0,241.0,241.0,203.0
PUNJAB,amritsar,2004.0,48.0,50,25,0.0,25.0,31,23,8,7,9,0,54,0,1650589,72.61,1223275.0,280.0,280.0,249.0
PUNJAB,amritsar,2005.0,47.0,28,5,0.0,5.0,20,14,6,2,6,0,44,0,1650589,72.61,1223275.0,177.0,177.0,157.0
PUNJAB,amritsar,2006.0,44.0,44,13,0.0,13.0,25,19,6,5,6,0,55,0,1650589,72.61,1223275.0,230.0,230.0,205.0
PUNJAB,amritsar,2007.0,43.0,46,21,0.0,21.0,48,46,2,5,20,6,78,0,1650589,72.61,1223275.0,336.0,336.0,282.0
PUNJAB,amritsar,2008.0,46.0,71,15,0.0,15.0,54,44,10,6,25,11,66,0,1650589,72.61,1223275.0,363.0,363.0,298.0
PUNJAB,amritsar,2009.0,54.0,64,15,0.0,15.0,46,37,9,7,15,6,85,0,1650589,72.61,1223275.0,353.0,353.0,301.0
PUNJAB,amritsar,2011.0,52.0,41,16,0.0,16.0,21,20,1,1,16,0,58,0,1650589,72.61,1223275.0,242.0,242.0,221.0
PUNJAB,bathinda,2015.0,,4,57,0.0,,1,47,6,7,55,2,48,0,632809,67.78,351754.0,227.0,227.0,224.0
PUNJAB,bathinda,2019.0,0.0,4,92,0.0,0.0,1,66,9,4,52,0,79,0,632809,67.78,351754.0,307.0,307.0,306.0
PUNJAB,bathinda,2020.0,1.0,0,33,0.0,0.0,4,43,0,3,34,1,46,0,632809,67.78,351754.0,165.0,165.0,160.0
PUNJAB,faridkot,2001.0,12.0,7,6,0.0,6.0,11,7,4,4,11,0,20,0,292596,68.15,193571.0,88.0,88.0,77.0
PUNJAB,faridkot,2002.0,12.0,12,6,0.0,6.0,11,8,3,5,6,0,23,0,292596,68.15,193571.0,92.0,92.0,81.0
PUNJAB,faridkot,2003.0,12.0,8,10,0.0,10.0,7,5,2,2,8,0,49,0,292596,68.15,193571.0,113.0,113.0,106.0
PUNJAB,faridkot,2004.0,19.0,18,13,0.0,13.0,15,13,2,1,9,1,19,0,292596,68.15,193571.0,123.0,123.0,107.0
PUNJAB,faridkot,2005.0,17.0,36,6,0.0,6.0,10,2,8,1,10,0,9,0,292596,68.15,193571.0,105.0,105.0,95.0
PUNJAB,faridkot,2006.0,18.0,30,9,0.0,9.0,13,5,8,5,25,1,19,0,292596,68.15,193571.0,142.0,142.0,128.0
PUNJAB,faridkot,2007.0,23.0,29,13,0.0,13.0,17,11,6,2,19,0,28,0,292596,68.15,193571.0,161.0,161.0,144.0
PUNJAB,faridkot,2008.0,17.0,20,15,0.0,15.0,13,10,3,1,9,0,16,0,292596,68.15,193571.0,119.0,119.0,106.0
PUNJAB,faridkot,2009.0,24.0,25,17,0.0,17.0,7,6,1,3,9,0,21,0,292596,68.15,193571.0,130.0,130.0,123.0
PUNJAB,faridkot,2010.0,21.0,26,10,0.0,10.0,7,5,2,3,2,0,32,0,292596,68.15,193571.0,118.0,118.0,111.0
PUNJAB,faridkot,2011.0,17.0,18,8,0.0,8.0,7,6,1,1,10,0,20,0,292596,68.15,193571.0,96.0,96.0,89.0
PUNJAB,faridkot,2012.0,22.0,26,17,0.0,17.0,24,18,6,2,11,1,20,0,292596,68.15,193571.0,164.0,164.0,139.0
PUNJAB,faridkot,2015.0,,3,24,0.0,,0,8,0,1,36,0,13,0,292596,68.15,193571.0,85.0,85.0,85.0
PUNJAB,faridkot,2019.0,0.0,2,17,0.0,0.0,0,31,0,2,28,1,25,0,292596,68.15,193571.0,106.0,106.0,105.0
PUNJAB,faridkot,2020.0,0.0,0,10,0.0,0.0,0,38,0,1,21,0,12,0,292596,68.15,193571.0,82.0,82.0,82.0
PUNJAB,fatehgarh sahib,2001.0,16.0,23,11,0.0,11.0,12,6,6,4,4,1,7,0,290137,78.27,151091.0,101.0,101.0,88.0
PUNJAB,fatehgarh sahib,2002.0,14.0,13,0,0.0,0.0,11,6,5,5,5,1,4,0,290137,78.27,151091.0,64.0,64.0,52.0
PUNJAB,fatehgarh sahib,2003.0,11.0,4,9,0.0,9.0,8,4,4,1,2,2,14,0,290137,78.27,151091.0,68.0,68.0,58.0
PUNJAB,fatehgarh sahib,2004.0,26.0,6,4,0.0,4.0,10,4,6,4,10,1,14,0,290137,78.27,151091.0,89.0,89.0,78.0
PUNJAB,fatehgarh sahib,2005.0,17.0,5,6,0.0,6.0,6,5,1,4,1,1,13,0,290137,78.27,151091.0,65.0,65.0,58.0
PUNJAB,fatehgarh sahib,2006.0,17.0,11,10,0.0,10.0,4,3,1,4,5,0,27,0,290137,78.27,151091.0,92.0,92.0,88.0
PUNJAB,fatehgarh sahib,2007.0,10.0,15,15,0.0,15.0,47,24,23,5,17,6,0,0,290137,78.27,151091.0,177.0,177.0,124.0
PUNJAB,fatehgarh sahib,2008.0,17.0,11,13,0.0,13.0,16,9,7,0,5,1,31,0,290137,78.27,151091.0,123.0,123.0,106.0
PUNJAB,fatehgarh sahib,2009.0,18.0,13,7,0.0,7.0,11,4,7,3,8,3,21,0,290137,78.27,151091.0,102.0,102.0,88.0
PUNJAB,fatehgarh sahib,2010.0,16.0,7,11,0.0,11.0,16,11,5,1,6,2,19,0,290137,78.27,151091.0,105.0,105.0,87.0
PUNJAB,fatehgarh sahib,2011.0,13.0,12,4,0.0,4.0,9,8,1,4,4,1,21,0,290137,78.27,151091.0,81.0,81.0,71.0
PUNJAB,fatehgarh sahib,2012.0,17.0,11,15,0.0,15.0,10,7,3,2,3,1,21,0,290137,78.27,151091.0,105.0,105.0,94.0
PUNJAB,fatehgarh sahib,2015.0,,1,22,0.0,,0,13,0,0,32,0,40,0,290137,78.27,151091.0,108.0,108.0,108.0
PUNJAB,fatehgarh sahib,2019.0,0.0,5,16,0.0,0.0,0,29,0,2,25,5,39,0,290137,78.27,151091.0,121.0,121.0,116.0
PUNJAB,fatehgarh sahib,2020.0,0.0,0,9,0.0,0.0,0,24,0,1,14,1,41,0,290137,78.27,151091.0,90.0,90.0,89.0
PUNJAB,gurdaspur,2001.0,22.0,20,12,0.0,12.0,17,14,3,6,4,0,21,0,1113077,79.78,535223.0,131.0,131.0,114.0
PUNJAB,gurdaspur,2002.0,26.0,24,17,0.0,17.0,14,8,6,4,10,0,28,0,1113077,79.78,535223.0,154.0,154.0,140.0
PUNJAB,gurdaspur,2003.0,23.0,19,15,0.0,15.0,5,4,1,4,4,0,19,0,1113077,79.78,535223.0,109.0,109.0,104.0
PUNJAB,gurdaspur,2004.0,19.0,15,16,0.0,16.0,8,6,2,3,6,0,18,0,1113077,79.78,535223.0,109.0,109.0,101.0
PUNJAB,gurdaspur,2005.0,25.0,24,16,0.0,16.0,17,12,5,6,11,0,22,0,1113077,79.78,535223.0,154.0,154.0,137.0
PUNJAB,gurdaspur,2006.0,30.0,21,25,0.0,25.0,16,12,4,14,12,0,31,0,1113077,79.78,535223.0,190.0,190.0,174.0
PUNJAB,gurdaspur,2007.0,19.0,17,30,0.0,30.0,26,21,5,9,15,0,28,0,1113077,79.78,535223.0,200.0,200.0,174.0
PUNJAB,gurdaspur,2008.0,20.0,21,24,0.0,24.0,25,21,4,9,15,0,28,0,1113077,79.78,535223.0,191.0,191.0,166.0
PUNJAB,gurdaspur,2009.0,31.0,32,14,0.0,14.0,32,26,6,2,12,0,40,0,1113077,79.78,535223.0,209.0,209.0,177.0
PUNJAB,gurdaspur,2010.0,22.0,30,30,0.0,30.0,41,28,13,11,19,2,42,0,1113077,79.78,535223.0,268.0,268.0,225.0
PUNJAB,gurdaspur,2011.0,22.0,29,12,0.0,12.0,26,22,4,6,17,0,38,0,1113077,79.78,535223.0,188.0,188.0,162.0
PUNJAB,gurdaspur,2012.0,19.0,27,14,0.0,14.0,37,34,3,10,11,0,45,0,1113077,79.78,535223.0,214.0,214.0,177.0
PUNJAB,gurdaspur,2015.0,,0,17,0.0,,0,25,4,3,16,0,36,0,1113077,79.78,535223.0,101.0,101.0,101.0
PUNJAB,gurdaspur,2019.0,0.0,5,14,0.0,0.0,0,33,0,2,16,0,58,0,1113077,79.78,535223.0,128.0,128.0,128.0
PUNJAB,gurdaspur,2020.0,0.0,0,10,0.0,0.0,0,33,2,2,14,0,52,0,1113077,79.78,535223.0,113.0,113.0,113.0
PUNJAB,hoshiarpur,2001.0,47.0,30,19,0.0,19.0,20,13,7,12,13,0,46,0,765132,86.45,292074.0,226.0,226.0,206.0
PUNJAB,hoshiarpur,2002.0,31.0,38,19,0.0,19.0,16,10,6,12,12,1,55,0,765132,86.45,292074.0,219.0,219.0,202.0
PUNJAB,hoshiarpur,2003.0,38.0,22,30,0.0,30.0,27,14,13,7,13,15,51,0,765132,86.45,292074.0,260.0,260.0,218.0
PUNJAB,hoshiarpur,2004.0,35.0,27,23,0.0,23.0,21,13,8,13,11,0,39,0,765132,86.45,292074.0,213.0,213.0,192.0
PUNJAB,hoshiarpur,2005.0,34.0,30,23,0.0,23.0,19,14,5,8,11,1,46,0,765132,86.45,292074.0,214.0,214.0,194.0
PUNJAB,hoshiarpur,2006.0,36.0,47,25,0.0,25.0,25,15,10,13,14,1,57,0,765132,86.45,292074.0,268.0,268.0,242.0
PUNJAB,hoshiarpur,2007.0,43.0,39,27,0.0,27.0,25,15,10,6,18,0,71,0,765132,86.45,292074.0,281.0,281.0,256.0
PUNJAB,hoshiarpur,2008.0,33.0,49,35,0.0,35.0,22,17,5,13,21,0,73,0,765132,86.45,292074.0,303.0,303.0,281.0
PUNJAB,hoshiarpur,2009.0,39.0,59,37,0.0,37.0,31,24,7,9,12,1,57,0,765132,86.45,292074.0,313.0,313.0,281.0
PUNJAB,hoshiarpur,2010.0,51.0,53,26,0.0,26.0,38,36,2,5,17,1,74,0,765132,86.45,292074.0,329.0,329.0,290.0
PUNJAB,hoshiarpur,2011.0,51.0,43,28,0.0,28.0,31,23,8,11,13,2,72,0,765132,86.45,292074.0,310.0,310.0,277.0
PUNJAB,hoshiarpur,2012.0,45.0,31,33,0.0,33.0,41,28,13,8,14,0,70,0,765132,86.45,292074.0,316.0,316.0,275.0
PUNJAB,hoshiarpur,2015.0,,7,45,0.0,,4,47,1,10,53,0,115,0,765132,86.45,292074.0,282.0,282.0,278.0
PUNJAB,hoshiarpur,2019.0,0.0,2,21,0.0,0.0,3,56,8,4,41,1,98,0,765132,86.45,292074.0,234.0,234.0,230.0
PUNJAB,hoshiarpur,2020.0,1.0,0,21,0.0,0.0,2,46,4,2,31,3,97,0,765132,86.45,292074.0,207.0,207.0,202.0
PUNJAB,jalandhar,2001.0,74.0,72,21,0.0,21.0,70,49,21,17,16,2,104,0,1040177,82.49,931983.0,467.0,467.0,395.0
PUNJAB,jalandhar,2002.0,59.0,64,20,0.0,20.0,50,38,12,14,12,0,82,0,1040177,82.49,931983.0,371.0,371.0,321.0
PUNJAB,jalandhar,2003.0,55.0,79,33,0.0,33.0,64,46,18,13,27,0,107,0,1040177,82.49,931983.0,475.0,475.0,411.0
PUNJAB,jalandhar,2004.0,74.0,85,31,0.0,31.0,53,39,14,14,26,0,109,0,1040177,82.49,931983.0,476.0,476.0,423.0
PUNJAB,jalandhar,2005.0,63.0,83,37,0.0,37.0,80,65,15,7,27,1,78,0,1040177,82.49,931983.0,493.0,493.0,412.0
PUNJAB,jalandhar,2006.0,80.0,122,52,0.0,52.0,125,95,30,6,30,2,93,0,1040177,82.49,931983.0,687.0,687.0,560.0
PUNJAB,jalandhar,2007.0,63.0,118,54,0.0,54.0,113,82,31,12,48,2,120,0,1040177,82.49,931983.0,697.0,697.0,582.0
PUNJAB,jalandhar,2008.0,72.0,105,51,0.0,51.0,110,83,27,10,52,0,133,0,1040177,82.49,931983.0,694.0,694.0,584.0
PUNJAB,jalandhar,2009.0,58.0,133,35,0.0,35.0,96,71,25,13,61,0,140,0,1040177,82.49,931983.0,667.0,667.0,571.0
PUNJAB,jalandhar,2011.0,41.0,51,31,0.0,31.0,32,26,6,6,22,0,57,0,1040177,82.49,931983.0,303.0,303.0,271.0
PUNJAB,kapurthala,2001.0,20.0,24,8,0.0,8.0,17,9,8,2,20,0,34,0,399623,79.02,246527.0,150.0,150.0,133.0
PUNJAB,kapurthala,2002.0,32.0,18,17,0.0,17.0,16,8,8,7,14,0,47,0,399623,79.02,246527.0,184.0,184.0,168.0
PUNJAB,kapurthala,2003.0,22.0,14,11,0.0,11.0,11,5,6,2,3,0,37,0,399623,79.02,246527.0,122.0,122.0,111.0
PUNJAB,kapurthala,2004.0,22.0,23,12,0.0,12.0,12,8,4,5,2,0,32,0,399623,79.02,246527.0,132.0,132.0,120.0
PUNJAB,kapurthala,2005.0,23.0,26,18,0.0,18.0,24,18,6,2,21,0,29,0,399623,79.02,246527.0,185.0,185.0,161.0
PUNJAB,kapurthala,2006.0,28.0,29,13,0.0,13.0,21,15,6,6,12,0,23,0,399623,79.02,246527.0,166.0,166.0,145.0
PUNJAB,kapurthala,2007.0,29.0,33,22,0.0,22.0,22,10,12,7,25,0,42,0,399623,79.02,246527.0,224.0,224.0,202.0
PUNJAB,kapurthala,2008.0,23.0,70,24,0.0,24.0,23,14,9,4,19,0,27,0,399623,79.02,246527.0,237.0,237.0,214.0
PUNJAB,kapurthala,2009.0,25.0,47,21,0.0,21.0,20,14,6,3,5,0,23,0,399623,79.02,246527.0,185.0,185.0,165.0
PUNJAB,kapurthala,2010.0,27.0,54,12,0.0,12.0,25,22,3,2,14,0,31,0,399623,79.02,246527.0,202.0,202.0,177.0
PUNJAB,kapurthala,2011.0,33.0,39,16,0.0,16.0,20,17,3,2,10,0,39,0,399623,79.02,246527.0,195.0,195.0,175.0
PUNJAB,kapurthala,2012.0,24.0,45,16,0.0,16.0,43,34,9,3,8,0,46,0,399623,79.02,246527.0,244.0,244.0,201.0
PUNJAB,kapurthala,2015.0,,2,21,0.0,,2,32,2,5,33,1,46,0,399623,79.02,246527.0,144.0,144.0,141.0
PUNJAB,kapurthala,2019.0,0.0,6,37,0.0,0.0,0,104,13,1,46,0,33,0,399623,79.02,246527.0,240.0,240.0,240.0
PUNJAB,kapurthala,2020.0,0.0,0,13,0.0,0.0,0,68,0,1,21,3,20,0,399623,79.02,246527.0,126.0,126.0,123.0
PUNJAB,ludhiana,2001.0,74.0,68,38,0.0,38.0,88,46,42,11,46,13,249,0,1662716,80.25,1693653.0,713.0,713.0,612.0
PUNJAB,ludhiana,2002.0,68.0,77,40,0.0,40.0,125,88,37,16,88,127,145,0,1662716,80.25,1693653.0,851.0,851.0,599.0
PUNJAB,ludhiana,2003.0,64.0,66,38,0.0,38.0,85,47,38,8,72,175,116,0,1662716,80.25,1693653.0,747.0,747.0,487.0
PUNJAB,ludhiana,2004.0,53.0,55,48,0.0,48.0,70,46,24,5,33,23,104,0,1662716,80.25,1693653.0,509.0,509.0,416.0
PUNJAB,ludhiana,2005.0,61.0,55,42,0.0,42.0,52,37,15,5,26,25,85,0,1662716,80.25,1693653.0,445.0,445.0,368.0
PUNJAB,ludhiana,2006.0,63.0,79,41,0.0,41.0,100,61,39,12,25,17,93,0,1662716,80.25,1693653.0,571.0,571.0,454.0
PUNJAB,ludhiana,2007.0,63.0,76,58,0.0,58.0,120,93,27,9,25,13,107,0,1662716,80.25,1693653.0,649.0,649.0,516.0
PUNJAB,ludhiana,2008.0,73.0,69,46,0.0,46.0,115,78,37,10,36,21,92,0,1662716,80.25,1693653.0,623.0,623.0,487.0
PUNJAB,ludhiana,2009.0,68.0,101,39,0.0,39.0,95,70,25,10,31,9,92,0,1662716,80.25,1693653.0,579.0,579.0,475.0
PUNJAB,ludhiana,2011.0,16.0,30,8,0.0,8.0,15,10,5,4,4,4,22,0,1662716,80.25,1693653.0,126.0,126.0,107.0
PUNJAB,mansa,2001.0,25.0,21,6,0.0,6.0,5,4,1,2,3,0,3,0,366446,58.9,142429.0,76.0,76.0,71.0
PUNJAB,mansa,2002.0,25.0,23,10,0.0,10.0,5,4,1,3,7,0,11,0,366446,58.9,142429.0,99.0,99.0,94.0
PUNJAB,mansa,2003.0,17.0,22,11,0.0,11.0,7,6,1,6,8,0,12,0,366446,58.9,142429.0,101.0,101.0,94.0
PUNJAB,mansa,2004.0,28.0,36,8,0.0,8.0,5,2,3,3,1,0,21,0,366446,58.9,142429.0,115.0,115.0,110.0
PUNJAB,mansa,2005.0,23.0,23,15,0.0,15.0,11,6,5,1,5,0,18,0,366446,58.9,142429.0,122.0,122.0,111.0
PUNJAB,mansa,2006.0,27.0,29,17,0.0,17.0,9,5,4,1,9,0,9,0,366446,58.9,142429.0,127.0,127.0,118.0
PUNJAB,mansa,2007.0,28.0,31,20,0.0,20.0,8,3,5,6,5,0,22,0,366446,58.9,142429.0,148.0,148.0,140.0
PUNJAB,mansa,2008.0,31.0,42,13,0.0,13.0,11,9,2,3,6,0,12,0,366446,58.9,142429.0,142.0,142.0,131.0
PUNJAB,mansa,2009.0,37.0,27,13,0.0,13.0,14,9,5,8,13,1,11,0,366446,58.9,142429.0,151.0,151.0,136.0
PUNJAB,mansa,2010.0,35.0,40,22,0.0,22.0,13,9,4,7,2,1,23,0,366446,58.9,142429.0,178.0,178.0,164.0
PUNJAB,mansa,2011.0,28.0,26,14,0.0,14.0,9,5,4,4,5,0,13,0,366446,58.9,142429.0,122.0,122.0,113.0
PUNJAB,mansa,2012.0,15.0,25,22,0.0,22.0,17,10,7,3,9,0,23,0,366446,58.9,142429.0,153.0,153.0,136.0
PUNJAB,mansa,2015.0,,7,26,0.0,,0,7,0,2,22,0,46,0,366446,58.9,142429.0,110.0,110.0,110.0
PUNJAB,mansa,2019.0,0.0,7,56,0.0,0.0,0,22,0,1,38,2,17,0,366446,58.9,142429.0,143.0,143.0,141.0
PUNJAB,mansa,2020.0,0.0,0,17,0.0,0.0,0,31,0,3,9,5,17,0,366446,58.9,142429.0,82.0,82.0,77.0
PUNJAB,moga,2001.0,23.0,32,11,0.0,11.0,14,9,5,6,8,2,25,0,474139,68.01,178640.0,146.0,146.0,130.0
PUNJAB,moga,2002.0,27.0,35,4,0.0,4.0,14,7,7,7,7,0,14,0,474139,68.01,178640.0,126.0,126.0,112.0
PUNJAB,moga,2003.0,27.0,27,9,0.0,9.0,14,8,6,3,16,0,17,0,474139,68.01,178640.0,136.0,136.0,122.0
PUNJAB,moga,2004.0,35.0,22,11,0.0,11.0,14,9,5,7,5,0,18,0,474139,68.01,178640.0,137.0,137.0,123.0
PUNJAB,moga,2005.0,22.0,34,9,0.0,9.0,18,11,7,3,6,1,13,0,474139,68.01,178640.0,133.0,133.0,114.0
PUNJAB,moga,2006.0,31.0,42,11,0.0,11.0,28,22,6,1,24,0,25,0,474139,68.01,178640.0,201.0,201.0,173.0
PUNJAB,moga,2007.0,37.0,34,7,0.0,7.0,22,14,8,4,20,5,30,0,474139,68.01,178640.0,188.0,188.0,161.0
PUNJAB,moga,2008.0,27.0,29,19,0.0,19.0,24,17,7,3,19,0,22,0,474139,68.01,178640.0,186.0,186.0,162.0
PUNJAB,moga,2009.0,30.0,38,18,0.0,18.0,19,12,7,2,19,1,24,0,474139,68.01,178640.0,188.0,188.0,168.0
PUNJAB,moga,2010.0,34.0,47,18,0.0,18.0,22,13,9,3,10,0,22,0,474139,68.01,178640.0,196.0,196.0,174.0
PUNJAB,moga,2011.0,32.0,60,12,0.0,12.0,26,12,14,5,3,0,26,0,474139,68.01,178640.0,202.0,202.0,176.0
PUNJAB,moga,2012.0,37.0,44,23,0.0,23.0,20,10,10,3,14,0,25,0,474139,68.01,178640.0,209.0,209.0,189.0
PUNJAB,moga,2015.0,,1,22,0.0,,4,39,2,0,33,2,25,0,474139,68.01,178640.0,128.0,128.0,122.0
PUNJAB,moga,2019.0,0.0,3,17,0.0,0.0,0,40,0,1,28,2,36,0,474139,68.01,178640.0,127.0,127.0,125.0
PUNJAB,moga,2020.0,1.0,0,9,0.0,0.0,1,24,1,1,19,0,16,0,474139,68.01,178640.0,72.0,72.0,71.0
PUNJAB,muktsar,2001.0,19.0,27,3,0.0,3.0,3,2,1,1,2,0,16,0,411217,65.39,198564.0,77.0,77.0,74.0
PUNJAB,muktsar,2002.0,18.0,28,8,0.0,8.0,8,1,7,8,3,0,13,0,411217,65.39,198564.0,102.0,102.0,94.0
PUNJAB,muktsar,2003.0,15.0,26,9,0.0,9.0,6,3,3,1,12,0,10,0,411217,65.39,198564.0,94.0,94.0,88.0
PUNJAB,muktsar,2004.0,16.0,22,7,0.0,7.0,10,7,3,1,6,0,24,0,411217,65.39,198564.0,103.0,103.0,93.0
PUNJAB,muktsar,2005.0,26.0,30,18,0.0,18.0,23,15,8,3,18,0,34,0,411217,65.39,198564.0,193.0,193.0,170.0
PUNJAB,muktsar,2006.0,23.0,23,14,0.0,14.0,17,10,7,5,5,0,17,0,411217,65.39,198564.0,135.0,135.0,118.0
PUNJAB,muktsar,2007.0,27.0,32,11,0.0,11.0,22,13,9,4,11,0,13,0,411217,65.39,198564.0,153.0,153.0,131.0
PUNJAB,muktsar,2008.0,25.0,42,12,0.0,12.0,12,8,4,3,6,0,19,0,411217,65.39,198564.0,143.0,143.0,131.0
PUNJAB,muktsar,2009.0,29.0,32,20,0.0,20.0,11,8,3,2,2,0,14,0,411217,65.39,198564.0,141.0,141.0,130.0
PUNJAB,muktsar,2010.0,27.0,26,12,0.0,12.0,15,10,5,3,5,1,23,0,411217,65.39,198564.0,139.0,139.0,123.0
PUNJAB,muktsar,2011.0,24.0,21,17,0.0,17.0,16,14,2,7,8,0,16,0,411217,65.39,198564.0,142.0,142.0,126.0
PUNJAB,muktsar,2012.0,25.0,30,18,0.0,18.0,35,28,7,3,10,2,30,0,411217,65.39,198564.0,206.0,206.0,169.0
PUNJAB,muktsar,2015.0,,2,21,0.0,,0,23,2,1,19,3,37,0,411217,65.39,198564.0,108.0,108.0,105.0
PUNJAB,muktsar,2019.0,0.0,6,26,0.0,0.0,2,66,4,0,27,4,34,0,411217,65.39,198564.0,169.0,169.0,163.0
PUNJAB,muktsar,2020.0,0.0,0,21,0.0,0.0,1,46,1,2,31,5,23,0,411217,65.39,198564.0,130.0,130.0,124.0
PUNJAB,patiala,2001.0,56.0,74,23,0.0,23.0,60,46,14,10,128,19,232,0,987390,75.88,644710.0,685.0,685.0,606.0
PUNJAB,patiala,2002.0,46.0,48,18,0.0,18.0,41,29,12,14,45,0,119,0,987390,75.88,644710.0,390.0,390.0,349.0
PUNJAB,patiala,2003.0,49.0,32,33,0.0,33.0,36,30,6,6,28,0,138,0,987390,75.88,644710.0,391.0,391.0,355.0
PUNJAB,patiala,2004.0,49.0,45,20,0.0,20.0,45,32,13,9,24,2,96,0,987390,75.88,644710.0,355.0,355.0,308.0
PUNJAB,patiala,2005.0,61.0,30,19,0.0,19.0,24,20,4,8,30,2,82,0,987390,75.88,644710.0,299.0,299.0,273.0
PUNJAB,patiala,2006.0,43.0,55,29,0.0,29.0,26,23,3,4,27,1,39,0,987390,75.88,644710.0,279.0,279.0,252.0
PUNJAB,patiala,2007.0,51.0,55,22,0.0,22.0,25,14,11,17,22,0,109,0,987390,75.88,644710.0,348.0,348.0,323.0
PUNJAB,patiala,2008.0,42.0,49,35,0.0,35.0,44,37,7,13,17,0,116,0,987390,75.88,644710.0,395.0,395.0,351.0
PUNJAB,patiala,2009.0,45.0,61,28,0.0,28.0,56,46,10,12,20,0,152,0,987390,75.88,644710.0,458.0,458.0,402.0
PUNJAB,patiala,2010.0,52.0,42,26,0.0,26.0,37,31,6,9,35,1,139,0,987390,75.88,644710.0,404.0,404.0,366.0
PUNJAB,patiala,2011.0,47.0,43,25,0.0,25.0,31,26,5,13,22,0,95,0,987390,75.88,644710.0,332.0,332.0,301.0
PUNJAB,patiala,2012.0,53.0,53,44,0.0,44.0,45,32,13,4,24,0,86,0,987390,75.88,644710.0,398.0,398.0,353.0
PUNJAB,patiala,2015.0,,6,57,0.0,,0,87,87,7,83,0,152,0,987390,75.88,644710.0,479.0,479.0,479.0
PUNJAB,patiala,2019.0,0.0,7,49,0.0,0.0,0,109,12,9,80,1,153,0,987390,75.88,644710.0,420.0,420.0,419.0
PUNJAB,patiala,2020.0,0.0,0,19,0.0,0.0,0,82,5,6,46,0,112,0,987390,75.88,644710.0,270.0,270.0,270.0
PUNJAB,sangrur,2001.0,46.0,45,15,0.0,15.0,28,18,10,10,18,4,36,0,1069289,65.81,584819.0,245.0,245.0,213.0
PUNJAB,sangrur,2002.0,42.0,37,14,0.0,14.0,23,17,6,6,19,4,52,0,1069289,65.81,584819.0,234.0,234.0,207.0
PUNJAB,sangrur,2003.0,33.0,35,19,0.0,19.0,18,14,4,12,14,2,56,0,1069289,65.81,584819.0,226.0,226.0,206.0
PUNJAB,sangrur,2004.0,44.0,50,21,0.0,21.0,16,10,6,3,13,4,42,0,1069289,65.81,584819.0,230.0,230.0,210.0
PUNJAB,sangrur,2005.0,33.0,34,11,0.0,11.0,21,15,6,7,14,1,43,0,1069289,65.81,584819.0,196.0,196.0,174.0
PUNJAB,sangrur,2006.0,23.0,32,24,0.0,24.0,14,10,4,7,18,4,46,0,1069289,65.81,584819.0,206.0,206.0,188.0
PUNJAB,sangrur,2007.0,36.0,58,31,0.0,31.0,26,17,9,5,31,2,51,0,1069289,65.81,584819.0,297.0,297.0,269.0
PUNJAB,sangrur,2008.0,42.0,53,34,0.0,34.0,23,13,10,4,15,3,62,0,1069289,65.81,584819.0,293.0,293.0,267.0
PUNJAB,sangrur,2009.0,34.0,46,25,0.0,25.0,26,12,14,9,6,2,60,0,1069289,65.81,584819.0,259.0,259.0,231.0
PUNJAB,sangrur,2010.0,45.0,47,31,0.0,31.0,19,7,12,8,18,0,51,0,1069289,65.81,584819.0,269.0,269.0,250.0
PUNJAB,sangrur,2011.0,38.0,52,30,0.0,30.0,25,11,14,14,10,0,36,0,1069289,65.81,584819.0,260.0,260.0,235.0
PUNJAB,sangrur,2012.0,41.0,45,34,0.0,34.0,39,31,8,7,24,3,40,0,1069289,65.81,584819.0,306.0,306.0,264.0
PUNJAB,sangrur,2015.0,,2,45,0.0,,0,48,4,9,51,0,64,0,1069289,65.81,584819.0,223.0,223.0,223.0
PUNJAB,sangrur,2019.0,0.0,5,77,0.0,0.0,0,71,0,2,55,6,75,0,1069289,65.81,584819.0,291.0,291.0,285.0
PUNJAB,sangrur,2020.0,0.0,0,62,0.0,0.0,0,63,0,2,69,4,58,0,1069289,65.81,584819.0,258.0,258.0,254.0
RAJASTHAN,ajmer,2001.0,39.0,47,16,0.0,16.0,133,125,8,12,95,0,236,0,1129920,79.37,874676.0,727.0,727.0,594.0
RAJASTHAN,ajmer,2002.0,48.0,63,27,0.0,27.0,124,124,0,23,65,0,285,0,1129920,79.37,874676.0,786.0,786.0,662.0
RAJASTHAN,ajmer,2003.0,47.0,61,36,0.0,36.0,100,95,5,17,75,0,284,0,1129920,79.37,874676.0,756.0,756.0,656.0
RAJASTHAN,ajmer,2004.0,41.0,82,48,0.0,48.0,101,101,0,8,78,0,371,0,1129920,79.37,874676.0,878.0,878.0,777.0
RAJASTHAN,ajmer,2005.0,43.0,54,26,0.0,26.0,89,89,0,11,61,3,339,0,1129920,79.37,874676.0,741.0,741.0,649.0
RAJASTHAN,ajmer,2006.0,44.0,64,53,0.0,53.0,90,90,0,9,114,1,405,0,1129920,79.37,874676.0,923.0,923.0,832.0
RAJASTHAN,ajmer,2007.0,53.0,71,31,0.0,31.0,89,65,24,19,105,3,515,0,1129920,79.37,874676.0,1006.0,1006.0,914.0
RAJASTHAN,ajmer,2008.0,47.0,36,45,0.0,45.0,102,84,18,17,108,0,516,0,1129920,79.37,874676.0,1018.0,1018.0,916.0
RAJASTHAN,ajmer,2009.0,42.0,44,47,0.0,47.0,93,69,24,17,64,1,546,0,1129920,79.37,874676.0,994.0,994.0,900.0
RAJASTHAN,ajmer,2010.0,46.0,43,47,0.0,47.0,105,86,19,12,81,0,615,0,1129920,79.37,874676.0,1101.0,1101.0,996.0
RAJASTHAN,ajmer,2011.0,50.0,41,70,0.0,70.0,123,108,15,15,105,0,709,0,1129920,79.37,874676.0,1306.0,1306.0,1183.0
RAJASTHAN,ajmer,2012.0,38.0,36,70,0.0,70.0,107,76,31,13,72,0,668,0,1129920,79.37,874676.0,1181.0,1181.0,1074.0
RAJASTHAN,ajmer,2015.0,,18,123,0.0,,43,167,113,9,184,1,792,0,1129920,79.37,874676.0,1450.0,1450.0,1406.0
RAJASTHAN,ajmer,2019.0,0.0,34,252,0.0,0.0,215,268,20,12,471,16,971,0,1129920,79.37,874676.0,2259.0,2259.0,2028.0
RAJASTHAN,ajmer,2020.0,1.0,0,208,0.0,0.0,180,233,8,13,589,29,724,0,1129920,79.37,874676.0,1985.0,1985.0,1776.0
RAJASTHAN,alwar,2001.0,85.0,83,34,0.0,34.0,119,87,32,43,124,0,235,0,1586752,78.09,434939.0,876.0,876.0,757.0
RAJASTHAN,alwar,2002.0,82.0,96,44,0.0,44.0,121,89,32,42,115,1,250,0,1586752,78.09,434939.0,916.0,916.0,794.0
RAJASTHAN,alwar,2003.0,80.0,134,50,0.0,50.0,81,60,21,42,114,0,274,0,1586752,78.09,434939.0,906.0,906.0,825.0
RAJASTHAN,alwar,2004.0,60.0,98,43,0.0,43.0,86,67,19,30,98,0,276,0,1586752,78.09,434939.0,820.0,820.0,734.0
RAJASTHAN,alwar,2005.0,78.0,93,52,0.0,52.0,86,61,25,31,110,0,297,0,1586752,78.09,434939.0,885.0,885.0,799.0
RAJASTHAN,alwar,2006.0,75.0,83,81,0.0,81.0,102,68,34,36,111,0,314,0,1586752,78.09,434939.0,985.0,985.0,883.0
RAJASTHAN,alwar,2007.0,89.0,62,73,0.0,73.0,109,65,44,43,141,1,391,0,1586752,78.09,434939.0,1091.0,1091.0,981.0
RAJASTHAN,alwar,2008.0,101.0,59,88,0.0,88.0,142,91,51,38,134,0,429,0,1586752,78.09,434939.0,1221.0,1221.0,1079.0
RAJASTHAN,alwar,2009.0,103.0,77,101,0.0,101.0,184,128,56,35,139,0,516,0,1586752,78.09,434939.0,1440.0,1440.0,1256.0
RAJASTHAN,alwar,2010.0,62.0,51,105,0.0,105.0,164,138,26,42,122,0,588,0,1586752,78.09,434939.0,1403.0,1403.0,1239.0
RAJASTHAN,alwar,2011.0,104.0,51,99,0.0,99.0,161,143,18,53,136,0,556,0,1586752,78.09,434939.0,1420.0,1420.0,1259.0
RAJASTHAN,alwar,2012.0,100.0,88,129,0.0,129.0,243,154,89,47,135,0,655,0,1586752,78.09,434939.0,1769.0,1769.0,1526.0
RAJASTHAN,alwar,2015.0,,77,254,0.0,,111,224,113,44,205,0,717,0,1586752,78.09,434939.0,1745.0,1745.0,1634.0
RAJASTHAN,alwar,2019.0,0.0,104,236,0.0,0.0,48,174,68,24,324,0,685,0,1586752,78.09,434939.0,1663.0,1663.0,1615.0
RAJASTHAN,alwar,2020.0,0.0,0,216,0.0,0.0,44,114,24,21,354,0,464,0,1586752,78.09,434939.0,1237.0,1237.0,1193.0
RAJASTHAN,banswara,2001.0,40.0,24,90,0.0,90.0,61,59,2,10,112,1,151,0,760686,60.45,107363.0,640.0,640.0,578.0
RAJASTHAN,banswara,2002.0,40.0,26,74,0.0,74.0,55,50,5,10,92,1,85,0,760686,60.45,107363.0,512.0,512.0,456.0
RAJASTHAN,banswara,2003.0,35.0,26,53,0.0,53.0,54,51,3,3,89,2,100,0,760686,60.45,107363.0,469.0,469.0,413.0
RAJASTHAN,banswara,2004.0,26.0,22,20,0.0,20.0,54,51,3,7,92,4,86,0,760686,60.45,107363.0,385.0,385.0,327.0
RAJASTHAN,banswara,2005.0,26.0,15,29,0.0,29.0,33,29,4,7,83,1,56,0,760686,60.45,107363.0,312.0,312.0,278.0
RAJASTHAN,banswara,2006.0,29.0,22,27,0.0,27.0,38,36,2,5,79,3,93,0,760686,60.45,107363.0,361.0,361.0,320.0
RAJASTHAN,banswara,2007.0,39.0,13,39,0.0,39.0,46,42,4,4,55,1,100,0,760686,60.45,107363.0,382.0,382.0,335.0
RAJASTHAN,banswara,2008.0,33.0,18,42,0.0,42.0,50,45,5,8,66,1,85,0,760686,60.45,107363.0,395.0,395.0,344.0
RAJASTHAN,banswara,2009.0,33.0,12,40,0.0,40.0,53,49,4,3,43,0,143,0,760686,60.45,107363.0,420.0,420.0,367.0
RAJASTHAN,banswara,2010.0,34.0,15,61,0.0,61.0,57,53,4,8,47,1,151,0,760686,60.45,107363.0,492.0,492.0,434.0
RAJASTHAN,banswara,2011.0,34.0,14,55,0.0,55.0,102,95,7,6,59,2,190,0,760686,60.45,107363.0,619.0,619.0,515.0
RAJASTHAN,banswara,2012.0,34.0,16,56,0.0,56.0,96,87,9,4,49,3,237,0,760686,60.45,107363.0,647.0,647.0,548.0
RAJASTHAN,banswara,2015.0,,3,100,0.0,,0,128,123,13,70,0,212,0,760686,60.45,107363.0,649.0,649.0,649.0
RAJASTHAN,banswara,2019.0,0.0,5,223,0.0,0.0,0,214,46,10,170,0,308,0,760686,60.45,107363.0,976.0,976.0,976.0
RAJASTHAN,banswara,2020.0,0.0,0,93,0.0,0.0,12,115,14,11,140,1,156,0,760686,60.45,107363.0,542.0,542.0,529.0
RAJASTHAN,baran,2001.0,36.0,95,81,0.0,81.0,96,94,2,3,219,5,124,0,535137,75.78,172015.0,836.0,836.0,735.0
RAJASTHAN,baran,2002.0,30.0,89,51,0.0,51.0,89,88,1,6,188,4,160,0,535137,75.78,172015.0,757.0,757.0,664.0
RAJASTHAN,baran,2003.0,25.0,90,50,0.0,50.0,66,66,0,3,175,10,187,0,535137,75.78,172015.0,722.0,722.0,646.0
RAJASTHAN,baran,2004.0,35.0,95,50,0.0,50.0,63,63,0,3,164,5,163,0,535137,75.78,172015.0,691.0,691.0,623.0
RAJASTHAN,baran,2005.0,34.0,80,45,0.0,45.0,47,39,8,3,121,0,212,0,535137,75.78,172015.0,634.0,634.0,587.0
RAJASTHAN,baran,2006.0,33.0,78,37,0.0,37.0,44,40,4,5,114,2,169,0,535137,75.78,172015.0,563.0,563.0,517.0
RAJASTHAN,baran,2007.0,37.0,98,43,0.0,43.0,28,28,0,8,112,1,194,0,535137,75.78,172015.0,592.0,592.0,563.0
RAJASTHAN,baran,2008.0,37.0,109,52,0.0,52.0,45,45,0,10,169,0,181,0,535137,75.78,172015.0,700.0,700.0,655.0
RAJASTHAN,baran,2009.0,36.0,86,55,0.0,55.0,85,84,1,9,130,1,289,0,535137,75.78,172015.0,831.0,831.0,745.0
RAJASTHAN,baran,2010.0,31.0,51,48,0.0,48.0,72,72,0,9,129,2,267,0,535137,75.78,172015.0,729.0,729.0,655.0
RAJASTHAN,baran,2011.0,24.0,38,60,0.0,60.0,91,88,3,10,158,1,351,0,535137,75.78,172015.0,884.0,884.0,792.0
RAJASTHAN,baran,2012.0,45.0,43,69,0.0,69.0,84,84,0,7,185,2,313,0,535137,75.78,172015.0,901.0,901.0,815.0
RAJASTHAN,baran,2015.0,,12,86,0.0,,0,128,0,4,208,0,349,0,535137,75.78,172015.0,787.0,787.0,787.0
RAJASTHAN,baran,2019.0,0.0,17,123,0.0,0.0,40,162,112,2,348,6,471,0,535137,75.78,172015.0,1281.0,1281.0,1235.0
RAJASTHAN,baran,2020.0,0.0,0,121,0.0,0.0,104,144,2,4,337,5,268,0,535137,75.78,172015.0,985.0,985.0,876.0
RAJASTHAN,barmer,2001.0,11.0,26,13,0.0,13.0,21,14,7,13,71,0,45,0,1038247,72.76,145404.0,234.0,234.0,213.0
RAJASTHAN,barmer,2002.0,18.0,28,24,0.0,24.0,25,16,9,8,83,0,66,0,1038247,72.76,145404.0,301.0,301.0,276.0
RAJASTHAN,barmer,2003.0,16.0,16,16,0.0,16.0,26,15,11,17,72,0,63,0,1038247,72.76,145404.0,268.0,268.0,242.0
RAJASTHAN,barmer,2004.0,15.0,22,14,0.0,14.0,21,15,6,9,95,0,69,0,1038247,72.76,145404.0,280.0,280.0,259.0
RAJASTHAN,barmer,2005.0,27.0,28,19,0.0,19.0,26,20,6,13,86,0,72,0,1038247,72.76,145404.0,316.0,316.0,290.0
RAJASTHAN,barmer,2006.0,20.0,24,12,0.0,12.0,26,21,5,7,85,0,74,0,1038247,72.76,145404.0,286.0,286.0,260.0
RAJASTHAN,barmer,2007.0,26.0,27,19,0.0,19.0,29,24,5,9,78,0,103,0,1038247,72.76,145404.0,339.0,339.0,310.0
RAJASTHAN,barmer,2008.0,18.0,23,20,0.0,20.0,24,21,3,14,82,0,116,0,1038247,72.76,145404.0,341.0,341.0,317.0
RAJASTHAN,barmer,2009.0,21.0,29,31,0.0,31.0,29,29,0,14,96,0,150,0,1038247,72.76,145404.0,430.0,430.0,401.0
RAJASTHAN,barmer,2010.0,26.0,27,34,0.0,34.0,33,33,0,18,71,0,194,0,1038247,72.76,145404.0,470.0,470.0,437.0
RAJASTHAN,barmer,2011.0,29.0,27,21,0.0,21.0,34,34,0,27,36,0,201,0,1038247,72.76,145404.0,430.0,430.0,396.0
RAJASTHAN,barmer,2012.0,29.0,30,21,0.0,21.0,35,35,0,20,59,0,237,0,1038247,72.76,145404.0,487.0,487.0,452.0
RAJASTHAN,barmer,2015.0,,5,120,0.0,,0,47,0,39,268,0,278,0,1038247,72.76,145404.0,757.0,757.0,757.0
RAJASTHAN,barmer,2019.0,0.0,64,183,0.0,0.0,1,84,1,17,397,0,402,0,1038247,72.76,145404.0,1149.0,1149.0,1148.0
RAJASTHAN,barmer,2020.0,1.0,0,227,0.0,0.0,3,90,3,24,414,0,370,0,1038247,72.76,145404.0,1132.0,1132.0,1129.0
RAJASTHAN,bharatpur,2001.0,75.0,98,48,0.0,48.0,126,103,23,24,77,0,209,0,1133425,80.54,408960.0,831.0,831.0,705.0
RAJASTHAN,bharatpur,2002.0,87.0,81,59,0.0,59.0,109,79,30,27,29,0,227,0,1133425,80.54,408960.0,787.0,787.0,678.0
RAJASTHAN,bharatpur,2003.0,91.0,92,41,0.0,41.0,105,68,37,30,55,0,228,0,1133425,80.54,408960.0,788.0,788.0,683.0
RAJASTHAN,bharatpur,2004.0,92.0,134,44,0.0,44.0,128,91,37,16,52,0,295,0,1133425,80.54,408960.0,933.0,933.0,805.0
RAJASTHAN,bharatpur,2005.0,91.0,111,46,0.0,46.0,88,58,30,35,44,0,220,0,1133425,80.54,408960.0,769.0,769.0,681.0
RAJASTHAN,bharatpur,2006.0,75.0,60,35,0.0,35.0,82,66,16,16,40,0,274,0,1133425,80.54,408960.0,699.0,699.0,617.0
RAJASTHAN,bharatpur,2007.0,69.0,48,62,0.0,62.0,112,83,29,30,41,1,360,0,1133425,80.54,408960.0,897.0,897.0,784.0
RAJASTHAN,bharatpur,2008.0,63.0,53,74,0.0,74.0,100,75,25,24,39,0,371,0,1133425,80.54,408960.0,898.0,898.0,798.0
RAJASTHAN,bharatpur,2009.0,71.0,78,82,0.0,82.0,188,131,57,35,39,0,437,0,1133425,80.54,408960.0,1200.0,1200.0,1012.0
RAJASTHAN,bharatpur,2010.0,83.0,86,83,0.0,83.0,203,152,51,33,38,0,437,0,1133425,80.54,408960.0,1249.0,1249.0,1046.0
RAJASTHAN,bharatpur,2011.0,95.0,83,69,0.0,69.0,193,139,54,29,85,0,478,0,1133425,80.54,408960.0,1294.0,1294.0,1101.0
RAJASTHAN,bharatpur,2012.0,91.0,77,108,0.0,108.0,212,168,44,32,79,0,567,0,1133425,80.54,408960.0,1486.0,1486.0,1274.0
RAJASTHAN,bharatpur,2015.0,,64,244,0.0,,28,196,31,31,74,0,594,0,1133425,80.54,408960.0,1262.0,1262.0,1234.0
RAJASTHAN,bharatpur,2019.0,0.0,98,290,0.0,0.0,39,245,135,37,94,0,835,0,1133425,80.54,408960.0,1773.0,1773.0,1734.0
RAJASTHAN,bharatpur,2020.0,0.0,0,260,0.0,0.0,39,134,70,41,85,0,771,0,1133425,80.54,408960.0,1400.0,1400.0,1361.0
RAJASTHAN,bhilwara,2001.0,34.0,54,42,0.0,42.0,223,223,0,5,126,3,312,0,1026650,67.39,414851.0,1064.0,1064.0,838.0
RAJASTHAN,bhilwara,2002.0,30.0,46,46,0.0,46.0,196,164,32,4,134,6,339,0,1026650,67.39,414851.0,1043.0,1043.0,841.0
RAJASTHAN,bhilwara,2003.0,24.0,56,42,0.0,42.0,148,112,36,6,111,0,286,0,1026650,67.39,414851.0,863.0,863.0,715.0
RAJASTHAN,bhilwara,2004.0,37.0,43,44,0.0,44.0,157,118,39,11,121,6,342,0,1026650,67.39,414851.0,962.0,962.0,799.0
RAJASTHAN,bhilwara,2005.0,35.0,48,39,0.0,39.0,136,102,34,14,87,0,293,0,1026650,67.39,414851.0,827.0,827.0,691.0
RAJASTHAN,bhilwara,2006.0,36.0,61,40,0.0,40.0,97,76,21,9,81,0,221,0,1026650,67.39,414851.0,682.0,682.0,585.0
RAJASTHAN,bhilwara,2007.0,34.0,46,48,0.0,48.0,66,47,19,10,80,1,329,0,1026650,67.39,414851.0,728.0,728.0,661.0
RAJASTHAN,bhilwara,2008.0,37.0,35,42,0.0,42.0,68,58,10,13,77,0,370,0,1026650,67.39,414851.0,752.0,752.0,684.0
RAJASTHAN,bhilwara,2009.0,36.0,42,52,0.0,52.0,109,87,22,7,97,0,518,0,1026650,67.39,414851.0,1022.0,1022.0,913.0
RAJASTHAN,bhilwara,2010.0,32.0,29,48,0.0,48.0,143,130,13,3,74,1,593,0,1026650,67.39,414851.0,1114.0,1114.0,970.0
RAJASTHAN,bhilwara,2011.0,34.0,30,52,0.0,52.0,85,74,11,16,90,0,558,0,1026650,67.39,414851.0,1002.0,1002.0,917.0
RAJASTHAN,bhilwara,2012.0,29.0,42,59,0.0,59.0,78,70,8,10,98,0,609,0,1026650,67.39,414851.0,1062.0,1062.0,984.0
RAJASTHAN,bhilwara,2015.0,,0,90,0.0,,0,212,0,9,160,1,711,0,1026650,67.39,414851.0,1183.0,1183.0,1182.0
RAJASTHAN,bhilwara,2019.0,0.0,14,206,0.0,0.0,71,251,134,8,408,0,777,0,1026650,67.39,414851.0,1869.0,1869.0,1798.0
RAJASTHAN,bhilwara,2020.0,0.0,0,173,0.0,0.0,32,189,123,12,392,1,551,0,1026650,67.39,414851.0,1473.0,1473.0,1440.0
RAJASTHAN,bikaner,2001.0,21.0,101,35,0.0,35.0,36,34,2,13,53,0,153,0,886075,70.05,595036.0,483.0,483.0,447.0
RAJASTHAN,bikaner,2002.0,40.0,90,24,0.0,24.0,21,21,0,13,34,0,142,0,886075,70.05,595036.0,409.0,409.0,388.0
RAJASTHAN,bikaner,2003.0,50.0,88,27,0.0,27.0,41,28,13,14,50,0,164,0,886075,70.05,595036.0,502.0,502.0,461.0
RAJASTHAN,bikaner,2004.0,52.0,98,41,0.0,41.0,31,25,6,23,48,0,190,0,886075,70.05,595036.0,555.0,555.0,524.0
RAJASTHAN,bikaner,2005.0,39.0,86,30,0.0,30.0,20,20,0,12,67,0,199,0,886075,70.05,595036.0,503.0,503.0,483.0
RAJASTHAN,bikaner,2006.0,35.0,102,29,0.0,29.0,28,27,1,16,63,0,287,0,886075,70.05,595036.0,617.0,617.0,589.0
RAJASTHAN,bikaner,2007.0,39.0,85,32,0.0,32.0,36,33,3,18,76,0,307,0,886075,70.05,595036.0,661.0,661.0,625.0
RAJASTHAN,bikaner,2008.0,38.0,70,48,0.0,48.0,29,28,1,12,74,0,306,0,886075,70.05,595036.0,654.0,654.0,625.0
RAJASTHAN,bikaner,2009.0,41.0,77,37,0.0,37.0,38,36,2,11,83,0,353,0,886075,70.05,595036.0,715.0,715.0,677.0
RAJASTHAN,bikaner,2010.0,39.0,65,41,0.0,41.0,43,34,9,18,58,0,354,0,886075,70.05,595036.0,702.0,702.0,659.0
RAJASTHAN,bikaner,2011.0,39.0,47,55,0.0,55.0,31,25,6,17,54,0,446,0,886075,70.05,595036.0,775.0,775.0,744.0
RAJASTHAN,bikaner,2012.0,45.0,73,67,0.0,67.0,41,35,6,16,31,0,546,0,886075,70.05,595036.0,927.0,927.0,886.0
RAJASTHAN,bikaner,2015.0,,0,91,0.0,,0,65,0,22,68,0,475,0,886075,70.05,595036.0,721.0,721.0,721.0
RAJASTHAN,bikaner,2019.0,0.0,37,227,0.0,0.0,48,106,28,10,200,0,607,0,886075,70.05,595036.0,1263.0,1263.0,1215.0
RAJASTHAN,bikaner,2020.0,0.0,0,166,0.0,0.0,33,76,15,15,211,5,431,0,886075,70.05,595036.0,952.0,952.0,914.0
RAJASTHAN,bundi,2001.0,33.0,72,36,0.0,36.0,120,103,17,2,164,6,157,0,504818,71.68,179562.0,746.0,746.0,620.0
RAJASTHAN,bundi,2002.0,21.0,95,38,0.0,38.0,109,83,26,7,151,3,225,0,504818,71.68,179562.0,796.0,796.0,684.0
RAJASTHAN,bundi,2003.0,28.0,100,42,0.0,42.0,69,49,20,4,152,0,198,0,504818,71.68,179562.0,704.0,704.0,635.0
RAJASTHAN,bundi,2004.0,17.0,102,47,0.0,47.0,99,84,15,4,141,3,228,0,504818,71.68,179562.0,787.0,787.0,685.0
RAJASTHAN,bundi,2005.0,20.0,75,41,0.0,41.0,70,58,12,5,105,0,166,0,504818,71.68,179562.0,593.0,593.0,523.0
RAJASTHAN,bundi,2006.0,22.0,52,39,0.0,39.0,64,53,11,5,103,0,260,0,504818,71.68,179562.0,648.0,648.0,584.0
RAJASTHAN,bundi,2007.0,28.0,55,28,0.0,28.0,57,47,10,2,87,0,204,0,504818,71.68,179562.0,546.0,546.0,489.0
RAJASTHAN,bundi,2008.0,17.0,67,33,0.0,33.0,70,52,18,3,98,0,224,0,504818,71.68,179562.0,615.0,615.0,545.0
RAJASTHAN,bundi,2009.0,24.0,86,37,0.0,37.0,115,93,22,5,138,0,270,0,504818,71.68,179562.0,827.0,827.0,712.0
RAJASTHAN,bundi,2010.0,23.0,50,31,0.0,31.0,93,80,13,3,113,0,285,0,504818,71.68,179562.0,722.0,722.0,629.0
RAJASTHAN,bundi,2011.0,22.0,44,40,0.0,40.0,110,99,11,6,114,0,298,0,504818,71.68,179562.0,784.0,784.0,674.0
RAJASTHAN,bundi,2012.0,18.0,32,43,0.0,43.0,81,77,4,5,90,1,304,0,504818,71.68,179562.0,698.0,698.0,616.0
RAJASTHAN,bundi,2015.0,,0,60,0.0,,0,128,0,3,143,0,293,0,504818,71.68,179562.0,627.0,627.0,627.0
RAJASTHAN,bundi,2019.0,0.0,12,121,0.0,0.0,24,160,127,4,261,0,390,0,504818,71.68,179562.0,1099.0,1099.0,1075.0
RAJASTHAN,bundi,2020.0,0.0,0,103,0.0,0.0,31,126,87,3,242,0,244,0,504818,71.68,179562.0,836.0,836.0,805.0
RAJASTHAN,churu,2001.0,26.0,40,24,0.0,24.0,26,14,12,8,73,3,174,0,987781,79.69,536196.0,424.0,424.0,395.0
RAJASTHAN,churu,2002.0,26.0,48,22,0.0,22.0,31,14,17,8,50,0,163,0,987781,79.69,536196.0,401.0,401.0,370.0
RAJASTHAN,churu,2003.0,29.0,34,22,0.0,22.0,29,14,15,15,76,1,173,0,987781,79.69,536196.0,430.0,430.0,400.0
RAJASTHAN,churu,2004.0,32.0,34,15,0.0,15.0,31,19,12,7,44,0,198,0,987781,79.69,536196.0,407.0,407.0,376.0
RAJASTHAN,churu,2005.0,19.0,33,18,0.0,18.0,28,19,9,7,60,0,149,0,987781,79.69,536196.0,360.0,360.0,332.0
RAJASTHAN,churu,2006.0,18.0,22,17,0.0,17.0,19,11,8,10,16,0,183,0,987781,79.69,536196.0,321.0,321.0,302.0
RAJASTHAN,churu,2007.0,20.0,29,27,0.0,27.0,27,18,9,11,38,0,244,0,987781,79.69,536196.0,450.0,450.0,423.0
RAJASTHAN,churu,2008.0,16.0,39,37,0.0,37.0,43,22,21,16,16,0,212,0,987781,79.69,536196.0,459.0,459.0,416.0
RAJASTHAN,churu,2009.0,32.0,26,33,0.0,33.0,45,22,23,11,19,0,296,0,987781,79.69,536196.0,540.0,540.0,495.0
RAJASTHAN,churu,2010.0,39.0,35,49,0.0,49.0,39,17,22,22,10,0,301,0,987781,79.69,536196.0,583.0,583.0,544.0
RAJASTHAN,churu,2011.0,40.0,46,37,0.0,37.0,33,26,7,10,11,0,342,0,987781,79.69,536196.0,589.0,589.0,556.0
RAJASTHAN,churu,2012.0,42.0,38,59,0.0,59.0,37,26,11,8,5,0,405,0,987781,79.69,536196.0,690.0,690.0,653.0
RAJASTHAN,churu,2015.0,,6,81,0.0,,42,42,0,14,44,0,237,0,987781,79.69,536196.0,466.0,466.0,424.0
RAJASTHAN,churu,2019.0,0.0,10,159,0.0,0.0,1,80,71,13,71,1,464,0,987781,79.69,536196.0,870.0,870.0,868.0
RAJASTHAN,churu,2020.0,0.0,0,140,0.0,0.0,7,84,68,12,92,1,377,0,987781,79.69,536196.0,781.0,781.0,773.0
RAJASTHAN,dausa,2001.0,28.0,21,9,0.0,9.0,40,26,14,8,31,0,60,0,693438,79.35,135818.0,246.0,246.0,206.0
RAJASTHAN,dausa,2002.0,21.0,25,16,0.0,16.0,47,27,20,5,10,0,82,0,693438,79.35,135818.0,269.0,269.0,222.0
RAJASTHAN,dausa,2003.0,33.0,17,17,0.0,17.0,40,21,19,3,20,0,61,0,693438,79.35,135818.0,248.0,248.0,208.0
RAJASTHAN,dausa,2004.0,30.0,15,14,0.0,14.0,50,30,20,14,30,0,89,0,693438,79.35,135818.0,306.0,306.0,256.0
RAJASTHAN,dausa,2005.0,27.0,21,12,0.0,12.0,30,16,14,13,12,0,83,0,693438,79.35,135818.0,240.0,240.0,210.0
RAJASTHAN,dausa,2006.0,25.0,17,16,0.0,16.0,35,19,16,14,34,0,105,0,693438,79.35,135818.0,297.0,297.0,262.0
RAJASTHAN,dausa,2007.0,34.0,18,16,0.0,16.0,67,43,24,12,39,0,112,0,693438,79.35,135818.0,381.0,381.0,314.0
RAJASTHAN,dausa,2008.0,33.0,32,21,0.0,21.0,61,48,13,9,34,0,100,0,693438,79.35,135818.0,372.0,372.0,311.0
RAJASTHAN,dausa,2009.0,29.0,30,13,0.0,13.0,92,62,30,14,19,0,144,0,693438,79.35,135818.0,446.0,446.0,354.0
RAJASTHAN,dausa,2010.0,41.0,31,24,0.0,24.0,97,69,28,18,18,0,162,0,693438,79.35,135818.0,512.0,512.0,415.0
RAJASTHAN,dausa,2011.0,24.0,18,13,0.0,13.0,98,72,26,12,17,0,184,0,693438,79.35,135818.0,477.0,477.0,379.0
RAJASTHAN,dausa,2012.0,30.0,17,14,0.0,14.0,101,75,26,19,9,0,181,0,693438,79.35,135818.0,486.0,486.0,385.0
RAJASTHAN,dausa,2015.0,,0,53,0.0,,61,61,0,5,23,0,199,0,693438,79.35,135818.0,402.0,402.0,341.0
RAJASTHAN,dausa,2019.0,0.0,30,130,0.0,0.0,3,128,122,19,56,0,316,0,693438,79.35,135818.0,804.0,804.0,801.0
RAJASTHAN,dausa,2020.0,0.0,0,114,0.0,0.0,1,96,89,15,53,0,225,0,693438,79.35,135818.0,593.0,593.0,592.0
RAJASTHAN,dungarpur,2001.0,31.0,9,17,0.0,17.0,54,50,4,3,56,0,60,0,547791,66.04,80856.0,301.0,301.0,247.0
RAJASTHAN,dungarpur,2002.0,24.0,16,21,0.0,21.0,43,40,3,4,58,1,42,0,547791,66.04,80856.0,273.0,273.0,229.0
RAJASTHAN,dungarpur,2003.0,30.0,20,15,0.0,15.0,29,29,0,10,50,1,54,0,547791,66.04,80856.0,253.0,253.0,223.0
RAJASTHAN,dungarpur,2004.0,26.0,8,17,0.0,17.0,40,37,3,5,44,0,72,0,547791,66.04,80856.0,269.0,269.0,229.0
RAJASTHAN,dungarpur,2005.0,21.0,11,9,0.0,9.0,31,30,1,3,39,0,50,0,547791,66.04,80856.0,204.0,204.0,173.0
RAJASTHAN,dungarpur,2006.0,23.0,14,18,0.0,18.0,25,20,5,2,64,0,47,0,547791,66.04,80856.0,236.0,236.0,211.0
RAJASTHAN,dungarpur,2007.0,23.0,17,10,0.0,10.0,42,40,2,2,58,0,66,0,547791,66.04,80856.0,270.0,270.0,228.0
RAJASTHAN,dungarpur,2008.0,23.0,15,26,0.0,26.0,50,48,2,11,66,0,94,0,547791,66.04,80856.0,361.0,361.0,311.0
RAJASTHAN,dungarpur,2009.0,29.0,15,29,0.0,29.0,43,36,7,11,47,0,97,0,547791,66.04,80856.0,343.0,343.0,300.0
RAJASTHAN,dungarpur,2010.0,18.0,16,26,0.0,26.0,52,50,2,5,56,0,100,0,547791,66.04,80856.0,351.0,351.0,299.0
RAJASTHAN,dungarpur,2011.0,24.0,11,39,0.0,39.0,89,87,2,5,57,0,134,0,547791,66.04,80856.0,487.0,487.0,398.0
RAJASTHAN,dungarpur,2012.0,26.0,12,32,0.0,32.0,67,65,2,5,48,0,119,0,547791,66.04,80856.0,408.0,408.0,341.0
RAJASTHAN,dungarpur,2015.0,,1,117,0.0,,0,121,0,10,90,0,172,0,547791,66.04,80856.0,511.0,511.0,511.0
RAJASTHAN,dungarpur,2019.0,0.0,2,103,0.0,0.0,0,181,0,10,103,0,135,0,547791,66.04,80856.0,534.0,534.0,534.0
RAJASTHAN,dungarpur,2020.0,0.0,0,97,0.0,0.0,0,187,1,3,129,0,108,0,547791,66.04,80856.0,525.0,525.0,525.0
RAJASTHAN,ganganagar,2001.0,51.0,97,55,0.0,55.0,79,65,14,13,118,2,375,0,955378,75.53,453357.0,924.0,924.0,843.0
RAJASTHAN,ganganagar,2002.0,63.0,94,54,0.0,54.0,60,52,8,19,100,1,391,0,955378,75.53,453357.0,896.0,896.0,835.0
RAJASTHAN,ganganagar,2003.0,59.0,143,75,0.0,75.0,51,47,4,16,69,0,352,0,955378,75.53,453357.0,891.0,891.0,840.0
RAJASTHAN,ganganagar,2004.0,58.0,106,50,0.0,50.0,69,61,8,20,46,2,450,0,955378,75.53,453357.0,920.0,920.0,849.0
RAJASTHAN,ganganagar,2005.0,59.0,114,45,0.0,45.0,53,47,6,10,58,0,373,0,955378,75.53,453357.0,810.0,810.0,757.0
RAJASTHAN,ganganagar,2006.0,67.0,101,39,0.0,39.0,38,35,3,16,64,1,457,0,955378,75.53,453357.0,860.0,860.0,821.0
RAJASTHAN,ganganagar,2007.0,61.0,73,66,0.0,66.0,56,44,12,11,64,2,625,0,955378,75.53,453357.0,1080.0,1080.0,1022.0
RAJASTHAN,ganganagar,2008.0,39.0,71,70,0.0,70.0,66,43,23,16,59,2,276,0,955378,75.53,453357.0,735.0,735.0,667.0
RAJASTHAN,ganganagar,2009.0,67.0,66,89,0.0,89.0,63,56,7,13,61,1,646,0,955378,75.53,453357.0,1158.0,1158.0,1094.0
RAJASTHAN,ganganagar,2010.0,60.0,59,72,0.0,72.0,102,94,8,18,74,2,659,0,955378,75.53,453357.0,1220.0,1220.0,1116.0
RAJASTHAN,ganganagar,2011.0,56.0,76,99,0.0,99.0,76,68,8,19,73,1,653,0,955378,75.53,453357.0,1228.0,1228.0,1151.0
RAJASTHAN,ganganagar,2012.0,51.0,66,77,0.0,77.0,79,73,6,21,58,2,803,0,955378,75.53,453357.0,1313.0,1313.0,1232.0
RAJASTHAN,ganganagar,2015.0,,9,160,0.0,,21,108,62,13,147,0,812,0,955378,75.53,453357.0,1332.0,1332.0,1311.0
RAJASTHAN,ganganagar,2019.0,0.0,51,248,0.0,0.0,47,167,86,13,251,3,914,0,955378,75.53,453357.0,1780.0,1780.0,1730.0
RAJASTHAN,ganganagar,2020.0,0.0,0,200,0.0,0.0,72,146,63,10,292,1,693,0,955378,75.53,453357.0,1477.0,1477.0,1404.0
RAJASTHAN,hanumangarh,2001.0,56.0,83,35,0.0,35.0,49,22,27,20,98,0,241,0,801486,75.18,303538.0,666.0,666.0,617.0
RAJASTHAN,hanumangarh,2002.0,65.0,97,40,0.0,40.0,34,27,7,19,95,1,227,0,801486,75.18,303538.0,652.0,652.0,617.0
RAJASTHAN,hanumangarh,2003.0,59.0,92,56,0.0,56.0,32,24,8,18,93,1,254,0,801486,75.18,303538.0,693.0,693.0,660.0
RAJASTHAN,hanumangarh,2004.0,49.0,96,38,0.0,38.0,35,28,7,12,91,0,291,1,801486,75.18,303538.0,686.0,686.0,651.0
RAJASTHAN,hanumangarh,2005.0,48.0,79,36,0.0,36.0,28,18,10,12,58,0,235,0,801486,75.18,303538.0,560.0,560.0,532.0
RAJASTHAN,hanumangarh,2006.0,44.0,61,31,0.0,31.0,24,14,10,10,65,0,257,0,801486,75.18,303538.0,547.0,547.0,523.0
RAJASTHAN,hanumangarh,2007.0,32.0,137,39,0.0,39.0,24,19,5,14,53,1,179,0,801486,75.18,303538.0,542.0,542.0,517.0
RAJASTHAN,hanumangarh,2008.0,55.0,82,33,0.0,33.0,35,29,6,17,68,0,232,0,801486,75.18,303538.0,590.0,590.0,555.0
RAJASTHAN,hanumangarh,2009.0,48.0,72,54,0.0,54.0,49,43,6,16,60,0,266,0,801486,75.18,303538.0,668.0,668.0,619.0
RAJASTHAN,hanumangarh,2010.0,53.0,66,56,0.0,56.0,50,44,6,15,98,0,427,0,801486,75.18,303538.0,871.0,871.0,821.0
RAJASTHAN,hanumangarh,2011.0,53.0,48,82,0.0,82.0,46,38,8,12,66,0,405,0,801486,75.18,303538.0,840.0,840.0,794.0
RAJASTHAN,hanumangarh,2012.0,49.0,58,92,0.0,92.0,63,57,6,19,43,0,515,0,801486,75.18,303538.0,994.0,994.0,931.0
RAJASTHAN,hanumangarh,2015.0,,14,122,0.0,,80,80,0,14,83,0,549,0,801486,75.18,303538.0,942.0,942.0,862.0
RAJASTHAN,hanumangarh,2019.0,0.0,30,196,0.0,0.0,80,95,0,19,228,6,746,0,801486,75.18,303538.0,1400.0,1400.0,1314.0
RAJASTHAN,hanumangarh,2020.0,2.0,0,172,0.0,0.0,45,87,38,18,204,2,522,0,801486,75.18,303538.0,1090.0,1090.0,1043.0
RAJASTHAN,jaipur,2001.0,91.0,90,61,0.0,61.0,247,203,44,29,179,1,453,0,2768203,82.8,2592067.0,1459.0,1459.0,1211.0
RAJASTHAN,jaipur,2002.0,85.0,116,57,0.0,57.0,256,221,35,32,187,0,517,0,2768203,82.8,2592067.0,1563.0,1563.0,1307.0
RAJASTHAN,jaipur,2003.0,92.0,114,57,0.0,57.0,226,187,39,32,188,0,482,0,2768203,82.8,2592067.0,1474.0,1474.0,1248.0
RAJASTHAN,jaipur,2004.0,83.0,116,81,0.0,81.0,227,182,45,39,240,3,536,0,2768203,82.8,2592067.0,1633.0,1633.0,1403.0
RAJASTHAN,jaipur,2005.0,88.0,95,82,0.0,82.0,211,163,48,40,212,5,538,0,2768203,82.8,2592067.0,1564.0,1564.0,1348.0
RAJASTHAN,jaisalmer,2001.0,9.0,0,2,0.0,2.0,8,7,1,3,21,0,16,0,279101,66.26,76394.0,69.0,69.0,61.0
RAJASTHAN,jaisalmer,2002.0,7.0,0,3,0.0,3.0,5,4,1,5,13,0,17,0,279101,66.26,76394.0,58.0,58.0,53.0
RAJASTHAN,jaisalmer,2003.0,3.0,0,3,0.0,3.0,10,6,4,4,16,0,13,0,279101,66.26,76394.0,62.0,62.0,52.0
RAJASTHAN,jaisalmer,2004.0,5.0,0,2,0.0,2.0,10,4,6,3,14,0,27,0,279101,66.26,76394.0,73.0,73.0,63.0
RAJASTHAN,jaisalmer,2005.0,7.0,0,2,0.0,2.0,9,4,5,5,16,0,16,0,279101,66.26,76394.0,66.0,66.0,57.0
RAJASTHAN,jaisalmer,2006.0,4.0,6,1,0.0,1.0,7,3,4,5,14,0,15,1,279101,66.26,76394.0,61.0,61.0,54.0
RAJASTHAN,jaisalmer,2007.0,5.0,3,4,0.0,4.0,13,7,6,7,9,0,23,0,279101,66.26,76394.0,81.0,81.0,68.0
RAJASTHAN,jaisalmer,2008.0,6.0,1,4,0.0,4.0,11,6,5,10,19,0,24,0,279101,66.26,76394.0,90.0,90.0,79.0
RAJASTHAN,jaisalmer,2009.0,8.0,3,5,0.0,5.0,13,9,4,5,18,0,23,0,279101,66.26,76394.0,93.0,93.0,80.0
RAJASTHAN,jaisalmer,2010.0,7.0,2,3,0.0,3.0,11,7,4,5,25,0,29,0,279101,66.26,76394.0,96.0,96.0,85.0
RAJASTHAN,jaisalmer,2011.0,11.0,8,4,0.0,4.0,7,5,2,5,17,0,20,0,279101,66.26,76394.0,83.0,83.0,76.0
RAJASTHAN,jaisalmer,2012.0,9.0,8,12,0.0,12.0,9,5,4,11,20,0,22,0,279101,66.26,76394.0,112.0,112.0,103.0
RAJASTHAN,jaisalmer,2015.0,,0,9,0.0,,0,13,0,4,53,0,39,0,279101,66.26,76394.0,118.0,118.0,118.0
RAJASTHAN,jaisalmer,2019.0,0.0,8,48,0.0,0.0,4,21,1,9,142,0,71,0,279101,66.26,76394.0,304.0,304.0,300.0
RAJASTHAN,jaisalmer,2020.0,0.0,0,27,0.0,0.0,13,23,2,6,121,0,66,0,279101,66.26,76394.0,258.0,258.0,245.0
RAJASTHAN,jhalawar,2001.0,38.0,99,65,0.0,65.0,89,57,32,8,144,10,224,0,612804,73.31,168242.0,831.0,831.0,732.0
RAJASTHAN,jhalawar,2002.0,44.0,71,61,0.0,61.0,82,60,22,7,150,11,210,0,612804,73.31,168242.0,779.0,779.0,686.0
RAJASTHAN,jhalawar,2003.0,32.0,81,50,0.0,50.0,69,51,18,11,141,1,191,0,612804,73.31,168242.0,695.0,695.0,625.0
RAJASTHAN,jhalawar,2004.0,46.0,98,40,0.0,40.0,88,61,27,4,167,5,258,0,612804,73.31,168242.0,834.0,834.0,741.0
RAJASTHAN,jhalawar,2005.0,40.0,87,40,0.0,40.0,68,46,22,6,160,6,199,0,612804,73.31,168242.0,714.0,714.0,640.0
RAJASTHAN,jhalawar,2006.0,28.0,80,42,0.0,42.0,66,51,15,10,151,3,189,0,612804,73.31,168242.0,677.0,677.0,608.0
RAJASTHAN,jhalawar,2007.0,43.0,105,54,0.0,54.0,49,35,14,10,113,0,222,0,612804,73.31,168242.0,699.0,699.0,650.0
RAJASTHAN,jhalawar,2008.0,58.0,99,44,0.0,44.0,66,44,22,6,144,2,262,0,612804,73.31,168242.0,791.0,791.0,723.0
RAJASTHAN,jhalawar,2009.0,47.0,50,55,0.0,55.0,58,45,13,7,215,3,379,0,612804,73.31,168242.0,927.0,927.0,866.0
RAJASTHAN,jhalawar,2010.0,44.0,67,62,0.0,62.0,62,48,14,6,187,4,303,0,612804,73.31,168242.0,859.0,859.0,793.0
RAJASTHAN,jhalawar,2011.0,33.0,64,67,0.0,67.0,70,55,15,14,201,3,385,0,612804,73.31,168242.0,974.0,974.0,901.0
RAJASTHAN,jhalawar,2012.0,47.0,44,81,0.0,81.0,91,76,15,5,205,2,434,0,612804,73.31,168242.0,1081.0,1081.0,988.0
RAJASTHAN,jhalawar,2015.0,,11,130,0.0,,10,124,0,8,266,0,444,0,612804,73.31,168242.0,993.0,993.0,983.0
RAJASTHAN,jhalawar,2019.0,0.0,12,164,0.0,0.0,156,199,7,6,440,4,610,0,612804,73.31,168242.0,1598.0,1598.0,1438.0
RAJASTHAN,jhalawar,2020.0,1.0,0,158,0.0,0.0,126,171,8,6,347,4,439,0,612804,73.31,168242.0,1260.0,1260.0,1130.0
RAJASTHAN,jodhpur,2001.0,30.0,79,20,0.0,20.0,78,53,25,12,128,3,263,1,1513890,72.96,977082.0,712.0,712.0,631.0
RAJASTHAN,jodhpur,2002.0,38.0,69,33,0.0,33.0,104,76,28,17,157,5,267,0,1513890,72.96,977082.0,827.0,827.0,718.0
RAJASTHAN,jodhpur,2003.0,39.0,68,34,0.0,34.0,96,62,34,15,96,4,282,0,1513890,72.96,977082.0,764.0,764.0,664.0
RAJASTHAN,jodhpur,2004.0,49.0,114,19,0.0,19.0,66,53,13,15,101,2,270,0,1513890,72.96,977082.0,721.0,721.0,653.0
RAJASTHAN,jodhpur,2005.0,47.0,102,29,0.0,29.0,75,58,17,16,98,5,221,0,1513890,72.96,977082.0,697.0,697.0,617.0
RAJASTHAN,karauli,2001.0,35.0,0,21,0.0,21.0,72,50,22,10,37,0,66,0,651998,79.54,171945.0,334.0,334.0,262.0
RAJASTHAN,karauli,2002.0,19.0,17,21,0.0,21.0,58,31,27,15,57,0,55,0,651998,79.54,171945.0,321.0,321.0,263.0
RAJASTHAN,karauli,2003.0,28.0,27,34,0.0,34.0,76,50,26,13,80,0,73,0,651998,79.54,171945.0,441.0,441.0,365.0
RAJASTHAN,karauli,2004.0,26.0,26,45,0.0,45.0,75,46,29,11,70,0,87,0,651998,79.54,171945.0,460.0,460.0,385.0
RAJASTHAN,karauli,2005.0,26.0,20,22,0.0,22.0,62,41,21,14,40,0,116,0,651998,79.54,171945.0,384.0,384.0,322.0
RAJASTHAN,karauli,2006.0,21.0,29,29,0.0,29.0,59,31,28,19,39,0,99,0,651998,79.54,171945.0,383.0,383.0,324.0
RAJASTHAN,karauli,2007.0,37.0,51,28,0.0,28.0,69,43,26,18,35,0,110,0,651998,79.54,171945.0,445.0,445.0,376.0
RAJASTHAN,karauli,2008.0,39.0,34,33,0.0,33.0,64,32,32,11,27,0,99,0,651998,79.54,171945.0,404.0,404.0,340.0
RAJASTHAN,karauli,2009.0,33.0,38,46,0.0,46.0,84,49,35,14,25,0,138,0,651998,79.54,171945.0,508.0,508.0,424.0
RAJASTHAN,karauli,2010.0,35.0,49,42,0.0,42.0,91,72,19,12,24,0,157,0,651998,79.54,171945.0,543.0,543.0,452.0
RAJASTHAN,karauli,2011.0,32.0,44,38,0.0,38.0,108,78,30,18,18,0,174,0,651998,79.54,171945.0,578.0,578.0,470.0
RAJASTHAN,karauli,2012.0,41.0,40,44,0.0,44.0,104,77,27,15,7,0,196,0,651998,79.54,171945.0,595.0,595.0,491.0
RAJASTHAN,karauli,2015.0,,35,56,0.0,,0,94,94,16,98,0,201,0,651998,79.54,171945.0,594.0,594.0,594.0
RAJASTHAN,karauli,2019.0,0.0,64,101,0.0,0.0,55,116,25,6,89,0,356,0,651998,79.54,171945.0,812.0,812.0,757.0
RAJASTHAN,karauli,2020.0,0.0,0,116,0.0,0.0,18,91,36,22,142,0,195,0,651998,79.54,171945.0,620.0,620.0,602.0
RAJASTHAN,kota,2001.0,58.0,310,50,0.0,50.0,146,116,30,17,203,6,319,0,827128,85.23,838577.0,1305.0,1305.0,1153.0
RAJASTHAN,kota,2002.0,56.0,374,37,0.0,37.0,160,132,28,6,154,3,319,0,827128,85.23,838577.0,1306.0,1306.0,1143.0
RAJASTHAN,kota,2003.0,35.0,292,35,0.0,35.0,134,115,19,9,146,2,307,0,827128,85.23,838577.0,1129.0,1129.0,993.0
RAJASTHAN,kota,2004.0,47.0,300,42,0.0,42.0,137,124,13,10,186,1,400,0,827128,85.23,838577.0,1302.0,1302.0,1164.0
RAJASTHAN,kota,2005.0,44.0,303,40,0.0,40.0,109,93,16,5,154,1,361,0,827128,85.23,838577.0,1166.0,1166.0,1056.0
RAJASTHAN,nagaur,2001.0,48.0,17,22,0.0,22.0,59,34,25,14,65,0,102,0,1424967,74.1,477337.0,408.0,408.0,349.0
RAJASTHAN,nagaur,2002.0,43.0,30,39,0.0,39.0,61,28,33,14,78,0,153,0,1424967,74.1,477337.0,518.0,518.0,457.0
RAJASTHAN,nagaur,2003.0,45.0,30,32,0.0,32.0,40,27,13,10,115,0,128,0,1424967,74.1,477337.0,472.0,472.0,432.0
RAJASTHAN,nagaur,2004.0,54.0,35,25,0.0,25.0,40,29,11,16,160,0,154,0,1424967,74.1,477337.0,549.0,549.0,509.0
RAJASTHAN,nagaur,2005.0,38.0,27,33,0.0,33.0,43,40,3,15,169,0,136,0,1424967,74.1,477337.0,537.0,537.0,494.0
RAJASTHAN,nagaur,2006.0,56.0,31,35,0.0,35.0,49,37,12,12,193,0,221,0,1424967,74.1,477337.0,681.0,681.0,632.0
RAJASTHAN,nagaur,2007.0,42.0,46,38,0.0,38.0,49,37,12,12,119,0,252,0,1424967,74.1,477337.0,645.0,645.0,596.0
RAJASTHAN,nagaur,2008.0,36.0,42,33,0.0,33.0,64,48,16,18,142,0,257,0,1424967,74.1,477337.0,689.0,689.0,625.0
RAJASTHAN,nagaur,2009.0,42.0,44,53,0.0,53.0,89,76,13,6,117,0,302,0,1424967,74.1,477337.0,795.0,795.0,706.0
RAJASTHAN,nagaur,2010.0,54.0,31,60,0.0,60.0,69,57,12,22,86,0,348,0,1424967,74.1,477337.0,799.0,799.0,730.0
RAJASTHAN,nagaur,2011.0,44.0,62,70,0.0,70.0,68,60,8,14,66,0,398,0,1424967,74.1,477337.0,860.0,860.0,792.0
RAJASTHAN,nagaur,2012.0,49.0,58,53,0.0,53.0,129,106,23,11,66,0,416,0,1424967,74.1,477337.0,964.0,964.0,835.0
RAJASTHAN,nagaur,2015.0,,0,96,0.0,,0,146,0,10,108,0,512,0,1424967,74.1,477337.0,872.0,872.0,872.0
RAJASTHAN,nagaur,2019.0,0.0,38,170,0.0,0.0,62,141,35,17,279,1,625,0,1424967,74.1,477337.0,1368.0,1368.0,1305.0
RAJASTHAN,nagaur,2020.0,1.0,0,149,0.0,0.0,67,105,15,17,260,2,494,0,1424967,74.1,477337.0,1110.0,1110.0,1041.0
RAJASTHAN,pali,2001.0,43.0,53,25,0.0,25.0,77,61,16,15,115,2,196,0,918856,72.2,390887.0,628.0,628.0,549.0
RAJASTHAN,pali,2002.0,32.0,74,25,0.0,25.0,74,59,15,14,116,3,205,0,918856,72.2,390887.0,642.0,642.0,565.0
RAJASTHAN,pali,2003.0,38.0,54,27,0.0,27.0,80,65,15,9,184,1,190,0,918856,72.2,390887.0,690.0,690.0,609.0
RAJASTHAN,pali,2004.0,42.0,59,31,0.0,31.0,90,83,7,12,127,0,239,0,918856,72.2,390887.0,721.0,721.0,631.0
RAJASTHAN,pali,2005.0,33.0,35,36,0.0,36.0,68,59,9,8,145,1,211,0,918856,72.2,390887.0,641.0,641.0,572.0
RAJASTHAN,pali,2006.0,35.0,46,30,0.0,30.0,68,62,6,10,131,1,220,0,918856,72.2,390887.0,639.0,639.0,570.0
RAJASTHAN,pali,2007.0,30.0,36,39,0.0,39.0,71,62,9,5,108,0,268,0,918856,72.2,390887.0,667.0,667.0,596.0
RAJASTHAN,pali,2008.0,33.0,24,43,0.0,43.0,96,79,17,13,116,1,323,0,918856,72.2,390887.0,788.0,788.0,691.0
RAJASTHAN,pali,2009.0,48.0,37,48,0.0,48.0,101,92,9,8,77,4,403,0,918856,72.2,390887.0,875.0,875.0,770.0
RAJASTHAN,pali,2010.0,41.0,34,53,0.0,53.0,102,98,4,9,75,0,442,0,918856,72.2,390887.0,911.0,911.0,809.0
RAJASTHAN,pali,2011.0,31.0,80,64,0.0,64.0,106,88,18,11,84,0,451,0,918856,72.2,390887.0,997.0,997.0,891.0
RAJASTHAN,pali,2012.0,56.0,56,61,0.0,61.0,107,104,3,9,75,1,464,0,918856,72.2,390887.0,997.0,997.0,889.0
RAJASTHAN,pali,2015.0,,5,79,0.0,,0,139,0,10,229,0,489,0,918856,72.2,390887.0,951.0,951.0,951.0
RAJASTHAN,pali,2019.0,0.0,29,143,0.0,0.0,47,171,65,8,393,4,613,0,918856,72.2,390887.0,1473.0,1473.0,1422.0
RAJASTHAN,pali,2020.0,0.0,0,137,0.0,0.0,35,144,71,8,419,0,510,0,918856,72.2,390887.0,1324.0,1324.0,1289.0
RAJASTHAN,pratapgarh,2008.0,20.0,24,49,0.0,49.0,54,52,2,2,51,0,138,0,1362948,73.99,144555.0,441.0,441.0,387.0
RAJASTHAN,pratapgarh,2009.0,27.0,24,54,0.0,54.0,63,59,4,2,50,0,180,0,1362948,73.99,144555.0,517.0,517.0,454.0
RAJASTHAN,pratapgarh,2010.0,35.0,27,56,0.0,56.0,67,56,11,7,69,0,173,0,1362948,73.99,144555.0,557.0,557.0,490.0
RAJASTHAN,pratapgarh,2011.0,39.0,31,103,0.0,103.0,79,77,2,7,65,0,212,0,1362948,73.99,144555.0,718.0,718.0,639.0
RAJASTHAN,pratapgarh,2012.0,29.0,27,137,0.0,137.0,80,78,2,2,79,0,276,0,1362948,73.99,144555.0,847.0,847.0,767.0
RAJASTHAN,pratapgarh,2015.0,,4,191,0.0,,0,106,1,7,179,0,242,0,1362948,73.99,144555.0,730.0,730.0,730.0
RAJASTHAN,pratapgarh,2019.0,0.0,14,175,0.0,0.0,83,164,1,4,189,0,276,0,1362948,73.99,144555.0,906.0,906.0,823.0
RAJASTHAN,pratapgarh,2020.0,1.0,0,133,0.0,0.0,73,134,0,3,146,0,209,0,1362948,73.99,144555.0,699.0,699.0,626.0
RAJASTHAN,sawai madhopur,2001.0,23.0,19,19,0.0,19.0,62,42,20,6,49,0,97,0,591307,75.74,212640.0,356.0,356.0,294.0
RAJASTHAN,sawai madhopur,2002.0,27.0,25,21,0.0,21.0,52,37,15,2,59,0,113,0,591307,75.74,212640.0,372.0,372.0,320.0
RAJASTHAN,sawai madhopur,2003.0,24.0,32,21,0.0,21.0,42,27,15,10,56,0,112,0,591307,75.74,212640.0,360.0,360.0,318.0
RAJASTHAN,sawai madhopur,2004.0,22.0,21,28,0.0,28.0,50,38,12,13,45,0,113,0,591307,75.74,212640.0,370.0,370.0,320.0
RAJASTHAN,sawai madhopur,2005.0,18.0,33,23,0.0,23.0,36,29,7,8,28,0,114,0,591307,75.74,212640.0,319.0,319.0,283.0
RAJASTHAN,sawai madhopur,2006.0,24.0,24,20,0.0,20.0,47,35,12,7,44,0,136,0,591307,75.74,212640.0,369.0,369.0,322.0
RAJASTHAN,sawai madhopur,2007.0,19.0,21,21,0.0,21.0,48,36,12,13,33,0,131,0,591307,75.74,212640.0,355.0,355.0,307.0
RAJASTHAN,sawai madhopur,2008.0,25.0,31,16,0.0,16.0,50,39,11,6,29,0,144,0,591307,75.74,212640.0,367.0,367.0,317.0
RAJASTHAN,sawai madhopur,2009.0,14.0,29,17,0.0,17.0,83,66,17,10,18,0,171,0,591307,75.74,212640.0,442.0,442.0,359.0
RAJASTHAN,sawai madhopur,2010.0,23.0,27,16,0.0,16.0,86,65,21,0,26,0,179,0,591307,75.74,212640.0,459.0,459.0,373.0
RAJASTHAN,sawai madhopur,2011.0,31.0,30,24,0.0,24.0,89,72,17,4,43,0,201,0,591307,75.74,212640.0,535.0,535.0,446.0
RAJASTHAN,sawai madhopur,2012.0,24.0,27,19,0.0,19.0,95,75,20,6,39,0,213,0,591307,75.74,212640.0,537.0,537.0,442.0
RAJASTHAN,sawai madhopur,2015.0,,13,58,0.0,,29,91,32,11,92,0,262,0,591307,75.74,212640.0,588.0,588.0,559.0
RAJASTHAN,sawai madhopur,2019.0,0.0,29,115,0.0,0.0,8,101,9,8,171,0,319,0,591307,75.74,212640.0,760.0,760.0,752.0
RAJASTHAN,sawai madhopur,2020.0,0.0,0,113,0.0,0.0,7,73,18,13,256,0,224,0,591307,75.74,212640.0,704.0,704.0,697.0
RAJASTHAN,sikar,2001.0,46.0,31,13,0.0,13.0,48,22,26,15,28,0,114,0,1172753,84.34,472538.0,356.0,356.0,308.0
RAJASTHAN,sikar,2002.0,41.0,29,13,0.0,13.0,52,27,25,10,42,0,116,0,1172753,84.34,472538.0,368.0,368.0,316.0
RAJASTHAN,sikar,2003.0,33.0,20,15,0.0,15.0,41,22,19,17,44,0,111,0,1172753,84.34,472538.0,337.0,337.0,296.0
RAJASTHAN,sikar,2004.0,39.0,27,18,0.0,18.0,66,39,27,17,38,0,120,0,1172753,84.34,472538.0,409.0,409.0,343.0
RAJASTHAN,sikar,2005.0,51.0,46,21,0.0,21.0,68,44,24,12,22,0,137,0,1172753,84.34,472538.0,446.0,446.0,378.0
RAJASTHAN,sikar,2006.0,45.0,34,29,0.0,29.0,60,34,26,9,31,0,165,0,1172753,84.34,472538.0,462.0,462.0,402.0
RAJASTHAN,sikar,2007.0,36.0,35,34,0.0,34.0,59,42,17,19,32,0,183,0,1172753,84.34,472538.0,491.0,491.0,432.0
RAJASTHAN,sikar,2008.0,43.0,28,40,0.0,40.0,48,38,10,15,18,0,217,0,1172753,84.34,472538.0,497.0,497.0,449.0
RAJASTHAN,sikar,2009.0,55.0,28,36,0.0,36.0,84,59,25,21,18,0,323,0,1172753,84.34,472538.0,685.0,685.0,601.0
RAJASTHAN,sikar,2010.0,58.0,35,52,0.0,52.0,114,86,28,12,11,0,313,0,1172753,84.34,472538.0,761.0,761.0,647.0
RAJASTHAN,sikar,2011.0,49.0,32,50,0.0,50.0,91,69,22,26,11,0,232,0,1172753,84.34,472538.0,632.0,632.0,541.0
RAJASTHAN,sikar,2012.0,51.0,34,55,0.0,55.0,96,62,34,18,22,0,322,0,1172753,84.34,472538.0,749.0,749.0,653.0
RAJASTHAN,sikar,2015.0,,6,92,0.0,,0,105,61,15,55,0,420,0,1172753,84.34,472538.0,754.0,754.0,754.0
RAJASTHAN,sikar,2019.0,0.0,43,164,0.0,0.0,36,171,96,7,210,1,678,0,1172753,84.34,472538.0,1406.0,1406.0,1369.0
RAJASTHAN,sikar,2020.0,1.0,0,129,0.0,0.0,59,155,73,11,176,2,518,0,1172753,84.34,472538.0,1124.0,1124.0,1063.0
RAJASTHAN,sirohi,2001.0,31.0,35,22,0.0,22.0,24,19,5,8,29,0,79,0,437949,69.89,150890.0,274.0,274.0,250.0
RAJASTHAN,sirohi,2002.0,28.0,26,9,0.0,9.0,44,37,7,3,33,0,83,0,437949,69.89,150890.0,279.0,279.0,235.0
RAJASTHAN,sirohi,2003.0,27.0,29,11,0.0,11.0,35,32,3,6,37,0,97,0,437949,69.89,150890.0,288.0,288.0,253.0
RAJASTHAN,sirohi,2004.0,44.0,28,14,0.0,14.0,33,31,2,6,44,1,86,0,437949,69.89,150890.0,303.0,303.0,269.0
RAJASTHAN,sirohi,2005.0,30.0,24,23,0.0,23.0,24,21,3,4,51,0,104,0,437949,69.89,150890.0,307.0,307.0,283.0
RAJASTHAN,sirohi,2006.0,17.0,20,20,0.0,20.0,26,25,1,7,50,1,99,0,437949,69.89,150890.0,286.0,286.0,259.0
RAJASTHAN,sirohi,2007.0,22.0,21,23,0.0,23.0,37,32,5,5,51,0,130,0,437949,69.89,150890.0,349.0,349.0,312.0
RAJASTHAN,sirohi,2008.0,26.0,21,17,0.0,17.0,40,36,4,5,66,0,110,0,437949,69.89,150890.0,342.0,342.0,302.0
RAJASTHAN,sirohi,2009.0,27.0,29,18,0.0,18.0,28,25,3,4,64,1,132,0,437949,69.89,150890.0,349.0,349.0,320.0
RAJASTHAN,sirohi,2010.0,28.0,37,20,0.0,20.0,34,27,7,6,63,0,175,0,437949,69.89,150890.0,417.0,417.0,383.0
RAJASTHAN,sirohi,2011.0,19.0,28,27,0.0,27.0,60,52,8,5,76,0,156,0,437949,69.89,150890.0,458.0,458.0,398.0
RAJASTHAN,sirohi,2012.0,29.0,16,29,0.0,29.0,69,64,5,4,74,1,180,0,437949,69.89,150890.0,500.0,500.0,430.0
RAJASTHAN,sirohi,2015.0,,10,60,0.0,,16,72,1,4,83,1,216,0,437949,69.89,150890.0,463.0,463.0,446.0
RAJASTHAN,sirohi,2019.0,2.0,14,86,0.0,0.0,25,61,11,4,148,0,265,0,437949,69.89,150890.0,616.0,616.0,591.0
RAJASTHAN,sirohi,2020.0,0.0,0,96,0.0,0.0,18,46,11,3,169,0,240,0,437949,69.89,150890.0,583.0,583.0,565.0
RAJASTHAN,tonk,2001.0,19.0,32,17,0.0,17.0,68,50,18,7,84,6,142,0,626436,70.52,253168.0,460.0,460.0,386.0
RAJASTHAN,tonk,2002.0,22.0,26,18,0.0,18.0,90,72,18,1,45,3,169,0,626436,70.52,253168.0,482.0,482.0,389.0
RAJASTHAN,tonk,2003.0,20.0,27,11,0.0,11.0,60,48,12,5,45,1,179,1,626436,70.52,253168.0,420.0,420.0,359.0
RAJASTHAN,tonk,2004.0,27.0,28,14,0.0,14.0,67,45,22,5,30,2,205,0,626436,70.52,253168.0,459.0,459.0,390.0
RAJASTHAN,tonk,2005.0,24.0,26,18,0.0,18.0,64,52,12,1,37,1,188,0,626436,70.52,253168.0,441.0,441.0,376.0
RAJASTHAN,tonk,2006.0,17.0,31,12,0.0,12.0,56,50,6,5,18,2,249,2,626436,70.52,253168.0,460.0,460.0,402.0
RAJASTHAN,tonk,2007.0,23.0,36,19,0.0,19.0,60,50,10,3,20,1,212,0,626436,70.52,253168.0,453.0,453.0,392.0
RAJASTHAN,tonk,2008.0,15.0,28,22,0.0,22.0,50,46,4,6,41,3,206,0,626436,70.52,253168.0,443.0,443.0,390.0
RAJASTHAN,tonk,2009.0,16.0,29,20,0.0,20.0,47,42,5,4,26,0,252,0,626436,70.52,253168.0,461.0,461.0,414.0
RAJASTHAN,tonk,2010.0,21.0,21,18,0.0,18.0,50,44,6,4,19,1,338,0,626436,70.52,253168.0,540.0,540.0,489.0
RAJASTHAN,tonk,2011.0,28.0,14,25,0.0,25.0,79,75,4,5,23,0,315,0,626436,70.52,253168.0,593.0,593.0,514.0
RAJASTHAN,tonk,2012.0,21.0,24,19,0.0,19.0,69,66,3,3,24,2,309,0,626436,70.52,253168.0,559.0,559.0,488.0
RAJASTHAN,tonk,2015.0,,21,36,0.0,,0,74,0,1,72,0,332,0,626436,70.52,253168.0,536.0,536.0,536.0
RAJASTHAN,tonk,2019.0,1.0,32,120,0.0,0.0,34,177,129,6,188,0,305,0,626436,70.52,253168.0,992.0,992.0,958.0
RAJASTHAN,tonk,2020.0,0.0,0,104,0.0,0.0,65,105,34,5,145,1,265,0,626436,70.52,253168.0,724.0,724.0,658.0
RAJASTHAN,udaipur,2001.0,67.0,101,43,0.0,43.0,161,118,43,9,68,2,127,0,1336004,73.62,490317.0,782.0,782.0,619.0
RAJASTHAN,udaipur,2002.0,65.0,79,39,0.0,39.0,112,75,37,12,71,0,95,0,1336004,73.62,490317.0,624.0,624.0,512.0
RAJASTHAN,udaipur,2003.0,61.0,77,35,0.0,35.0,91,72,19,5,65,2,136,0,1336004,73.62,490317.0,598.0,598.0,505.0
RAJASTHAN,udaipur,2004.0,59.0,76,57,0.0,57.0,134,115,19,14,102,2,199,0,1336004,73.62,490317.0,834.0,834.0,698.0
RAJASTHAN,udaipur,2005.0,61.0,75,45,0.0,45.0,105,88,17,11,101,1,205,0,1336004,73.62,490317.0,754.0,754.0,648.0
RAJASTHAN,udaipur,2006.0,55.0,71,74,0.0,74.0,121,98,23,7,99,1,258,0,1336004,73.62,490317.0,881.0,881.0,759.0
RAJASTHAN,udaipur,2007.0,84.0,85,94,0.0,94.0,135,108,27,10,189,2,297,0,1336004,73.62,490317.0,1125.0,1125.0,988.0
RAJASTHAN,udaipur,2008.0,65.0,77,91,0.0,91.0,174,148,26,11,159,0,294,0,1336004,73.62,490317.0,1136.0,1136.0,962.0
RAJASTHAN,udaipur,2009.0,72.0,71,109,0.0,109.0,180,156,24,15,159,4,353,0,1336004,73.62,490317.0,1252.0,1252.0,1068.0
RAJASTHAN,udaipur,2010.0,77.0,107,111,0.0,111.0,186,151,35,14,192,6,327,0,1336004,73.62,490317.0,1317.0,1317.0,1125.0
RAJASTHAN,udaipur,2011.0,83.0,90,110,0.0,110.0,198,162,36,14,150,0,444,0,1336004,73.62,490317.0,1397.0,1397.0,1199.0
RAJASTHAN,udaipur,2012.0,76.0,80,149,0.0,149.0,190,163,27,9,174,0,499,0,1336004,73.62,490317.0,1516.0,1516.0,1326.0
RAJASTHAN,udaipur,2015.0,,27,191,0.0,,47,234,39,3,344,0,617,0,1336004,73.62,490317.0,1502.0,1502.0,1455.0
RAJASTHAN,udaipur,2019.0,0.0,35,220,0.0,0.0,212,359,21,12,278,2,616,0,1336004,73.62,490317.0,1755.0,1755.0,1541.0
RAJASTHAN,udaipur,2020.0,0.0,0,228,0.0,0.0,214,283,12,10,287,3,402,0,1336004,73.62,490317.0,1439.0,1439.0,1222.0
SIKKIM,east,2001.0,13.0,7,7,0.0,7.0,4,1,3,0,0,8,0,0,132917,81.2,52852.0,50.0,50.0,38.0
SIKKIM,east,2002.0,6.0,1,3,0.0,3.0,5,2,3,0,9,0,2,0,132917,81.2,52852.0,34.0,34.0,29.0
SIKKIM,east,2003.0,7.0,4,5,0.0,5.0,0,0,0,0,11,0,1,0,132917,81.2,52852.0,33.0,33.0,33.0
SIKKIM,east,2004.0,4.0,3,1,0.0,1.0,1,1,0,0,15,0,0,0,132917,81.2,52852.0,26.0,26.0,25.0
SIKKIM,east,2005.0,5.0,10,8,0.0,8.0,2,1,1,0,8,0,3,0,132917,81.2,52852.0,46.0,46.0,44.0
SIKKIM,east,2006.0,10.0,10,10,0.0,10.0,5,4,1,0,6,0,4,0,132917,81.2,52852.0,60.0,60.0,55.0
SIKKIM,east,2007.0,2.0,10,8,0.0,8.0,5,5,0,0,3,0,3,0,132917,81.2,52852.0,44.0,44.0,39.0
SIKKIM,east,2008.0,5.0,5,5,0.0,5.0,2,2,0,0,5,0,3,0,132917,81.2,52852.0,32.0,32.0,30.0
SIKKIM,east,2009.0,7.0,4,5,0.0,5.0,2,2,0,0,4,0,4,0,132917,81.2,52852.0,33.0,33.0,31.0
SIKKIM,east,2010.0,6.0,3,5,0.0,5.0,4,4,0,0,1,0,0,0,132917,81.2,52852.0,28.0,28.0,24.0
SIKKIM,east,2011.0,8.0,3,7,0.0,7.0,5,5,0,0,6,0,2,0,132917,81.2,52852.0,43.0,43.0,38.0
SIKKIM,east,2012.0,3.0,4,13,0.0,13.0,6,6,0,1,7,0,2,0,132917,81.2,52852.0,55.0,55.0,49.0
SIKKIM,east,2015.0,,1,0,0.0,,18,18,0,1,14,2,2,0,132917,81.2,52852.0,56.0,56.0,36.0
SIKKIM,east,2019.0,0.0,2,5,0.0,0.0,0,0,0,0,11,1,1,0,132917,81.2,52852.0,20.0,20.0,19.0
SIKKIM,east,2020.0,0.0,0,7,0.0,0.0,11,11,0,0,16,0,0,0,132917,81.2,52852.0,45.0,45.0,34.0
SIKKIM,north,2001.0,1.0,0,0,0.0,0.0,0,0,0,0,0,0,0,0,23414,75.69,1248.0,1.0,1.0,1.0
SIKKIM,north,2002.0,1.0,0,0,0.0,0.0,1,0,1,0,2,0,0,0,23414,75.69,1248.0,5.0,5.0,4.0
SIKKIM,north,2003.0,1.0,0,2,0.0,2.0,0,0,0,0,0,0,0,0,23414,75.69,1248.0,5.0,5.0,5.0
SIKKIM,north,2004.0,3.0,0,0,0.0,0.0,0,0,0,0,1,0,0,0,23414,75.69,1248.0,4.0,4.0,4.0
SIKKIM,north,2005.0,0.0,2,1,0.0,1.0,0,0,0,0,1,0,0,0,23414,75.69,1248.0,5.0,5.0,5.0
SIKKIM,north,2006.0,1.0,1,3,0.0,3.0,0,0,0,0,0,0,0,0,23414,75.69,1248.0,8.0,8.0,8.0
SIKKIM,north,2007.0,0.0,0,0,0.0,0.0,0,0,0,0,0,0,1,0,23414,75.69,1248.0,1.0,1.0,1.0
SIKKIM,north,2008.0,1.0,2,1,0.0,1.0,0,0,0,0,1,0,0,0,23414,75.69,1248.0,6.0,6.0,6.0
SIKKIM,north,2009.0,2.0,0,0,0.0,0.0,0,0,0,0,0,0,0,0,23414,75.69,1248.0,2.0,2.0,2.0
SIKKIM,north,2010.0,2.0,0,0,0.0,0.0,0,0,0,0,0,0,0,0,23414,75.69,1248.0,2.0,2.0,2.0
SIKKIM,north,2011.0,1.0,0,0,0.0,0.0,0,0,0,0,1,0,0,0,23414,75.69,1248.0,2.0,2.0,2.0
SIKKIM,north,2012.0,1.0,1,0,0.0,0.0,0,0,0,0,0,0,0,0,23414,75.69,1248.0,2.0,2.0,2.0
SIKKIM,north,2015.0,,0,0,0.0,,0,0,0,0,1,0,0,0,23414,75.69,1248.0,1.0,1.0,1.0
SIKKIM,north,2019.0,0.0,1,1,0.0,0.0,0,0,0,0,0,0,0,0,23414,75.69,1248.0,2.0,2.0,2.0
SIKKIM,north,2020.0,0.0,0,2,0.0,0.0,0,0,0,0,0,0,0,0,23414,75.69,1248.0,2.0,2.0,2.0
SIKKIM,south,2001.0,4.0,3,1,0.0,1.0,1,0,1,0,0,4,0,0,68241,74.29,3946.0,15.0,15.0,10.0
SIKKIM,south,2002.0,2.0,2,1,0.0,1.0,1,0,1,0,3,0,1,0,68241,74.29,3946.0,12.0,12.0,11.0
SIKKIM,south,2003.0,3.0,1,1,0.0,1.0,0,0,0,0,6,0,0,0,68241,74.29,3946.0,12.0,12.0,12.0
SIKKIM,south,2004.0,4.0,4,2,0.0,2.0,4,3,1,0,12,0,1,0,68241,74.29,3946.0,33.0,33.0,29.0
SIKKIM,south,2005.0,2.0,2,6,0.0,6.0,1,1,0,0,22,0,0,0,68241,74.29,3946.0,40.0,40.0,39.0
SIKKIM,south,2006.0,6.0,2,5,0.0,5.0,2,2,0,0,5,0,2,0,68241,74.29,3946.0,29.0,29.0,27.0
SIKKIM,south,2007.0,1.0,2,12,0.0,12.0,1,1,0,0,3,0,2,0,68241,74.29,3946.0,34.0,34.0,33.0
SIKKIM,south,2008.0,1.0,0,9,0.0,9.0,1,1,0,0,10,0,0,0,68241,74.29,3946.0,31.0,31.0,30.0
SIKKIM,south,2009.0,5.0,3,8,0.0,8.0,2,2,0,0,5,0,1,0,68241,74.29,3946.0,34.0,34.0,32.0
SIKKIM,south,2010.0,7.0,3,9,0.0,9.0,1,1,0,0,5,0,2,0,68241,74.29,3946.0,37.0,37.0,36.0
SIKKIM,south,2011.0,2.0,3,4,0.0,4.0,4,4,0,0,11,0,1,0,68241,74.29,3946.0,33.0,33.0,29.0
SIKKIM,south,2012.0,1.0,2,12,0.0,12.0,3,3,0,0,6,0,1,0,68241,74.29,3946.0,40.0,40.0,37.0
SIKKIM,south,2015.0,,0,2,0.0,,2,3,0,0,3,0,0,0,68241,74.29,3946.0,10.0,10.0,8.0
SIKKIM,south,2019.0,0.0,0,2,0.0,0.0,0,0,0,0,8,0,0,0,68241,74.29,3946.0,10.0,10.0,10.0
SIKKIM,south,2020.0,0.0,0,3,0.0,0.0,0,0,0,0,2,0,1,0,68241,74.29,3946.0,6.0,6.0,6.0
SIKKIM,west,2001.0,1.0,1,0,0.0,0.0,1,1,0,0,0,2,0,0,63912,66.82,1824.0,6.0,6.0,3.0
SIKKIM,west,2002.0,4.0,2,2,0.0,2.0,2,0,2,0,3,0,0,0,63912,66.82,1824.0,17.0,17.0,15.0
SIKKIM,west,2003.0,3.0,2,2,0.0,2.0,0,0,0,0,8,0,0,0,63912,66.82,1824.0,17.0,17.0,17.0
SIKKIM,west,2004.0,5.0,1,0,0.0,0.0,0,0,0,0,12,0,0,0,63912,66.82,1824.0,18.0,18.0,18.0
SIKKIM,west,2005.0,1.0,2,3,0.0,3.0,0,0,0,0,7,0,1,0,63912,66.82,1824.0,17.0,17.0,17.0
SIKKIM,west,2006.0,4.0,3,2,0.0,2.0,1,1,0,0,3,0,0,0,63912,66.82,1824.0,16.0,16.0,15.0
SIKKIM,west,2007.0,6.0,2,4,0.0,4.0,3,3,0,0,7,0,1,0,63912,66.82,1824.0,30.0,30.0,27.0
SIKKIM,west,2008.0,2.0,0,5,0.0,5.0,1,1,0,0,3,0,2,0,63912,66.82,1824.0,19.0,19.0,18.0
SIKKIM,west,2009.0,5.0,0,5,0.0,5.0,2,2,0,0,1,0,1,0,63912,66.82,1824.0,21.0,21.0,19.0
SIKKIM,west,2010.0,2.0,0,4,0.0,4.0,1,1,0,1,5,0,1,0,63912,66.82,1824.0,19.0,19.0,18.0
SIKKIM,west,2011.0,3.0,1,5,0.0,5.0,1,1,0,0,6,0,1,0,63912,66.82,1824.0,23.0,23.0,22.0
SIKKIM,west,2012.0,2.0,0,9,0.0,9.0,1,1,0,0,6,0,1,0,63912,66.82,1824.0,29.0,29.0,28.0
SIKKIM,west,2015.0,,0,3,0.0,,0,0,0,0,3,0,0,0,63912,66.82,1824.0,6.0,6.0,6.0
SIKKIM,west,2019.0,0.0,0,3,0.0,0.0,0,0,0,0,2,1,0,0,63912,66.82,1824.0,6.0,6.0,5.0
SIKKIM,west,2020.0,0.0,0,0,0.0,0.0,0,0,0,0,0,0,0,0,63912,66.82,1824.0,0.0,0.0,0.0
TAMIL NADU,ariyalur,2001.0,24.0,41,6,0.0,6.0,25,14,11,3,38,4,8,0,346763,77.19,78985.0,180.0,180.0,151.0
TAMIL NADU,ariyalur,2009.0,40.0,22,21,0.0,21.0,19,15,4,3,39,1,7,0,346763,77.19,78985.0,192.0,192.0,172.0
TAMIL NADU,ariyalur,2010.0,27.0,38,20,0.0,20.0,26,24,2,1,64,4,10,0,346763,77.19,78985.0,236.0,236.0,206.0
TAMIL NADU,ariyalur,2011.0,28.0,23,16,0.0,16.0,19,17,2,1,47,3,15,0,346763,77.19,78985.0,187.0,187.0,165.0
TAMIL NADU,ariyalur,2012.0,19.0,32,11,0.0,11.0,47,39,8,1,53,0,13,0,346763,77.19,78985.0,234.0,234.0,187.0
TAMIL NADU,ariyalur,2015.0,,0,5,0.0,,0,3,0,0,19,0,5,0,346763,77.19,78985.0,32.0,32.0,32.0
TAMIL NADU,ariyalur,2020.0,0.0,0,9,0.0,0.0,1,6,0,0,6,0,8,0,346763,77.19,78985.0,30.0,30.0,29.0
TAMIL NADU,chennai,2001.0,91.0,298,28,0.0,28.0,40,0,40,13,70,209,111,0,2219539,90.01,,928.0,928.0,679.0
TAMIL NADU,chennai,2002.0,90.0,294,26,0.0,26.0,44,21,23,20,61,941,106,0,2219539,90.01,,1652.0,1652.0,667.0
TAMIL NADU,chennai,2003.0,71.0,279,38,1.0,37.0,34,0,34,18,90,212,159,0,2219539,90.01,,973.0,973.0,727.0
TAMIL NADU,chennai,2004.0,67.0,210,30,0.0,30.0,37,20,17,23,55,189,154,0,2219539,90.01,,832.0,832.0,606.0
TAMIL NADU,chennai,2005.0,123.0,175,43,0.0,43.0,55,31,24,30,82,102,236,0,2219539,90.01,,944.0,944.0,787.0
TAMIL NADU,chennai,2006.0,131.0,193,29,0.0,29.0,59,41,18,32,87,88,213,0,2219539,90.01,,920.0,920.0,773.0
TAMIL NADU,chennai,2007.0,145.0,247,46,0.0,46.0,83,59,24,43,108,126,323,0,2219539,90.01,,1250.0,1250.0,1041.0
TAMIL NADU,chennai,2008.0,100.0,130,35,0.0,35.0,43,32,11,25,46,67,165,0,2219539,90.01,,689.0,689.0,579.0
TAMIL NADU,chennai,2009.0,96.0,175,39,0.0,39.0,42,37,5,19,42,10,154,0,2219539,90.01,,658.0,658.0,606.0
TAMIL NADU,chennai,2010.0,103.0,158,47,0.0,47.0,47,30,17,16,45,23,125,0,2219539,90.01,,658.0,658.0,588.0
TAMIL NADU,chennai,2011.0,168.0,332,76,0.0,76.0,56,41,15,20,73,121,229,0,2219539,90.01,,1207.0,1207.0,1030.0
TAMIL NADU,chennai,2012.0,180.0,219,94,0.0,94.0,87,65,22,12,90,141,237,0,2219539,90.01,,1241.0,1241.0,1013.0
TAMIL NADU,chennai,2015.0,,4,25,0.0,,7,15,2,7,68,2,196,0,2219539,90.01,,326.0,326.0,317.0
TAMIL NADU,chennai,2020.0,1.0,0,31,0.0,0.0,6,17,1,3,61,7,56,0,2219539,90.01,,183.0,183.0,170.0
TAMIL NADU,coimbatore,2015.0,,0,5,0.0,,0,19,1,1,28,0,28,0,2176031,84.59,2820203.0,82.0,82.0,82.0
TAMIL NADU,coimbatore,2020.0,0.0,0,7,0.0,0.0,0,3,0,0,4,0,13,0,2176031,84.59,2820203.0,27.0,27.0,27.0
TAMIL NADU,cuddalore,2001.0,60.0,177,16,0.0,16.0,21,2,19,9,137,50,21,0,1150908,81.64,754361.0,528.0,528.0,457.0
TAMIL NADU,cuddalore,2002.0,65.0,119,27,0.0,27.0,42,36,6,10,110,21,27,0,1150908,81.64,754361.0,490.0,490.0,427.0
TAMIL NADU,cuddalore,2003.0,62.0,87,19,0.0,19.0,21,10,11,10,73,18,35,0,1150908,81.64,754361.0,365.0,365.0,326.0
TAMIL NADU,cuddalore,2004.0,55.0,102,18,0.0,18.0,41,22,19,6,53,53,25,0,1150908,81.64,754361.0,412.0,412.0,318.0
TAMIL NADU,cuddalore,2005.0,60.0,90,32,0.0,32.0,32,23,9,13,45,0,40,0,1150908,81.64,754361.0,376.0,376.0,344.0
TAMIL NADU,cuddalore,2006.0,52.0,80,21,0.0,21.0,33,33,0,8,28,65,25,0,1150908,81.64,754361.0,366.0,366.0,268.0
TAMIL NADU,cuddalore,2007.0,61.0,114,28,0.0,28.0,57,57,0,3,28,113,50,0,1150908,81.64,754361.0,539.0,539.0,369.0
TAMIL NADU,cuddalore,2008.0,63.0,71,16,0.0,16.0,56,52,4,1,29,80,50,0,1150908,81.64,754361.0,438.0,438.0,302.0
TAMIL NADU,cuddalore,2009.0,46.0,92,20,0.0,20.0,34,34,0,13,32,0,39,0,1150908,81.64,754361.0,330.0,330.0,296.0
TAMIL NADU,cuddalore,2010.0,58.0,115,27,0.0,27.0,39,39,0,8,8,8,38,0,1150908,81.64,754361.0,367.0,367.0,320.0
TAMIL NADU,cuddalore,2011.0,68.0,201,30,0.0,30.0,102,102,0,16,12,0,57,0,1150908,81.64,754361.0,618.0,618.0,516.0
TAMIL NADU,cuddalore,2012.0,70.0,120,40,0.0,40.0,152,124,28,8,64,0,63,0,1150908,81.64,754361.0,709.0,709.0,557.0
TAMIL NADU,cuddalore,2015.0,,0,27,0.0,,0,47,15,3,61,0,53,0,1150908,81.64,754361.0,206.0,206.0,206.0
TAMIL NADU,cuddalore,2020.0,0.0,0,32,0.0,0.0,0,39,0,18,23,0,46,0,1150908,81.64,754361.0,158.0,158.0,158.0
TAMIL NADU,dharmapuri,2001.0,88.0,88,17,0.0,17.0,35,30,5,6,65,8,18,0,1473597,71.6,455946.0,377.0,377.0,334.0
TAMIL NADU,dharmapuri,2002.0,94.0,49,20,0.0,20.0,48,23,25,14,62,8,30,0,1473597,71.6,455946.0,393.0,393.0,337.0
TAMIL NADU,dharmapuri,2003.0,90.0,58,23,0.0,23.0,41,34,7,16,91,11,36,0,1473597,71.6,455946.0,430.0,430.0,378.0
TAMIL NADU,dharmapuri,2004.0,39.0,16,22,0.0,22.0,23,14,9,2,57,14,23,0,1473597,71.6,455946.0,241.0,241.0,204.0
TAMIL NADU,dharmapuri,2005.0,31.0,32,7,0.0,7.0,31,23,8,5,42,4,41,0,1473597,71.6,455946.0,231.0,231.0,196.0
TAMIL NADU,dharmapuri,2006.0,33.0,34,9,0.0,9.0,16,11,5,4,33,8,28,0,1473597,71.6,455946.0,190.0,190.0,166.0
TAMIL NADU,dharmapuri,2007.0,38.0,46,6,0.0,6.0,44,37,7,4,77,0,45,0,1473597,71.6,455946.0,310.0,310.0,266.0
TAMIL NADU,dharmapuri,2008.0,49.0,57,12,0.0,12.0,49,36,13,2,136,3,43,0,1473597,71.6,455946.0,412.0,412.0,360.0
TAMIL NADU,dharmapuri,2009.0,39.0,30,7,0.0,7.0,36,30,6,6,56,5,34,0,1473597,71.6,455946.0,256.0,256.0,215.0
TAMIL NADU,dharmapuri,2010.0,59.0,27,15,0.0,15.0,47,41,6,6,42,3,49,0,1473597,71.6,455946.0,310.0,310.0,260.0
TAMIL NADU,dharmapuri,2011.0,55.0,28,14,0.0,14.0,70,61,9,0,44,0,53,0,1473597,71.6,455946.0,348.0,348.0,278.0
TAMIL NADU,dharmapuri,2012.0,50.0,32,25,0.0,25.0,98,93,5,1,48,2,66,0,1473597,71.6,455946.0,445.0,445.0,345.0
TAMIL NADU,dharmapuri,2015.0,,3,9,0.0,,1,99,0,0,30,2,20,0,1473597,71.6,455946.0,164.0,164.0,161.0
TAMIL NADU,dharmapuri,2020.0,0.0,0,4,0.0,0.0,8,15,1,0,12,0,10,0,1473597,71.6,455946.0,50.0,50.0,42.0
TAMIL NADU,dindigul,2001.0,72.0,74,14,0.0,14.0,49,35,14,8,48,11,8,5,968137,79.76,673252.0,352.0,352.0,292.0
TAMIL NADU,dindigul,2002.0,61.0,38,14,0.0,14.0,26,25,1,2,33,44,23,0,968137,79.76,673252.0,281.0,281.0,211.0
TAMIL NADU,dindigul,2003.0,62.0,35,18,0.0,18.0,23,14,9,3,51,2,30,0,968137,79.76,673252.0,265.0,265.0,240.0
TAMIL NADU,dindigul,2004.0,52.0,48,18,0.0,18.0,26,18,8,7,30,4,38,0,968137,79.76,673252.0,267.0,267.0,237.0
TAMIL NADU,dindigul,2005.0,73.0,51,17,0.0,17.0,36,0,36,5,33,1,35,0,968137,79.76,673252.0,304.0,304.0,267.0
TAMIL NADU,dindigul,2006.0,40.0,40,11,0.0,11.0,40,38,2,4,29,8,43,0,968137,79.76,673252.0,266.0,266.0,218.0
TAMIL NADU,dindigul,2007.0,40.0,79,12,0.0,12.0,50,49,1,3,28,15,66,0,968137,79.76,673252.0,355.0,355.0,290.0
TAMIL NADU,dindigul,2008.0,56.0,71,13,0.0,13.0,53,53,0,3,47,13,99,0,968137,79.76,673252.0,421.0,421.0,355.0
TAMIL NADU,dindigul,2009.0,69.0,77,10,0.0,10.0,61,61,0,1,34,1,87,0,968137,79.76,673252.0,411.0,411.0,349.0
TAMIL NADU,dindigul,2010.0,57.0,91,9,0.0,9.0,43,43,0,1,43,0,107,0,968137,79.76,673252.0,403.0,403.0,360.0
TAMIL NADU,dindigul,2011.0,65.0,81,18,0.0,18.0,50,50,0,3,45,0,117,0,968137,79.76,673252.0,447.0,447.0,397.0
TAMIL NADU,dindigul,2012.0,74.0,89,16,0.0,16.0,97,97,0,4,34,0,111,0,968137,79.76,673252.0,538.0,538.0,441.0
TAMIL NADU,dindigul,2015.0,,0,19,0.0,,11,148,0,4,46,0,96,0,968137,79.76,673252.0,324.0,324.0,313.0
TAMIL NADU,dindigul,2020.0,0.0,0,8,0.0,0.0,2,9,1,0,30,0,27,0,968137,79.76,673252.0,77.0,77.0,75.0
TAMIL NADU,erode,2001.0,63.0,22,9,0.0,9.0,45,14,31,4,72,16,25,0,1309278,75.32,1193963.0,310.0,310.0,249.0
TAMIL NADU,erode,2002.0,59.0,12,13,0.0,13.0,49,28,21,3,68,6,31,0,1309278,75.32,1193963.0,303.0,303.0,248.0
TAMIL NADU,erode,2003.0,53.0,18,11,0.0,11.0,46,33,13,2,60,10,50,0,1309278,75.32,1193963.0,307.0,307.0,251.0
TAMIL NADU,erode,2004.0,59.0,23,13,0.0,13.0,22,20,2,7,35,5,21,0,1309278,75.32,1193963.0,220.0,220.0,193.0
TAMIL NADU,erode,2005.0,55.0,28,22,0.0,22.0,22,16,6,5,72,11,63,0,1309278,75.32,1193963.0,322.0,322.0,289.0
TAMIL NADU,erode,2006.0,43.0,19,13,0.0,13.0,20,14,6,7,35,3,30,0,1309278,75.32,1193963.0,203.0,203.0,180.0
TAMIL NADU,erode,2007.0,54.0,31,20,0.0,20.0,66,62,4,5,64,7,99,0,1309278,75.32,1193963.0,432.0,432.0,359.0
TAMIL NADU,erode,2008.0,60.0,43,21,0.0,21.0,57,45,12,1,78,16,30,0,1309278,75.32,1193963.0,384.0,384.0,311.0
TAMIL NADU,erode,2009.0,52.0,30,16,0.0,16.0,44,37,7,1,31,9,12,0,1309278,75.32,1193963.0,255.0,255.0,202.0
TAMIL NADU,erode,2010.0,57.0,32,15,0.0,15.0,64,39,25,2,43,2,26,0,1309278,75.32,1193963.0,320.0,320.0,254.0
TAMIL NADU,erode,2011.0,47.0,30,10,0.0,10.0,42,35,7,1,35,3,19,0,1309278,75.32,1193963.0,239.0,239.0,194.0
TAMIL NADU,erode,2012.0,40.0,31,8,0.0,8.0,30,23,7,1,42,0,26,0,1309278,75.32,1193963.0,216.0,216.0,186.0
TAMIL NADU,erode,2015.0,,0,4,0.0,,1,8,0,0,23,0,28,0,1309278,75.32,1193963.0,64.0,64.0,63.0
TAMIL NADU,erode,2020.0,0.0,0,6,0.0,0.0,4,25,2,0,22,0,5,0,1309278,75.32,1193963.0,64.0,64.0,60.0
TAMIL NADU,karur,2001.0,28.0,12,4,0.0,4.0,11,8,3,2,21,2,14,0,465538,79.63,311256.0,109.0,109.0,96.0
TAMIL NADU,karur,2002.0,29.0,12,10,0.0,10.0,16,15,1,1,8,1,24,0,465538,79.63,311256.0,127.0,127.0,110.0
TAMIL NADU,karur,2003.0,26.0,14,3,0.0,3.0,13,10,3,2,5,4,24,0,465538,79.63,311256.0,107.0,107.0,90.0
TAMIL NADU,karur,2004.0,19.0,18,4,0.0,4.0,6,6,0,3,12,6,13,0,465538,79.63,311256.0,91.0,91.0,79.0
TAMIL NADU,karur,2005.0,23.0,25,6,0.0,6.0,15,12,3,5,8,7,26,0,465538,79.63,311256.0,136.0,136.0,114.0
TAMIL NADU,karur,2006.0,19.0,13,5,0.0,5.0,14,14,0,0,7,6,21,0,465538,79.63,311256.0,104.0,104.0,84.0
TAMIL NADU,karur,2007.0,18.0,17,3,0.0,3.0,14,10,4,0,16,4,17,0,465538,79.63,311256.0,106.0,106.0,88.0
TAMIL NADU,karur,2008.0,21.0,16,4,0.0,4.0,13,12,1,4,10,3,13,0,465538,79.63,311256.0,101.0,101.0,85.0
TAMIL NADU,karur,2009.0,26.0,15,7,0.0,7.0,13,10,3,2,13,7,14,0,465538,79.63,311256.0,117.0,117.0,97.0
TAMIL NADU,karur,2010.0,19.0,51,10,0.0,10.0,54,52,2,4,28,7,10,0,465538,79.63,311256.0,247.0,247.0,186.0
TAMIL NADU,karur,2011.0,28.0,31,8,0.0,8.0,60,56,4,1,21,3,22,0,465538,79.63,311256.0,242.0,242.0,179.0
TAMIL NADU,karur,2012.0,26.0,18,4,0.0,4.0,49,48,1,1,25,2,11,0,465538,79.63,311256.0,189.0,189.0,138.0
TAMIL NADU,karur,2015.0,,0,7,0.0,,0,5,0,1,16,0,10,0,465538,79.63,311256.0,39.0,39.0,39.0
TAMIL NADU,karur,2020.0,0.0,0,4,0.0,0.0,0,5,0,1,20,0,10,0,465538,79.63,311256.0,40.0,40.0,40.0
TAMIL NADU,madurai,2015.0,,0,25,0.0,,0,118,0,2,73,3,310,0,1303363,86.17,1444176.0,531.0,531.0,528.0
TAMIL NADU,madurai,2020.0,0.0,0,17,0.0,0.0,1,12,0,1,26,0,25,0,1303363,86.17,1444176.0,82.0,82.0,81.0
TAMIL NADU,nagapattinam,2001.0,36.0,74,12,0.0,12.0,29,25,4,4,55,13,8,0,739074,84.89,330282.0,272.0,272.0,230.0
TAMIL NADU,nagapattinam,2002.0,48.0,65,27,0.0,27.0,33,24,9,7,83,6,14,0,739074,84.89,330282.0,343.0,343.0,304.0
TAMIL NADU,nagapattinam,2003.0,41.0,57,5,0.0,5.0,24,19,5,8,50,4,25,0,739074,84.89,330282.0,243.0,243.0,215.0
TAMIL NADU,nagapattinam,2004.0,32.0,44,9,0.0,9.0,21,14,7,5,28,3,9,0,739074,84.89,330282.0,181.0,181.0,157.0
TAMIL NADU,nagapattinam,2005.0,43.0,31,12,0.0,12.0,20,12,8,2,45,6,19,0,739074,84.89,330282.0,210.0,210.0,184.0
TAMIL NADU,nagapattinam,2006.0,30.0,42,9,0.0,9.0,18,14,4,6,73,11,9,0,739074,84.89,330282.0,225.0,225.0,196.0
TAMIL NADU,nagapattinam,2007.0,39.0,65,14,0.0,14.0,28,26,2,4,53,5,22,0,739074,84.89,330282.0,272.0,272.0,239.0
TAMIL NADU,nagapattinam,2008.0,47.0,64,10,0.0,10.0,28,24,4,4,59,1,8,0,739074,84.89,330282.0,259.0,259.0,230.0
TAMIL NADU,nagapattinam,2009.0,55.0,54,7,0.0,7.0,39,36,3,5,31,7,25,0,739074,84.89,330282.0,269.0,269.0,223.0
TAMIL NADU,nagapattinam,2010.0,50.0,55,9,0.0,9.0,38,31,7,1,57,7,3,0,739074,84.89,330282.0,267.0,267.0,222.0
TAMIL NADU,nagapattinam,2011.0,44.0,41,13,0.0,13.0,34,32,2,5,40,27,12,0,739074,84.89,330282.0,263.0,263.0,202.0
TAMIL NADU,nagapattinam,2012.0,56.0,44,10,0.0,10.0,42,40,2,1,34,36,10,0,739074,84.89,330282.0,285.0,285.0,207.0
TAMIL NADU,nagapattinam,2015.0,,0,11,0.0,,0,30,0,0,31,1,29,0,739074,84.89,330282.0,102.0,102.0,101.0
TAMIL NADU,nagapattinam,2020.0,0.0,0,14,0.0,0.0,0,11,0,0,48,0,5,0,739074,84.89,330282.0,78.0,78.0,78.0
TAMIL NADU,namakkal,2001.0,36.0,31,7,0.0,7.0,16,16,0,4,39,13,18,0,759551,77.56,545232.0,187.0,187.0,158.0
TAMIL NADU,namakkal,2002.0,43.0,25,13,0.0,13.0,25,25,0,3,41,18,26,0,759551,77.56,545232.0,232.0,232.0,189.0
TAMIL NADU,namakkal,2003.0,31.0,24,7,0.0,7.0,22,22,0,6,54,20,41,0,759551,77.56,545232.0,234.0,234.0,192.0
TAMIL NADU,namakkal,2004.0,31.0,20,7,0.0,7.0,18,18,0,8,35,17,39,0,759551,77.56,545232.0,200.0,200.0,165.0
TAMIL NADU,namakkal,2005.0,29.0,26,0,0.0,0.0,35,33,2,0,39,0,41,0,759551,77.56,545232.0,205.0,205.0,170.0
TAMIL NADU,namakkal,2006.0,28.0,16,6,0.0,6.0,18,17,1,0,25,14,18,0,759551,77.56,545232.0,149.0,149.0,117.0
TAMIL NADU,namakkal,2007.0,26.0,19,12,0.0,12.0,31,26,5,3,33,9,27,0,759551,77.56,545232.0,203.0,203.0,163.0
TAMIL NADU,namakkal,2008.0,46.0,34,19,0.0,19.0,49,37,12,5,49,24,25,0,759551,77.56,545232.0,319.0,319.0,246.0
TAMIL NADU,namakkal,2009.0,32.0,32,14,0.0,14.0,44,28,16,1,39,17,16,0,759551,77.56,545232.0,253.0,253.0,192.0
TAMIL NADU,namakkal,2010.0,50.0,21,10,0.0,10.0,48,42,6,2,52,10,12,0,759551,77.56,545232.0,263.0,263.0,205.0
TAMIL NADU,namakkal,2011.0,38.0,31,8,0.0,8.0,63,55,8,1,58,12,14,0,759551,77.56,545232.0,296.0,296.0,221.0
TAMIL NADU,namakkal,2012.0,30.0,33,12,0.0,12.0,48,44,4,1,39,15,8,0,759551,77.56,545232.0,246.0,246.0,183.0
TAMIL NADU,namakkal,2015.0,,1,5,0.0,,12,34,0,1,32,0,9,0,759551,77.56,545232.0,94.0,94.0,82.0
TAMIL NADU,namakkal,2020.0,0.0,0,2,0.0,0.0,0,11,0,0,26,0,7,0,759551,77.56,545232.0,46.0,46.0,46.0
TAMIL NADU,perambalur,2001.0,10.0,16,3,0.0,3.0,13,11,2,0,18,0,12,0,246141,77.89,79220.0,88.0,88.0,75.0
TAMIL NADU,perambalur,2002.0,41.0,58,16,0.0,16.0,30,22,8,4,88,15,22,0,246141,77.89,79220.0,320.0,320.0,275.0
TAMIL NADU,perambalur,2003.0,31.0,56,13,0.0,13.0,36,26,10,3,65,10,42,0,246141,77.89,79220.0,305.0,305.0,259.0
TAMIL NADU,perambalur,2004.0,33.0,33,15,0.0,15.0,31,24,7,4,44,16,39,0,246141,77.89,79220.0,261.0,261.0,214.0
TAMIL NADU,perambalur,2005.0,34.0,34,19,0.0,19.0,19,16,3,3,51,3,21,0,246141,77.89,79220.0,222.0,222.0,200.0
TAMIL NADU,perambalur,2006.0,32.0,37,15,0.0,15.0,16,13,3,3,33,3,26,0,246141,77.89,79220.0,196.0,196.0,177.0
TAMIL NADU,perambalur,2007.0,32.0,35,26,0.0,26.0,22,21,1,3,65,14,31,0,246141,77.89,79220.0,276.0,276.0,240.0
TAMIL NADU,perambalur,2008.0,29.0,50,26,0.0,26.0,31,29,2,7,70,9,6,0,246141,77.89,79220.0,285.0,285.0,245.0
TAMIL NADU,perambalur,2009.0,12.0,15,11,0.0,11.0,13,11,2,4,14,3,2,0,246141,77.89,79220.0,98.0,98.0,82.0
TAMIL NADU,perambalur,2010.0,13.0,30,5,0.0,5.0,10,9,1,0,16,12,3,0,246141,77.89,79220.0,104.0,104.0,82.0
TAMIL NADU,perambalur,2011.0,14.0,20,7,0.0,7.0,25,25,0,1,18,0,3,0,246141,77.89,79220.0,120.0,120.0,95.0
TAMIL NADU,perambalur,2012.0,11.0,15,3,0.0,3.0,31,31,0,0,22,0,6,0,246141,77.89,79220.0,122.0,122.0,91.0
TAMIL NADU,perambalur,2015.0,,0,2,0.0,,0,4,0,0,24,0,21,0,246141,77.89,79220.0,51.0,51.0,51.0
TAMIL NADU,perambalur,2020.0,0.0,0,3,0.0,0.0,0,1,0,1,12,0,1,0,246141,77.89,79220.0,18.0,18.0,18.0
TAMIL NADU,salem,2015.0,,0,14,0.0,,23,96,0,5,94,0,24,0,1563633,74.39,1390184.0,256.0,256.0,233.0
TAMIL NADU,salem,2020.0,0.0,0,6,0.0,0.0,0,33,0,1,69,0,4,0,1563633,74.39,1390184.0,113.0,113.0,113.0
TAMIL NADU,thanjavur,2001.0,49.0,74,0,0.0,0.0,55,34,21,0,53,46,31,0,1096638,84.47,748561.0,363.0,363.0,262.0
TAMIL NADU,thanjavur,2002.0,56.0,110,10,0.0,10.0,40,16,24,1,30,19,23,0,1096638,84.47,748561.0,339.0,339.0,280.0
TAMIL NADU,thanjavur,2003.0,60.0,78,14,0.0,14.0,53,22,31,1,100,14,33,0,1096638,84.47,748561.0,420.0,420.0,353.0
TAMIL NADU,thanjavur,2004.0,48.0,67,12,0.0,12.0,29,29,0,5,75,1,21,0,1096638,84.47,748561.0,299.0,299.0,269.0
TAMIL NADU,thanjavur,2005.0,63.0,55,9,0.0,9.0,45,45,0,7,102,5,26,0,1096638,84.47,748561.0,366.0,366.0,316.0
TAMIL NADU,thanjavur,2006.0,40.0,52,8,0.0,8.0,55,55,0,6,80,5,25,0,1096638,84.47,748561.0,334.0,334.0,274.0
TAMIL NADU,thanjavur,2007.0,68.0,66,5,0.0,5.0,50,47,3,9,96,0,46,0,1096638,84.47,748561.0,395.0,395.0,345.0
TAMIL NADU,thanjavur,2008.0,66.0,93,7,0.0,7.0,29,29,0,7,108,0,20,0,1096638,84.47,748561.0,366.0,366.0,337.0
TAMIL NADU,thanjavur,2009.0,69.0,80,5,0.0,5.0,36,36,0,8,60,3,17,0,1096638,84.47,748561.0,319.0,319.0,280.0
TAMIL NADU,thanjavur,2010.0,82.0,124,7,0.0,7.0,42,42,0,3,75,0,9,0,1096638,84.47,748561.0,391.0,391.0,349.0
TAMIL NADU,thanjavur,2011.0,61.0,97,10,0.0,10.0,46,43,3,1,76,0,12,0,1096638,84.47,748561.0,359.0,359.0,313.0
TAMIL NADU,thanjavur,2012.0,62.0,97,14,0.0,14.0,57,43,14,1,76,0,28,0,1096638,84.47,748561.0,406.0,406.0,349.0
TAMIL NADU,thanjavur,2015.0,,0,8,0.0,,0,19,0,3,56,0,29,0,1096638,84.47,748561.0,115.0,115.0,115.0
TAMIL NADU,thanjavur,2020.0,0.0,0,3,0.0,0.0,0,11,0,2,84,2,21,0,1096638,84.47,748561.0,123.0,123.0,121.0
TAMIL NADU,theni,2001.0,16.0,17,4,0.0,4.0,18,7,11,4,29,8,9,0,552986,81.88,591841.0,127.0,127.0,101.0
TAMIL NADU,theni,2002.0,23.0,58,12,0.0,12.0,26,19,7,4,52,5,15,0,552986,81.88,591841.0,233.0,233.0,202.0
TAMIL NADU,theni,2003.0,35.0,47,6,0.0,6.0,7,5,2,4,53,7,25,0,552986,81.88,591841.0,197.0,197.0,183.0
TAMIL NADU,theni,2004.0,31.0,62,5,0.0,5.0,10,10,0,1,64,13,27,0,552986,81.88,591841.0,228.0,228.0,205.0
TAMIL NADU,theni,2005.0,29.0,51,3,0.0,3.0,17,14,3,2,50,4,19,0,552986,81.88,591841.0,195.0,195.0,174.0
TAMIL NADU,theni,2006.0,24.0,30,5,0.0,5.0,30,25,5,3,21,16,17,0,552986,81.88,591841.0,181.0,181.0,135.0
TAMIL NADU,theni,2007.0,29.0,62,4,0.0,4.0,22,22,0,3,42,12,44,0,552986,81.88,591841.0,244.0,244.0,210.0
TAMIL NADU,theni,2008.0,28.0,55,7,0.0,7.0,35,32,3,4,30,5,35,0,552986,81.88,591841.0,241.0,241.0,201.0
TAMIL NADU,theni,2009.0,34.0,69,9,0.0,9.0,49,40,9,7,50,29,66,0,552986,81.88,591841.0,371.0,371.0,293.0
TAMIL NADU,theni,2010.0,42.0,122,18,0.0,18.0,93,80,13,5,61,65,125,0,552986,81.88,591841.0,642.0,642.0,484.0
TAMIL NADU,theni,2011.0,34.0,113,22,0.0,22.0,88,79,9,12,40,0,89,0,552986,81.88,591841.0,508.0,508.0,420.0
TAMIL NADU,theni,2012.0,39.0,69,22,0.0,22.0,45,40,5,5,50,0,63,0,552986,81.88,591841.0,360.0,360.0,315.0
TAMIL NADU,theni,2015.0,,0,5,0.0,,0,38,0,1,20,0,76,0,552986,81.88,591841.0,140.0,140.0,140.0
TAMIL NADU,theni,2020.0,0.0,0,5,0.0,0.0,0,1,0,3,10,0,15,0,552986,81.88,591841.0,34.0,34.0,34.0
TAMIL NADU,thiruvallur,2001.0,34.0,56,16,0.0,16.0,24,11,13,6,70,17,16,0,1397407,85.26,1500082.0,279.0,279.0,238.0
TAMIL NADU,thiruvallur,2002.0,41.0,43,10,0.0,10.0,34,33,1,7,96,24,28,0,1397407,85.26,1500082.0,327.0,327.0,269.0
TAMIL NADU,thiruvallur,2003.0,25.0,47,14,0.0,14.0,23,23,0,8,70,13,28,0,1397407,85.26,1500082.0,265.0,265.0,229.0
TAMIL NADU,thiruvallur,2004.0,20.0,11,16,0.0,16.0,14,14,0,14,46,15,29,0,1397407,85.26,1500082.0,195.0,195.0,166.0
TAMIL NADU,thiruvallur,2005.0,27.0,19,15,0.0,15.0,21,21,0,14,58,17,24,0,1397407,85.26,1500082.0,231.0,231.0,193.0
TAMIL NADU,thiruvallur,2006.0,23.0,31,10,0.0,10.0,13,2,11,2,30,18,21,0,1397407,85.26,1500082.0,171.0,171.0,140.0
TAMIL NADU,thiruvallur,2007.0,23.0,35,7,0.0,7.0,14,12,2,3,88,10,16,0,1397407,85.26,1500082.0,217.0,217.0,193.0
TAMIL NADU,thiruvallur,2008.0,35.0,41,17,0.0,17.0,22,22,0,9,18,0,30,0,1397407,85.26,1500082.0,211.0,211.0,189.0
TAMIL NADU,thiruvallur,2009.0,34.0,48,12,0.0,12.0,20,19,1,6,15,0,26,0,1397407,85.26,1500082.0,193.0,193.0,173.0
TAMIL NADU,thiruvallur,2010.0,43.0,51,18,0.0,18.0,17,13,4,6,10,1,19,0,1397407,85.26,1500082.0,200.0,200.0,182.0
TAMIL NADU,thiruvallur,2011.0,30.0,38,6,0.0,6.0,10,10,0,7,2,1,12,0,1397407,85.26,1500082.0,122.0,122.0,111.0
TAMIL NADU,thiruvallur,2012.0,40.0,49,18,0.0,18.0,14,12,2,5,8,1,19,0,1397407,85.26,1500082.0,186.0,186.0,171.0
TAMIL NADU,thiruvallur,2015.0,,0,4,0.0,,0,3,0,1,8,0,13,0,1397407,85.26,1500082.0,29.0,29.0,29.0
TAMIL NADU,thiruvallur,2020.0,1.0,0,8,0.0,0.0,0,3,0,1,8,0,11,0,1397407,85.26,1500082.0,32.0,32.0,32.0
TAMIL NADU,thiruvarur,2001.0,31.0,56,7,0.0,7.0,30,26,4,4,50,18,2,0,580784,85.43,237243.0,235.0,235.0,187.0
TAMIL NADU,thiruvarur,2002.0,30.0,32,4,0.0,4.0,13,3,10,5,50,15,2,0,580784,85.43,237243.0,168.0,168.0,140.0
TAMIL NADU,thiruvarur,2003.0,14.0,38,9,0.0,9.0,11,8,3,2,71,9,19,0,580784,85.43,237243.0,193.0,193.0,173.0
TAMIL NADU,thiruvarur,2004.0,24.0,25,7,0.0,7.0,10,8,2,2,68,13,10,0,580784,85.43,237243.0,176.0,176.0,153.0
TAMIL NADU,thiruvarur,2005.0,16.0,20,4,0.0,4.0,11,4,7,1,72,21,15,0,580784,85.43,237243.0,175.0,175.0,143.0
TAMIL NADU,thiruvarur,2006.0,16.0,32,7,0.0,7.0,17,15,2,5,66,18,13,0,580784,85.43,237243.0,198.0,198.0,163.0
TAMIL NADU,thiruvarur,2007.0,39.0,44,9,0.0,9.0,30,30,0,10,23,10,25,0,580784,85.43,237243.0,229.0,229.0,189.0
TAMIL NADU,thiruvarur,2008.0,26.0,36,6,0.0,6.0,14,12,2,1,51,2,3,0,580784,85.43,237243.0,159.0,159.0,143.0
TAMIL NADU,thiruvarur,2009.0,25.0,43,1,0.0,1.0,16,15,1,0,21,0,8,0,580784,85.43,237243.0,131.0,131.0,115.0
TAMIL NADU,thiruvarur,2010.0,29.0,30,12,0.0,12.0,22,18,4,0,20,0,13,0,580784,85.43,237243.0,160.0,160.0,138.0
TAMIL NADU,thiruvarur,2011.0,24.0,38,4,0.0,4.0,21,20,1,2,8,0,6,0,580784,85.43,237243.0,128.0,128.0,107.0
TAMIL NADU,thiruvarur,2012.0,33.0,45,11,0.0,11.0,34,33,1,1,6,0,16,0,580784,85.43,237243.0,191.0,191.0,157.0
TAMIL NADU,thiruvarur,2015.0,,1,1,0.0,,1,40,0,3,3,2,20,0,580784,85.43,237243.0,71.0,71.0,68.0
TAMIL NADU,thiruvarur,2020.0,0.0,0,10,0.0,0.0,0,57,0,0,26,4,9,0,580784,85.43,237243.0,106.0,106.0,102.0
TAMIL NADU,vellore,2001.0,78.0,56,13,0.0,13.0,16,0,16,8,54,16,5,0,1741083,81.99,1307998.0,275.0,275.0,243.0
TAMIL NADU,vellore,2002.0,61.0,73,31,0.0,31.0,55,33,22,13,48,21,6,0,1741083,81.99,1307998.0,394.0,394.0,318.0
TAMIL NADU,vellore,2003.0,87.0,30,20,0.0,20.0,42,23,19,6,43,32,17,0,1741083,81.99,1307998.0,339.0,339.0,265.0
TAMIL NADU,vellore,2004.0,60.0,36,17,0.0,17.0,30,22,8,6,46,28,11,0,1741083,81.99,1307998.0,281.0,281.0,223.0
TAMIL NADU,vellore,2005.0,49.0,32,23,1.0,22.0,37,23,14,12,54,0,28,0,1741083,81.99,1307998.0,295.0,295.0,258.0
TAMIL NADU,vellore,2006.0,80.0,48,27,0.0,27.0,47,37,10,7,49,25,92,0,1741083,81.99,1307998.0,449.0,449.0,377.0
TAMIL NADU,vellore,2007.0,66.0,36,25,0.0,25.0,55,48,7,8,26,0,75,0,1741083,81.99,1307998.0,371.0,371.0,316.0
TAMIL NADU,vellore,2008.0,74.0,33,21,0.0,21.0,53,52,1,7,25,0,49,0,1741083,81.99,1307998.0,336.0,336.0,283.0
TAMIL NADU,vellore,2009.0,81.0,44,18,0.0,18.0,46,40,6,10,21,1,31,0,1741083,81.99,1307998.0,316.0,316.0,269.0
TAMIL NADU,vellore,2010.0,82.0,56,30,0.0,30.0,68,56,12,8,28,1,65,0,1741083,81.99,1307998.0,436.0,436.0,367.0
TAMIL NADU,vellore,2011.0,77.0,72,25,0.0,25.0,84,78,6,5,29,0,44,0,1741083,81.99,1307998.0,445.0,445.0,361.0
TAMIL NADU,vellore,2012.0,76.0,82,24,0.0,24.0,76,68,8,8,38,0,61,0,1741083,81.99,1307998.0,465.0,465.0,389.0
TAMIL NADU,vellore,2015.0,,0,17,0.0,,0,39,0,1,40,0,47,0,1741083,81.99,1307998.0,144.0,144.0,144.0
TAMIL NADU,vellore,2020.0,0.0,0,5,0.0,0.0,0,14,0,0,7,2,7,0,1741083,81.99,1307998.0,35.0,35.0,33.0
TAMIL NADU,viluppuram,2005.0,68.0,83,49,0.0,49.0,49,49,0,9,50,5,59,0,1492442,75.06,426917.0,470.0,470.0,416.0
TAMIL NADU,virudhunagar,2001.0,57.0,53,17,0.0,17.0,22,19,3,2,81,10,20,0,870376,83.96,777345.0,301.0,301.0,269.0
TAMIL NADU,virudhunagar,2002.0,52.0,55,13,0.0,13.0,23,23,0,4,64,12,36,0,870376,83.96,777345.0,295.0,295.0,260.0
TAMIL NADU,virudhunagar,2003.0,53.0,37,27,0.0,27.0,21,20,1,3,77,42,62,0,870376,83.96,777345.0,370.0,370.0,307.0
TAMIL NADU,virudhunagar,2004.0,36.0,52,18,0.0,18.0,27,23,4,3,40,70,49,0,870376,83.96,777345.0,340.0,340.0,243.0
TAMIL NADU,virudhunagar,2005.0,31.0,43,19,0.0,19.0,58,50,8,2,45,87,93,0,870376,83.96,777345.0,455.0,455.0,310.0
TAMIL NADU,virudhunagar,2006.0,46.0,41,7,0.0,7.0,28,24,4,1,30,71,51,0,870376,83.96,777345.0,310.0,310.0,211.0
TAMIL NADU,virudhunagar,2007.0,51.0,53,8,0.0,8.0,44,38,6,3,39,91,48,0,870376,83.96,777345.0,389.0,389.0,254.0
TAMIL NADU,virudhunagar,2008.0,41.0,73,17,0.0,17.0,52,41,11,3,19,77,69,0,870376,83.96,777345.0,420.0,420.0,291.0
TAMIL NADU,virudhunagar,2009.0,53.0,52,16,0.0,16.0,50,41,9,4,30,87,69,0,870376,83.96,777345.0,427.0,427.0,290.0
TAMIL NADU,virudhunagar,2010.0,52.0,78,20,0.0,20.0,58,58,0,2,25,100,60,0,870376,83.96,777345.0,473.0,473.0,315.0
TAMIL NADU,virudhunagar,2011.0,46.0,68,19,0.0,19.0,55,49,6,1,25,94,58,0,870376,83.96,777345.0,440.0,440.0,291.0
TAMIL NADU,virudhunagar,2012.0,62.0,97,23,0.0,23.0,39,32,7,2,23,110,47,0,870376,83.96,777345.0,465.0,465.0,316.0
TAMIL NADU,virudhunagar,2015.0,,1,19,0.0,,4,20,0,3,31,2,46,0,870376,83.96,777345.0,126.0,126.0,120.0
TAMIL NADU,virudhunagar,2020.0,0.0,0,13,0.0,0.0,2,8,1,1,12,0,14,0,870376,83.96,777345.0,51.0,51.0,49.0
TAMIL NADU,ariyalur,2019.0,0.0,0,14,0.0,0.0,0,8,0,0,7,0,6,0,346763,77.19,78985.0,35.0,35.0,35.0
TAMIL NADU,chennai,2019.0,4.0,0,42,0.0,0.0,2,10,3,0,89,0,116,0,2219539,90.01,,266.0,266.0,264.0
TAMIL NADU,coimbatore,2019.0,0.0,0,6,0.0,0.0,0,11,0,1,10,0,28,0,2176031,84.59,2820203.0,56.0,56.0,56.0
TAMIL NADU,cuddalore,2019.0,0.0,0,15,0.0,0.0,0,23,0,11,65,0,39,0,1150908,81.64,754361.0,153.0,153.0,153.0
TAMIL NADU,dharmapuri,2019.0,0.0,0,5,0.0,0.0,7,15,4,4,23,0,8,0,1473597,71.6,455946.0,66.0,66.0,59.0
TAMIL NADU,dindigul,2019.0,1.0,0,12,0.0,0.0,9,34,1,2,29,0,46,0,968137,79.76,673252.0,134.0,134.0,125.0
TAMIL NADU,erode,2019.0,0.0,0,5,0.0,0.0,12,61,3,0,17,0,13,0,1309278,75.32,1193963.0,111.0,111.0,99.0
TAMIL NADU,karur,2019.0,0.0,0,2,0.0,0.0,0,3,0,1,7,0,8,0,465538,79.63,311256.0,21.0,21.0,21.0
TAMIL NADU,madurai,2019.0,0.0,2,14,0.0,0.0,0,18,0,0,32,1,35,0,1303363,86.17,1444176.0,102.0,102.0,101.0
TAMIL NADU,nagapattinam,2019.0,0.0,0,12,0.0,0.0,0,24,0,1,41,0,7,0,739074,84.89,330282.0,85.0,85.0,85.0
TAMIL NADU,namakkal,2019.0,0.0,0,3,0.0,0.0,0,24,0,0,26,0,9,0,759551,77.56,545232.0,62.0,62.0,62.0
TAMIL NADU,perambalur,2019.0,0.0,0,3,0.0,0.0,0,3,0,0,25,0,0,0,246141,77.89,79220.0,31.0,31.0,31.0
TAMIL NADU,salem,2019.0,0.0,0,5,0.0,0.0,0,20,0,0,46,0,5,0,1563633,74.39,1390184.0,76.0,76.0,76.0
TAMIL NADU,thanjavur,2019.0,0.0,0,11,0.0,0.0,0,36,0,1,39,0,17,0,1096638,84.47,748561.0,104.0,104.0,104.0
TAMIL NADU,theni,2019.0,0.0,0,10,0.0,0.0,0,3,0,1,6,0,46,0,552986,81.88,591841.0,66.0,66.0,66.0
TAMIL NADU,thiruvallur,2019.0,1.0,0,9,0.0,0.0,0,4,0,0,6,0,11,0,1397407,85.26,1500082.0,31.0,31.0,31.0
TAMIL NADU,thiruvarur,2019.0,0.0,0,9,0.0,0.0,1,22,0,1,12,4,16,0,580784,85.43,237243.0,65.0,65.0,60.0
TAMIL NADU,vellore,2019.0,0.0,0,17,0.0,0.0,0,67,0,0,16,0,19,0,1741083,81.99,1307998.0,119.0,119.0,119.0
TAMIL NADU,virudhunagar,2019.0,1.0,0,6,0.0,0.0,0,5,0,0,10,0,13,0,870376,83.96,777345.0,35.0,35.0,35.0
TELANGANA,adilabad,2015.0,,5,67,0.0,,5,26,4,15,238,89,507,0,1250958,64.98,660017.0,956.0,956.0,862.0
TELANGANA,adilabad,2019.0,0.0,0,12,0.0,0.0,17,21,0,1,38,1,108,0,1250958,64.98,660017.0,198.0,198.0,180.0
TELANGANA,adilabad,2020.0,0.0,0,8,0.0,0.0,11,17,2,2,50,5,70,0,1250958,64.98,660017.0,165.0,165.0,149.0
TELANGANA,karimnagar,2015.0,,2,104,0.0,,17,57,23,31,456,74,763,0,1747968,67.09,678812.0,1527.0,1527.0,1436.0
TELANGANA,khammam,2015.0,,2,117,0.0,,64,97,0,16,450,126,526,0,1305543,66.11,510861.0,1398.0,1398.0,1208.0
TELANGANA,medak,2015.0,,7,97,0.0,,7,44,29,38,288,46,448,0,1352446,64.33,383524.0,1004.0,1004.0,951.0
TELANGANA,medak,2019.0,1.0,2,5,0.0,0.0,16,22,0,7,52,24,130,0,1352446,64.33,383524.0,259.0,259.0,219.0
TELANGANA,medak,2020.0,1.0,0,7,0.0,0.0,16,16,0,4,85,10,115,0,1352446,64.33,383524.0,254.0,254.0,228.0
TELANGANA,nalgonda,2015.0,,11,123,0.0,,19,40,7,21,444,209,611,0,1651990,69.23,432678.0,1485.0,1485.0,1257.0
TELANGANA,nalgonda,2019.0,0.0,1,29,0.0,0.0,6,31,4,6,159,87,279,0,1651990,69.23,432678.0,602.0,602.0,509.0
TELANGANA,nalgonda,2020.0,0.0,0,14,0.0,0.0,18,45,0,1,173,75,250,0,1651990,69.23,432678.0,576.0,576.0,483.0
TELANGANA,nizamabad,2015.0,,4,33,0.0,,0,12,1,10,123,108,449,0,1162905,64.91,424738.0,740.0,740.0,632.0
TRIPURA,dhalai,2001.0,35.0,0,11,0.0,11.0,15,0,15,2,4,0,11,0,159095,70.17,18867.0,104.0,104.0,89.0
TRIPURA,dhalai,2002.0,29.0,7,6,0.0,6.0,33,20,13,2,11,0,9,0,159095,70.17,18867.0,136.0,136.0,103.0
TRIPURA,dhalai,2003.0,40.0,22,5,0.0,5.0,36,2,34,2,8,0,10,0,159095,70.17,18867.0,164.0,164.0,128.0
TRIPURA,dhalai,2004.0,24.0,4,15,0.0,15.0,16,7,9,1,5,0,19,0,159095,70.17,18867.0,115.0,115.0,99.0
TRIPURA,dhalai,2005.0,12.0,5,15,0.0,15.0,21,8,13,1,13,0,29,0,159095,70.17,18867.0,132.0,132.0,111.0
TRIPURA,dhalai,2006.0,21.0,8,16,0.0,16.0,14,8,6,2,19,0,22,0,159095,70.17,18867.0,132.0,132.0,118.0
TRIPURA,dhalai,2007.0,18.0,3,13,0.0,13.0,27,11,16,4,19,0,28,0,159095,70.17,18867.0,152.0,152.0,125.0
TRIPURA,dhalai,2008.0,20.0,3,32,0.0,32.0,18,7,11,2,22,0,34,0,159095,70.17,18867.0,181.0,181.0,163.0
TRIPURA,dhalai,2009.0,20.0,4,18,0.0,18.0,9,4,5,1,16,0,47,0,159095,70.17,18867.0,142.0,142.0,133.0
TRIPURA,dhalai,2010.0,19.0,4,33,0.0,33.0,14,6,8,3,26,1,65,0,159095,70.17,18867.0,212.0,212.0,197.0
TRIPURA,dhalai,2011.0,24.0,13,21,0.0,21.0,16,9,7,1,38,0,52,0,159095,70.17,18867.0,202.0,202.0,186.0
TRIPURA,dhalai,2012.0,20.0,8,35,0.0,35.0,11,8,3,5,30,0,56,0,159095,70.17,18867.0,211.0,211.0,200.0
TRIPURA,dhalai,2015.0,,5,26,0.0,,0,10,8,3,38,0,38,0,159095,70.17,18867.0,128.0,128.0,128.0
TRIPURA,dhalai,2019.0,0.0,2,7,0.0,0.0,6,12,0,2,7,0,18,0,159095,70.17,18867.0,54.0,54.0,48.0
TRIPURA,dhalai,2020.0,0.0,0,9,0.0,0.0,2,6,1,0,11,0,12,0,159095,70.17,18867.0,41.0,41.0,39.0
TRIPURA,north,2001.0,38.0,11,29,0.0,29.0,19,11,8,3,16,0,60,0,23414,75.69,1248.0,224.0,224.0,205.0
TRIPURA,north,2002.0,28.0,10,35,0.0,35.0,16,6,10,2,20,0,60,0,23414,75.69,1248.0,222.0,222.0,206.0
TRIPURA,north,2003.0,40.0,15,36,0.0,36.0,35,4,31,3,38,0,75,0,23414,75.69,1248.0,313.0,313.0,278.0
TRIPURA,north,2004.0,26.0,18,46,0.0,46.0,30,22,8,0,37,0,63,0,23414,75.69,1248.0,296.0,296.0,266.0
TRIPURA,north,2005.0,27.0,17,47,0.0,47.0,19,11,8,3,44,0,105,0,23414,75.69,1248.0,328.0,328.0,309.0
TRIPURA,north,2006.0,34.0,19,45,0.0,45.0,26,18,8,3,47,0,143,0,23414,75.69,1248.0,388.0,388.0,362.0
TRIPURA,north,2007.0,21.0,6,26,0.0,26.0,21,16,5,0,27,1,100,0,23414,75.69,1248.0,249.0,249.0,227.0
TRIPURA,north,2008.0,28.0,16,46,0.0,46.0,27,21,6,2,62,0,169,0,23414,75.69,1248.0,423.0,423.0,396.0
TRIPURA,north,2009.0,33.0,16,48,0.0,48.0,32,23,9,6,78,0,174,0,23414,75.69,1248.0,467.0,467.0,435.0
TRIPURA,north,2010.0,23.0,9,51,0.0,51.0,25,22,3,2,70,0,186,0,23414,75.69,1248.0,442.0,442.0,417.0
TRIPURA,north,2011.0,31.0,9,40,0.0,40.0,31,27,4,1,50,1,172,0,23414,75.69,1248.0,406.0,406.0,374.0
TRIPURA,north,2012.0,11.0,10,29,0.0,29.0,16,10,6,3,48,2,101,0,23414,75.69,1248.0,265.0,265.0,247.0
TRIPURA,north,2015.0,,10,20,0.0,,0,17,16,4,49,0,58,0,23414,75.69,1248.0,174.0,174.0,174.0
TRIPURA,north,2019.0,0.0,1,4,0.0,0.0,4,8,0,0,7,0,42,0,23414,75.69,1248.0,66.0,66.0,62.0
TRIPURA,north,2020.0,0.0,0,9,0.0,0.0,3,7,0,1,6,0,33,0,23414,75.69,1248.0,59.0,59.0,56.0
TRIPURA,south,2001.0,42.0,4,29,0.0,29.0,20,7,13,5,18,0,59,0,68241,74.29,3946.0,226.0,226.0,206.0
TRIPURA,south,2002.0,31.0,9,30,0.0,30.0,16,6,10,4,57,0,90,0,68241,74.29,3946.0,283.0,283.0,267.0
TRIPURA,south,2003.0,38.0,20,37,0.0,37.0,18,7,11,3,54,0,73,0,68241,74.29,3946.0,298.0,298.0,280.0
TRIPURA,south,2004.0,42.0,1,51,0.0,51.0,28,17,11,8,66,0,117,0,68241,74.29,3946.0,392.0,392.0,364.0
TRIPURA,south,2005.0,21.0,14,42,0.0,42.0,21,12,9,11,65,0,129,0,68241,74.29,3946.0,366.0,366.0,345.0
TRIPURA,south,2006.0,25.0,13,51,0.0,51.0,19,8,11,9,81,0,137,0,68241,74.29,3946.0,405.0,405.0,386.0
TRIPURA,south,2007.0,34.0,35,41,0.0,41.0,21,18,3,10,106,0,172,0,68241,74.29,3946.0,481.0,481.0,460.0
TRIPURA,south,2008.0,35.0,20,45,0.0,45.0,34,27,7,6,135,0,161,0,68241,74.29,3946.0,515.0,515.0,481.0
TRIPURA,south,2009.0,19.0,20,48,0.0,48.0,27,21,6,8,153,1,192,0,68241,74.29,3946.0,543.0,543.0,515.0
TRIPURA,south,2010.0,25.0,25,36,0.0,36.0,27,21,6,10,165,3,255,0,68241,74.29,3946.0,609.0,609.0,579.0
TRIPURA,south,2011.0,36.0,31,58,0.0,58.0,34,24,10,5,84,1,181,0,68241,74.29,3946.0,522.0,522.0,487.0
TRIPURA,south,2012.0,15.0,20,30,0.0,30.0,17,16,1,5,46,0,89,0,68241,74.29,3946.0,269.0,269.0,252.0
TRIPURA,south,2015.0,,8,32,0.0,,0,13,13,4,36,1,86,0,68241,74.29,3946.0,193.0,193.0,192.0
TRIPURA,south,2019.0,0.0,3,5,0.0,0.0,10,29,4,3,15,0,69,0,68241,74.29,3946.0,138.0,138.0,128.0
TRIPURA,south,2020.0,0.0,0,7,0.0,0.0,6,16,0,2,11,0,56,0,68241,74.29,3946.0,98.0,98.0,92.0
TRIPURA,west,2001.0,125.0,10,33,0.0,33.0,39,17,22,6,20,0,97,0,63912,66.82,1824.0,402.0,402.0,363.0
TRIPURA,west,2002.0,113.0,12,37,0.0,37.0,63,16,47,8,40,0,77,0,63912,66.82,1824.0,450.0,450.0,387.0
TRIPURA,west,2003.0,136.0,30,36,0.0,36.0,57,16,41,12,27,0,89,0,63912,66.82,1824.0,480.0,480.0,423.0
TRIPURA,west,2004.0,97.0,13,48,0.0,48.0,25,8,17,11,26,0,103,0,63912,66.82,1824.0,396.0,396.0,371.0
TRIPURA,west,2005.0,61.0,20,58,0.0,58.0,24,12,12,19,39,1,176,0,63912,66.82,1824.0,480.0,480.0,455.0
TRIPURA,west,2006.0,74.0,12,77,0.0,77.0,46,28,18,21,60,0,169,0,63912,66.82,1824.0,582.0,582.0,536.0
TRIPURA,west,2007.0,65.0,14,77,0.0,77.0,44,36,8,22,92,3,245,0,63912,66.82,1824.0,683.0,683.0,636.0
TRIPURA,west,2008.0,72.0,14,81,0.0,81.0,67,55,12,6,127,4,371,0,63912,66.82,1824.0,890.0,890.0,819.0
TRIPURA,west,2009.0,61.0,19,76,0.0,76.0,53,44,9,14,137,4,402,0,63912,66.82,1824.0,895.0,895.0,838.0
TRIPURA,west,2010.0,83.0,25,118,0.0,118.0,48,42,6,10,114,5,431,0,63912,66.82,1824.0,1000.0,1000.0,947.0
TRIPURA,west,2011.0,71.0,22,86,0.0,86.0,73,56,17,23,122,7,297,0,63912,66.82,1824.0,860.0,860.0,780.0
TRIPURA,west,2012.0,26.0,12,50,0.0,50.0,35,30,5,12,66,2,172,0,63912,66.82,1824.0,460.0,460.0,423.0
TRIPURA,west,2015.0,,6,47,0.0,,0,29,0,4,110,3,107,0,63912,66.82,1824.0,306.0,306.0,303.0
TRIPURA,west,2019.0,0.0,2,34,0.0,0.0,9,32,1,7,67,2,137,0,63912,66.82,1824.0,291.0,291.0,280.0
TRIPURA,west,2020.0,0.0,0,18,0.0,0.0,7,27,1,8,39,2,105,0,63912,66.82,1824.0,207.0,207.0,198.0
UTTAR PRADESH,agra,2001.0,153.0,162,66,0.0,66.0,203,132,71,63,110,114,327,0,1961282,74.6,1567709.0,1467.0,1467.0,1150.0
UTTAR PRADESH,agra,2002.0,158.0,159,41,0.0,41.0,139,102,37,50,86,82,372,0,1961282,74.6,1567709.0,1267.0,1267.0,1046.0
UTTAR PRADESH,agra,2003.0,126.0,116,27,0.0,27.0,99,73,26,55,59,55,183,0,1961282,74.6,1567709.0,846.0,846.0,692.0
UTTAR PRADESH,agra,2004.0,125.0,153,32,0.0,32.0,156,106,50,70,87,89,282,0,1961282,74.6,1567709.0,1182.0,1182.0,937.0
UTTAR PRADESH,agra,2005.0,115.0,126,29,0.0,29.0,120,77,43,38,80,162,232,0,1961282,74.6,1567709.0,1051.0,1051.0,769.0
UTTAR PRADESH,agra,2006.0,123.0,190,26,0.0,26.0,175,134,41,63,133,152,351,0,1961282,74.6,1567709.0,1414.0,1414.0,1087.0
UTTAR PRADESH,agra,2007.0,123.0,141,30,0.0,30.0,209,149,60,78,82,107,380,0,1961282,74.6,1567709.0,1389.0,1389.0,1073.0
UTTAR PRADESH,agra,2008.0,109.0,133,42,0.0,42.0,229,183,46,77,123,109,479,0,1961282,74.6,1567709.0,1572.0,1572.0,1234.0
UTTAR PRADESH,agra,2009.0,127.0,156,40,0.0,40.0,243,185,58,83,97,85,381,0,1961282,74.6,1567709.0,1495.0,1495.0,1167.0
UTTAR PRADESH,agra,2010.0,117.0,127,26,0.0,26.0,252,212,40,80,91,0,355,0,1961282,74.6,1567709.0,1326.0,1326.0,1074.0
UTTAR PRADESH,agra,2011.0,181.0,182,76,0.0,76.0,395,328,67,87,196,0,341,0,1961282,74.6,1567709.0,1929.0,1929.0,1534.0
UTTAR PRADESH,agra,2012.0,152.0,171,58,0.0,58.0,321,255,66,88,134,0,320,0,1961282,74.6,1567709.0,1623.0,1623.0,1302.0
UTTAR PRADESH,agra,2015.0,,9,69,1.0,,231,353,0,79,280,0,380,0,1961282,74.6,1567709.0,1402.0,1402.0,1171.0
UTTAR PRADESH,agra,2019.0,0.0,0,87,0.0,0.0,0,306,0,84,352,0,439,0,1961282,74.6,1567709.0,1268.0,1268.0,1268.0
UTTAR PRADESH,agra,2020.0,1.0,0,80,0.0,0.0,21,182,0,75,202,0,240,0,1961282,74.6,1567709.0,801.0,801.0,780.0
UTTAR PRADESH,aligarh,2001.0,229.0,242,50,0.0,50.0,123,78,45,44,90,54,258,0,1607402,71.71,864694.0,1263.0,1263.0,1086.0
UTTAR PRADESH,aligarh,2002.0,178.0,216,31,0.0,31.0,112,69,43,38,72,21,169,0,1607402,71.71,864694.0,980.0,980.0,847.0
UTTAR PRADESH,aligarh,2003.0,156.0,167,24,0.0,24.0,92,60,32,33,27,14,108,0,1607402,71.71,864694.0,737.0,737.0,631.0
UTTAR PRADESH,aligarh,2004.0,193.0,218,58,0.0,58.0,128,87,41,36,45,31,228,0,1607402,71.71,864694.0,1123.0,1123.0,964.0
UTTAR PRADESH,aligarh,2005.0,176.0,200,61,0.0,61.0,112,84,28,43,38,43,226,0,1607402,71.71,864694.0,1072.0,1072.0,917.0
UTTAR PRADESH,aligarh,2006.0,177.0,217,49,0.0,49.0,122,90,32,50,43,39,179,0,1607402,71.71,864694.0,1047.0,1047.0,886.0
UTTAR PRADESH,aligarh,2007.0,166.0,154,50,0.0,50.0,147,96,51,70,74,37,237,0,1607402,71.71,864694.0,1132.0,1132.0,948.0
UTTAR PRADESH,aligarh,2008.0,139.0,143,62,0.0,62.0,162,124,38,58,37,74,213,0,1607402,71.71,864694.0,1112.0,1112.0,876.0
UTTAR PRADESH,aligarh,2009.0,143.0,222,58,0.0,58.0,244,214,30,54,109,48,294,0,1607402,71.71,864694.0,1474.0,1474.0,1182.0
UTTAR PRADESH,aligarh,2010.0,130.0,167,63,0.0,63.0,274,237,37,69,164,0,318,0,1607402,71.71,864694.0,1522.0,1522.0,1248.0
UTTAR PRADESH,aligarh,2011.0,168.0,174,66,0.0,66.0,320,265,55,73,194,0,256,0,1607402,71.71,864694.0,1637.0,1637.0,1317.0
UTTAR PRADESH,aligarh,2012.0,177.0,150,64,0.0,64.0,298,263,35,71,101,0,268,0,1607402,71.71,864694.0,1491.0,1491.0,1193.0
UTTAR PRADESH,aligarh,2015.0,,20,76,0.0,,292,292,0,53,183,0,317,0,1607402,71.71,864694.0,1233.0,1233.0,941.0
UTTAR PRADESH,aligarh,2019.0,2.0,2,59,0.0,0.0,62,194,0,59,459,2,634,0,1607402,71.71,864694.0,1473.0,1473.0,1409.0
UTTAR PRADESH,aligarh,2020.0,3.0,0,74,0.0,0.0,32,180,0,50,374,0,692,0,1607402,71.71,864694.0,1405.0,1405.0,1373.0
UTTAR PRADESH,allahabad,2001.0,167.0,224,42,0.0,42.0,96,75,21,56,85,105,226,0,2626448,75.81,1206785.0,1139.0,1139.0,938.0
UTTAR PRADESH,allahabad,2002.0,146.0,188,40,0.0,40.0,80,63,17,63,57,55,147,0,2626448,75.81,1206785.0,896.0,896.0,761.0
UTTAR PRADESH,allahabad,2003.0,119.0,97,21,0.0,21.0,57,19,38,40,12,27,77,0,2626448,75.81,1206785.0,528.0,528.0,444.0
UTTAR PRADESH,allahabad,2004.0,144.0,148,23,0.0,23.0,79,53,26,57,24,35,148,0,2626448,75.81,1206785.0,760.0,760.0,646.0
UTTAR PRADESH,allahabad,2005.0,144.0,118,17,0.0,17.0,67,50,17,40,30,47,117,0,2626448,75.81,1206785.0,664.0,664.0,550.0
UTTAR PRADESH,allahabad,2006.0,132.0,93,22,0.0,22.0,75,64,11,46,40,46,156,0,2626448,75.81,1206785.0,707.0,707.0,586.0
UTTAR PRADESH,allahabad,2007.0,143.0,85,26,0.0,26.0,100,81,19,63,40,48,207,0,2626448,75.81,1206785.0,838.0,838.0,690.0
UTTAR PRADESH,allahabad,2008.0,143.0,89,49,0.0,49.0,144,124,20,68,91,55,259,0,2626448,75.81,1206785.0,1091.0,1091.0,892.0
UTTAR PRADESH,allahabad,2009.0,110.0,105,38,0.0,38.0,148,126,22,70,59,51,289,0,2626448,75.81,1206785.0,1056.0,1056.0,857.0
UTTAR PRADESH,allahabad,2010.0,133.0,92,33,0.0,33.0,136,116,20,84,55,0,177,0,2626448,75.81,1206785.0,879.0,879.0,743.0
UTTAR PRADESH,allahabad,2011.0,156.0,126,67,0.0,67.0,220,190,30,75,93,1,266,0,2626448,75.81,1206785.0,1291.0,1291.0,1070.0
UTTAR PRADESH,allahabad,2012.0,115.0,114,52,0.0,52.0,223,202,21,63,79,0,247,0,2626448,75.81,1206785.0,1168.0,1168.0,945.0
UTTAR PRADESH,allahabad,2015.0,,0,70,3.0,,0,223,0,82,221,0,329,0,2626448,75.81,1206785.0,928.0,928.0,928.0
UTTAR PRADESH,ambedkar nagar,2001.0,46.0,49,19,0.0,19.0,29,29,0,14,15,9,87,0,1024953,71.37,181093.0,316.0,316.0,278.0
UTTAR PRADESH,ambedkar nagar,2002.0,55.0,38,10,0.0,10.0,35,34,1,16,16,11,30,0,1024953,71.37,181093.0,256.0,256.0,210.0
UTTAR PRADESH,ambedkar nagar,2003.0,12.0,22,7,0.0,7.0,15,15,0,10,6,7,16,0,1024953,71.37,181093.0,117.0,117.0,95.0
UTTAR PRADESH,ambedkar nagar,2004.0,37.0,47,10,0.0,10.0,28,26,2,4,6,5,26,0,1024953,71.37,181093.0,201.0,201.0,168.0
UTTAR PRADESH,ambedkar nagar,2005.0,47.0,41,11,0.0,11.0,32,31,1,13,14,9,42,0,1024953,71.37,181093.0,252.0,252.0,211.0
UTTAR PRADESH,ambedkar nagar,2006.0,24.0,43,10,0.0,10.0,48,42,6,15,20,14,83,0,1024953,71.37,181093.0,315.0,315.0,253.0
UTTAR PRADESH,ambedkar nagar,2007.0,26.0,20,15,0.0,15.0,33,24,9,8,10,17,139,0,1024953,71.37,181093.0,316.0,316.0,266.0
UTTAR PRADESH,ambedkar nagar,2008.0,33.0,19,18,0.0,18.0,51,45,6,13,20,20,133,0,1024953,71.37,181093.0,376.0,376.0,305.0
UTTAR PRADESH,ambedkar nagar,2009.0,36.0,28,19,0.0,19.0,56,49,7,15,9,19,102,0,1024953,71.37,181093.0,359.0,359.0,284.0
UTTAR PRADESH,ambedkar nagar,2010.0,37.0,25,20,0.0,20.0,57,56,1,18,14,0,98,0,1024953,71.37,181093.0,346.0,346.0,289.0
UTTAR PRADESH,ambedkar nagar,2011.0,42.0,39,16,0.0,16.0,80,74,6,16,33,0,88,0,1024953,71.37,181093.0,410.0,410.0,330.0
UTTAR PRADESH,ambedkar nagar,2012.0,35.0,32,12,0.0,12.0,69,61,8,9,10,0,75,0,1024953,71.37,181093.0,323.0,323.0,254.0
UTTAR PRADESH,ambedkar nagar,2015.0,,1,32,0.0,,0,71,0,24,45,0,23,0,1024953,71.37,181093.0,196.0,196.0,196.0
UTTAR PRADESH,ambedkar nagar,2019.0,0.0,3,27,0.0,0.0,0,105,0,15,132,0,138,0,1024953,71.37,181093.0,420.0,420.0,420.0
UTTAR PRADESH,ambedkar nagar,2020.0,0.0,0,22,0.0,0.0,100,100,0,15,122,0,129,0,1024953,71.37,181093.0,488.0,488.0,388.0
UTTAR PRADESH,auraiya,2001.0,53.0,53,11,0.0,11.0,61,25,36,21,13,7,26,0,635762,80.14,168967.0,317.0,317.0,249.0
UTTAR PRADESH,auraiya,2002.0,56.0,46,10,0.0,10.0,41,17,24,29,20,4,42,0,635762,80.14,168967.0,299.0,299.0,254.0
UTTAR PRADESH,auraiya,2003.0,32.0,16,4,0.0,4.0,24,10,14,16,11,24,13,0,635762,80.14,168967.0,168.0,168.0,120.0
UTTAR PRADESH,auraiya,2004.0,47.0,40,4,0.0,4.0,45,21,24,20,11,2,16,0,635762,80.14,168967.0,234.0,234.0,187.0
UTTAR PRADESH,auraiya,2005.0,55.0,44,9,0.0,9.0,36,22,14,22,15,8,26,0,635762,80.14,168967.0,260.0,260.0,216.0
UTTAR PRADESH,auraiya,2006.0,56.0,46,10,0.0,10.0,42,25,17,22,13,6,22,0,635762,80.14,168967.0,269.0,269.0,221.0
UTTAR PRADESH,auraiya,2007.0,37.0,34,9,0.0,9.0,34,26,8,34,17,10,29,0,635762,80.14,168967.0,247.0,247.0,203.0
UTTAR PRADESH,auraiya,2008.0,26.0,20,11,0.0,11.0,29,27,2,12,7,14,36,0,635762,80.14,168967.0,195.0,195.0,152.0
UTTAR PRADESH,auraiya,2009.0,41.0,31,11,0.0,11.0,44,35,9,26,20,16,30,0,635762,80.14,168967.0,274.0,274.0,214.0
UTTAR PRADESH,auraiya,2010.0,28.0,23,11,0.0,11.0,50,40,10,17,19,0,36,0,635762,80.14,168967.0,245.0,245.0,195.0
UTTAR PRADESH,auraiya,2011.0,29.0,20,15,0.0,15.0,76,73,3,25,14,0,26,0,635762,80.14,168967.0,296.0,296.0,220.0
UTTAR PRADESH,auraiya,2012.0,24.0,29,13,0.0,13.0,102,87,15,18,27,0,40,0,635762,80.14,168967.0,368.0,368.0,266.0
UTTAR PRADESH,auraiya,2015.0,,0,19,0.0,,4,106,0,33,87,0,225,0,635762,80.14,168967.0,474.0,474.0,470.0
UTTAR PRADESH,auraiya,2019.0,0.0,0,39,0.0,0.0,0,126,0,29,120,0,160,0,635762,80.14,168967.0,474.0,474.0,474.0
UTTAR PRADESH,auraiya,2020.0,0.0,0,28,0.0,0.0,0,100,0,30,82,0,143,0,635762,80.14,168967.0,383.0,383.0,383.0
UTTAR PRADESH,azamgarh,2001.0,120.0,103,11,0.0,11.0,45,41,4,32,14,15,81,0,1950415,71.04,297301.0,477.0,477.0,417.0
UTTAR PRADESH,azamgarh,2002.0,111.0,91,7,0.0,7.0,41,7,34,23,27,23,72,0,1950415,71.04,297301.0,443.0,443.0,379.0
UTTAR PRADESH,azamgarh,2003.0,89.0,62,6,0.0,6.0,26,23,3,16,18,39,45,0,1950415,71.04,297301.0,333.0,333.0,268.0
UTTAR PRADESH,azamgarh,2004.0,110.0,63,16,0.0,16.0,47,37,10,27,23,10,150,0,1950415,71.04,297301.0,509.0,509.0,452.0
UTTAR PRADESH,azamgarh,2005.0,84.0,91,10,0.0,10.0,34,32,2,27,26,24,156,0,1950415,71.04,297301.0,496.0,496.0,438.0
UTTAR PRADESH,azamgarh,2006.0,64.0,58,13,0.0,13.0,21,20,1,29,13,24,68,0,1950415,71.04,297301.0,324.0,324.0,279.0
UTTAR PRADESH,azamgarh,2007.0,54.0,23,11,0.0,11.0,34,29,5,29,15,26,55,0,1950415,71.04,297301.0,292.0,292.0,232.0
UTTAR PRADESH,azamgarh,2008.0,74.0,37,24,0.0,24.0,60,56,4,35,17,35,86,0,1950415,71.04,297301.0,452.0,452.0,357.0
UTTAR PRADESH,azamgarh,2009.0,65.0,33,17,0.0,17.0,71,64,7,31,26,31,83,0,1950415,71.04,297301.0,445.0,445.0,343.0
UTTAR PRADESH,azamgarh,2010.0,68.0,41,23,0.0,23.0,78,65,13,23,17,0,70,0,1950415,71.04,297301.0,421.0,421.0,343.0
UTTAR PRADESH,azamgarh,2011.0,55.0,40,28,0.0,28.0,120,101,19,27,27,0,49,0,1950415,71.04,297301.0,494.0,494.0,374.0
UTTAR PRADESH,azamgarh,2012.0,73.0,88,19,0.0,19.0,121,101,20,25,28,0,101,0,1950415,71.04,297301.0,595.0,595.0,474.0
UTTAR PRADESH,azamgarh,2015.0,,9,41,0.0,,0,128,0,34,76,0,0,0,1950415,71.04,297301.0,288.0,288.0,288.0
UTTAR PRADESH,azamgarh,2019.0,1.0,1,23,0.0,0.0,91,270,0,23,116,0,159,0,1950415,71.04,297301.0,684.0,684.0,593.0
UTTAR PRADESH,azamgarh,2020.0,0.0,0,24,0.0,0.0,48,134,0,30,191,0,130,0,1950415,71.04,297301.0,557.0,557.0,509.0
UTTAR PRADESH,baghpat,2001.0,89.0,160,15,0.0,15.0,31,17,14,20,18,12,64,0,630077,76.99,229432.0,455.0,455.0,412.0
UTTAR PRADESH,baghpat,2002.0,95.0,109,15,0.0,15.0,24,15,9,17,14,16,45,0,630077,76.99,229432.0,374.0,374.0,334.0
UTTAR PRADESH,baghpat,2003.0,81.0,33,12,0.0,12.0,17,14,3,10,9,45,23,0,630077,76.99,229432.0,259.0,259.0,197.0
UTTAR PRADESH,baghpat,2004.0,85.0,101,11,0.0,11.0,29,18,11,16,12,22,56,0,630077,76.99,229432.0,372.0,372.0,321.0
UTTAR PRADESH,baghpat,2005.0,83.0,69,13,0.0,13.0,33,26,7,10,15,19,74,0,630077,76.99,229432.0,362.0,362.0,310.0
UTTAR PRADESH,baghpat,2006.0,95.0,61,12,0.0,12.0,43,27,16,12,11,24,60,0,630077,76.99,229432.0,373.0,373.0,306.0
UTTAR PRADESH,baghpat,2007.0,81.0,57,17,0.0,17.0,35,27,8,22,10,22,60,0,630077,76.99,229432.0,356.0,356.0,299.0
UTTAR PRADESH,baghpat,2008.0,66.0,70,19,0.0,19.0,51,43,8,15,16,8,61,0,630077,76.99,229432.0,376.0,376.0,317.0
UTTAR PRADESH,baghpat,2009.0,76.0,56,15,0.0,15.0,53,45,8,16,6,20,72,0,630077,76.99,229432.0,382.0,382.0,309.0
UTTAR PRADESH,baghpat,2010.0,52.0,50,14,0.0,14.0,46,41,5,14,13,0,87,0,630077,76.99,229432.0,336.0,336.0,290.0
UTTAR PRADESH,baghpat,2011.0,66.0,87,12,0.0,12.0,88,74,14,17,35,0,106,0,630077,76.99,229432.0,511.0,511.0,423.0
UTTAR PRADESH,baghpat,2012.0,80.0,93,18,0.0,18.0,80,74,6,19,26,0,76,0,630077,76.99,229432.0,490.0,490.0,410.0
UTTAR PRADESH,baghpat,2015.0,,9,34,1.0,,0,86,0,10,78,0,115,0,630077,76.99,229432.0,333.0,333.0,333.0
UTTAR PRADESH,baghpat,2019.0,0.0,10,26,0.0,0.0,0,176,0,14,57,0,78,0,630077,76.99,229432.0,361.0,361.0,361.0
UTTAR PRADESH,baghpat,2020.0,0.0,0,29,0.0,0.0,0,162,0,17,51,0,81,0,630077,76.99,229432.0,340.0,340.0,340.0
UTTAR PRADESH,bahraich,2001.0,43.0,49,14,0.0,14.0,28,19,9,19,15,17,62,0,1275351,45.58,237998.0,289.0,289.0,244.0
UTTAR PRADESH,bahraich,2002.0,59.0,34,14,0.0,14.0,23,17,6,16,10,8,0,0,1275351,45.58,237998.0,201.0,201.0,170.0
UTTAR PRADESH,bahraich,2003.0,41.0,21,5,0.0,5.0,12,8,4,7,8,271,17,0,1275351,45.58,237998.0,399.0,399.0,116.0
UTTAR PRADESH,bahraich,2004.0,45.0,44,16,0.0,16.0,30,26,4,16,12,35,24,0,1275351,45.58,237998.0,268.0,268.0,203.0
UTTAR PRADESH,bahraich,2005.0,50.0,43,25,0.0,25.0,41,39,2,21,20,38,21,0,1275351,45.58,237998.0,325.0,325.0,246.0
UTTAR PRADESH,bahraich,2006.0,56.0,38,21,0.0,21.0,44,33,11,24,25,15,35,0,1275351,45.58,237998.0,323.0,323.0,264.0
UTTAR PRADESH,bahraich,2007.0,43.0,30,34,0.0,34.0,53,44,9,28,20,25,37,0,1275351,45.58,237998.0,357.0,357.0,279.0
UTTAR PRADESH,bahraich,2008.0,46.0,39,24,0.0,24.0,64,62,2,27,24,22,37,0,1275351,45.58,237998.0,371.0,371.0,285.0
UTTAR PRADESH,bahraich,2009.0,38.0,28,38,0.0,38.0,89,86,3,32,33,27,72,0,1275351,45.58,237998.0,484.0,484.0,368.0
UTTAR PRADESH,bahraich,2010.0,58.0,46,25,0.0,25.0,132,127,5,42,40,1,83,0,1275351,45.58,237998.0,584.0,584.0,451.0
UTTAR PRADESH,bahraich,2011.0,53.0,55,57,0.0,57.0,133,128,5,62,49,0,55,0,1275351,45.58,237998.0,654.0,654.0,521.0
UTTAR PRADESH,bahraich,2012.0,41.0,42,27,0.0,27.0,116,111,5,38,28,0,4,0,1275351,45.58,237998.0,439.0,439.0,323.0
UTTAR PRADESH,bahraich,2015.0,,0,40,0.0,,0,128,0,47,71,0,0,0,1275351,45.58,237998.0,286.0,286.0,286.0
UTTAR PRADESH,bahraich,2019.0,0.0,4,31,0.0,0.0,61,272,0,51,168,0,25,0,1275351,45.58,237998.0,612.0,612.0,551.0
UTTAR PRADESH,bahraich,2020.0,0.0,0,39,0.0,0.0,83,83,0,69,156,0,19,0,1275351,45.58,237998.0,449.0,449.0,366.0
UTTAR PRADESH,ballia,2001.0,55.0,91,18,0.0,18.0,24,17,7,19,7,22,35,0,1413774,71.91,269944.0,313.0,313.0,267.0
UTTAR PRADESH,ballia,2002.0,43.0,64,7,0.0,7.0,14,14,0,16,12,45,23,0,1413774,71.91,269944.0,245.0,245.0,186.0
UTTAR PRADESH,ballia,2003.0,32.0,36,2,0.0,2.0,5,3,2,8,8,25,8,0,1413774,71.91,269944.0,131.0,131.0,101.0
UTTAR PRADESH,ballia,2004.0,49.0,68,6,0.0,6.0,19,12,7,11,15,13,33,0,1413774,71.91,269944.0,239.0,239.0,207.0
UTTAR PRADESH,ballia,2005.0,36.0,52,2,0.0,2.0,8,4,4,12,7,5,11,0,1413774,71.91,269944.0,143.0,143.0,130.0
UTTAR PRADESH,ballia,2006.0,35.0,53,10,0.0,10.0,11,8,3,11,8,14,20,0,1413774,71.91,269944.0,183.0,183.0,158.0
UTTAR PRADESH,ballia,2007.0,32.0,31,10,0.0,10.0,26,18,8,13,10,10,11,0,1413774,71.91,269944.0,179.0,179.0,143.0
UTTAR PRADESH,ballia,2008.0,32.0,39,12,0.0,12.0,33,27,6,20,15,12,43,0,1413774,71.91,269944.0,251.0,251.0,206.0
UTTAR PRADESH,ballia,2009.0,23.0,36,9,0.0,9.0,28,25,3,31,19,9,53,0,1413774,71.91,269944.0,245.0,245.0,208.0
UTTAR PRADESH,ballia,2010.0,21.0,32,4,0.0,4.0,32,28,4,30,14,0,24,0,1413774,71.91,269944.0,193.0,193.0,161.0
UTTAR PRADESH,ballia,2011.0,33.0,53,7,0.0,7.0,66,64,2,17,21,0,27,0,1413774,71.91,269944.0,297.0,297.0,231.0
UTTAR PRADESH,ballia,2012.0,45.0,27,12,0.0,12.0,84,79,5,28,22,0,51,0,1413774,71.91,269944.0,365.0,365.0,281.0
UTTAR PRADESH,ballia,2015.0,,1,28,0.0,,0,109,0,15,65,0,0,0,1413774,71.91,269944.0,218.0,218.0,218.0
UTTAR PRADESH,ballia,2019.0,0.0,5,13,0.0,0.0,37,117,0,20,86,0,100,0,1413774,71.91,269944.0,378.0,378.0,341.0
UTTAR PRADESH,ballia,2020.0,0.0,0,16,0.0,0.0,12,102,0,23,58,0,4,0,1413774,71.91,269944.0,215.0,215.0,203.0
UTTAR PRADESH,balrampur,2001.0,26.0,28,8,0.0,8.0,20,19,1,12,23,11,30,0,887939,45.84,135580.0,186.0,186.0,155.0
UTTAR PRADESH,balrampur,2002.0,25.0,15,13,0.0,13.0,13,9,4,5,9,5,11,0,887939,45.84,135580.0,122.0,122.0,104.0
UTTAR PRADESH,balrampur,2003.0,15.0,4,3,0.0,3.0,7,4,3,3,1,45,6,0,887939,45.84,135580.0,94.0,94.0,42.0
UTTAR PRADESH,balrampur,2004.0,22.0,13,5,0.0,5.0,7,5,2,3,8,13,8,0,887939,45.84,135580.0,91.0,91.0,71.0
UTTAR PRADESH,balrampur,2005.0,16.0,13,6,0.0,6.0,5,5,0,4,9,4,7,0,887939,45.84,135580.0,75.0,75.0,66.0
UTTAR PRADESH,balrampur,2006.0,14.0,16,8,0.0,8.0,15,11,4,9,11,3,15,0,887939,45.84,135580.0,114.0,114.0,96.0
UTTAR PRADESH,balrampur,2007.0,20.0,13,10,0.0,10.0,17,17,0,10,12,4,38,0,887939,45.84,135580.0,151.0,151.0,130.0
UTTAR PRADESH,balrampur,2008.0,15.0,11,12,0.0,12.0,21,20,1,5,12,10,13,0,887939,45.84,135580.0,132.0,132.0,101.0
UTTAR PRADESH,balrampur,2009.0,15.0,13,8,0.0,8.0,23,23,0,10,11,6,34,0,887939,45.84,135580.0,151.0,151.0,122.0
UTTAR PRADESH,balrampur,2010.0,21.0,11,11,0.0,11.0,29,27,2,5,7,0,16,0,887939,45.84,135580.0,140.0,140.0,111.0
UTTAR PRADESH,balrampur,2011.0,16.0,12,10,0.0,10.0,50,50,0,16,13,0,0,0,887939,45.84,135580.0,177.0,177.0,127.0
UTTAR PRADESH,balrampur,2012.0,23.0,10,12,0.0,12.0,53,53,0,5,17,0,4,0,887939,45.84,135580.0,189.0,189.0,136.0
UTTAR PRADESH,balrampur,2015.0,,9,14,0.0,,4,36,0,13,28,0,3,0,887939,45.84,135580.0,107.0,107.0,103.0
UTTAR PRADESH,balrampur,2019.0,0.0,0,5,0.0,0.0,0,90,0,9,45,0,5,0,887939,45.84,135580.0,154.0,154.0,154.0
UTTAR PRADESH,balrampur,2020.0,0.0,0,8,0.0,0.0,0,119,0,25,51,0,11,0,887939,45.84,135580.0,214.0,214.0,214.0
UTTAR PRADESH,banda,2001.0,75.0,53,27,0.0,27.0,29,18,11,21,51,18,50,0,826544,69.28,244018.0,380.0,380.0,333.0
UTTAR PRADESH,banda,2002.0,75.0,42,20,0.0,20.0,23,6,17,21,31,9,43,0,826544,69.28,244018.0,307.0,307.0,275.0
UTTAR PRADESH,banda,2003.0,49.0,23,10,0.0,10.0,10,6,4,13,15,17,10,0,826544,69.28,244018.0,167.0,167.0,140.0
UTTAR PRADESH,banda,2004.0,66.0,32,21,0.0,21.0,19,8,11,27,37,8,17,0,826544,69.28,244018.0,267.0,267.0,240.0
UTTAR PRADESH,banda,2005.0,65.0,34,16,0.0,16.0,16,10,6,22,32,5,12,0,826544,69.28,244018.0,234.0,234.0,213.0
UTTAR PRADESH,banda,2006.0,50.0,21,15,0.0,15.0,14,9,5,17,20,6,15,0,826544,69.28,244018.0,187.0,187.0,167.0
UTTAR PRADESH,banda,2007.0,49.0,22,15,0.0,15.0,18,12,6,16,49,14,14,0,826544,69.28,244018.0,230.0,230.0,198.0
UTTAR PRADESH,banda,2008.0,37.0,21,35,0.0,35.0,40,26,14,36,70,19,67,0,826544,69.28,244018.0,400.0,400.0,341.0
UTTAR PRADESH,banda,2009.0,23.0,22,23,0.0,23.0,41,32,9,24,42,11,44,0,826544,69.28,244018.0,294.0,294.0,242.0
UTTAR PRADESH,banda,2010.0,37.0,20,22,0.0,22.0,42,34,8,20,39,0,37,0,826544,69.28,244018.0,281.0,281.0,239.0
UTTAR PRADESH,banda,2011.0,40.0,27,26,0.0,26.0,48,48,0,29,56,0,31,0,826544,69.28,244018.0,331.0,331.0,283.0
UTTAR PRADESH,banda,2012.0,40.0,24,22,0.0,22.0,48,48,0,36,58,0,51,0,826544,69.28,244018.0,349.0,349.0,301.0
UTTAR PRADESH,banda,2015.0,,0,34,0.0,,7,64,27,30,126,0,49,0,826544,69.28,244018.0,337.0,337.0,330.0
UTTAR PRADESH,banda,2019.0,2.0,2,35,0.0,0.0,0,79,1,30,100,1,101,0,826544,69.28,244018.0,351.0,351.0,350.0
UTTAR PRADESH,banda,2020.0,0.0,0,36,0.0,0.0,1,75,0,50,83,0,114,0,826544,69.28,244018.0,359.0,359.0,358.0
UTTAR PRADESH,barabanki,2001.0,88.0,85,41,0.0,41.0,71,55,16,35,37,21,188,0,1416921,58.85,248745.0,678.0,678.0,586.0
UTTAR PRADESH,barabanki,2002.0,78.0,67,32,0.0,32.0,51,39,12,27,29,9,171,0,1416921,58.85,248745.0,547.0,547.0,487.0
UTTAR PRADESH,barabanki,2003.0,55.0,33,12,0.0,12.0,26,19,7,16,11,50,27,0,1416921,58.85,248745.0,268.0,268.0,192.0
UTTAR PRADESH,barabanki,2004.0,49.0,77,25,0.0,25.0,41,37,4,25,27,12,48,0,1416921,58.85,248745.0,370.0,370.0,317.0
UTTAR PRADESH,barabanki,2005.0,49.0,66,30,0.0,30.0,35,29,6,21,29,35,59,0,1416921,58.85,248745.0,389.0,389.0,319.0
UTTAR PRADESH,barabanki,2006.0,79.0,56,21,0.0,21.0,52,49,3,25,41,48,67,0,1416921,58.85,248745.0,462.0,462.0,362.0
UTTAR PRADESH,barabanki,2007.0,62.0,44,25,0.0,25.0,70,63,7,35,28,34,106,0,1416921,58.85,248745.0,499.0,499.0,395.0
UTTAR PRADESH,barabanki,2008.0,54.0,70,23,0.0,23.0,83,82,1,47,34,54,110,0,1416921,58.85,248745.0,581.0,581.0,444.0
UTTAR PRADESH,barabanki,2009.0,48.0,49,19,0.0,19.0,107,106,1,39,34,50,104,0,1416921,58.85,248745.0,576.0,576.0,419.0
UTTAR PRADESH,barabanki,2010.0,47.0,31,22,0.0,22.0,90,90,0,20,34,0,97,0,1416921,58.85,248745.0,453.0,453.0,363.0
UTTAR PRADESH,barabanki,2011.0,71.0,52,36,0.0,36.0,142,142,0,25,51,0,51,0,1416921,58.85,248745.0,606.0,606.0,464.0
UTTAR PRADESH,barabanki,2012.0,73.0,51,31,0.0,31.0,130,120,10,31,39,0,114,0,1416921,58.85,248745.0,630.0,630.0,500.0
UTTAR PRADESH,barabanki,2015.0,,0,34,0.0,,0,75,0,27,49,0,3,0,1416921,58.85,248745.0,188.0,188.0,188.0
UTTAR PRADESH,barabanki,2019.0,1.0,0,32,0.0,0.0,0,198,0,45,130,0,291,0,1416921,58.85,248745.0,697.0,697.0,697.0
UTTAR PRADESH,barabanki,2020.0,2.0,0,50,0.0,0.0,0,124,0,33,139,0,9,0,1416921,58.85,248745.0,357.0,357.0,357.0
UTTAR PRADESH,bareilly,2001.0,272.0,331,93,0.0,93.0,144,98,46,57,110,40,421,0,1934119,58.73,1191450.0,1705.0,1705.0,1521.0
UTTAR PRADESH,bareilly,2002.0,237.0,265,65,0.0,65.0,122,93,29,62,70,54,261,0,1934119,58.73,1191450.0,1323.0,1323.0,1147.0
UTTAR PRADESH,bareilly,2003.0,194.0,122,32,0.0,32.0,70,47,23,37,27,78,84,0,1934119,58.73,1191450.0,746.0,746.0,598.0
UTTAR PRADESH,bareilly,2004.0,214.0,200,41,0.0,41.0,117,84,33,44,76,73,201,3,1934119,58.73,1191450.0,1127.0,1127.0,937.0
UTTAR PRADESH,bareilly,2005.0,224.0,209,48,0.0,48.0,107,81,26,37,89,74,210,0,1934119,58.73,1191450.0,1153.0,1153.0,972.0
UTTAR PRADESH,bareilly,2006.0,180.0,189,45,0.0,45.0,93,81,12,31,70,64,196,0,1934119,58.73,1191450.0,1006.0,1006.0,849.0
UTTAR PRADESH,bareilly,2007.0,138.0,171,62,0.0,62.0,126,95,31,54,97,99,235,0,1934119,58.73,1191450.0,1170.0,1170.0,945.0
UTTAR PRADESH,bareilly,2008.0,130.0,162,46,0.0,46.0,155,121,34,47,110,89,202,0,1934119,58.73,1191450.0,1142.0,1142.0,898.0
UTTAR PRADESH,bareilly,2009.0,136.0,175,77,0.0,77.0,168,153,15,47,125,96,303,0,1934119,58.73,1191450.0,1372.0,1372.0,1108.0
UTTAR PRADESH,bareilly,2010.0,115.0,142,44,0.0,44.0,182,163,19,55,97,0,214,0,1934119,58.73,1191450.0,1075.0,1075.0,893.0
UTTAR PRADESH,bareilly,2011.0,116.0,150,34,0.0,34.0,205,193,12,63,92,0,155,0,1934119,58.73,1191450.0,1054.0,1054.0,849.0
UTTAR PRADESH,bareilly,2012.0,114.0,151,86,0.0,86.0,265,249,16,61,112,0,88,0,1934119,58.73,1191450.0,1228.0,1228.0,963.0
UTTAR PRADESH,bareilly,2015.0,,0,67,0.0,,116,335,0,46,257,0,294,0,1934119,58.73,1191450.0,1115.0,1115.0,999.0
UTTAR PRADESH,bareilly,2019.0,0.0,6,77,0.0,0.0,418,439,4,53,418,0,355,0,1934119,58.73,1191450.0,1770.0,1770.0,1352.0
UTTAR PRADESH,bareilly,2020.0,0.0,0,30,0.0,0.0,36,57,0,54,236,0,640,0,1934119,58.73,1191450.0,1053.0,1053.0,1017.0
UTTAR PRADESH,basti,2001.0,48.0,51,18,0.0,18.0,28,23,5,22,28,12,48,0,1075765,67.1,115985.0,301.0,301.0,261.0
UTTAR PRADESH,basti,2002.0,46.0,54,16,0.0,16.0,31,27,4,24,13,20,31,0,1075765,67.1,115985.0,282.0,282.0,231.0
UTTAR PRADESH,basti,2003.0,38.0,40,5,0.0,5.0,11,11,0,14,9,161,15,0,1075765,67.1,115985.0,309.0,309.0,137.0
UTTAR PRADESH,basti,2004.0,34.0,30,7,0.0,7.0,21,21,0,17,12,28,21,0,1075765,67.1,115985.0,198.0,198.0,149.0
UTTAR PRADESH,basti,2005.0,25.0,20,13,0.0,13.0,13,13,0,7,8,20,22,0,1075765,67.1,115985.0,154.0,154.0,121.0
UTTAR PRADESH,basti,2006.0,30.0,23,10,0.0,10.0,15,15,0,12,8,21,30,0,1075765,67.1,115985.0,174.0,174.0,138.0
UTTAR PRADESH,basti,2007.0,24.0,20,10,0.0,10.0,22,22,0,13,8,39,51,0,1075765,67.1,115985.0,219.0,219.0,158.0
UTTAR PRADESH,basti,2008.0,26.0,22,7,0.0,7.0,18,18,0,15,5,15,24,0,1075765,67.1,115985.0,157.0,157.0,124.0
UTTAR PRADESH,basti,2009.0,24.0,6,12,0.0,12.0,22,22,0,15,3,0,12,0,1075765,67.1,115985.0,128.0,128.0,106.0
UTTAR PRADESH,basti,2010.0,24.0,11,8,0.0,8.0,30,30,0,14,7,0,17,0,1075765,67.1,115985.0,149.0,149.0,119.0
UTTAR PRADESH,basti,2011.0,21.0,10,7,0.0,7.0,29,28,1,11,5,0,17,0,1075765,67.1,115985.0,136.0,136.0,107.0
UTTAR PRADESH,basti,2012.0,33.0,19,7,0.0,7.0,61,55,6,21,17,0,69,0,1075765,67.1,115985.0,295.0,295.0,234.0
UTTAR PRADESH,basti,2015.0,,0,25,0.0,,0,70,0,16,31,0,0,0,1075765,67.1,115985.0,142.0,142.0,142.0
UTTAR PRADESH,basti,2019.0,1.0,0,56,0.0,0.0,0,92,0,17,108,0,134,0,1075765,67.1,115985.0,408.0,408.0,408.0
UTTAR PRADESH,basti,2020.0,0.0,0,32,0.0,0.0,0,0,0,17,100,0,0,0,1075765,67.1,115985.0,149.0,149.0,149.0
UTTAR PRADESH,bijnor,2001.0,124.0,113,38,0.0,38.0,85,59,26,31,67,38,230,0,1651908,68.78,761351.0,849.0,849.0,726.0
UTTAR PRADESH,bijnor,2002.0,107.0,87,26,0.0,26.0,65,49,16,34,34,33,156,0,1651908,68.78,761351.0,633.0,633.0,535.0
UTTAR PRADESH,bijnor,2003.0,81.0,35,20,0.0,20.0,33,23,10,24,23,254,50,0,1651908,68.78,761351.0,573.0,573.0,286.0
UTTAR PRADESH,bijnor,2004.0,86.0,68,25,0.0,25.0,34,29,5,21,23,47,132,0,1651908,68.78,761351.0,495.0,495.0,414.0
UTTAR PRADESH,bijnor,2005.0,62.0,51,22,0.0,22.0,35,26,9,26,26,45,60,0,1651908,68.78,761351.0,384.0,384.0,304.0
UTTAR PRADESH,bijnor,2006.0,86.0,67,25,0.0,25.0,51,46,5,18,25,75,105,0,1651908,68.78,761351.0,528.0,528.0,402.0
UTTAR PRADESH,bijnor,2007.0,99.0,51,27,0.0,27.0,68,48,20,26,33,75,188,0,1651908,68.78,761351.0,662.0,662.0,519.0
UTTAR PRADESH,bijnor,2008.0,93.0,68,30,0.0,30.0,92,80,12,19,52,53,249,0,1651908,68.78,761351.0,778.0,778.0,633.0
UTTAR PRADESH,bijnor,2009.0,79.0,40,30,0.0,30.0,87,75,12,22,46,44,225,0,1651908,68.78,761351.0,690.0,690.0,559.0
UTTAR PRADESH,bijnor,2010.0,87.0,53,40,0.0,40.0,117,100,17,27,56,0,254,0,1651908,68.78,761351.0,791.0,791.0,674.0
UTTAR PRADESH,bijnor,2011.0,85.0,37,39,0.0,39.0,128,118,10,30,14,0,238,0,1651908,68.78,761351.0,738.0,738.0,610.0
UTTAR PRADESH,bijnor,2012.0,89.0,67,43,0.0,43.0,160,148,12,19,43,0,257,0,1651908,68.78,761351.0,881.0,881.0,721.0
UTTAR PRADESH,bijnor,2015.0,,40,50,0.0,,0,164,0,34,124,0,143,0,1651908,68.78,761351.0,555.0,555.0,555.0
UTTAR PRADESH,bijnor,2019.0,1.0,16,56,0.0,0.0,0,60,1,32,142,0,229,0,1651908,68.78,761351.0,537.0,537.0,537.0
UTTAR PRADESH,bijnor,2020.0,0.0,0,43,0.0,0.0,0,25,0,28,124,0,234,0,1651908,68.78,761351.0,454.0,454.0,454.0
UTTAR PRADESH,bulandshahar,2001.0,250.0,209,31,0.0,31.0,94,64,30,45,71,219,227,0,1550326,74.31,674458.0,1271.0,1271.0,958.0
UTTAR PRADESH,bulandshahar,2002.0,217.0,172,33,0.0,33.0,94,60,34,47,70,104,185,0,1550326,74.31,674458.0,1049.0,1049.0,851.0
UTTAR PRADESH,bulandshahar,2003.0,144.0,98,13,0.0,13.0,36,30,6,25,26,98,105,0,1550326,74.31,674458.0,594.0,594.0,460.0
UTTAR PRADESH,bulandshahar,2004.0,199.0,140,40,0.0,40.0,90,69,21,36,51,114,106,0,1550326,74.31,674458.0,906.0,906.0,702.0
UTTAR PRADESH,bulandshahar,2005.0,198.0,124,33,0.0,33.0,81,60,21,41,62,116,106,0,1550326,74.31,674458.0,875.0,875.0,678.0
UTTAR PRADESH,bulandshahar,2006.0,177.0,118,27,0.0,27.0,69,49,20,33,63,150,102,0,1550326,74.31,674458.0,835.0,835.0,616.0
UTTAR PRADESH,bulandshahar,2007.0,146.0,160,44,0.0,44.0,120,93,27,36,75,120,227,0,1550326,74.31,674458.0,1092.0,1092.0,852.0
UTTAR PRADESH,bulandshahar,2008.0,104.0,98,28,0.0,28.0,77,60,17,29,51,74,151,0,1550326,74.31,674458.0,717.0,717.0,566.0
UTTAR PRADESH,bulandshahar,2009.0,118.0,130,38,0.0,38.0,102,81,21,53,36,24,184,0,1550326,74.31,674458.0,825.0,825.0,699.0
UTTAR PRADESH,bulandshahar,2010.0,119.0,139,24,0.0,24.0,148,127,21,40,60,0,327,0,1550326,74.31,674458.0,1029.0,1029.0,881.0
UTTAR PRADESH,bulandshahar,2011.0,162.0,175,47,0.0,47.0,218,192,26,50,94,0,362,0,1550326,74.31,674458.0,1373.0,1373.0,1155.0
UTTAR PRADESH,bulandshahar,2012.0,140.0,144,46,0.0,46.0,188,164,24,48,63,2,304,0,1550326,74.31,674458.0,1169.0,1169.0,979.0
UTTAR PRADESH,bulandshahar,2015.0,,14,93,1.0,,29,247,18,55,211,0,2,0,1550326,74.31,674458.0,670.0,670.0,641.0
UTTAR PRADESH,bulandshahar,2019.0,0.0,6,83,0.0,0.0,0,123,0,66,190,3,580,0,1550326,74.31,674458.0,1051.0,1051.0,1048.0
UTTAR PRADESH,bulandshahar,2020.0,0.0,0,55,0.0,0.0,0,109,0,56,176,1,655,0,1550326,74.31,674458.0,1052.0,1052.0,1051.0
UTTAR PRADESH,chitrakoot,2015.0,,0,19,0.0,,0,55,11,17,56,0,18,0,409178,77.69,76560.0,176.0,176.0,176.0
UTTAR PRADESH,chitrakoot,2019.0,0.0,0,26,0.0,0.0,0,16,0,18,67,0,53,0,409178,77.69,76560.0,180.0,180.0,180.0
UTTAR PRADESH,chitrakoot,2020.0,0.0,0,35,0.0,0.0,0,17,0,10,61,0,31,0,409178,77.69,76560.0,154.0,154.0,154.0
UTTAR PRADESH,deoria,2001.0,48.0,97,7,0.0,7.0,39,33,6,27,15,15,44,0,1355023,75.01,268305.0,338.0,338.0,284.0
UTTAR PRADESH,deoria,2002.0,39.0,48,5,0.0,5.0,20,18,2,15,10,10,18,0,1355023,75.01,268305.0,190.0,190.0,160.0
UTTAR PRADESH,deoria,2003.0,34.0,43,3,0.0,3.0,14,12,2,21,7,9,14,0,1355023,75.01,268305.0,162.0,162.0,139.0
UTTAR PRADESH,deoria,2004.0,44.0,60,12,0.0,12.0,29,23,6,16,10,13,31,0,1355023,75.01,268305.0,256.0,256.0,214.0
UTTAR PRADESH,deoria,2005.0,39.0,36,7,0.0,7.0,19,17,2,17,7,5,27,0,1355023,75.01,268305.0,183.0,183.0,159.0
UTTAR PRADESH,deoria,2006.0,32.0,29,5,0.0,5.0,19,14,5,23,8,2,23,0,1355023,75.01,268305.0,165.0,165.0,144.0
UTTAR PRADESH,deoria,2007.0,31.0,17,2,0.0,2.0,21,17,4,25,8,3,25,0,1355023,75.01,268305.0,155.0,155.0,131.0
UTTAR PRADESH,deoria,2008.0,33.0,16,15,0.0,15.0,20,13,7,36,6,17,27,0,1355023,75.01,268305.0,205.0,205.0,168.0
UTTAR PRADESH,deoria,2009.0,19.0,20,9,0.0,9.0,44,38,6,30,15,12,32,0,1355023,75.01,268305.0,234.0,234.0,178.0
UTTAR PRADESH,deoria,2010.0,34.0,8,4,0.0,4.0,23,18,5,21,4,0,9,0,1355023,75.01,268305.0,130.0,130.0,107.0
UTTAR PRADESH,deoria,2011.0,34.0,17,8,0.0,8.0,58,53,5,27,12,0,24,0,1355023,75.01,268305.0,246.0,246.0,188.0
UTTAR PRADESH,deoria,2012.0,35.0,25,18,0.0,18.0,67,67,0,29,16,0,34,0,1355023,75.01,268305.0,309.0,309.0,242.0
UTTAR PRADESH,deoria,2015.0,,4,51,0.0,,2,124,0,22,46,0,44,0,1355023,75.01,268305.0,293.0,293.0,291.0
UTTAR PRADESH,deoria,2019.0,0.0,0,9,0.0,0.0,0,134,0,27,21,0,16,0,1355023,75.01,268305.0,207.0,207.0,207.0
UTTAR PRADESH,deoria,2020.0,0.0,0,9,0.0,0.0,0,0,0,20,12,0,21,0,1355023,75.01,268305.0,62.0,62.0,62.0
UTTAR PRADESH,etah,2001.0,240.0,364,57,0.0,57.0,118,59,59,68,68,24,156,0,1509199,67.52,483663.0,1270.0,1270.0,1128.0
UTTAR PRADESH,etah,2002.0,210.0,278,37,0.0,37.0,86,49,37,81,43,15,85,0,1509199,67.52,483663.0,958.0,958.0,857.0
UTTAR PRADESH,etah,2003.0,137.0,141,18,0.0,18.0,55,23,32,38,19,15,37,0,1509199,67.52,483663.0,533.0,533.0,463.0
UTTAR PRADESH,etah,2004.0,148.0,216,26,0.0,26.0,63,26,37,47,44,7,61,0,1509199,67.52,483663.0,701.0,701.0,631.0
UTTAR PRADESH,etah,2005.0,145.0,183,16,0.0,16.0,59,33,26,43,34,26,62,0,1509199,67.52,483663.0,643.0,643.0,558.0
UTTAR PRADESH,etah,2006.0,138.0,140,28,0.0,28.0,64,26,38,46,26,31,55,0,1509199,67.52,483663.0,620.0,620.0,525.0
UTTAR PRADESH,etah,2007.0,141.0,194,39,0.0,39.0,107,66,41,56,48,22,77,0,1509199,67.52,483663.0,830.0,830.0,701.0
UTTAR PRADESH,etah,2008.0,64.0,82,20,0.0,20.0,80,66,14,34,41,17,71,0,1509199,67.52,483663.0,509.0,509.0,412.0
UTTAR PRADESH,etah,2009.0,64.0,96,18,0.0,18.0,54,45,9,42,37,13,92,0,1509199,67.52,483663.0,488.0,488.0,421.0
UTTAR PRADESH,etah,2010.0,63.0,86,11,0.0,11.0,63,60,3,30,45,0,72,0,1509199,67.52,483663.0,444.0,444.0,381.0
UTTAR PRADESH,etah,2011.0,54.0,83,19,0.0,19.0,69,61,8,30,25,0,57,0,1509199,67.52,483663.0,425.0,425.0,356.0
UTTAR PRADESH,etah,2012.0,73.0,115,22,0.0,22.0,110,99,11,38,62,0,82,0,1509199,67.52,483663.0,634.0,634.0,524.0
UTTAR PRADESH,etah,2015.0,,5,28,0.0,,57,91,0,31,78,0,100,0,1509199,67.52,483663.0,390.0,390.0,333.0
UTTAR PRADESH,etah,2019.0,0.0,0,25,0.0,0.0,16,120,0,42,171,0,139,0,1509199,67.52,483663.0,513.0,513.0,497.0
UTTAR PRADESH,etah,2020.0,0.0,0,11,0.0,0.0,0,70,0,33,126,0,106,0,1509199,67.52,483663.0,346.0,346.0,346.0
UTTAR PRADESH,etawah,2001.0,82.0,92,20,0.0,20.0,93,22,71,29,25,26,52,0,720749,79.92,308082.0,532.0,532.0,413.0
UTTAR PRADESH,etawah,2002.0,85.0,70,12,0.0,12.0,47,21,26,25,32,11,32,0,720749,79.92,308082.0,373.0,373.0,315.0
UTTAR PRADESH,etawah,2003.0,44.0,44,2,0.0,2.0,30,9,21,16,12,6,18,0,720749,79.92,308082.0,204.0,204.0,168.0
UTTAR PRADESH,etawah,2004.0,71.0,75,9,0.0,9.0,63,25,38,13,15,10,46,0,720749,79.92,308082.0,374.0,374.0,301.0
UTTAR PRADESH,etawah,2005.0,67.0,59,12,0.0,12.0,71,28,43,29,20,35,26,0,720749,79.92,308082.0,402.0,402.0,296.0
UTTAR PRADESH,etawah,2006.0,80.0,60,10,0.0,10.0,66,36,30,30,18,22,30,0,720749,79.92,308082.0,392.0,392.0,304.0
UTTAR PRADESH,etawah,2007.0,66.0,69,14,0.0,14.0,84,54,30,28,31,37,115,0,720749,79.92,308082.0,542.0,542.0,421.0
UTTAR PRADESH,etawah,2008.0,70.0,72,19,0.0,19.0,89,64,25,28,43,29,108,0,720749,79.92,308082.0,566.0,566.0,448.0
UTTAR PRADESH,etawah,2009.0,45.0,53,5,0.0,5.0,75,62,13,35,42,39,112,0,720749,79.92,308082.0,486.0,486.0,372.0
UTTAR PRADESH,etawah,2010.0,44.0,28,4,0.0,4.0,52,44,8,29,19,0,81,0,720749,79.92,308082.0,313.0,313.0,261.0
UTTAR PRADESH,etawah,2011.0,59.0,44,13,0.0,13.0,81,73,8,42,28,0,52,0,720749,79.92,308082.0,413.0,413.0,332.0
UTTAR PRADESH,etawah,2012.0,59.0,55,9,0.0,9.0,71,64,7,26,26,0,42,0,720749,79.92,308082.0,368.0,368.0,297.0
UTTAR PRADESH,etawah,2015.0,,5,26,0.0,,86,125,0,43,101,1,169,0,720749,79.92,308082.0,556.0,556.0,469.0
UTTAR PRADESH,etawah,2019.0,0.0,0,9,0.0,0.0,6,85,0,32,49,0,91,0,720749,79.92,308082.0,272.0,272.0,266.0
UTTAR PRADESH,etawah,2020.0,0.0,0,10,0.0,0.0,18,67,0,28,51,0,87,0,720749,79.92,308082.0,261.0,261.0,243.0
UTTAR PRADESH,faizabad,2001.0,77.0,48,22,0.0,22.0,28,26,2,17,24,18,49,0,1077472,69.42,281273.0,333.0,333.0,287.0
UTTAR PRADESH,faizabad,2002.0,62.0,43,15,0.0,15.0,18,17,1,12,18,24,33,0,1077472,69.42,281273.0,258.0,258.0,216.0
UTTAR PRADESH,faizabad,2003.0,31.0,26,10,0.0,10.0,11,11,0,4,6,42,2,0,1077472,69.42,281273.0,153.0,153.0,100.0
UTTAR PRADESH,faizabad,2004.0,50.0,31,12,0.0,12.0,19,17,2,14,18,25,24,0,1077472,69.42,281273.0,224.0,224.0,180.0
UTTAR PRADESH,faizabad,2005.0,55.0,43,11,0.0,11.0,35,33,2,15,13,29,48,0,1077472,69.42,281273.0,295.0,295.0,231.0
UTTAR PRADESH,faizabad,2006.0,45.0,35,14,0.0,14.0,34,28,6,12,18,24,54,0,1077472,69.42,281273.0,284.0,284.0,226.0
UTTAR PRADESH,faizabad,2007.0,52.0,29,23,0.0,23.0,46,32,14,17,23,37,54,0,1077472,69.42,281273.0,350.0,350.0,267.0
UTTAR PRADESH,faizabad,2008.0,43.0,14,23,0.0,23.0,58,56,2,18,26,43,86,0,1077472,69.42,281273.0,392.0,392.0,291.0
UTTAR PRADESH,faizabad,2009.0,30.0,18,22,0.0,22.0,74,69,5,18,27,21,38,0,1077472,69.42,281273.0,344.0,344.0,249.0
UTTAR PRADESH,faizabad,2010.0,38.0,16,16,0.0,16.0,71,69,2,18,27,0,16,0,1077472,69.42,281273.0,289.0,289.0,218.0
UTTAR PRADESH,faizabad,2011.0,49.0,31,27,0.0,27.0,119,114,5,11,56,0,21,0,1077472,69.42,281273.0,460.0,460.0,341.0
UTTAR PRADESH,faizabad,2012.0,45.0,41,29,0.0,29.0,143,133,10,18,32,0,7,0,1077472,69.42,281273.0,487.0,487.0,344.0
UTTAR PRADESH,faizabad,2015.0,,1,29,0.0,,0,100,0,20,59,0,3,0,1077472,69.42,281273.0,212.0,212.0,212.0
UTTAR PRADESH,fatehpur,2001.0,132.0,56,28,0.0,28.0,45,27,18,46,25,15,59,0,1219602,69.01,237750.0,479.0,479.0,419.0
UTTAR PRADESH,fatehpur,2002.0,91.0,43,12,0.0,12.0,29,19,10,26,18,12,44,0,1219602,69.01,237750.0,316.0,316.0,275.0
UTTAR PRADESH,fatehpur,2003.0,73.0,31,3,0.0,3.0,20,14,6,24,4,19,15,0,1219602,69.01,237750.0,212.0,212.0,173.0
UTTAR PRADESH,fatehpur,2004.0,87.0,34,10,0.0,10.0,20,16,4,23,19,19,17,0,1219602,69.01,237750.0,259.0,259.0,220.0
UTTAR PRADESH,fatehpur,2005.0,92.0,41,7,0.0,7.0,28,18,10,22,11,9,21,0,1219602,69.01,237750.0,266.0,266.0,229.0
UTTAR PRADESH,fatehpur,2006.0,87.0,37,9,0.0,9.0,22,20,2,27,14,21,18,0,1219602,69.01,237750.0,266.0,266.0,223.0
UTTAR PRADESH,fatehpur,2007.0,66.0,30,22,0.0,22.0,45,38,7,33,29,21,61,0,1219602,69.01,237750.0,374.0,374.0,308.0
UTTAR PRADESH,fatehpur,2008.0,74.0,35,16,0.0,16.0,53,42,11,41,32,15,67,0,1219602,69.01,237750.0,402.0,402.0,334.0
UTTAR PRADESH,fatehpur,2009.0,70.0,28,28,0.0,28.0,53,44,9,38,39,13,51,0,1219602,69.01,237750.0,401.0,401.0,335.0
UTTAR PRADESH,fatehpur,2010.0,75.0,44,33,0.0,33.0,71,57,14,42,53,2,83,0,1219602,69.01,237750.0,507.0,507.0,434.0
UTTAR PRADESH,fatehpur,2011.0,64.0,32,40,0.0,40.0,106,92,14,45,55,0,45,0,1219602,69.01,237750.0,533.0,533.0,427.0
UTTAR PRADESH,fatehpur,2012.0,79.0,33,35,0.0,35.0,118,106,12,41,65,0,56,0,1219602,69.01,237750.0,580.0,580.0,462.0
UTTAR PRADESH,fatehpur,2015.0,,25,45,4.0,,65,134,0,32,148,0,87,0,1219602,69.01,237750.0,540.0,540.0,475.0
UTTAR PRADESH,fatehpur,2019.0,1.0,0,35,0.0,0.0,0,78,0,46,119,0,136,0,1219602,69.01,237750.0,415.0,415.0,415.0
UTTAR PRADESH,fatehpur,2020.0,0.0,0,78,0.0,0.0,0,61,0,47,155,0,177,0,1219602,69.01,237750.0,518.0,518.0,518.0
UTTAR PRADESH,firozabad,2001.0,135.0,169,22,0.0,22.0,120,59,61,48,33,69,89,0,1108668,75.89,622553.0,827.0,827.0,638.0
UTTAR PRADESH,firozabad,2002.0,138.0,127,26,0.0,26.0,95,51,44,36,37,46,105,0,1108668,75.89,622553.0,731.0,731.0,590.0
UTTAR PRADESH,firozabad,2003.0,95.0,89,12,0.0,12.0,63,32,31,30,33,89,51,0,1108668,75.89,622553.0,537.0,537.0,385.0
UTTAR PRADESH,firozabad,2004.0,123.0,127,10,0.0,10.0,89,37,52,48,33,33,89,0,1108668,75.89,622553.0,651.0,651.0,529.0
UTTAR PRADESH,firozabad,2005.0,122.0,117,17,0.0,17.0,71,44,27,48,16,42,57,0,1108668,75.89,622553.0,578.0,578.0,465.0
UTTAR PRADESH,firozabad,2006.0,127.0,141,16,0.0,16.0,92,57,35,35,29,38,106,0,1108668,75.89,622553.0,692.0,692.0,562.0
UTTAR PRADESH,firozabad,2007.0,123.0,143,28,0.0,28.0,109,69,40,56,58,51,155,0,1108668,75.89,622553.0,860.0,860.0,700.0
UTTAR PRADESH,firozabad,2008.0,121.0,139,27,0.0,27.0,114,78,36,41,43,77,77,0,1108668,75.89,622553.0,780.0,780.0,589.0
UTTAR PRADESH,firozabad,2009.0,117.0,106,26,0.0,26.0,142,95,47,47,59,35,130,0,1108668,75.89,622553.0,830.0,830.0,653.0
UTTAR PRADESH,firozabad,2010.0,109.0,68,18,0.0,18.0,99,78,21,54,33,0,83,0,1108668,75.89,622553.0,581.0,581.0,482.0
UTTAR PRADESH,firozabad,2011.0,96.0,104,32,0.0,32.0,174,144,30,43,57,0,83,0,1108668,75.89,622553.0,795.0,795.0,621.0
UTTAR PRADESH,firozabad,2012.0,100.0,108,32,0.0,32.0,193,149,44,50,49,0,98,0,1108668,75.89,622553.0,855.0,855.0,662.0
UTTAR PRADESH,firozabad,2015.0,,14,42,0.0,,0,234,0,68,148,0,164,0,1108668,75.89,622553.0,670.0,670.0,670.0
UTTAR PRADESH,firozabad,2019.0,2.0,14,24,0.0,0.0,35,392,0,53,218,0,281,0,1108668,75.89,622553.0,1019.0,1019.0,984.0
UTTAR PRADESH,firozabad,2020.0,0.0,0,18,0.0,0.0,0,249,0,48,208,0,265,0,1108668,75.89,622553.0,788.0,788.0,788.0
UTTAR PRADESH,ghaziabad,2001.0,230.0,381,31,0.0,31.0,112,79,33,33,54,138,140,0,1769042,79.84,1816415.0,1262.0,1262.0,1012.0
UTTAR PRADESH,ghaziabad,2002.0,231.0,375,20,1.0,19.0,99,69,30,21,35,108,176,0,1769042,79.84,1816415.0,1184.0,1184.0,977.0
UTTAR PRADESH,ghaziabad,2003.0,176.0,110,15,0.0,15.0,73,49,24,17,18,65,97,0,1769042,79.84,1816415.0,659.0,659.0,521.0
UTTAR PRADESH,ghaziabad,2004.0,190.0,160,25,0.0,25.0,118,88,30,35,31,94,142,0,1769042,79.84,1816415.0,938.0,938.0,726.0
UTTAR PRADESH,ghaziabad,2005.0,183.0,135,24,0.0,24.0,103,79,24,33,26,92,147,0,1769042,79.84,1816415.0,870.0,870.0,675.0
UTTAR PRADESH,ghaziabad,2006.0,146.0,143,29,0.0,29.0,109,86,23,41,26,93,190,0,1769042,79.84,1816415.0,915.0,915.0,713.0
UTTAR PRADESH,ghaziabad,2007.0,150.0,135,33,0.0,33.0,158,108,50,37,30,85,204,0,1769042,79.84,1816415.0,1023.0,1023.0,780.0
UTTAR PRADESH,ghaziabad,2008.0,143.0,138,30,0.0,30.0,199,138,61,39,30,83,202,0,1769042,79.84,1816415.0,1093.0,1093.0,811.0
UTTAR PRADESH,ghaziabad,2009.0,254.0,277,53,0.0,53.0,491,321,170,66,88,182,556,0,1769042,79.84,1816415.0,2511.0,2511.0,1838.0
UTTAR PRADESH,ghaziabad,2010.0,216.0,220,44,0.0,44.0,366,285,81,69,77,0,536,0,1769042,79.84,1816415.0,1938.0,1938.0,1572.0
UTTAR PRADESH,ghaziabad,2011.0,162.0,136,22,0.0,22.0,257,219,38,47,59,0,255,0,1769042,79.84,1816415.0,1217.0,1217.0,960.0
UTTAR PRADESH,ghaziabad,2012.0,146.0,111,31,0.0,31.0,255,220,35,41,60,0,277,0,1769042,79.84,1816415.0,1207.0,1207.0,952.0
UTTAR PRADESH,ghaziabad,2015.0,,13,118,0.0,,88,427,0,38,214,0,507,0,1769042,79.84,1816415.0,1405.0,1405.0,1317.0
UTTAR PRADESH,ghaziabad,2019.0,0.0,0,89,0.0,0.0,0,200,0,40,307,0,480,0,1769042,79.84,1816415.0,1116.0,1116.0,1116.0
UTTAR PRADESH,ghaziabad,2020.0,1.0,0,25,0.0,0.0,2,107,1,27,124,0,184,0,1769042,79.84,1816415.0,471.0,471.0,469.0
UTTAR PRADESH,ghazipur,2001.0,46.0,58,6,0.0,6.0,28,19,9,22,18,29,56,0,1537141,74.87,233370.0,297.0,297.0,240.0
UTTAR PRADESH,ghazipur,2002.0,55.0,42,4,0.0,4.0,16,7,9,14,12,12,50,0,1537141,74.87,233370.0,225.0,225.0,197.0
UTTAR PRADESH,ghazipur,2003.0,48.0,37,2,0.0,2.0,8,8,0,11,3,24,24,0,1537141,74.87,233370.0,167.0,167.0,135.0
UTTAR PRADESH,ghazipur,2004.0,61.0,54,4,0.0,4.0,9,8,1,17,19,15,49,0,1537141,74.87,233370.0,241.0,241.0,217.0
UTTAR PRADESH,ghazipur,2005.0,48.0,45,2,0.0,2.0,8,3,5,19,7,20,35,0,1537141,74.87,233370.0,194.0,194.0,166.0
UTTAR PRADESH,ghazipur,2006.0,44.0,46,8,0.0,8.0,14,11,3,22,8,17,33,0,1537141,74.87,233370.0,214.0,214.0,183.0
UTTAR PRADESH,ghazipur,2007.0,40.0,39,10,0.0,10.0,14,10,4,22,11,23,68,0,1537141,74.87,233370.0,251.0,251.0,214.0
UTTAR PRADESH,ghazipur,2008.0,41.0,36,6,0.0,6.0,25,22,3,33,17,15,64,0,1537141,74.87,233370.0,268.0,268.0,228.0
UTTAR PRADESH,ghazipur,2009.0,37.0,35,3,0.0,3.0,21,16,5,29,12,22,63,0,1537141,74.87,233370.0,246.0,246.0,203.0
UTTAR PRADESH,ghazipur,2010.0,45.0,33,5,0.0,5.0,19,15,4,32,12,0,41,0,1537141,74.87,233370.0,211.0,211.0,192.0
UTTAR PRADESH,ghazipur,2011.0,46.0,29,11,0.0,11.0,21,18,3,35,16,0,26,0,1537141,74.87,233370.0,216.0,216.0,195.0
UTTAR PRADESH,ghazipur,2012.0,47.0,56,9,0.0,9.0,61,53,8,32,16,0,60,0,1537141,74.87,233370.0,351.0,351.0,290.0
UTTAR PRADESH,ghazipur,2015.0,,2,40,1.0,,0,148,0,30,112,0,108,0,1537141,74.87,233370.0,441.0,441.0,441.0
UTTAR PRADESH,ghazipur,2019.0,0.0,2,24,0.0,0.0,0,128,0,28,127,0,165,0,1537141,74.87,233370.0,474.0,474.0,474.0
UTTAR PRADESH,ghazipur,2020.0,0.0,0,31,0.0,0.0,0,92,0,27,218,0,170,0,1537141,74.87,233370.0,538.0,538.0,538.0
UTTAR PRADESH,gonda,2001.0,68.0,101,18,0.0,18.0,34,21,13,26,19,13,46,0,1451101,56.39,194319.0,377.0,377.0,330.0
UTTAR PRADESH,gonda,2002.0,23.0,65,11,0.0,11.0,31,23,8,29,20,16,27,0,1451101,56.39,194319.0,264.0,264.0,217.0
UTTAR PRADESH,gonda,2003.0,21.0,22,5,0.0,5.0,10,8,2,16,3,215,4,0,1451101,56.39,194319.0,311.0,311.0,86.0
UTTAR PRADESH,gonda,2004.0,52.0,57,14,0.0,14.0,23,21,2,15,12,63,2,0,1451101,56.39,194319.0,275.0,275.0,189.0
UTTAR PRADESH,gonda,2005.0,31.0,59,12,0.0,12.0,18,15,3,26,14,23,6,0,1451101,56.39,194319.0,219.0,219.0,178.0
UTTAR PRADESH,gonda,2006.0,55.0,63,22,0.0,22.0,44,35,9,28,27,23,7,0,1451101,56.39,194319.0,335.0,335.0,268.0
UTTAR PRADESH,gonda,2007.0,46.0,46,13,0.0,13.0,47,33,14,35,18,9,10,0,1451101,56.39,194319.0,284.0,284.0,228.0
UTTAR PRADESH,gonda,2008.0,49.0,53,27,0.0,27.0,54,44,10,43,39,10,12,0,1451101,56.39,194319.0,368.0,368.0,304.0
UTTAR PRADESH,gonda,2009.0,59.0,37,29,0.0,29.0,88,74,14,42,28,12,3,0,1451101,56.39,194319.0,415.0,415.0,315.0
UTTAR PRADESH,gonda,2010.0,51.0,31,9,0.0,9.0,77,67,10,47,30,0,6,0,1451101,56.39,194319.0,337.0,337.0,260.0
UTTAR PRADESH,gonda,2011.0,46.0,51,34,0.0,34.0,129,116,13,27,29,0,6,0,1451101,56.39,194319.0,485.0,485.0,356.0
UTTAR PRADESH,gonda,2012.0,39.0,38,23,0.0,23.0,125,103,22,37,40,0,5,0,1451101,56.39,194319.0,455.0,455.0,330.0
UTTAR PRADESH,gonda,2015.0,,2,23,0.0,,0,87,0,41,50,0,4,0,1451101,56.39,194319.0,207.0,207.0,207.0
UTTAR PRADESH,gonda,2019.0,0.0,0,24,0.0,0.0,0,137,0,50,72,0,26,0,1451101,56.39,194319.0,309.0,309.0,309.0
UTTAR PRADESH,gonda,2020.0,0.0,0,26,0.0,0.0,42,92,0,30,81,0,31,0,1451101,56.39,194319.0,302.0,302.0,260.0
UTTAR PRADESH,gorakhpur,2001.0,96.0,74,13,0.0,13.0,60,52,8,16,25,36,52,0,1923197,73.57,738591.0,445.0,445.0,349.0
UTTAR PRADESH,gorakhpur,2002.0,112.0,74,27,0.0,27.0,43,39,4,30,28,19,56,0,1923197,73.57,738591.0,459.0,459.0,397.0
UTTAR PRADESH,gorakhpur,2003.0,82.0,64,13,0.0,13.0,37,32,5,18,22,25,36,0,1923197,73.57,738591.0,347.0,347.0,285.0
UTTAR PRADESH,gorakhpur,2004.0,98.0,84,24,0.0,24.0,51,37,14,25,26,43,79,0,1923197,73.57,738591.0,505.0,505.0,411.0
UTTAR PRADESH,gorakhpur,2005.0,94.0,67,24,0.0,24.0,29,27,2,16,22,25,18,0,1923197,73.57,738591.0,348.0,348.0,294.0
UTTAR PRADESH,gorakhpur,2006.0,89.0,57,23,0.0,23.0,44,39,5,16,24,45,70,0,1923197,73.57,738591.0,435.0,435.0,346.0
UTTAR PRADESH,gorakhpur,2007.0,75.0,58,19,0.0,19.0,58,51,7,23,22,76,83,0,1923197,73.57,738591.0,491.0,491.0,357.0
UTTAR PRADESH,gorakhpur,2008.0,76.0,38,46,0.0,46.0,150,117,33,43,30,43,216,0,1923197,73.57,738591.0,838.0,838.0,645.0
UTTAR PRADESH,gorakhpur,2009.0,79.0,56,43,0.0,43.0,107,94,13,50,44,47,255,0,1923197,73.57,738591.0,831.0,831.0,677.0
UTTAR PRADESH,gorakhpur,2010.0,105.0,82,45,0.0,45.0,229,199,30,61,69,0,266,0,1923197,73.57,738591.0,1131.0,1131.0,902.0
UTTAR PRADESH,gorakhpur,2011.0,105.0,100,50,0.0,50.0,232,215,17,41,71,0,224,0,1923197,73.57,738591.0,1105.0,1105.0,873.0
UTTAR PRADESH,gorakhpur,2012.0,98.0,136,52,0.0,52.0,232,207,25,53,56,0,180,0,1923197,73.57,738591.0,1091.0,1091.0,859.0
UTTAR PRADESH,gorakhpur,2015.0,,19,88,0.0,,0,236,0,37,115,0,163,0,1923197,73.57,738591.0,658.0,658.0,658.0
UTTAR PRADESH,gorakhpur,2019.0,1.0,0,75,0.0,0.0,0,347,0,44,258,0,480,0,1923197,73.57,738591.0,1205.0,1205.0,1205.0
UTTAR PRADESH,gorakhpur,2020.0,0.0,0,82,0.0,0.0,0,223,0,43,242,0,0,0,1923197,73.57,738591.0,590.0,590.0,590.0
UTTAR PRADESH,hamirpur,2001.0,66.0,33,14,0.0,14.0,24,16,8,22,32,7,25,0,563801,71.87,173808.0,261.0,261.0,230.0
UTTAR PRADESH,hamirpur,2002.0,62.0,32,9,0.0,9.0,19,6,13,17,34,4,28,0,563801,71.87,173808.0,233.0,233.0,210.0
UTTAR PRADESH,hamirpur,2003.0,36.0,13,10,0.0,10.0,7,4,3,12,15,5,2,0,563801,71.87,173808.0,117.0,117.0,105.0
UTTAR PRADESH,hamirpur,2004.0,50.0,33,12,0.0,12.0,13,9,4,16,23,6,7,0,563801,71.87,173808.0,185.0,185.0,166.0
UTTAR PRADESH,hamirpur,2005.0,48.0,26,9,0.0,9.0,14,10,4,6,17,11,10,0,563801,71.87,173808.0,164.0,164.0,139.0
UTTAR PRADESH,hamirpur,2006.0,36.0,20,8,0.0,8.0,6,5,1,12,16,7,11,0,563801,71.87,173808.0,130.0,130.0,117.0
UTTAR PRADESH,hamirpur,2007.0,22.0,7,8,0.0,8.0,12,7,5,9,16,5,5,0,563801,71.87,173808.0,104.0,104.0,87.0
UTTAR PRADESH,hamirpur,2008.0,23.0,8,9,0.0,9.0,21,19,2,13,13,5,10,0,563801,71.87,173808.0,132.0,132.0,106.0
UTTAR PRADESH,hamirpur,2009.0,30.0,6,16,0.0,16.0,18,18,0,20,21,9,22,0,563801,71.87,173808.0,176.0,176.0,149.0
UTTAR PRADESH,hamirpur,2010.0,22.0,12,6,0.0,6.0,15,13,2,15,25,0,22,0,563801,71.87,173808.0,138.0,138.0,123.0
UTTAR PRADESH,hamirpur,2011.0,34.0,20,12,0.0,12.0,38,38,0,15,33,0,20,0,563801,71.87,173808.0,222.0,222.0,184.0
UTTAR PRADESH,hamirpur,2012.0,36.0,27,25,0.0,25.0,46,40,6,17,37,0,28,0,563801,71.87,173808.0,287.0,287.0,241.0
UTTAR PRADESH,hamirpur,2015.0,,0,35,17.0,,0,66,0,33,177,0,61,0,563801,71.87,173808.0,389.0,389.0,389.0
UTTAR PRADESH,hamirpur,2019.0,0.0,2,24,0.0,0.0,0,53,0,21,102,1,122,0,563801,71.87,173808.0,325.0,325.0,324.0
UTTAR PRADESH,hamirpur,2020.0,0.0,0,15,0.0,0.0,0,46,0,20,75,0,56,0,563801,71.87,173808.0,212.0,212.0,212.0
UTTAR PRADESH,hardoi,2001.0,182.0,153,70,0.0,70.0,75,60,15,63,86,21,136,0,1842698,64.39,407313.0,931.0,931.0,835.0
UTTAR PRADESH,hardoi,2002.0,135.0,103,39,0.0,39.0,48,36,12,26,54,36,72,0,1842698,64.39,407313.0,600.0,600.0,516.0
UTTAR PRADESH,hardoi,2003.0,101.0,72,24,0.0,24.0,38,31,7,18,30,83,37,0,1842698,64.39,407313.0,465.0,465.0,344.0
UTTAR PRADESH,hardoi,2004.0,116.0,72,37,0.0,37.0,58,50,8,44,68,76,64,0,1842698,64.39,407313.0,630.0,630.0,496.0
UTTAR PRADESH,hardoi,2005.0,91.0,52,31,0.0,31.0,45,32,13,25,51,48,47,0,1842698,64.39,407313.0,466.0,466.0,373.0
UTTAR PRADESH,hardoi,2006.0,87.0,58,30,0.0,30.0,42,37,5,35,55,26,53,0,1842698,64.39,407313.0,458.0,458.0,390.0
UTTAR PRADESH,hardoi,2007.0,86.0,54,33,0.0,33.0,47,38,9,42,45,26,57,0,1842698,64.39,407313.0,470.0,470.0,397.0
UTTAR PRADESH,hardoi,2008.0,71.0,53,42,0.0,42.0,64,60,4,50,67,30,68,0,1842698,64.39,407313.0,551.0,551.0,457.0
UTTAR PRADESH,hardoi,2009.0,76.0,55,29,0.0,29.0,91,87,4,45,61,13,73,0,1842698,64.39,407313.0,563.0,563.0,459.0
UTTAR PRADESH,hardoi,2010.0,68.0,30,20,0.0,20.0,74,73,1,24,50,0,55,0,1842698,64.39,407313.0,415.0,415.0,341.0
UTTAR PRADESH,hardoi,2011.0,61.0,51,24,0.0,24.0,130,123,7,32,55,0,72,0,1842698,64.39,407313.0,579.0,579.0,449.0
UTTAR PRADESH,hardoi,2012.0,77.0,57,30,0.0,30.0,135,133,2,48,54,0,87,0,1842698,64.39,407313.0,653.0,653.0,518.0
UTTAR PRADESH,hardoi,2015.0,,23,38,0.0,,0,151,0,41,90,0,108,0,1842698,64.39,407313.0,451.0,451.0,451.0
UTTAR PRADESH,hardoi,2019.0,1.0,0,67,0.0,0.0,134,255,0,64,278,0,342,0,1842698,64.39,407313.0,1141.0,1141.0,1007.0
UTTAR PRADESH,hardoi,2020.0,0.0,0,56,0.0,0.0,71,136,0,60,159,0,200,0,1842698,64.39,407313.0,682.0,682.0,611.0
UTTAR PRADESH,hathras,2001.0,86.0,94,16,0.0,16.0,50,26,24,31,63,26,93,0,718930,76.28,264480.0,525.0,525.0,449.0
UTTAR PRADESH,hathras,2002.0,76.0,80,25,0.0,25.0,49,30,19,21,41,12,107,0,718930,76.28,264480.0,485.0,485.0,424.0
UTTAR PRADESH,hathras,2003.0,52.0,76,21,0.0,21.0,38,23,15,10,19,21,74,0,718930,76.28,264480.0,370.0,370.0,311.0
UTTAR PRADESH,hathras,2004.0,66.0,90,16,0.0,16.0,40,26,14,24,39,21,134,0,718930,76.28,264480.0,486.0,486.0,425.0
UTTAR PRADESH,hathras,2005.0,65.0,88,12,0.0,12.0,29,20,9,20,34,35,86,0,718930,76.28,264480.0,410.0,410.0,346.0
UTTAR PRADESH,hathras,2006.0,71.0,87,23,0.0,23.0,45,30,15,22,50,28,64,0,718930,76.28,264480.0,458.0,458.0,385.0
UTTAR PRADESH,hathras,2007.0,56.0,54,16,0.0,16.0,71,50,21,17,48,26,179,0,718930,76.28,264480.0,554.0,554.0,457.0
UTTAR PRADESH,hathras,2008.0,58.0,40,17,0.0,17.0,62,37,25,27,43,18,92,0,718930,76.28,264480.0,436.0,436.0,356.0
UTTAR PRADESH,hathras,2009.0,53.0,48,22,0.0,22.0,73,52,21,23,33,8,146,0,718930,76.28,264480.0,501.0,501.0,420.0
UTTAR PRADESH,hathras,2010.0,62.0,55,24,0.0,24.0,79,60,19,30,45,0,107,0,718930,76.28,264480.0,505.0,505.0,426.0
UTTAR PRADESH,hathras,2011.0,61.0,49,35,0.0,35.0,93,77,16,24,42,0,84,0,718930,76.28,264480.0,516.0,516.0,423.0
UTTAR PRADESH,hathras,2012.0,53.0,52,17,0.0,17.0,84,71,13,18,39,0,91,0,718930,76.28,264480.0,455.0,455.0,371.0
UTTAR PRADESH,hathras,2015.0,,0,36,0.0,,0,87,0,20,110,0,71,0,718930,76.28,264480.0,324.0,324.0,324.0
UTTAR PRADESH,hathras,2019.0,0.0,4,39,0.0,0.0,6,170,0,23,133,2,169,0,718930,76.28,264480.0,546.0,546.0,538.0
UTTAR PRADESH,hathras,2020.0,1.0,0,26,0.0,0.0,3,110,0,32,136,0,129,0,718930,76.28,264480.0,437.0,437.0,434.0
UTTAR PRADESH,jalaun,2001.0,83.0,79,6,0.0,6.0,36,14,22,29,40,21,65,0,786641,77.39,340526.0,401.0,401.0,344.0
UTTAR PRADESH,jalaun,2002.0,79.0,28,4,0.0,4.0,34,14,20,22,19,17,22,0,786641,77.39,340526.0,263.0,263.0,212.0
UTTAR PRADESH,jalaun,2003.0,68.0,23,6,0.0,6.0,23,8,15,22,11,13,15,0,786641,77.39,340526.0,210.0,210.0,174.0
UTTAR PRADESH,jalaun,2004.0,88.0,55,7,0.0,7.0,49,13,36,28,17,22,20,0,786641,77.39,340526.0,342.0,342.0,271.0
UTTAR PRADESH,jalaun,2005.0,59.0,33,3,0.0,3.0,14,8,6,21,13,37,17,0,786641,77.39,340526.0,214.0,214.0,163.0
UTTAR PRADESH,jalaun,2006.0,48.0,37,4,0.0,4.0,29,20,9,36,31,18,46,0,786641,77.39,340526.0,282.0,282.0,235.0
UTTAR PRADESH,jalaun,2007.0,48.0,17,8,0.0,8.0,27,19,8,32,42,37,43,0,786641,77.39,340526.0,289.0,289.0,225.0
UTTAR PRADESH,jalaun,2008.0,43.0,12,6,0.0,6.0,34,30,4,37,34,24,47,0,786641,77.39,340526.0,277.0,277.0,219.0
UTTAR PRADESH,jalaun,2009.0,37.0,13,11,0.0,11.0,33,27,6,34,41,15,43,0,786641,77.39,340526.0,271.0,271.0,223.0
UTTAR PRADESH,jalaun,2010.0,35.0,13,5,0.0,5.0,31,28,3,23,28,0,32,0,786641,77.39,340526.0,203.0,203.0,172.0
UTTAR PRADESH,jalaun,2011.0,38.0,22,7,0.0,7.0,49,47,2,40,18,0,22,0,786641,77.39,340526.0,252.0,252.0,203.0
UTTAR PRADESH,jalaun,2012.0,46.0,32,15,0.0,15.0,68,57,11,40,32,0,47,0,786641,77.39,340526.0,363.0,363.0,295.0
UTTAR PRADESH,jalaun,2015.0,,6,7,0.0,,1,50,0,36,52,0,11,0,786641,77.39,340526.0,163.0,163.0,162.0
UTTAR PRADESH,jalaun,2019.0,0.0,0,9,0.0,0.0,91,93,0,29,90,0,150,0,786641,77.39,340526.0,462.0,462.0,371.0
UTTAR PRADESH,jalaun,2020.0,0.0,0,11,0.0,0.0,42,45,0,27,75,0,147,0,786641,77.39,340526.0,347.0,347.0,305.0
UTTAR PRADESH,jaunpur,2001.0,56.0,85,11,0.0,11.0,22,15,7,43,21,19,85,0,1941903,76.18,289411.0,375.0,375.0,334.0
UTTAR PRADESH,jaunpur,2002.0,51.0,57,8,0.0,8.0,16,15,1,23,18,10,45,0,1941903,76.18,289411.0,252.0,252.0,226.0
UTTAR PRADESH,jaunpur,2003.0,33.0,32,4,0.0,4.0,16,13,3,22,6,45,29,0,1941903,76.18,289411.0,207.0,207.0,146.0
UTTAR PRADESH,jaunpur,2004.0,53.0,73,19,0.0,19.0,22,17,5,29,9,21,63,0,1941903,76.18,289411.0,330.0,330.0,287.0
UTTAR PRADESH,jaunpur,2005.0,41.0,59,13,0.0,13.0,24,21,3,26,15,32,40,0,1941903,76.18,289411.0,287.0,287.0,231.0
UTTAR PRADESH,jaunpur,2006.0,62.0,51,18,0.0,18.0,25,21,4,46,26,34,83,0,1941903,76.18,289411.0,388.0,388.0,329.0
UTTAR PRADESH,jaunpur,2007.0,44.0,62,24,0.0,24.0,47,33,14,47,28,44,71,0,1941903,76.18,289411.0,438.0,438.0,347.0
UTTAR PRADESH,jaunpur,2008.0,40.0,51,19,0.0,19.0,47,41,6,44,38,39,161,0,1941903,76.18,289411.0,505.0,505.0,419.0
UTTAR PRADESH,jaunpur,2009.0,46.0,59,18,0.0,18.0,90,68,22,47,30,25,136,0,1941903,76.18,289411.0,559.0,559.0,444.0
UTTAR PRADESH,jaunpur,2010.0,40.0,55,12,0.0,12.0,65,60,5,39,32,0,57,0,1941903,76.18,289411.0,377.0,377.0,312.0
UTTAR PRADESH,jaunpur,2011.0,41.0,47,14,0.0,14.0,93,90,3,42,22,0,41,0,1941903,76.18,289411.0,407.0,407.0,314.0
UTTAR PRADESH,jaunpur,2012.0,50.0,64,15,0.0,15.0,115,111,4,51,18,0,55,0,1941903,76.18,289411.0,498.0,498.0,383.0
UTTAR PRADESH,jaunpur,2015.0,,0,37,0.0,,0,126,0,43,45,0,41,0,1941903,76.18,289411.0,292.0,292.0,292.0
UTTAR PRADESH,jaunpur,2019.0,1.0,0,72,0.0,0.0,0,221,0,38,170,0,164,0,1941903,76.18,289411.0,666.0,666.0,666.0
UTTAR PRADESH,jaunpur,2020.0,2.0,0,20,0.0,0.0,0,113,0,34,82,0,138,0,1941903,76.18,289411.0,389.0,389.0,389.0
UTTAR PRADESH,jhansi,2001.0,76.0,48,18,0.0,18.0,42,20,22,31,32,30,69,0,932818,78.76,711760.0,406.0,406.0,334.0
UTTAR PRADESH,jhansi,2002.0,62.0,29,14,0.0,14.0,28,11,17,14,21,2,42,0,932818,78.76,711760.0,254.0,254.0,224.0
UTTAR PRADESH,jhansi,2003.0,54.0,23,4,0.0,4.0,20,8,12,8,4,209,5,0,932818,78.76,711760.0,351.0,351.0,122.0
UTTAR PRADESH,jhansi,2004.0,70.0,31,16,0.0,16.0,39,29,10,25,21,36,53,0,932818,78.76,711760.0,346.0,346.0,271.0
UTTAR PRADESH,jhansi,2005.0,50.0,19,3,0.0,3.0,11,9,2,13,14,37,38,0,932818,78.76,711760.0,199.0,199.0,151.0
UTTAR PRADESH,jhansi,2006.0,47.0,18,8,0.0,8.0,12,6,6,21,19,45,18,0,932818,78.76,711760.0,208.0,208.0,151.0
UTTAR PRADESH,jhansi,2007.0,66.0,30,10,0.0,10.0,25,13,12,28,38,55,20,0,932818,78.76,711760.0,307.0,307.0,227.0
UTTAR PRADESH,jhansi,2008.0,33.0,21,7,0.0,7.0,25,18,7,26,24,46,11,0,932818,78.76,711760.0,225.0,225.0,154.0
UTTAR PRADESH,jhansi,2009.0,40.0,14,14,0.0,14.0,43,36,7,27,33,35,9,0,932818,78.76,711760.0,272.0,272.0,194.0
UTTAR PRADESH,jhansi,2010.0,46.0,29,9,0.0,9.0,38,32,6,32,43,1,7,0,932818,78.76,711760.0,252.0,252.0,213.0
UTTAR PRADESH,jhansi,2011.0,66.0,29,19,0.0,19.0,97,92,5,28,45,0,52,0,932818,78.76,711760.0,452.0,452.0,355.0
UTTAR PRADESH,jhansi,2012.0,65.0,50,19,0.0,19.0,74,63,11,33,34,0,53,0,932818,78.76,711760.0,421.0,421.0,347.0
UTTAR PRADESH,jhansi,2015.0,,3,39,0.0,,0,140,0,34,142,3,186,0,932818,78.76,711760.0,547.0,547.0,544.0
UTTAR PRADESH,jhansi,2019.0,1.0,6,38,0.0,0.0,0,93,0,34,160,0,261,0,932818,78.76,711760.0,593.0,593.0,593.0
UTTAR PRADESH,jhansi,2020.0,0.0,0,42,0.0,0.0,0,84,0,31,145,0,260,0,932818,78.76,711760.0,562.0,562.0,562.0
UTTAR PRADESH,kannauj,2001.0,66.0,68,8,0.0,8.0,40,19,21,22,18,7,63,0,744170,72.76,231972.0,340.0,340.0,293.0
UTTAR PRADESH,kannauj,2002.0,67.0,53,6,0.0,6.0,24,16,8,15,10,2,37,0,744170,72.76,231972.0,244.0,244.0,218.0
UTTAR PRADESH,kannauj,2003.0,64.0,38,4,0.0,4.0,29,22,7,16,14,28,29,0,744170,72.76,231972.0,255.0,255.0,198.0
UTTAR PRADESH,kannauj,2004.0,66.0,39,5,0.0,5.0,17,17,0,22,22,10,63,0,744170,72.76,231972.0,266.0,266.0,239.0
UTTAR PRADESH,kannauj,2005.0,61.0,55,5,0.0,5.0,38,27,11,10,20,13,62,0,744170,72.76,231972.0,307.0,307.0,256.0
UTTAR PRADESH,kannauj,2006.0,45.0,60,6,0.0,6.0,41,34,7,19,31,20,41,0,744170,72.76,231972.0,310.0,310.0,249.0
UTTAR PRADESH,kannauj,2007.0,54.0,40,6,0.0,6.0,32,26,6,13,32,9,108,0,744170,72.76,231972.0,332.0,332.0,291.0
UTTAR PRADESH,kannauj,2008.0,37.0,37,11,0.0,11.0,42,36,6,31,27,9,91,0,744170,72.76,231972.0,338.0,338.0,287.0
UTTAR PRADESH,kannauj,2009.0,41.0,26,8,0.0,8.0,56,48,8,25,28,8,85,0,744170,72.76,231972.0,341.0,341.0,277.0
UTTAR PRADESH,kannauj,2010.0,39.0,24,7,0.0,7.0,46,43,3,22,23,0,39,0,744170,72.76,231972.0,253.0,253.0,207.0
UTTAR PRADESH,kannauj,2011.0,37.0,41,14,0.0,14.0,107,101,6,34,49,0,98,0,744170,72.76,231972.0,501.0,501.0,394.0
UTTAR PRADESH,kannauj,2012.0,48.0,36,12,0.0,12.0,86,75,11,27,36,0,106,0,744170,72.76,231972.0,449.0,449.0,363.0
UTTAR PRADESH,kannauj,2015.0,,4,22,0.0,,0,94,0,26,69,0,69,0,744170,72.76,231972.0,284.0,284.0,284.0
UTTAR PRADESH,kannauj,2019.0,1.0,0,17,0.0,0.0,69,117,0,21,105,0,172,0,744170,72.76,231972.0,502.0,502.0,433.0
UTTAR PRADESH,kannauj,2020.0,0.0,0,13,0.0,0.0,76,122,0,25,100,0,155,0,744170,72.76,231972.0,491.0,491.0,415.0
UTTAR PRADESH,kanpur dehat,2001.0,85.0,67,21,0.0,21.0,50,34,16,39,45,7,79,0,844339,76.39,107767.0,464.0,464.0,407.0
UTTAR PRADESH,kanpur dehat,2002.0,56.0,45,13,0.0,13.0,41,31,10,37,26,3,73,0,844339,76.39,107767.0,348.0,348.0,304.0
UTTAR PRADESH,kanpur dehat,2003.0,37.0,22,6,0.0,6.0,26,20,6,22,15,118,19,0,844339,76.39,107767.0,297.0,297.0,153.0
UTTAR PRADESH,kanpur dehat,2004.0,46.0,37,13,0.0,13.0,49,36,13,25,45,19,39,0,844339,76.39,107767.0,335.0,335.0,267.0
UTTAR PRADESH,kanpur dehat,2005.0,49.0,34,8,0.0,8.0,61,44,17,26,32,20,53,0,844339,76.39,107767.0,352.0,352.0,271.0
UTTAR PRADESH,kanpur dehat,2006.0,50.0,33,16,0.0,16.0,31,25,6,50,40,18,41,0,844339,76.39,107767.0,326.0,326.0,277.0
UTTAR PRADESH,kanpur dehat,2007.0,41.0,43,13,0.0,13.0,62,52,10,37,51,17,114,0,844339,76.39,107767.0,453.0,453.0,374.0
UTTAR PRADESH,kanpur dehat,2008.0,50.0,35,26,0.0,26.0,67,56,11,31,64,24,185,0,844339,76.39,107767.0,575.0,575.0,484.0
UTTAR PRADESH,kanpur dehat,2009.0,33.0,34,17,0.0,17.0,88,82,6,22,34,16,113,0,844339,76.39,107767.0,462.0,462.0,358.0
UTTAR PRADESH,kanpur dehat,2015.0,,5,16,0.0,,0,133,0,37,122,0,150,0,844339,76.39,107767.0,463.0,463.0,463.0
UTTAR PRADESH,kanpur dehat,2019.0,0.0,2,10,0.0,0.0,0,142,0,40,237,1,325,0,844339,76.39,107767.0,757.0,757.0,756.0
UTTAR PRADESH,kanpur dehat,2020.0,0.0,0,9,0.0,0.0,0,169,0,31,72,2,365,0,844339,76.39,107767.0,648.0,648.0,646.0
UTTAR PRADESH,kanpur nagar,2001.0,210.0,198,47,0.0,47.0,210,176,34,64,106,213,356,0,2247216,80.25,2797511.0,1661.0,1661.0,1238.0
UTTAR PRADESH,kanpur nagar,2002.0,202.0,166,30,0.0,30.0,163,126,37,50,75,123,307,0,2247216,80.25,2797511.0,1309.0,1309.0,1023.0
UTTAR PRADESH,kanpur nagar,2003.0,187.0,107,24,0.0,24.0,84,57,27,43,40,147,94,0,2247216,80.25,2797511.0,834.0,834.0,603.0
UTTAR PRADESH,kanpur nagar,2004.0,149.0,126,20,0.0,20.0,109,83,26,46,40,239,202,0,2247216,80.25,2797511.0,1060.0,1060.0,712.0
UTTAR PRADESH,kanpur nagar,2005.0,150.0,91,18,0.0,18.0,107,90,17,51,43,227,205,0,2247216,80.25,2797511.0,1017.0,1017.0,683.0
UTTAR PRADESH,kanpur nagar,2006.0,144.0,97,27,0.0,27.0,117,87,30,67,64,179,273,0,2247216,80.25,2797511.0,1112.0,1112.0,816.0
UTTAR PRADESH,kanpur nagar,2007.0,148.0,132,46,0.0,46.0,291,222,69,59,102,165,673,0,2247216,80.25,2797511.0,1953.0,1953.0,1497.0
UTTAR PRADESH,kanpur nagar,2008.0,168.0,114,72,0.0,72.0,296,227,69,86,136,578,632,0,2247216,80.25,2797511.0,2450.0,2450.0,1576.0
UTTAR PRADESH,kanpur nagar,2009.0,143.0,84,40,0.0,40.0,282,227,55,73,109,210,551,0,2247216,80.25,2797511.0,1814.0,1814.0,1322.0
UTTAR PRADESH,kanpur nagar,2010.0,150.0,109,42,0.0,42.0,316,263,53,92,118,7,447,0,2247216,80.25,2797511.0,1639.0,1639.0,1316.0
UTTAR PRADESH,kanpur nagar,2011.0,159.0,140,71,0.0,71.0,343,303,40,69,140,2,284,0,2247216,80.25,2797511.0,1622.0,1622.0,1277.0
UTTAR PRADESH,kanpur nagar,2012.0,151.0,126,55,0.0,55.0,318,281,37,56,110,0,317,0,2247216,80.25,2797511.0,1506.0,1506.0,1188.0
UTTAR PRADESH,kanpur nagar,2015.0,,5,57,1.0,,0,421,265,78,206,0,528,0,2247216,80.25,2797511.0,1561.0,1561.0,1561.0
UTTAR PRADESH,kanpur nagar,2019.0,0.0,8,53,0.0,0.0,0,285,0,58,324,0,913,0,2247216,80.25,2797511.0,1641.0,1641.0,1641.0
UTTAR PRADESH,kanpur nagar,2020.0,0.0,0,64,0.0,0.0,0,209,0,50,289,2,700,0,2247216,80.25,2797511.0,1314.0,1314.0,1312.0
UTTAR PRADESH,kaushambi,2001.0,77.0,45,26,0.0,26.0,31,23,8,28,44,9,72,0,682290,61.96,91785.0,389.0,389.0,349.0
UTTAR PRADESH,kaushambi,2002.0,61.0,30,28,0.0,28.0,20,15,5,13,25,2,32,0,682290,61.96,91785.0,259.0,259.0,237.0
UTTAR PRADESH,kaushambi,2003.0,56.0,19,17,0.0,17.0,8,4,4,16,7,9,5,0,682290,61.96,91785.0,162.0,162.0,145.0
UTTAR PRADESH,kaushambi,2004.0,65.0,31,14,0.0,14.0,12,8,4,19,9,9,43,0,682290,61.96,91785.0,228.0,228.0,207.0
UTTAR PRADESH,kaushambi,2005.0,70.0,25,9,0.0,9.0,11,7,4,13,11,7,21,0,682290,61.96,91785.0,187.0,187.0,169.0
UTTAR PRADESH,kaushambi,2006.0,50.0,29,15,0.0,15.0,19,14,5,17,12,19,26,0,682290,61.96,91785.0,221.0,221.0,183.0
UTTAR PRADESH,kaushambi,2007.0,51.0,23,30,0.0,30.0,48,36,12,35,27,16,72,0,682290,61.96,91785.0,380.0,380.0,316.0
UTTAR PRADESH,kaushambi,2008.0,56.0,31,26,0.0,26.0,46,42,4,26,59,12,117,0,682290,61.96,91785.0,445.0,445.0,387.0
UTTAR PRADESH,kaushambi,2009.0,50.0,17,15,0.0,15.0,41,30,11,27,49,12,86,0,682290,61.96,91785.0,353.0,353.0,300.0
UTTAR PRADESH,kaushambi,2010.0,38.0,16,12,0.0,12.0,40,29,11,22,33,0,59,0,682290,61.96,91785.0,272.0,272.0,232.0
UTTAR PRADESH,kaushambi,2011.0,52.0,19,23,0.0,23.0,53,40,13,22,36,0,31,0,682290,61.96,91785.0,312.0,312.0,259.0
UTTAR PRADESH,kaushambi,2012.0,44.0,12,11,0.0,11.0,54,49,5,20,31,0,46,0,682290,61.96,91785.0,283.0,283.0,229.0
UTTAR PRADESH,kaushambi,2015.0,,5,40,27.0,,1,119,0,24,155,0,7,0,682290,61.96,91785.0,378.0,378.0,377.0
UTTAR PRADESH,kaushambi,2019.0,0.0,0,4,0.0,0.0,0,122,0,23,97,0,75,0,682290,61.96,91785.0,321.0,321.0,321.0
UTTAR PRADESH,kaushambi,2020.0,1.0,0,7,0.0,0.0,0,121,0,22,95,0,71,0,682290,61.96,91785.0,317.0,317.0,317.0
UTTAR PRADESH,lalitpur,2001.0,25.0,18,20,0.0,20.0,5,5,0,10,26,9,31,0,519413,63.81,141944.0,169.0,169.0,155.0
UTTAR PRADESH,lalitpur,2002.0,18.0,11,10,0.0,10.0,2,1,1,9,14,13,5,0,519413,63.81,141944.0,94.0,94.0,79.0
UTTAR PRADESH,lalitpur,2003.0,12.0,5,5,0.0,5.0,5,4,1,5,4,60,3,0,519413,63.81,141944.0,109.0,109.0,44.0
UTTAR PRADESH,lalitpur,2004.0,16.0,16,4,0.0,4.0,4,3,1,6,11,23,10,0,519413,63.81,141944.0,98.0,98.0,71.0
UTTAR PRADESH,lalitpur,2005.0,21.0,3,1,0.0,1.0,2,1,1,1,4,32,4,0,519413,63.81,141944.0,71.0,71.0,37.0
UTTAR PRADESH,lalitpur,2006.0,19.0,6,7,0.0,7.0,12,10,2,9,16,11,35,0,519413,63.81,141944.0,134.0,134.0,111.0
UTTAR PRADESH,lalitpur,2007.0,22.0,4,10,0.0,10.0,13,9,4,14,16,29,28,0,519413,63.81,141944.0,159.0,159.0,117.0
UTTAR PRADESH,lalitpur,2008.0,22.0,4,16,0.0,16.0,12,9,3,10,11,14,40,0,519413,63.81,141944.0,157.0,157.0,131.0
UTTAR PRADESH,lalitpur,2009.0,21.0,6,13,0.0,13.0,12,9,3,8,19,12,25,0,519413,63.81,141944.0,141.0,141.0,117.0
UTTAR PRADESH,lalitpur,2010.0,11.0,3,7,0.0,7.0,12,9,3,8,17,0,17,0,519413,63.81,141944.0,94.0,94.0,82.0
UTTAR PRADESH,lalitpur,2011.0,19.0,11,15,0.0,15.0,37,30,7,14,52,0,26,0,519413,63.81,141944.0,226.0,226.0,189.0
UTTAR PRADESH,lalitpur,2012.0,23.0,10,14,0.0,14.0,25,22,3,7,27,0,13,0,519413,63.81,141944.0,158.0,158.0,133.0
UTTAR PRADESH,lalitpur,2015.0,,0,26,2.0,,0,44,1,14,45,0,24,0,519413,63.81,141944.0,156.0,156.0,156.0
UTTAR PRADESH,lalitpur,2019.0,0.0,0,7,0.0,0.0,0,31,0,10,40,0,21,0,519413,63.81,141944.0,109.0,109.0,109.0
UTTAR PRADESH,lalitpur,2020.0,0.0,0,3,0.0,0.0,0,9,0,8,36,0,14,0,519413,63.81,141944.0,70.0,70.0,70.0
UTTAR PRADESH,lucknow,2001.0,166.0,189,62,0.0,62.0,175,138,37,47,103,148,337,0,1932317,75.98,2320961.0,1464.0,1464.0,1141.0
UTTAR PRADESH,lucknow,2002.0,175.0,162,43,0.0,43.0,195,147,48,59,92,105,369,0,1932317,75.98,2320961.0,1438.0,1438.0,1138.0
UTTAR PRADESH,lucknow,2003.0,176.0,100,38,0.0,38.0,118,98,20,29,63,302,216,0,1932317,75.98,2320961.0,1198.0,1198.0,778.0
UTTAR PRADESH,lucknow,2004.0,173.0,135,46,0.0,46.0,164,135,29,48,64,152,272,0,1932317,75.98,2320961.0,1264.0,1264.0,948.0
UTTAR PRADESH,lucknow,2005.0,194.0,156,51,0.0,51.0,150,136,14,44,71,204,281,0,1932317,75.98,2320961.0,1352.0,1352.0,998.0
UTTAR PRADESH,lucknow,2006.0,167.0,185,51,0.0,51.0,205,164,41,39,100,160,374,0,1932317,75.98,2320961.0,1537.0,1537.0,1172.0
UTTAR PRADESH,lucknow,2007.0,159.0,118,82,0.0,82.0,260,216,44,57,98,159,513,0,1932317,75.98,2320961.0,1788.0,1788.0,1369.0
UTTAR PRADESH,lucknow,2008.0,130.0,160,82,0.0,82.0,389,331,58,62,226,340,778,0,1932317,75.98,2320961.0,2638.0,2638.0,1909.0
UTTAR PRADESH,lucknow,2009.0,114.0,86,56,0.0,56.0,323,306,17,53,178,256,664,0,1932317,75.98,2320961.0,2109.0,2109.0,1530.0
UTTAR PRADESH,lucknow,2010.0,114.0,89,75,0.0,75.0,328,320,8,66,155,0,745,0,1932317,75.98,2320961.0,1975.0,1975.0,1647.0
UTTAR PRADESH,lucknow,2011.0,119.0,97,55,0.0,55.0,292,283,9,48,142,0,511,0,1932317,75.98,2320961.0,1611.0,1611.0,1319.0
UTTAR PRADESH,lucknow,2012.0,141.0,99,48,0.0,48.0,315,304,11,32,110,2,538,0,1932317,75.98,2320961.0,1648.0,1648.0,1331.0
UTTAR PRADESH,lucknow,2015.0,,2,103,2.0,,0,347,0,54,353,0,899,0,1932317,75.98,2320961.0,1760.0,1760.0,1760.0
UTTAR PRADESH,lucknow,2019.0,2.0,14,100,0.0,0.0,0,393,0,42,640,2,1422,0,1932317,75.98,2320961.0,2615.0,2615.0,2613.0
UTTAR PRADESH,mahoba,2001.0,56.0,36,12,0.0,12.0,13,7,6,11,22,3,4,0,379691,67.74,154895.0,182.0,182.0,166.0
UTTAR PRADESH,mahoba,2002.0,41.0,8,5,0.0,5.0,7,0,7,13,21,5,0,0,379691,67.74,154895.0,112.0,112.0,100.0
UTTAR PRADESH,mahoba,2003.0,32.0,19,2,0.0,2.0,7,5,2,9,13,7,3,0,379691,67.74,154895.0,101.0,101.0,87.0
UTTAR PRADESH,mahoba,2004.0,36.0,17,6,0.0,6.0,9,7,2,5,14,9,3,0,379691,67.74,154895.0,114.0,114.0,96.0
UTTAR PRADESH,mahoba,2005.0,43.0,13,4,0.0,4.0,1,1,0,4,3,12,2,0,379691,67.74,154895.0,87.0,87.0,74.0
UTTAR PRADESH,mahoba,2006.0,44.0,13,3,0.0,3.0,9,7,2,9,3,9,9,0,379691,67.74,154895.0,111.0,111.0,93.0
UTTAR PRADESH,mahoba,2007.0,30.0,13,10,0.0,10.0,11,11,0,12,21,14,13,0,379691,67.74,154895.0,145.0,145.0,120.0
UTTAR PRADESH,mahoba,2008.0,23.0,11,12,0.0,12.0,26,21,5,17,24,15,30,0,379691,67.74,154895.0,196.0,196.0,155.0
UTTAR PRADESH,mahoba,2009.0,16.0,6,11,0.0,11.0,24,22,2,17,26,6,15,0,379691,67.74,154895.0,156.0,156.0,126.0
UTTAR PRADESH,mahoba,2010.0,24.0,13,9,0.0,9.0,22,15,7,14,28,0,18,0,379691,67.74,154895.0,159.0,159.0,137.0
UTTAR PRADESH,mahoba,2011.0,13.0,19,16,0.0,16.0,33,31,2,15,41,0,31,0,379691,67.74,154895.0,217.0,217.0,184.0
UTTAR PRADESH,mahoba,2012.0,29.0,16,16,0.0,16.0,48,43,5,20,48,0,24,0,379691,67.74,154895.0,265.0,265.0,217.0
UTTAR PRADESH,mahoba,2015.0,,0,20,9.0,,0,57,0,17,107,2,27,0,379691,67.74,154895.0,239.0,239.0,237.0
UTTAR PRADESH,mahoba,2019.0,0.0,0,7,0.0,0.0,14,77,0,10,42,1,25,0,379691,67.74,154895.0,176.0,176.0,161.0
UTTAR PRADESH,mahoba,2020.0,0.0,0,15,0.0,0.0,14,53,0,12,47,1,19,0,379691,67.74,154895.0,161.0,161.0,146.0
UTTAR PRADESH,mainpuri,2001.0,136.0,151,13,0.0,13.0,56,31,25,42,32,3,63,0,859934,76.7,233093.0,565.0,565.0,506.0
UTTAR PRADESH,mainpuri,2002.0,123.0,122,9,0.0,9.0,55,27,28,42,17,0,38,0,859934,76.7,233093.0,470.0,470.0,415.0
UTTAR PRADESH,mainpuri,2003.0,108.0,85,7,0.0,7.0,30,19,11,31,10,6,13,0,859934,76.7,233093.0,327.0,327.0,291.0
UTTAR PRADESH,mainpuri,2004.0,127.0,117,8,0.0,8.0,49,36,13,35,13,3,34,0,859934,76.7,233093.0,443.0,443.0,391.0
UTTAR PRADESH,mainpuri,2005.0,111.0,121,5,0.0,5.0,41,22,19,22,8,5,17,0,859934,76.7,233093.0,376.0,376.0,330.0
UTTAR PRADESH,mainpuri,2006.0,110.0,120,16,0.0,16.0,42,24,18,35,12,8,28,0,859934,76.7,233093.0,429.0,429.0,379.0
UTTAR PRADESH,mainpuri,2007.0,108.0,137,11,0.0,11.0,72,46,26,48,32,22,54,0,859934,76.7,233093.0,567.0,567.0,473.0
UTTAR PRADESH,mainpuri,2008.0,100.0,98,9,0.0,9.0,88,65,23,38,20,9,40,0,859934,76.7,233093.0,499.0,499.0,402.0
UTTAR PRADESH,mainpuri,2009.0,75.0,75,16,0.0,16.0,83,64,19,36,38,20,30,0,859934,76.7,233093.0,472.0,472.0,369.0
UTTAR PRADESH,mainpuri,2010.0,68.0,79,15,0.0,15.0,79,66,13,28,37,0,16,0,859934,76.7,233093.0,416.0,416.0,337.0
UTTAR PRADESH,mainpuri,2011.0,82.0,74,33,0.0,33.0,111,92,19,34,52,0,52,0,859934,76.7,233093.0,582.0,582.0,471.0
UTTAR PRADESH,mainpuri,2012.0,81.0,84,15,0.0,15.0,139,117,22,39,51,0,81,0,859934,76.7,233093.0,644.0,644.0,505.0
UTTAR PRADESH,mainpuri,2015.0,,1,27,0.0,,0,106,0,41,75,0,0,0,859934,76.7,233093.0,250.0,250.0,250.0
UTTAR PRADESH,mainpuri,2019.0,3.0,3,15,0.0,0.0,0,109,0,34,103,0,101,0,859934,76.7,233093.0,368.0,368.0,368.0
UTTAR PRADESH,mainpuri,2020.0,1.0,0,19,0.0,0.0,43,140,0,49,104,0,144,0,859934,76.7,233093.0,500.0,500.0,457.0
UTTAR PRADESH,mathura,2001.0,125.0,170,25,0.0,25.0,62,33,29,21,48,50,77,0,1127512,76.47,587023.0,665.0,665.0,553.0
UTTAR PRADESH,mathura,2002.0,123.0,139,16,0.0,16.0,49,32,17,29,40,45,94,0,1127512,76.47,587023.0,600.0,600.0,506.0
UTTAR PRADESH,mathura,2003.0,94.0,103,16,0.0,16.0,36,26,10,18,21,36,65,0,1127512,76.47,587023.0,441.0,441.0,369.0
UTTAR PRADESH,mathura,2004.0,96.0,95,24,0.0,24.0,34,24,10,22,35,42,57,0,1127512,76.47,587023.0,463.0,463.0,387.0
UTTAR PRADESH,mathura,2005.0,90.0,128,18,0.0,18.0,54,44,10,23,31,63,74,0,1127512,76.47,587023.0,553.0,553.0,436.0
UTTAR PRADESH,mathura,2006.0,104.0,121,30,0.0,30.0,57,39,18,25,66,43,126,0,1127512,76.47,587023.0,659.0,659.0,559.0
UTTAR PRADESH,mathura,2007.0,83.0,115,36,0.0,36.0,74,45,29,26,62,50,250,0,1127512,76.47,587023.0,806.0,806.0,682.0
UTTAR PRADESH,mathura,2008.0,95.0,123,24,0.0,24.0,76,62,14,31,64,65,222,0,1127512,76.47,587023.0,800.0,800.0,659.0
UTTAR PRADESH,mathura,2009.0,87.0,93,20,0.0,20.0,76,59,17,25,42,42,197,0,1127512,76.47,587023.0,678.0,678.0,560.0
UTTAR PRADESH,mathura,2010.0,75.0,98,24,0.0,24.0,87,79,8,29,49,0,219,0,1127512,76.47,587023.0,692.0,692.0,605.0
UTTAR PRADESH,mathura,2011.0,113.0,125,39,0.0,39.0,145,123,22,36,76,0,226,0,1127512,76.47,587023.0,944.0,944.0,799.0
UTTAR PRADESH,mathura,2012.0,101.0,121,41,0.0,41.0,155,124,31,34,75,0,235,0,1127512,76.47,587023.0,958.0,958.0,803.0
UTTAR PRADESH,mathura,2015.0,,0,31,0.0,,158,158,0,36,115,0,251,0,1127512,76.47,587023.0,749.0,749.0,591.0
UTTAR PRADESH,mathura,2019.0,0.0,4,66,0.0,0.0,114,137,0,26,271,0,479,0,1127512,76.47,587023.0,1097.0,1097.0,983.0
UTTAR PRADESH,mathura,2020.0,0.0,0,64,0.0,0.0,3,129,0,29,338,0,387,0,1127512,76.47,587023.0,950.0,950.0,947.0
UTTAR PRADESH,mau,2001.0,49.0,49,17,0.0,17.0,30,25,5,16,33,27,39,0,933523,75.6,360369.0,307.0,307.0,250.0
UTTAR PRADESH,mau,2002.0,46.0,45,15,0.0,15.0,26,23,3,6,29,22,41,0,933523,75.6,360369.0,271.0,271.0,223.0
UTTAR PRADESH,mau,2003.0,38.0,55,5,0.0,5.0,11,10,1,9,10,69,10,0,933523,75.6,360369.0,223.0,223.0,143.0
UTTAR PRADESH,mau,2004.0,42.0,54,3,0.0,3.0,19,15,4,9,11,22,24,0,933523,75.6,360369.0,206.0,206.0,165.0
UTTAR PRADESH,mau,2005.0,34.0,41,5,0.0,5.0,8,6,2,10,10,47,29,0,933523,75.6,360369.0,197.0,197.0,142.0
UTTAR PRADESH,mau,2006.0,33.0,43,7,0.0,7.0,24,23,1,10,8,38,18,0,933523,75.6,360369.0,212.0,212.0,150.0
UTTAR PRADESH,mau,2007.0,32.0,38,8,0.0,8.0,37,26,11,14,21,32,35,0,933523,75.6,360369.0,262.0,262.0,193.0
UTTAR PRADESH,mau,2008.0,27.0,38,19,0.0,19.0,50,44,6,12,29,44,74,0,933523,75.6,360369.0,362.0,362.0,268.0
UTTAR PRADESH,mau,2009.0,29.0,46,15,0.0,15.0,50,46,4,10,22,31,60,0,933523,75.6,360369.0,328.0,328.0,247.0
UTTAR PRADESH,mau,2010.0,26.0,53,10,0.0,10.0,48,41,7,17,30,0,49,0,933523,75.6,360369.0,291.0,291.0,243.0
UTTAR PRADESH,mau,2011.0,28.0,70,19,0.0,19.0,66,60,6,7,31,0,64,0,933523,75.6,360369.0,370.0,370.0,304.0
UTTAR PRADESH,mau,2012.0,23.0,61,9,0.0,9.0,82,81,1,11,31,0,92,0,933523,75.6,360369.0,400.0,400.0,318.0
UTTAR PRADESH,mau,2015.0,,2,22,0.0,,0,79,0,11,27,0,13,0,933523,75.6,360369.0,154.0,154.0,154.0
UTTAR PRADESH,mau,2019.0,0.0,0,19,0.0,0.0,0,100,0,22,70,0,177,0,933523,75.6,360369.0,388.0,388.0,388.0
UTTAR PRADESH,mau,2020.0,0.0,0,28,0.0,0.0,0,84,0,13,92,0,38,0,933523,75.6,360369.0,255.0,255.0,255.0
UTTAR PRADESH,meerut,2001.0,275.0,239,28,0.0,28.0,160,96,64,34,59,123,236,0,1601578,75.0,1451983.0,1342.0,1342.0,1059.0
UTTAR PRADESH,meerut,2002.0,230.0,175,35,0.0,35.0,127,74,53,26,47,87,212,0,1601578,75.0,1451983.0,1101.0,1101.0,887.0
UTTAR PRADESH,meerut,2003.0,193.0,139,40,0.0,40.0,85,55,30,31,31,165,199,0,1601578,75.0,1451983.0,1008.0,1008.0,758.0
UTTAR PRADESH,meerut,2004.0,225.0,179,33,0.0,33.0,137,87,50,19,52,153,279,0,1601578,75.0,1451983.0,1247.0,1247.0,957.0
UTTAR PRADESH,meerut,2005.0,199.0,208,37,0.0,37.0,139,97,42,34,66,121,303,0,1601578,75.0,1451983.0,1283.0,1283.0,1023.0
UTTAR PRADESH,meerut,2006.0,185.0,209,37,0.0,37.0,108,85,23,21,74,91,246,0,1601578,75.0,1451983.0,1116.0,1116.0,917.0
UTTAR PRADESH,meerut,2007.0,195.0,189,39,0.0,39.0,150,109,41,38,63,163,405,0,1601578,75.0,1451983.0,1431.0,1431.0,1118.0
UTTAR PRADESH,meerut,2008.0,166.0,160,50,0.0,50.0,178,123,55,37,73,165,326,0,1601578,75.0,1451983.0,1383.0,1383.0,1040.0
UTTAR PRADESH,meerut,2009.0,175.0,165,46,0.0,46.0,193,141,52,41,47,123,361,0,1601578,75.0,1451983.0,1390.0,1390.0,1074.0
UTTAR PRADESH,meerut,2010.0,164.0,207,64,0.0,64.0,195,147,48,43,91,0,344,0,1601578,75.0,1451983.0,1367.0,1367.0,1172.0
UTTAR PRADESH,meerut,2011.0,189.0,235,79,0.0,79.0,323,271,52,36,99,0,400,0,1601578,75.0,1451983.0,1763.0,1763.0,1440.0
UTTAR PRADESH,meerut,2012.0,202.0,246,54,0.0,54.0,287,231,56,39,129,0,435,0,1601578,75.0,1451983.0,1733.0,1733.0,1446.0
UTTAR PRADESH,meerut,2015.0,,35,56,0.0,,0,135,0,26,237,0,349,0,1601578,75.0,1451983.0,838.0,838.0,838.0
UTTAR PRADESH,meerut,2019.0,0.0,112,99,0.0,0.0,0,106,0,32,216,10,599,0,1601578,75.0,1451983.0,1174.0,1174.0,1164.0
UTTAR PRADESH,meerut,2020.0,0.0,0,59,0.0,0.0,0,79,0,37,150,3,300,0,1601578,75.0,1451983.0,628.0,628.0,625.0
UTTAR PRADESH,mirzapur,2001.0,44.0,67,16,0.0,16.0,14,6,8,23,16,21,39,0,1115249,69.59,286506.0,270.0,270.0,235.0
UTTAR PRADESH,mirzapur,2002.0,46.0,35,7,0.0,7.0,17,11,6,15,15,8,28,0,1115249,69.59,286506.0,195.0,195.0,170.0
UTTAR PRADESH,mirzapur,2003.0,31.0,27,6,0.0,6.0,11,6,5,12,6,4,8,0,1115249,69.59,286506.0,122.0,122.0,107.0
UTTAR PRADESH,mirzapur,2004.0,36.0,37,12,0.0,12.0,13,5,8,20,18,13,26,0,1115249,69.59,286506.0,200.0,200.0,174.0
UTTAR PRADESH,mirzapur,2005.0,50.0,21,6,0.0,6.0,10,7,3,26,11,11,29,0,1115249,69.59,286506.0,180.0,180.0,159.0
UTTAR PRADESH,mirzapur,2006.0,51.0,26,14,0.0,14.0,18,10,8,22,11,9,53,0,1115249,69.59,286506.0,236.0,236.0,209.0
UTTAR PRADESH,mirzapur,2007.0,40.0,17,10,0.0,10.0,8,4,4,28,13,11,43,0,1115249,69.59,286506.0,188.0,188.0,169.0
UTTAR PRADESH,mirzapur,2008.0,51.0,15,19,0.0,19.0,23,19,4,24,16,6,133,0,1115249,69.59,286506.0,329.0,329.0,300.0
UTTAR PRADESH,mirzapur,2009.0,32.0,6,11,0.0,11.0,14,12,2,19,9,4,178,0,1115249,69.59,286506.0,298.0,298.0,280.0
UTTAR PRADESH,mirzapur,2010.0,17.0,3,2,0.0,2.0,4,3,1,25,4,0,137,0,1115249,69.59,286506.0,198.0,198.0,194.0
UTTAR PRADESH,mirzapur,2011.0,28.0,3,3,0.0,3.0,5,5,0,20,3,0,34,0,1115249,69.59,286506.0,104.0,104.0,99.0
UTTAR PRADESH,mirzapur,2012.0,27.0,3,4,0.0,4.0,7,6,1,24,3,0,29,0,1115249,69.59,286506.0,108.0,108.0,101.0
UTTAR PRADESH,mirzapur,2015.0,,0,18,0.0,,0,9,0,19,9,1,21,0,1115249,69.59,286506.0,77.0,77.0,76.0
UTTAR PRADESH,mirzapur,2019.0,0.0,0,17,0.0,0.0,0,74,0,30,43,0,166,0,1115249,69.59,286506.0,330.0,330.0,330.0
UTTAR PRADESH,mirzapur,2020.0,0.0,0,10,0.0,0.0,0,42,0,12,47,0,100,0,1115249,69.59,286506.0,211.0,211.0,211.0
UTTAR PRADESH,moradabad,2001.0,213.0,171,44,0.0,44.0,102,72,30,45,79,85,207,0,2032302,54.91,1163691.0,1092.0,1092.0,905.0
UTTAR PRADESH,moradabad,2002.0,178.0,160,36,0.0,36.0,77,59,18,35,53,75,174,0,2032302,54.91,1163691.0,901.0,901.0,749.0
UTTAR PRADESH,moradabad,2003.0,156.0,86,43,0.0,43.0,63,43,20,24,25,158,112,0,2032302,54.91,1163691.0,773.0,773.0,552.0
UTTAR PRADESH,moradabad,2004.0,194.0,153,57,0.0,57.0,98,83,15,27,66,126,265,0,2032302,54.91,1163691.0,1141.0,1141.0,917.0
UTTAR PRADESH,moradabad,2005.0,168.0,169,52,0.0,52.0,98,88,10,38,95,135,209,0,2032302,54.91,1163691.0,1114.0,1114.0,881.0
UTTAR PRADESH,moradabad,2006.0,151.0,138,44,0.0,44.0,94,83,11,23,69,142,243,0,2032302,54.91,1163691.0,1042.0,1042.0,806.0
UTTAR PRADESH,moradabad,2007.0,130.0,138,58,0.0,58.0,129,97,32,34,83,115,212,0,2032302,54.91,1163691.0,1086.0,1086.0,842.0
UTTAR PRADESH,moradabad,2008.0,126.0,118,75,0.0,75.0,179,163,16,38,117,114,139,0,2032302,54.91,1163691.0,1160.0,1160.0,867.0
UTTAR PRADESH,moradabad,2009.0,133.0,111,69,0.0,69.0,197,159,38,32,63,61,264,0,2032302,54.91,1163691.0,1196.0,1196.0,938.0
UTTAR PRADESH,moradabad,2010.0,176.0,149,66,0.0,66.0,204,184,20,41,76,0,268,0,2032302,54.91,1163691.0,1250.0,1250.0,1046.0
UTTAR PRADESH,moradabad,2011.0,103.0,89,55,0.0,55.0,183,174,9,30,48,0,210,0,2032302,54.91,1163691.0,956.0,956.0,773.0
UTTAR PRADESH,moradabad,2012.0,90.0,84,36,0.0,36.0,162,140,22,28,72,3,255,0,2032302,54.91,1163691.0,928.0,928.0,763.0
UTTAR PRADESH,moradabad,2015.0,,4,109,0.0,,7,200,0,22,189,1,321,0,2032302,54.91,1163691.0,853.0,853.0,845.0
UTTAR PRADESH,moradabad,2019.0,0.0,18,83,0.0,0.0,66,221,0,26,257,6,427,0,2032302,54.91,1163691.0,1104.0,1104.0,1032.0
UTTAR PRADESH,moradabad,2020.0,0.0,0,89,0.0,0.0,0,125,0,29,221,0,480,0,2032302,54.91,1163691.0,944.0,944.0,944.0
UTTAR PRADESH,muzaffarnagar,2001.0,324.0,255,54,0.0,54.0,142,67,75,24,51,33,265,0,1893832,71.91,903882.0,1344.0,1344.0,1169.0
UTTAR PRADESH,muzaffarnagar,2002.0,287.0,195,30,0.0,30.0,121,60,61,37,34,30,163,0,1893832,71.91,903882.0,1048.0,1048.0,897.0
UTTAR PRADESH,muzaffarnagar,2003.0,186.0,107,32,0.0,32.0,74,36,38,29,23,205,73,0,1893832,71.91,903882.0,835.0,835.0,556.0
UTTAR PRADESH,muzaffarnagar,2004.0,253.0,163,44,0.0,44.0,90,59,31,23,34,103,73,0,1893832,71.91,903882.0,917.0,917.0,724.0
UTTAR PRADESH,muzaffarnagar,2005.0,207.0,187,44,0.0,44.0,80,52,28,20,46,113,156,0,1893832,71.91,903882.0,977.0,977.0,784.0
UTTAR PRADESH,muzaffarnagar,2006.0,230.0,164,31,0.0,31.0,120,91,29,39,46,88,172,0,1893832,71.91,903882.0,1041.0,1041.0,833.0
UTTAR PRADESH,muzaffarnagar,2007.0,213.0,170,37,0.0,37.0,154,100,54,34,56,72,277,0,1893832,71.91,903882.0,1204.0,1204.0,978.0
UTTAR PRADESH,muzaffarnagar,2008.0,168.0,175,40,0.0,40.0,135,112,23,28,39,74,258,0,1893832,71.91,903882.0,1092.0,1092.0,883.0
UTTAR PRADESH,muzaffarnagar,2009.0,195.0,186,58,0.0,58.0,162,138,24,27,64,86,340,0,1893832,71.91,903882.0,1338.0,1338.0,1090.0
UTTAR PRADESH,muzaffarnagar,2010.0,168.0,220,34,0.0,34.0,233,174,59,40,52,0,341,0,1893832,71.91,903882.0,1355.0,1355.0,1122.0
UTTAR PRADESH,muzaffarnagar,2011.0,126.0,166,19,0.0,19.0,238,179,59,25,37,0,203,0,1893832,71.91,903882.0,1071.0,1071.0,833.0
UTTAR PRADESH,muzaffarnagar,2012.0,126.0,134,27,0.0,27.0,217,177,40,16,38,0,225,0,1893832,71.91,903882.0,1027.0,1027.0,810.0
UTTAR PRADESH,muzaffarnagar,2015.0,,2,25,0.0,,0,147,0,21,133,0,244,0,1893832,71.91,903882.0,572.0,572.0,572.0
UTTAR PRADESH,muzaffarnagar,2019.0,0.0,7,72,0.0,0.0,0,152,0,20,96,0,178,0,1893832,71.91,903882.0,525.0,525.0,525.0
UTTAR PRADESH,muzaffarnagar,2020.0,0.0,0,48,0.0,0.0,0,55,0,27,34,0,217,0,1893832,71.91,903882.0,381.0,381.0,381.0
UTTAR PRADESH,pilibhit,2001.0,115.0,233,64,0.0,64.0,66,47,19,44,50,20,195,0,876368,62.49,294224.0,917.0,917.0,831.0
UTTAR PRADESH,pilibhit,2002.0,91.0,100,41,0.0,41.0,51,34,17,33,19,70,103,0,876368,62.49,294224.0,600.0,600.0,479.0
UTTAR PRADESH,pilibhit,2003.0,63.0,62,21,0.0,21.0,36,20,16,13,9,137,0,0,876368,62.49,294224.0,398.0,398.0,225.0
UTTAR PRADESH,pilibhit,2004.0,74.0,60,28,0.0,28.0,54,39,15,21,37,52,163,0,876368,62.49,294224.0,571.0,571.0,465.0
UTTAR PRADESH,pilibhit,2005.0,59.0,59,24,0.0,24.0,37,28,9,20,23,33,15,0,876368,62.49,294224.0,331.0,331.0,261.0
UTTAR PRADESH,pilibhit,2006.0,47.0,23,13,0.0,13.0,27,20,7,16,39,37,45,0,876368,62.49,294224.0,287.0,287.0,223.0
UTTAR PRADESH,pilibhit,2007.0,38.0,20,23,0.0,23.0,47,31,16,18,38,18,38,0,876368,62.49,294224.0,310.0,310.0,245.0
UTTAR PRADESH,pilibhit,2008.0,47.0,60,41,0.0,41.0,108,100,8,35,90,10,359,0,876368,62.49,294224.0,899.0,899.0,781.0
UTTAR PRADESH,pilibhit,2009.0,30.0,24,15,0.0,15.0,61,56,5,27,37,15,186,0,876368,62.49,294224.0,471.0,471.0,395.0
UTTAR PRADESH,pilibhit,2010.0,34.0,15,16,0.0,16.0,57,54,3,30,25,0,113,0,876368,62.49,294224.0,363.0,363.0,306.0
UTTAR PRADESH,pilibhit,2011.0,46.0,32,12,0.0,12.0,69,62,7,39,31,0,69,0,876368,62.49,294224.0,379.0,379.0,310.0
UTTAR PRADESH,pilibhit,2012.0,47.0,21,10,0.0,10.0,65,62,3,25,15,0,79,0,876368,62.49,294224.0,337.0,337.0,272.0
UTTAR PRADESH,pilibhit,2015.0,,31,41,1.0,,7,99,0,20,82,0,108,0,876368,62.49,294224.0,389.0,389.0,382.0
UTTAR PRADESH,pilibhit,2019.0,0.0,4,63,0.0,0.0,0,233,0,41,157,1,253,0,876368,62.49,294224.0,752.0,752.0,751.0
UTTAR PRADESH,pilibhit,2020.0,1.0,0,82,0.0,0.0,0,191,0,31,110,1,155,0,876368,62.49,294224.0,571.0,571.0,570.0
UTTAR PRADESH,pratapgarh,2001.0,76.0,123,18,0.0,18.0,43,35,8,33,21,9,44,0,1362948,73.99,144555.0,428.0,428.0,376.0
UTTAR PRADESH,pratapgarh,2002.0,64.0,87,18,0.0,18.0,25,16,9,27,18,4,36,0,1362948,73.99,144555.0,322.0,322.0,293.0
UTTAR PRADESH,pratapgarh,2003.0,44.0,39,9,0.0,9.0,22,19,3,24,7,12,38,0,1362948,73.99,144555.0,226.0,226.0,192.0
UTTAR PRADESH,pratapgarh,2004.0,63.0,71,18,0.0,18.0,31,30,1,22,19,5,37,0,1362948,73.99,144555.0,315.0,315.0,279.0
UTTAR PRADESH,pratapgarh,2005.0,60.0,74,15,0.0,15.0,37,33,4,23,17,4,51,0,1362948,73.99,144555.0,333.0,333.0,292.0
UTTAR PRADESH,pratapgarh,2006.0,64.0,79,30,0.0,30.0,61,50,11,30,30,14,108,0,1362948,73.99,144555.0,507.0,507.0,432.0
UTTAR PRADESH,pratapgarh,2007.0,58.0,44,16,0.0,16.0,53,43,10,27,32,20,107,0,1362948,73.99,144555.0,426.0,426.0,353.0
UTTAR PRADESH,pratapgarh,2008.0,48.0,64,33,0.0,33.0,92,83,9,32,52,18,155,0,1362948,73.99,144555.0,619.0,619.0,509.0
UTTAR PRADESH,pratapgarh,2009.0,42.0,59,22,0.0,22.0,84,73,11,27,35,12,99,0,1362948,73.99,144555.0,486.0,486.0,390.0
UTTAR PRADESH,pratapgarh,2010.0,39.0,47,23,0.0,23.0,69,64,5,34,25,0,74,0,1362948,73.99,144555.0,403.0,403.0,334.0
UTTAR PRADESH,pratapgarh,2011.0,58.0,56,24,0.0,24.0,90,85,5,31,35,0,121,0,1362948,73.99,144555.0,529.0,529.0,439.0
UTTAR PRADESH,pratapgarh,2012.0,57.0,81,36,0.0,36.0,116,109,7,24,53,0,72,0,1362948,73.99,144555.0,591.0,591.0,475.0
UTTAR PRADESH,pratapgarh,2015.0,,3,59,0.0,,0,164,0,22,127,0,167,0,1362948,73.99,144555.0,542.0,542.0,542.0
UTTAR PRADESH,pratapgarh,2019.0,1.0,0,61,0.0,0.0,22,45,0,33,161,0,325,0,1362948,73.99,144555.0,648.0,648.0,626.0
UTTAR PRADESH,pratapgarh,2020.0,5.0,0,40,0.0,0.0,0,199,0,32,240,0,309,0,1362948,73.99,144555.0,825.0,825.0,825.0
UTTAR PRADESH,rampur,2001.0,89.0,98,22,0.0,22.0,44,27,17,18,11,0,49,0,1023775,48.2,480453.0,397.0,397.0,353.0
UTTAR PRADESH,rampur,2002.0,87.0,77,20,0.0,20.0,40,38,2,11,36,14,106,0,1023775,48.2,480453.0,451.0,451.0,397.0
UTTAR PRADESH,rampur,2003.0,63.0,49,13,0.0,13.0,24,21,3,12,12,7,5,0,1023775,48.2,480453.0,222.0,222.0,191.0
UTTAR PRADESH,rampur,2004.0,74.0,82,22,0.0,22.0,39,30,9,14,23,6,9,0,1023775,48.2,480453.0,330.0,330.0,285.0
UTTAR PRADESH,rampur,2005.0,69.0,57,17,0.0,17.0,33,29,4,13,22,3,4,0,1023775,48.2,480453.0,268.0,268.0,232.0
UTTAR PRADESH,rampur,2006.0,57.0,65,11,0.0,11.0,43,37,6,13,32,4,4,0,1023775,48.2,480453.0,283.0,283.0,236.0
UTTAR PRADESH,rampur,2007.0,57.0,71,40,0.0,40.0,61,54,7,18,50,13,10,0,1023775,48.2,480453.0,421.0,421.0,347.0
UTTAR PRADESH,rampur,2008.0,56.0,94,46,0.0,46.0,107,83,24,21,46,17,4,0,1023775,48.2,480453.0,544.0,544.0,420.0
UTTAR PRADESH,rampur,2009.0,82.0,93,51,0.0,51.0,105,90,15,24,48,16,3,0,1023775,48.2,480453.0,578.0,578.0,457.0
UTTAR PRADESH,rampur,2010.0,68.0,77,65,0.0,65.0,114,96,18,23,44,0,121,0,1023775,48.2,480453.0,691.0,691.0,577.0
UTTAR PRADESH,rampur,2011.0,79.0,91,43,0.0,43.0,121,98,23,26,27,0,86,0,1023775,48.2,480453.0,637.0,637.0,516.0
UTTAR PRADESH,rampur,2012.0,51.0,66,26,0.0,26.0,100,95,5,12,32,0,138,0,1023775,48.2,480453.0,551.0,551.0,451.0
UTTAR PRADESH,rampur,2015.0,,0,44,0.0,,0,108,0,10,58,0,210,0,1023775,48.2,480453.0,430.0,430.0,430.0
UTTAR PRADESH,rampur,2019.0,1.0,4,39,0.0,0.0,0,132,0,24,85,1,334,0,1023775,48.2,480453.0,620.0,620.0,619.0
UTTAR PRADESH,rampur,2020.0,1.0,0,29,0.0,0.0,0,80,0,27,50,0,0,0,1023775,48.2,480453.0,187.0,187.0,187.0
UTTAR PRADESH,saharanpur,2001.0,101.0,128,41,0.0,41.0,75,52,23,21,45,96,196,0,1553322,70.91,747572.0,819.0,819.0,648.0
UTTAR PRADESH,saharanpur,2002.0,89.0,114,15,0.0,15.0,64,55,9,24,19,42,216,0,1553322,70.91,747572.0,662.0,662.0,556.0
UTTAR PRADESH,saharanpur,2003.0,82.0,99,17,0.0,17.0,63,50,13,10,17,70,77,0,1553322,70.91,747572.0,515.0,515.0,382.0
UTTAR PRADESH,saharanpur,2004.0,93.0,117,22,0.0,22.0,52,1,51,19,28,70,173,0,1553322,70.91,747572.0,648.0,648.0,526.0
UTTAR PRADESH,saharanpur,2005.0,84.0,117,15,0.0,15.0,31,25,6,19,35,74,119,0,1553322,70.91,747572.0,540.0,540.0,435.0
UTTAR PRADESH,saharanpur,2006.0,78.0,117,15,0.0,15.0,41,29,12,16,42,48,175,0,1553322,70.91,747572.0,588.0,588.0,499.0
UTTAR PRADESH,saharanpur,2007.0,81.0,105,14,0.0,14.0,41,34,7,16,36,77,194,0,1553322,70.91,747572.0,619.0,619.0,501.0
UTTAR PRADESH,saharanpur,2008.0,56.0,73,8,0.0,8.0,31,25,6,23,23,66,153,0,1553322,70.91,747572.0,472.0,472.0,375.0
UTTAR PRADESH,saharanpur,2009.0,77.0,48,14,0.0,14.0,41,36,5,35,29,39,139,0,1553322,70.91,747572.0,477.0,477.0,397.0
UTTAR PRADESH,saharanpur,2010.0,58.0,55,11,0.0,11.0,40,35,5,26,20,0,140,0,1553322,70.91,747572.0,401.0,401.0,361.0
UTTAR PRADESH,saharanpur,2011.0,78.0,78,21,0.0,21.0,90,82,8,32,16,0,135,0,1553322,70.91,747572.0,561.0,561.0,471.0
UTTAR PRADESH,saharanpur,2012.0,70.0,78,18,0.0,18.0,101,91,10,27,17,1,113,0,1553322,70.91,747572.0,544.0,544.0,442.0
UTTAR PRADESH,saharanpur,2015.0,,10,68,4.0,,0,168,0,27,145,0,221,0,1553322,70.91,747572.0,643.0,643.0,643.0
UTTAR PRADESH,saharanpur,2019.0,0.0,3,34,0.0,0.0,0,87,0,26,166,0,271,0,1553322,70.91,747572.0,587.0,587.0,587.0
UTTAR PRADESH,saharanpur,2020.0,0.0,0,45,0.0,0.0,0,96,0,27,145,0,324,0,1553322,70.91,747572.0,637.0,637.0,637.0
UTTAR PRADESH,shahjahanpur,2001.0,196.0,223,55,0.0,55.0,112,68,44,66,61,21,146,0,1383408,59.73,525526.0,1047.0,1047.0,914.0
UTTAR PRADESH,shahjahanpur,2002.0,210.0,205,40,0.0,40.0,89,38,51,49,52,35,83,0,1383408,59.73,525526.0,892.0,892.0,768.0
UTTAR PRADESH,shahjahanpur,2003.0,162.0,118,17,0.0,17.0,65,60,5,28,17,63,11,0,1383408,59.73,525526.0,563.0,563.0,435.0
UTTAR PRADESH,shahjahanpur,2004.0,137.0,166,31,0.0,31.0,89,53,36,41,49,24,21,0,1383408,59.73,525526.0,678.0,678.0,565.0
UTTAR PRADESH,shahjahanpur,2005.0,139.0,120,26,0.0,26.0,55,37,18,25,40,25,22,0,1383408,59.73,525526.0,533.0,533.0,453.0
UTTAR PRADESH,shahjahanpur,2006.0,115.0,101,21,0.0,21.0,57,37,20,34,21,25,8,0,1383408,59.73,525526.0,460.0,460.0,378.0
UTTAR PRADESH,shahjahanpur,2007.0,126.0,125,52,0.0,52.0,102,69,33,56,84,43,13,0,1383408,59.73,525526.0,755.0,755.0,610.0
UTTAR PRADESH,shahjahanpur,2008.0,114.0,143,68,0.0,68.0,121,94,27,68,80,25,10,0,1383408,59.73,525526.0,818.0,818.0,672.0
UTTAR PRADESH,shahjahanpur,2009.0,107.0,123,43,0.0,43.0,107,105,2,54,53,16,11,0,1383408,59.73,525526.0,664.0,664.0,541.0
UTTAR PRADESH,shahjahanpur,2010.0,93.0,99,45,0.0,45.0,102,85,17,50,44,0,12,0,1383408,59.73,525526.0,592.0,592.0,490.0
UTTAR PRADESH,shahjahanpur,2011.0,87.0,108,40,0.0,40.0,141,130,11,47,54,0,28,0,1383408,59.73,525526.0,686.0,686.0,545.0
UTTAR PRADESH,shahjahanpur,2012.0,77.0,80,27,0.0,27.0,130,120,10,51,48,0,73,0,1383408,59.73,525526.0,643.0,643.0,513.0
UTTAR PRADESH,shahjahanpur,2015.0,,0,48,0.0,,0,176,0,44,117,0,87,0,1383408,59.73,525526.0,472.0,472.0,472.0
UTTAR PRADESH,shahjahanpur,2019.0,1.0,0,74,0.0,0.0,0,182,0,63,189,0,321,0,1383408,59.73,525526.0,830.0,830.0,830.0
UTTAR PRADESH,shahjahanpur,2020.0,0.0,0,34,0.0,0.0,0,151,0,62,169,0,333,0,1383408,59.73,525526.0,749.0,749.0,749.0
UTTAR PRADESH,shrawasti,2001.0,35.0,30,13,0.0,13.0,21,18,3,4,16,8,18,0,631916,46.67,33356.0,179.0,179.0,150.0
UTTAR PRADESH,shrawasti,2002.0,18.0,25,3,0.0,3.0,6,5,1,3,16,19,12,0,631916,46.67,33356.0,111.0,111.0,86.0
UTTAR PRADESH,shrawasti,2003.0,15.0,6,3,0.0,3.0,4,4,0,4,2,18,5,0,631916,46.67,33356.0,64.0,64.0,42.0
UTTAR PRADESH,shrawasti,2004.0,17.0,12,4,0.0,4.0,9,9,0,6,7,4,0,0,631916,46.67,33356.0,72.0,72.0,59.0
UTTAR PRADESH,shrawasti,2005.0,21.0,14,6,0.0,6.0,13,13,0,6,5,7,8,0,631916,46.67,33356.0,99.0,99.0,79.0
UTTAR PRADESH,shrawasti,2006.0,11.0,11,6,0.0,6.0,21,16,5,16,12,10,0,0,631916,46.67,33356.0,114.0,114.0,83.0
UTTAR PRADESH,shrawasti,2007.0,19.0,11,10,0.0,10.0,18,9,9,4,12,5,24,0,631916,46.67,33356.0,131.0,131.0,108.0
UTTAR PRADESH,shrawasti,2008.0,20.0,13,6,0.0,6.0,16,15,1,6,13,2,4,0,631916,46.67,33356.0,102.0,102.0,84.0
UTTAR PRADESH,shrawasti,2009.0,12.0,6,8,0.0,8.0,23,23,0,9,27,4,28,0,631916,46.67,33356.0,148.0,148.0,121.0
UTTAR PRADESH,shrawasti,2010.0,18.0,8,14,0.0,14.0,25,23,2,16,19,0,3,0,631916,46.67,33356.0,142.0,142.0,117.0
UTTAR PRADESH,shrawasti,2011.0,18.0,13,16,0.0,16.0,40,36,4,16,26,0,1,0,631916,46.67,33356.0,186.0,186.0,146.0
UTTAR PRADESH,shrawasti,2012.0,24.0,10,22,0.0,22.0,42,40,2,18,20,0,1,0,631916,46.67,33356.0,201.0,201.0,159.0
UTTAR PRADESH,shrawasti,2015.0,,2,5,0.0,,0,42,0,7,32,0,1,0,631916,46.67,33356.0,89.0,89.0,89.0
UTTAR PRADESH,shrawasti,2019.0,0.0,2,3,0.0,0.0,0,66,0,9,28,0,11,0,631916,46.67,33356.0,119.0,119.0,119.0
UTTAR PRADESH,shrawasti,2020.0,0.0,0,10,0.0,0.0,19,81,0,16,51,0,12,0,631916,46.67,33356.0,189.0,189.0,170.0
UTTAR PRADESH,sitapur,2001.0,162.0,139,85,0.0,85.0,99,47,52,82,71,35,106,0,1941374,59.97,432688.0,963.0,963.0,829.0
UTTAR PRADESH,sitapur,2002.0,167.0,144,73,0.0,73.0,99,61,38,83,65,13,66,0,1941374,59.97,432688.0,882.0,882.0,770.0
UTTAR PRADESH,sitapur,2003.0,129.0,64,47,0.0,47.0,58,40,18,50,53,36,37,0,1941374,59.97,432688.0,579.0,579.0,485.0
UTTAR PRADESH,sitapur,2004.0,152.0,131,72,0.0,72.0,104,83,21,71,73,34,79,0,1941374,59.97,432688.0,892.0,892.0,754.0
UTTAR PRADESH,sitapur,2005.0,142.0,627,51,0.0,51.0,89,86,3,70,72,31,142,0,1941374,59.97,432688.0,1364.0,1364.0,1244.0
UTTAR PRADESH,sitapur,2006.0,124.0,115,47,0.0,47.0,78,68,10,58,68,34,83,0,1941374,59.97,432688.0,732.0,732.0,620.0
UTTAR PRADESH,sitapur,2007.0,112.0,81,67,0.0,67.0,102,84,18,61,69,20,119,0,1941374,59.97,432688.0,800.0,800.0,678.0
UTTAR PRADESH,sitapur,2008.0,82.0,69,53,0.0,53.0,138,129,9,77,47,21,110,0,1941374,59.97,432688.0,788.0,788.0,629.0
UTTAR PRADESH,sitapur,2009.0,100.0,65,61,0.0,61.0,156,144,12,75,74,47,84,0,1941374,59.97,432688.0,879.0,879.0,676.0
UTTAR PRADESH,sitapur,2010.0,77.0,40,11,0.0,11.0,114,109,5,45,54,0,111,0,1941374,59.97,432688.0,577.0,577.0,463.0
UTTAR PRADESH,sitapur,2011.0,102.0,68,66,0.0,66.0,232,202,30,60,131,0,138,0,1941374,59.97,432688.0,1095.0,1095.0,863.0
UTTAR PRADESH,sitapur,2012.0,96.0,81,49,0.0,49.0,241,224,17,45,94,0,125,0,1941374,59.97,432688.0,1021.0,1021.0,780.0
UTTAR PRADESH,sitapur,2015.0,,0,63,0.0,,0,192,0,62,139,0,133,0,1941374,59.97,432688.0,589.0,589.0,589.0
UTTAR PRADESH,sitapur,2019.0,0.0,0,76,0.0,0.0,0,352,0,84,485,0,514,0,1941374,59.97,432688.0,1511.0,1511.0,1511.0
UTTAR PRADESH,sitapur,2020.0,0.0,0,102,0.0,0.0,0,242,0,61,195,0,373,0,1941374,59.97,432688.0,973.0,973.0,973.0
UTTAR PRADESH,sonbhadra,2001.0,33.0,23,5,0.0,5.0,9,6,3,12,9,4,5,0,770897,62.95,275430.0,114.0,114.0,101.0
UTTAR PRADESH,sonbhadra,2002.0,33.0,29,5,0.0,5.0,7,5,2,8,8,8,8,0,770897,62.95,275430.0,118.0,118.0,103.0
UTTAR PRADESH,sonbhadra,2003.0,19.0,14,5,0.0,5.0,6,4,2,11,7,15,6,0,770897,62.95,275430.0,94.0,94.0,73.0
UTTAR PRADESH,sonbhadra,2004.0,34.0,24,6,0.0,6.0,15,12,3,11,9,14,9,0,770897,62.95,275430.0,143.0,143.0,114.0
UTTAR PRADESH,sonbhadra,2005.0,24.0,17,8,0.0,8.0,7,5,2,10,6,20,11,0,770897,62.95,275430.0,118.0,118.0,91.0
UTTAR PRADESH,sonbhadra,2006.0,31.0,21,8,0.0,8.0,4,3,1,10,14,32,9,0,770897,62.95,275430.0,141.0,141.0,105.0
UTTAR PRADESH,sonbhadra,2007.0,35.0,16,16,0.0,16.0,12,8,4,11,21,35,23,0,770897,62.95,275430.0,197.0,197.0,150.0
UTTAR PRADESH,sonbhadra,2008.0,39.0,10,26,0.0,26.0,30,24,6,20,38,37,30,0,770897,62.95,275430.0,286.0,286.0,219.0
UTTAR PRADESH,sonbhadra,2009.0,37.0,10,25,0.0,25.0,30,25,5,11,16,20,36,0,770897,62.95,275430.0,240.0,240.0,190.0
UTTAR PRADESH,sonbhadra,2010.0,15.0,6,21,0.0,21.0,23,20,3,20,13,0,16,0,770897,62.95,275430.0,158.0,158.0,135.0
UTTAR PRADESH,sonbhadra,2011.0,18.0,11,19,0.0,19.0,26,21,5,8,21,0,16,0,770897,62.95,275430.0,164.0,164.0,138.0
UTTAR PRADESH,sonbhadra,2012.0,25.0,13,21,0.0,21.0,31,28,3,17,18,0,21,0,770897,62.95,275430.0,198.0,198.0,167.0
UTTAR PRADESH,sonbhadra,2015.0,,0,23,0.0,,0,24,0,21,18,0,5,0,770897,62.95,275430.0,91.0,91.0,91.0
UTTAR PRADESH,sonbhadra,2019.0,0.0,0,39,0.0,0.0,0,44,0,20,36,0,81,0,770897,62.95,275430.0,220.0,220.0,220.0
UTTAR PRADESH,sonbhadra,2020.0,0.0,0,28,0.0,0.0,0,36,0,15,28,0,66,0,770897,62.95,275430.0,173.0,173.0,173.0
UTTAR PRADESH,sultanpur,2001.0,103.0,154,29,0.0,29.0,47,35,12,38,34,17,153,0,1623819,70.49,152258.0,651.0,651.0,587.0
UTTAR PRADESH,sultanpur,2002.0,85.0,109,23,0.0,23.0,34,28,6,20,22,15,66,0,1623819,70.49,152258.0,431.0,431.0,382.0
UTTAR PRADESH,sultanpur,2003.0,62.0,56,18,0.0,18.0,22,19,3,19,10,81,38,0,1623819,70.49,152258.0,346.0,346.0,243.0
UTTAR PRADESH,sultanpur,2004.0,59.0,78,18,0.0,18.0,36,31,5,17,21,32,53,0,1623819,70.49,152258.0,368.0,368.0,300.0
UTTAR PRADESH,sultanpur,2005.0,57.0,88,16,0.0,16.0,33,24,9,14,14,21,38,0,1623819,70.49,152258.0,330.0,330.0,276.0
UTTAR PRADESH,sultanpur,2006.0,77.0,104,25,0.0,25.0,31,26,5,23,21,23,55,0,1623819,70.49,152258.0,415.0,415.0,361.0
UTTAR PRADESH,sultanpur,2007.0,59.0,61,34,0.0,34.0,50,47,3,21,30,13,57,0,1623819,70.49,152258.0,409.0,409.0,346.0
UTTAR PRADESH,sultanpur,2008.0,54.0,82,25,0.0,25.0,54,49,5,12,26,19,43,0,1623819,70.49,152258.0,394.0,394.0,321.0
UTTAR PRADESH,sultanpur,2009.0,38.0,71,16,0.0,16.0,71,63,8,28,35,35,60,0,1623819,70.49,152258.0,441.0,441.0,335.0
UTTAR PRADESH,sultanpur,2010.0,32.0,45,14,0.0,14.0,59,49,10,16,41,0,62,0,1623819,70.49,152258.0,342.0,342.0,283.0
UTTAR PRADESH,sultanpur,2011.0,41.0,57,21,0.0,21.0,52,46,6,14,23,0,58,0,1623819,70.49,152258.0,339.0,339.0,287.0
UTTAR PRADESH,sultanpur,2012.0,44.0,80,26,0.0,26.0,67,63,4,15,29,0,84,0,1623819,70.49,152258.0,438.0,438.0,371.0
UTTAR PRADESH,sultanpur,2015.0,,3,33,0.0,,0,129,0,16,60,0,0,0,1623819,70.49,152258.0,241.0,241.0,241.0
UTTAR PRADESH,sultanpur,2019.0,0.0,10,52,0.0,0.0,21,173,0,20,231,0,207,0,1623819,70.49,152258.0,714.0,714.0,693.0
UTTAR PRADESH,sultanpur,2020.0,0.0,0,56,0.0,0.0,15,133,0,17,144,0,40,0,1623819,70.49,152258.0,405.0,405.0,390.0
UTTAR PRADESH,unnao,2001.0,147.0,141,53,0.0,53.0,97,79,18,63,100,12,168,0,1422509,66.28,411543.0,931.0,931.0,822.0
UTTAR PRADESH,unnao,2002.0,126.0,94,34,0.0,34.0,63,55,8,57,70,8,118,0,1422509,66.28,411543.0,667.0,667.0,596.0
UTTAR PRADESH,unnao,2003.0,111.0,64,23,0.0,23.0,22,19,3,42,28,195,45,0,1422509,66.28,411543.0,575.0,575.0,358.0
UTTAR PRADESH,unnao,2004.0,123.0,107,45,0.0,45.0,62,52,10,29,37,26,78,0,1422509,66.28,411543.0,614.0,614.0,526.0
UTTAR PRADESH,unnao,2005.0,102.0,68,35,0.0,35.0,54,43,11,40,47,32,72,0,1422509,66.28,411543.0,539.0,539.0,453.0
UTTAR PRADESH,unnao,2006.0,96.0,70,37,0.0,37.0,44,40,4,37,35,26,58,0,1422509,66.28,411543.0,484.0,484.0,414.0
UTTAR PRADESH,unnao,2007.0,94.0,61,30,0.0,30.0,68,61,7,52,37,26,61,0,1422509,66.28,411543.0,527.0,527.0,433.0
UTTAR PRADESH,unnao,2008.0,58.0,61,36,0.0,36.0,78,69,9,52,50,26,61,0,1422509,66.28,411543.0,536.0,536.0,432.0
UTTAR PRADESH,unnao,2009.0,55.0,52,48,0.0,48.0,96,85,11,40,61,14,100,0,1422509,66.28,411543.0,610.0,610.0,500.0
UTTAR PRADESH,unnao,2010.0,46.0,54,32,0.0,32.0,81,76,5,26,57,0,74,0,1422509,66.28,411543.0,483.0,483.0,402.0
UTTAR PRADESH,unnao,2011.0,61.0,48,36,0.0,36.0,112,104,8,30,66,0,85,0,1422509,66.28,411543.0,586.0,586.0,474.0
UTTAR PRADESH,unnao,2012.0,60.0,46,41,0.0,41.0,182,174,8,44,81,0,141,0,1422509,66.28,411543.0,818.0,818.0,636.0
UTTAR PRADESH,unnao,2015.0,,10,42,2.0,,11,207,0,53,162,0,137,0,1422509,66.28,411543.0,624.0,624.0,613.0
UTTAR PRADESH,unnao,2019.0,1.0,3,53,0.0,0.0,0,240,0,49,203,0,285,0,1422509,66.28,411543.0,834.0,834.0,834.0
UTTAR PRADESH,unnao,2020.0,1.0,0,36,0.0,0.0,31,241,0,29,186,0,247,0,1422509,66.28,411543.0,771.0,771.0,740.0
UTTAR PRADESH,varanasi,2001.0,78.0,89,27,0.0,27.0,55,35,20,31,19,90,119,0,1649187,77.87,1260571.0,590.0,590.0,445.0
UTTAR PRADESH,varanasi,2002.0,78.0,87,16,0.0,16.0,52,36,16,34,23,110,104,0,1649187,77.87,1260571.0,572.0,572.0,410.0
UTTAR PRADESH,varanasi,2003.0,74.0,48,7,0.0,7.0,18,7,11,21,4,71,33,0,1649187,77.87,1260571.0,301.0,301.0,212.0
UTTAR PRADESH,varanasi,2004.0,80.0,66,15,0.0,15.0,35,20,15,30,7,53,52,0,1649187,77.87,1260571.0,388.0,388.0,300.0
UTTAR PRADESH,varanasi,2005.0,73.0,65,8,0.0,8.0,34,19,15,19,8,43,44,0,1649187,77.87,1260571.0,336.0,336.0,259.0
UTTAR PRADESH,varanasi,2006.0,73.0,65,16,0.0,16.0,45,36,9,23,10,46,90,0,1649187,77.87,1260571.0,429.0,429.0,338.0
UTTAR PRADESH,varanasi,2007.0,66.0,61,20,0.0,20.0,50,38,12,35,20,120,197,0,1649187,77.87,1260571.0,639.0,639.0,469.0
UTTAR PRADESH,varanasi,2008.0,58.0,37,12,0.0,12.0,59,38,21,36,14,98,183,0,1649187,77.87,1260571.0,568.0,568.0,411.0
UTTAR PRADESH,varanasi,2009.0,32.0,43,10,0.0,10.0,41,35,6,29,12,72,107,0,1649187,77.87,1260571.0,397.0,397.0,284.0
UTTAR PRADESH,varanasi,2010.0,32.0,64,9,0.0,9.0,88,71,17,26,14,0,166,0,1649187,77.87,1260571.0,496.0,496.0,408.0
UTTAR PRADESH,varanasi,2011.0,48.0,53,11,0.0,11.0,92,76,16,41,17,0,136,0,1649187,77.87,1260571.0,501.0,501.0,409.0
UTTAR PRADESH,varanasi,2012.0,59.0,62,21,0.0,21.0,99,85,14,35,26,0,177,0,1649187,77.87,1260571.0,599.0,599.0,500.0
UTTAR PRADESH,varanasi,2015.0,,39,79,7.0,,0,183,0,27,163,0,0,0,1649187,77.87,1260571.0,498.0,498.0,498.0
UTTAR PRADESH,varanasi,2019.0,0.0,0,70,0.0,0.0,0,214,0,36,195,3,628,0,1649187,77.87,1260571.0,1146.0,1146.0,1143.0
UTTAR PRADESH,varanasi,2020.0,0.0,0,62,0.0,0.0,0,178,0,28,159,8,492,0,1649187,77.87,1260571.0,927.0,927.0,919.0
UTTARAKHAND,almora,2001.0,18.0,12,4,0.0,4.0,1,1,0,3,5,0,5,0,293848,89.2,54505.0,53.0,53.0,52.0
UTTARAKHAND,almora,2002.0,17.0,14,3,0.0,3.0,2,2,0,11,7,1,6,0,293848,89.2,54505.0,66.0,66.0,63.0
UTTARAKHAND,almora,2003.0,15.0,5,1,0.0,1.0,1,1,0,9,6,4,5,0,293848,89.2,54505.0,48.0,48.0,43.0
UTTARAKHAND,almora,2004.0,10.0,11,1,0.0,1.0,5,4,1,7,7,4,9,0,293848,89.2,54505.0,60.0,60.0,51.0
UTTARAKHAND,almora,2005.0,22.0,7,6,0.0,6.0,6,6,0,6,4,2,6,0,293848,89.2,54505.0,71.0,71.0,63.0
UTTARAKHAND,almora,2006.0,15.0,10,11,0.0,11.0,5,5,0,5,3,1,6,0,293848,89.2,54505.0,72.0,72.0,66.0
UTTARAKHAND,almora,2007.0,19.0,9,6,0.0,6.0,0,0,0,5,4,0,11,0,293848,89.2,54505.0,60.0,60.0,60.0
UTTARAKHAND,almora,2008.0,12.0,7,2,0.0,2.0,7,7,0,8,5,3,9,0,293848,89.2,54505.0,62.0,62.0,52.0
UTTARAKHAND,almora,2009.0,9.0,3,4,0.0,4.0,5,5,0,4,4,0,11,0,293848,89.2,54505.0,49.0,49.0,44.0
UTTARAKHAND,almora,2010.0,3.0,3,3,0.0,3.0,5,5,0,4,3,0,4,0,293848,89.2,54505.0,33.0,33.0,28.0
UTTARAKHAND,almora,2011.0,2.0,0,3,0.0,3.0,2,2,0,6,4,0,6,0,293848,89.2,54505.0,28.0,28.0,26.0
UTTARAKHAND,almora,2012.0,4.0,6,5,0.0,5.0,0,0,0,2,5,5,5,0,293848,89.2,54505.0,37.0,37.0,32.0
UTTARAKHAND,almora,2015.0,,1,6,0.0,,0,21,21,1,1,0,3,0,293848,89.2,54505.0,54.0,54.0,54.0
UTTARAKHAND,almora,2019.0,0.0,0,7,0.0,0.0,3,9,6,1,8,1,2,0,293848,89.2,54505.0,37.0,37.0,33.0
UTTARAKHAND,almora,2020.0,0.0,0,2,0.0,0.0,0,5,5,0,3,1,4,0,293848,89.2,54505.0,20.0,20.0,19.0
UTTARAKHAND,bageshwar,2001.0,10.0,7,1,0.0,1.0,4,4,0,8,1,0,0,0,118510,87.65,7803.0,36.0,36.0,32.0
UTTARAKHAND,bageshwar,2002.0,4.0,1,5,0.0,5.0,3,3,0,2,0,0,7,0,118510,87.65,7803.0,30.0,30.0,27.0
UTTARAKHAND,bageshwar,2003.0,11.0,4,4,0.0,4.0,0,0,0,2,3,0,0,0,118510,87.65,7803.0,28.0,28.0,28.0
UTTARAKHAND,bageshwar,2004.0,4.0,1,5,0.0,5.0,4,0,4,4,0,0,2,0,118510,87.65,7803.0,29.0,29.0,25.0
UTTARAKHAND,bageshwar,2005.0,10.0,5,7,0.0,7.0,2,0,2,1,1,1,0,0,118510,87.65,7803.0,36.0,36.0,33.0
UTTARAKHAND,bageshwar,2006.0,11.0,3,4,0.0,4.0,4,4,0,4,6,0,7,0,118510,87.65,7803.0,47.0,47.0,43.0
UTTARAKHAND,bageshwar,2007.0,10.0,1,3,0.0,3.0,0,0,0,2,6,2,4,0,118510,87.65,7803.0,31.0,31.0,29.0
UTTARAKHAND,bageshwar,2008.0,6.0,0,2,0.0,2.0,3,1,2,2,3,4,2,0,118510,87.65,7803.0,27.0,27.0,20.0
UTTARAKHAND,bageshwar,2009.0,3.0,0,3,0.0,3.0,1,1,0,2,1,1,2,0,118510,87.65,7803.0,17.0,17.0,15.0
UTTARAKHAND,bageshwar,2010.0,2.0,0,2,0.0,2.0,2,2,0,2,3,1,1,0,118510,87.65,7803.0,17.0,17.0,14.0
UTTARAKHAND,bageshwar,2011.0,1.0,0,2,0.0,2.0,2,2,0,2,2,1,4,0,118510,87.65,7803.0,18.0,18.0,15.0
UTTARAKHAND,bageshwar,2012.0,3.0,2,8,0.0,8.0,1,1,0,4,5,0,2,0,118510,87.65,7803.0,34.0,34.0,33.0
UTTARAKHAND,bageshwar,2015.0,,0,7,0.0,,1,10,9,2,8,0,4,0,118510,87.65,7803.0,41.0,41.0,40.0
UTTARAKHAND,bageshwar,2019.0,0.0,0,4,0.0,0.0,0,0,0,4,9,0,2,0,118510,87.65,7803.0,19.0,19.0,19.0
UTTARAKHAND,bageshwar,2020.0,0.0,0,9,0.0,0.0,0,10,10,1,11,11,3,0,118510,87.65,7803.0,55.0,55.0,44.0
UTTARAKHAND,chamoli,2001.0,13.0,6,3,0.0,3.0,3,3,0,3,10,0,1,0,183745,89.66,50703.0,45.0,45.0,42.0
UTTARAKHAND,chamoli,2002.0,15.0,7,4,0.0,4.0,6,5,1,5,12,7,4,0,183745,89.66,50703.0,70.0,70.0,57.0
UTTARAKHAND,chamoli,2003.0,9.0,9,4,0.0,4.0,3,3,0,3,8,2,1,0,183745,89.66,50703.0,46.0,46.0,41.0
UTTARAKHAND,chamoli,2004.0,5.0,14,4,0.0,4.0,7,6,1,1,12,1,3,0,183745,89.66,50703.0,58.0,58.0,50.0
UTTARAKHAND,chamoli,2005.0,9.0,4,4,0.0,4.0,5,3,2,6,3,4,1,0,183745,89.66,50703.0,45.0,45.0,36.0
UTTARAKHAND,chamoli,2006.0,5.0,5,7,0.0,7.0,4,0,4,5,2,0,4,0,183745,89.66,50703.0,43.0,43.0,39.0
UTTARAKHAND,chamoli,2007.0,15.0,9,10,0.0,10.0,7,6,1,2,5,0,5,0,183745,89.66,50703.0,70.0,70.0,63.0
UTTARAKHAND,chamoli,2008.0,1.0,2,2,0.0,2.0,6,1,5,1,3,0,3,0,183745,89.66,50703.0,26.0,26.0,20.0
UTTARAKHAND,chamoli,2009.0,3.0,1,1,0.0,1.0,0,0,0,0,2,0,2,0,183745,89.66,50703.0,10.0,10.0,10.0
UTTARAKHAND,chamoli,2010.0,1.0,0,1,0.0,1.0,2,0,2,0,3,0,1,0,183745,89.66,50703.0,11.0,11.0,9.0
UTTARAKHAND,chamoli,2011.0,4.0,2,2,0.0,2.0,1,1,0,0,2,0,2,0,183745,89.66,50703.0,16.0,16.0,15.0
UTTARAKHAND,chamoli,2012.0,1.0,3,2,0.0,2.0,2,2,0,1,4,0,0,0,183745,89.66,50703.0,17.0,17.0,15.0
UTTARAKHAND,chamoli,2015.0,,0,4,0.0,,2,21,19,0,5,0,5,0,183745,89.66,50703.0,56.0,56.0,54.0
UTTARAKHAND,chamoli,2019.0,0.0,1,2,0.0,0.0,0,14,13,1,3,0,0,0,183745,89.66,50703.0,34.0,34.0,34.0
UTTARAKHAND,chamoli,2020.0,0.0,0,7,0.0,0.0,0,0,0,0,6,0,1,0,183745,89.66,50703.0,14.0,14.0,14.0
UTTARAKHAND,champawat,2001.0,3.0,3,0,0.0,0.0,3,3,0,0,7,0,5,0,111084,87.27,33778.0,24.0,24.0,21.0
UTTARAKHAND,champawat,2002.0,6.0,4,2,0.0,2.0,4,4,0,1,3,0,0,0,111084,87.27,33778.0,26.0,26.0,22.0
UTTARAKHAND,champawat,2003.0,7.0,6,1,0.0,1.0,3,3,0,2,5,0,4,0,111084,87.27,33778.0,32.0,32.0,29.0
UTTARAKHAND,champawat,2004.0,6.0,2,2,0.0,2.0,2,1,1,0,5,0,4,0,111084,87.27,33778.0,25.0,25.0,23.0
UTTARAKHAND,champawat,2005.0,7.0,0,1,0.0,1.0,3,2,1,3,2,0,2,0,111084,87.27,33778.0,22.0,22.0,19.0
UTTARAKHAND,champawat,2006.0,5.0,7,3,0.0,3.0,1,0,1,0,4,0,1,0,111084,87.27,33778.0,25.0,25.0,24.0
UTTARAKHAND,champawat,2007.0,5.0,0,2,0.0,2.0,2,2,0,0,1,0,2,0,111084,87.27,33778.0,16.0,16.0,14.0
UTTARAKHAND,champawat,2008.0,2.0,2,2,0.0,2.0,4,4,0,3,0,3,5,0,111084,87.27,33778.0,27.0,27.0,20.0
UTTARAKHAND,champawat,2009.0,4.0,5,1,0.0,1.0,2,2,0,2,5,0,0,0,111084,87.27,33778.0,22.0,22.0,20.0
UTTARAKHAND,champawat,2010.0,4.0,0,1,0.0,1.0,3,0,3,1,1,0,0,0,111084,87.27,33778.0,14.0,14.0,11.0
UTTARAKHAND,champawat,2011.0,2.0,6,4,0.0,4.0,3,3,0,0,2,0,4,0,111084,87.27,33778.0,28.0,28.0,25.0
UTTARAKHAND,champawat,2012.0,2.0,1,3,0.0,3.0,0,0,0,1,4,0,0,0,111084,87.27,33778.0,14.0,14.0,14.0
UTTARAKHAND,champawat,2015.0,,0,4,0.0,,0,4,4,0,3,0,2,0,111084,87.27,33778.0,17.0,17.0,17.0
UTTARAKHAND,champawat,2019.0,0.0,0,1,0.0,0.0,0,9,9,1,3,0,3,0,111084,87.27,33778.0,26.0,26.0,26.0
UTTARAKHAND,champawat,2020.0,0.0,0,4,0.0,0.0,0,1,0,1,6,0,2,0,111084,87.27,33778.0,14.0,14.0,14.0
UTTARAKHAND,dehradun,2001.0,32.0,66,12,0.0,12.0,54,48,6,4,13,19,85,0,679583,85.87,678742.0,351.0,351.0,278.0
UTTARAKHAND,dehradun,2002.0,39.0,37,12,0.0,12.0,62,50,12,5,11,29,79,0,679583,85.87,678742.0,348.0,348.0,257.0
UTTARAKHAND,dehradun,2003.0,31.0,43,16,0.0,16.0,30,28,2,11,13,31,85,0,679583,85.87,678742.0,306.0,306.0,245.0
UTTARAKHAND,dehradun,2004.0,42.0,35,21,0.0,21.0,37,22,15,6,16,46,119,0,679583,85.87,678742.0,380.0,380.0,297.0
UTTARAKHAND,dehradun,2005.0,42.0,39,23,0.0,23.0,45,39,6,8,13,47,86,0,679583,85.87,678742.0,371.0,371.0,279.0
UTTARAKHAND,dehradun,2006.0,40.0,34,23,0.0,23.0,43,40,3,9,28,52,97,0,679583,85.87,678742.0,392.0,392.0,297.0
UTTARAKHAND,dehradun,2007.0,37.0,50,29,0.0,29.0,60,58,2,3,45,23,126,0,679583,85.87,678742.0,462.0,462.0,379.0
UTTARAKHAND,dehradun,2008.0,42.0,51,20,0.0,20.0,65,65,0,9,24,128,85,0,679583,85.87,678742.0,509.0,509.0,316.0
UTTARAKHAND,dehradun,2009.0,24.0,41,30,0.0,30.0,76,60,16,11,30,110,133,0,679583,85.87,678742.0,561.0,561.0,375.0
UTTARAKHAND,dehradun,2010.0,33.0,48,37,0.0,37.0,71,57,14,12,26,74,117,0,679583,85.87,678742.0,526.0,526.0,381.0
UTTARAKHAND,dehradun,2011.0,25.0,35,31,0.0,31.0,55,47,8,10,16,38,101,0,679583,85.87,678742.0,397.0,397.0,304.0
UTTARAKHAND,dehradun,2012.0,37.0,29,30,0.0,30.0,43,41,2,13,24,34,111,0,679583,85.87,678742.0,394.0,394.0,317.0
UTTARAKHAND,dehradun,2015.0,,3,57,2.0,,11,26,2,11,71,1,168,0,679583,85.87,678742.0,352.0,352.0,340.0
UTTARAKHAND,dehradun,2019.0,0.0,0,139,0.0,0.0,0,31,0,7,71,4,226,0,679583,85.87,678742.0,478.0,478.0,474.0
UTTARAKHAND,dehradun,2020.0,0.0,0,55,0.0,0.0,0,56,15,8,90,1,162,0,679583,85.87,678742.0,387.0,387.0,386.0
UTTARAKHAND,nainital,2001.0,36.0,31,5,0.0,5.0,14,0,14,5,11,3,29,0,400254,86.32,269050.0,153.0,153.0,136.0
UTTARAKHAND,nainital,2002.0,34.0,32,5,0.0,5.0,13,13,0,5,11,4,36,1,400254,86.32,269050.0,159.0,159.0,142.0
UTTARAKHAND,nainital,2003.0,31.0,30,9,0.0,9.0,16,14,2,12,15,3,30,0,400254,86.32,269050.0,171.0,171.0,152.0
UTTARAKHAND,nainital,2004.0,43.0,26,6,0.0,6.0,28,26,2,6,18,15,25,0,400254,86.32,269050.0,201.0,201.0,158.0
UTTARAKHAND,nainital,2005.0,31.0,29,7,0.0,7.0,16,16,0,13,6,0,18,0,400254,86.32,269050.0,143.0,143.0,127.0
UTTARAKHAND,nainital,2006.0,25.0,19,9,0.0,9.0,17,17,0,7,7,1,6,0,400254,86.32,269050.0,117.0,117.0,99.0
UTTARAKHAND,nainital,2007.0,26.0,19,6,0.0,6.0,25,24,1,12,4,0,17,0,400254,86.32,269050.0,140.0,140.0,115.0
UTTARAKHAND,nainital,2008.0,24.0,24,9,0.0,9.0,22,22,0,10,5,26,21,0,400254,86.32,269050.0,172.0,172.0,124.0
UTTARAKHAND,nainital,2009.0,24.0,20,14,0.0,14.0,37,37,0,23,14,17,19,0,400254,86.32,269050.0,219.0,219.0,165.0
UTTARAKHAND,nainital,2010.0,18.0,25,13,0.0,13.0,29,29,0,5,15,17,15,0,400254,86.32,269050.0,179.0,179.0,133.0
UTTARAKHAND,nainital,2011.0,17.0,14,10,0.0,10.0,24,24,0,15,4,5,19,0,400254,86.32,269050.0,142.0,142.0,113.0
UTTARAKHAND,nainital,2012.0,17.0,12,16,0.0,16.0,29,29,0,10,11,9,22,0,400254,86.32,269050.0,171.0,171.0,133.0
UTTARAKHAND,nainital,2015.0,,1,32,0.0,,3,28,10,4,48,0,23,0,400254,86.32,269050.0,149.0,149.0,146.0
UTTARAKHAND,nainital,2019.0,0.0,0,50,0.0,0.0,4,45,23,5,63,0,65,0,400254,86.32,269050.0,255.0,255.0,251.0
UTTARAKHAND,nainital,2020.0,0.0,0,52,0.0,0.0,6,76,52,6,53,0,96,0,400254,86.32,269050.0,341.0,341.0,335.0
UTTARAKHAND,pithoragarh,2001.0,8.0,3,7,0.0,7.0,1,0,1,2,6,4,10,0,227615,90.06,59833.0,49.0,49.0,44.0
UTTARAKHAND,pithoragarh,2002.0,6.0,5,3,0.0,3.0,0,0,0,3,7,5,4,0,227615,90.06,59833.0,36.0,36.0,31.0
UTTARAKHAND,pithoragarh,2003.0,5.0,9,3,0.0,3.0,2,0,2,6,7,0,1,0,227615,90.06,59833.0,38.0,38.0,36.0
UTTARAKHAND,pithoragarh,2004.0,5.0,9,9,0.0,9.0,3,0,3,8,4,0,6,0,227615,90.06,59833.0,56.0,56.0,53.0
UTTARAKHAND,pithoragarh,2005.0,8.0,4,7,0.0,7.0,4,0,4,4,6,0,10,0,227615,90.06,59833.0,54.0,54.0,50.0
UTTARAKHAND,pithoragarh,2006.0,10.0,6,8,0.0,8.0,3,3,0,3,13,0,8,0,227615,90.06,59833.0,62.0,62.0,59.0
UTTARAKHAND,pithoragarh,2007.0,9.0,2,9,0.0,9.0,9,9,0,3,11,0,11,0,227615,90.06,59833.0,72.0,72.0,63.0
UTTARAKHAND,pithoragarh,2008.0,3.0,6,0,0.0,0.0,0,0,0,3,6,0,11,0,227615,90.06,59833.0,29.0,29.0,29.0
UTTARAKHAND,pithoragarh,2009.0,2.0,3,0,0.0,0.0,1,1,0,1,3,0,4,0,227615,90.06,59833.0,15.0,15.0,14.0
UTTARAKHAND,pithoragarh,2010.0,4.0,1,3,0.0,3.0,5,5,0,1,5,0,6,0,227615,90.06,59833.0,33.0,33.0,28.0
UTTARAKHAND,pithoragarh,2011.0,5.0,3,9,0.0,9.0,4,4,0,5,8,0,5,0,227615,90.06,59833.0,52.0,52.0,48.0
UTTARAKHAND,pithoragarh,2012.0,9.0,0,1,0.0,1.0,1,1,0,2,2,1,2,0,227615,90.06,59833.0,20.0,20.0,18.0
UTTARAKHAND,pithoragarh,2015.0,,0,0,0.0,,3,7,0,1,3,0,7,0,227615,90.06,59833.0,21.0,21.0,18.0
UTTARAKHAND,pithoragarh,2019.0,0.0,0,4,0.0,0.0,1,1,0,3,7,1,4,0,227615,90.06,59833.0,21.0,21.0,19.0
UTTARAKHAND,pithoragarh,2020.0,0.0,0,7,0.0,0.0,0,0,0,1,16,16,2,0,227615,90.06,59833.0,42.0,42.0,26.0
UTTARAKHAND,tehri garhwal,2001.0,7.0,10,2,0.0,2.0,5,5,0,2,3,0,8,0,295168,85.33,59846.0,44.0,44.0,39.0
UTTARAKHAND,tehri garhwal,2002.0,7.0,11,3,0.0,3.0,5,5,0,3,10,0,10,0,295168,85.33,59846.0,57.0,57.0,52.0
UTTARAKHAND,tehri garhwal,2003.0,9.0,23,6,0.0,6.0,4,4,0,6,10,0,10,0,295168,85.33,59846.0,78.0,78.0,74.0
UTTARAKHAND,tehri garhwal,2004.0,11.0,18,4,0.0,4.0,14,14,0,4,2,0,12,0,295168,85.33,59846.0,83.0,83.0,69.0
UTTARAKHAND,tehri garhwal,2005.0,11.0,10,9,0.0,9.0,8,8,0,6,1,0,10,0,295168,85.33,59846.0,72.0,72.0,64.0
UTTARAKHAND,tehri garhwal,2006.0,11.0,6,9,0.0,9.0,9,9,0,6,0,0,8,0,295168,85.33,59846.0,67.0,67.0,58.0
UTTARAKHAND,tehri garhwal,2007.0,11.0,7,2,0.0,2.0,4,4,0,3,2,2,7,0,295168,85.33,59846.0,44.0,44.0,38.0
UTTARAKHAND,tehri garhwal,2008.0,7.0,4,3,0.0,3.0,3,3,0,2,4,8,8,0,295168,85.33,59846.0,45.0,45.0,34.0
UTTARAKHAND,tehri garhwal,2009.0,0.0,2,1,0.0,1.0,3,3,0,1,3,0,2,0,295168,85.33,59846.0,16.0,16.0,13.0
UTTARAKHAND,tehri garhwal,2010.0,2.0,3,1,0.0,1.0,2,2,0,2,6,0,1,0,295168,85.33,59846.0,20.0,20.0,18.0
UTTARAKHAND,tehri garhwal,2011.0,4.0,1,3,0.0,3.0,1,1,0,1,1,0,1,0,295168,85.33,59846.0,16.0,16.0,15.0
UTTARAKHAND,tehri garhwal,2012.0,5.0,2,1,0.0,1.0,3,3,0,3,1,0,0,0,295168,85.33,59846.0,19.0,19.0,16.0
UTTARAKHAND,tehri garhwal,2015.0,,0,8,0.0,,0,16,16,3,1,0,3,0,295168,85.33,59846.0,47.0,47.0,47.0
UTTARAKHAND,tehri garhwal,2019.0,0.0,0,21,0.0,0.0,0,23,19,0,15,0,8,0,295168,85.33,59846.0,86.0,86.0,86.0
UTTARAKHAND,tehri garhwal,2020.0,0.0,0,5,0.0,0.0,1,11,10,3,0,0,5,0,295168,85.33,59846.0,35.0,35.0,34.0
UTTARAKHAND,uttarkashi,2001.0,10.0,11,8,0.0,8.0,3,3,0,1,12,1,13,0,152016,83.6,22918.0,70.0,70.0,66.0
UTTARAKHAND,uttarkashi,2002.0,6.0,6,9,0.0,9.0,6,5,1,0,5,3,12,0,152016,83.6,22918.0,62.0,62.0,53.0
UTTARAKHAND,uttarkashi,2003.0,6.0,2,9,0.0,9.0,7,6,1,0,8,2,6,0,152016,83.6,22918.0,56.0,56.0,47.0
UTTARAKHAND,uttarkashi,2004.0,4.0,6,5,0.0,5.0,5,5,0,2,3,1,9,0,152016,83.6,22918.0,45.0,45.0,39.0
UTTARAKHAND,uttarkashi,2005.0,6.0,4,7,0.0,7.0,5,5,0,0,8,0,4,0,152016,83.6,22918.0,46.0,46.0,41.0
UTTARAKHAND,uttarkashi,2006.0,4.0,2,11,0.0,11.0,6,5,1,3,5,1,7,0,152016,83.6,22918.0,56.0,56.0,49.0
UTTARAKHAND,uttarkashi,2007.0,2.0,3,2,0.0,2.0,9,8,1,3,6,1,13,0,152016,83.6,22918.0,50.0,50.0,40.0
UTTARAKHAND,uttarkashi,2008.0,3.0,4,1,0.0,1.0,5,5,0,1,4,4,1,0,152016,83.6,22918.0,29.0,29.0,20.0
UTTARAKHAND,uttarkashi,2009.0,1.0,0,4,0.0,4.0,7,5,2,0,3,3,3,0,152016,83.6,22918.0,32.0,32.0,22.0
UTTARAKHAND,uttarkashi,2010.0,3.0,2,1,0.0,1.0,3,3,0,0,1,2,3,0,152016,83.6,22918.0,19.0,19.0,14.0
UTTARAKHAND,uttarkashi,2011.0,2.0,1,4,0.0,4.0,2,2,0,0,2,2,1,0,152016,83.6,22918.0,20.0,20.0,16.0
UTTARAKHAND,uttarkashi,2012.0,1.0,0,1,0.0,1.0,4,2,2,0,1,0,3,0,152016,83.6,22918.0,15.0,15.0,11.0
UTTARAKHAND,uttarkashi,2015.0,,0,12,0.0,,0,9,9,0,5,8,3,0,152016,83.6,22918.0,46.0,46.0,38.0
UTTARAKHAND,uttarkashi,2019.0,0.0,0,7,0.0,0.0,3,9,5,2,8,1,9,0,152016,83.6,22918.0,44.0,44.0,40.0
UTTARAKHAND,uttarkashi,2020.0,0.0,0,15,0.0,0.0,0,2,2,1,8,0,4,0,152016,83.6,22918.0,32.0,32.0,32.0
WEST BENGAL,bankura,2001.0,35.0,32,26,0.0,26.0,7,5,2,22,28,0,78,0,1636002,76.76,235248.0,261.0,261.0,254.0
WEST BENGAL,bankura,2002.0,39.0,27,19,0.0,19.0,12,11,1,20,22,0,85,0,1636002,76.76,235248.0,255.0,255.0,243.0
WEST BENGAL,bankura,2003.0,41.0,13,43,0.0,43.0,11,11,0,20,31,0,106,0,1636002,76.76,235248.0,319.0,319.0,308.0
WEST BENGAL,bankura,2004.0,37.0,0,49,0.0,49.0,24,24,0,22,40,0,123,0,1636002,76.76,235248.0,368.0,368.0,344.0
WEST BENGAL,bankura,2005.0,53.0,6,43,0.0,43.0,27,27,0,22,54,0,149,0,1636002,76.76,235248.0,424.0,424.0,397.0
WEST BENGAL,bankura,2006.0,55.0,38,51,0.0,51.0,26,22,4,24,43,0,133,0,1636002,76.76,235248.0,447.0,447.0,421.0
WEST BENGAL,bankura,2007.0,49.0,32,44,0.0,44.0,14,12,2,24,43,1,147,0,1636002,76.76,235248.0,412.0,412.0,397.0
WEST BENGAL,bankura,2008.0,54.0,37,46,0.0,46.0,21,18,3,20,45,1,170,0,1636002,76.76,235248.0,461.0,461.0,439.0
WEST BENGAL,bankura,2009.0,69.0,28,33,0.0,33.0,36,31,5,28,46,1,172,0,1636002,76.76,235248.0,482.0,482.0,445.0
WEST BENGAL,bankura,2010.0,105.0,58,36,0.0,36.0,47,45,2,18,59,2,279,0,1636002,76.76,235248.0,687.0,687.0,638.0
WEST BENGAL,bankura,2011.0,67.0,45,44,0.0,44.0,42,36,6,16,83,1,195,0,1636002,76.76,235248.0,579.0,579.0,536.0
WEST BENGAL,bankura,2012.0,61.0,37,35,0.0,35.0,84,80,4,26,90,3,221,0,1636002,76.76,235248.0,676.0,676.0,589.0
WEST BENGAL,bankura,2015.0,,21,24,0.0,,12,76,1,14,121,7,333,0,1636002,76.76,235248.0,609.0,609.0,590.0
WEST BENGAL,bankura,2019.0,1.0,10,13,0.0,0.0,20,64,11,18,39,14,189,0,1636002,76.76,235248.0,379.0,379.0,345.0
WEST BENGAL,bankura,2020.0,0.0,0,18,0.0,0.0,36,105,51,25,54,25,223,0,1636002,76.76,235248.0,537.0,537.0,476.0
WEST BENGAL,birbhum,2001.0,76.0,40,43,0.0,43.0,43,28,15,4,43,0,151,0,1546633,70.89,258420.0,486.0,486.0,443.0
WEST BENGAL,birbhum,2002.0,57.0,21,36,0.0,36.0,28,22,6,1,50,0,175,0,1546633,70.89,258420.0,432.0,432.0,404.0
WEST BENGAL,birbhum,2003.0,51.0,13,48,0.0,48.0,35,30,5,13,51,0,164,0,1546633,70.89,258420.0,458.0,458.0,423.0
WEST BENGAL,birbhum,2004.0,51.0,16,58,0.0,58.0,31,24,7,9,37,0,139,0,1546633,70.89,258420.0,430.0,430.0,399.0
WEST BENGAL,birbhum,2005.0,47.0,19,78,0.0,78.0,41,37,4,5,42,0,160,0,1546633,70.89,258420.0,511.0,511.0,470.0
WEST BENGAL,birbhum,2006.0,72.0,10,57,0.0,57.0,39,37,2,18,34,2,175,0,1546633,70.89,258420.0,503.0,503.0,462.0
WEST BENGAL,birbhum,2007.0,66.0,15,53,0.0,53.0,31,26,5,9,44,0,195,0,1546633,70.89,258420.0,497.0,497.0,466.0
WEST BENGAL,birbhum,2008.0,96.0,24,58,0.0,58.0,46,27,19,26,67,0,289,0,1546633,70.89,258420.0,710.0,710.0,664.0
WEST BENGAL,birbhum,2009.0,92.0,22,52,0.0,52.0,52,49,3,18,60,0,298,0,1546633,70.89,258420.0,698.0,698.0,646.0
WEST BENGAL,birbhum,2010.0,94.0,22,44,0.0,44.0,52,29,23,25,48,0,301,0,1546633,70.89,258420.0,682.0,682.0,630.0
WEST BENGAL,birbhum,2011.0,93.0,83,44,0.0,44.0,58,51,7,25,63,0,337,0,1546633,70.89,258420.0,805.0,805.0,747.0
WEST BENGAL,birbhum,2012.0,113.0,186,49,0.0,49.0,76,62,14,23,87,0,245,0,1546633,70.89,258420.0,904.0,904.0,828.0
WEST BENGAL,birbhum,2015.0,,30,33,0.0,,10,28,7,15,104,3,292,0,1546633,70.89,258420.0,522.0,522.0,509.0
WEST BENGAL,birbhum,2019.0,1.0,33,51,0.0,0.0,48,83,0,9,54,0,228,0,1546633,70.89,258420.0,507.0,507.0,459.0
WEST BENGAL,birbhum,2020.0,0.0,0,31,0.0,0.0,138,156,1,11,38,1,259,0,1546633,70.89,258420.0,635.0,635.0,496.0
WEST BENGAL,dakshin dinajpur,2001.0,25.0,0,10,0.0,10.0,31,28,3,4,37,0,101,0,770335,72.43,196854.0,249.0,249.0,218.0
WEST BENGAL,dakshin dinajpur,2002.0,23.0,0,20,0.0,20.0,26,24,2,14,31,0,61,0,770335,72.43,196854.0,221.0,221.0,195.0
WEST BENGAL,dakshin dinajpur,2003.0,22.0,12,31,0.0,31.0,32,32,0,8,40,1,104,0,770335,72.43,196854.0,313.0,313.0,280.0
WEST BENGAL,dakshin dinajpur,2004.0,16.0,4,33,0.0,33.0,27,26,1,8,36,0,97,0,770335,72.43,196854.0,281.0,281.0,254.0
WEST BENGAL,dakshin dinajpur,2005.0,27.0,5,28,0.0,28.0,33,27,6,20,45,1,141,0,770335,72.43,196854.0,361.0,361.0,327.0
WEST BENGAL,dakshin dinajpur,2006.0,26.0,41,32,0.0,32.0,49,37,12,11,60,0,140,0,770335,72.43,196854.0,440.0,440.0,391.0
WEST BENGAL,dakshin dinajpur,2007.0,34.0,78,46,0.0,46.0,47,34,13,10,93,2,199,0,770335,72.43,196854.0,602.0,602.0,553.0
WEST BENGAL,dakshin dinajpur,2008.0,33.0,109,47,0.0,47.0,50,36,14,8,78,0,206,0,770335,72.43,196854.0,628.0,628.0,578.0
WEST BENGAL,dakshin dinajpur,2009.0,28.0,97,49,0.0,49.0,56,51,5,7,76,1,211,0,770335,72.43,196854.0,630.0,630.0,573.0
WEST BENGAL,dakshin dinajpur,2010.0,40.0,88,56,0.0,56.0,96,87,9,19,77,0,264,0,770335,72.43,196854.0,792.0,792.0,696.0
WEST BENGAL,dakshin dinajpur,2011.0,42.0,92,55,0.0,55.0,121,111,10,11,77,5,283,0,770335,72.43,196854.0,862.0,862.0,736.0
WEST BENGAL,dakshin dinajpur,2012.0,53.0,238,66,0.0,66.0,142,107,35,18,83,3,342,0,770335,72.43,196854.0,1153.0,1153.0,1008.0
WEST BENGAL,dakshin dinajpur,2015.0,,30,16,0.0,,10,97,83,18,101,4,293,0,770335,72.43,196854.0,652.0,652.0,638.0
WEST BENGAL,dakshin dinajpur,2019.0,0.0,18,13,0.0,0.0,8,53,44,9,38,0,67,0,770335,72.43,196854.0,250.0,250.0,242.0
WEST BENGAL,dakshin dinajpur,2020.0,0.0,0,12,0.0,0.0,76,217,140,11,26,5,98,0,770335,72.43,196854.0,585.0,585.0,504.0
WEST BENGAL,jalpaiguri,2001.0,152.0,30,54,0.0,54.0,33,24,9,2,47,0,150,0,1751145,72.83,606882.0,555.0,555.0,522.0
WEST BENGAL,jalpaiguri,2002.0,92.0,21,38,0.0,38.0,22,14,8,3,54,0,154,0,1751145,72.83,606882.0,444.0,444.0,422.0
WEST BENGAL,jalpaiguri,2003.0,108.0,32,60,0.0,60.0,29,23,6,4,75,1,164,0,1751145,72.83,606882.0,562.0,562.0,532.0
WEST BENGAL,jalpaiguri,2004.0,118.0,31,83,0.0,83.0,59,49,10,8,112,2,229,0,1751145,72.83,606882.0,784.0,784.0,723.0
WEST BENGAL,jalpaiguri,2005.0,87.0,22,108,0.0,108.0,61,48,13,15,103,1,237,0,1751145,72.83,606882.0,803.0,803.0,741.0
WEST BENGAL,jalpaiguri,2006.0,86.0,40,118,0.0,118.0,56,50,6,6,102,0,250,0,1751145,72.83,606882.0,832.0,832.0,776.0
WEST BENGAL,jalpaiguri,2007.0,122.0,56,235,0.0,235.0,202,170,32,14,211,1,632,0,1751145,72.83,606882.0,1910.0,1910.0,1707.0
WEST BENGAL,jalpaiguri,2008.0,126.0,134,334,0.0,334.0,299,239,60,18,376,0,1062,0,1751145,72.83,606882.0,2982.0,2982.0,2683.0
WEST BENGAL,jalpaiguri,2009.0,112.0,100,193,0.0,193.0,206,177,29,11,136,0,646,0,1751145,72.83,606882.0,1803.0,1803.0,1597.0
WEST BENGAL,jalpaiguri,2010.0,117.0,97,180,0.0,180.0,259,206,53,12,269,0,649,0,1751145,72.83,606882.0,2022.0,2022.0,1763.0
WEST BENGAL,jalpaiguri,2011.0,108.0,79,211,0.0,211.0,293,257,36,13,223,0,947,0,1751145,72.83,606882.0,2378.0,2378.0,2085.0
WEST BENGAL,jalpaiguri,2012.0,117.0,156,163,0.0,163.0,334,279,55,17,179,0,1625,0,1751145,72.83,606882.0,3088.0,3088.0,2754.0
WEST BENGAL,jalpaiguri,2015.0,,36,53,0.0,,12,176,144,18,124,5,329,0,1751145,72.83,606882.0,897.0,897.0,880.0
WEST BENGAL,jalpaiguri,2019.0,0.0,28,32,0.0,0.0,114,122,7,20,71,1,125,0,1751145,72.83,606882.0,520.0,520.0,405.0
WEST BENGAL,jalpaiguri,2020.0,1.0,0,35,0.0,0.0,22,192,170,15,34,0,183,0,1751145,72.83,606882.0,652.0,652.0,630.0
WEST BENGAL,kolkata,2001.0,65.0,152,19,0.0,19.0,121,78,43,6,165,37,207,2,2500040,83.79,,914.0,914.0,756.0
WEST BENGAL,kolkata,2002.0,58.0,148,33,0.0,33.0,107,74,33,4,160,24,235,0,2500040,83.79,,909.0,909.0,778.0
WEST BENGAL,kolkata,2003.0,52.0,123,36,0.0,36.0,108,85,23,16,185,57,222,0,2500040,83.79,,943.0,943.0,778.0
WEST BENGAL,kolkata,2004.0,37.0,78,27,0.0,27.0,119,95,24,10,174,34,252,1,2500040,83.79,,878.0,878.0,725.0
WEST BENGAL,kolkata,2005.0,43.0,73,13,0.0,13.0,82,66,16,6,148,35,236,0,2500040,83.79,,731.0,731.0,614.0
WEST BENGAL,kolkata,2006.0,25.0,72,38,0.0,38.0,94,76,18,4,173,37,276,1,2500040,83.79,,852.0,852.0,721.0
WEST BENGAL,kolkata,2007.0,36.0,71,44,0.0,44.0,114,88,26,8,189,58,296,3,2500040,83.79,,977.0,977.0,805.0
WEST BENGAL,kolkata,2008.0,51.0,77,35,0.0,35.0,116,92,24,12,211,81,405,4,2500040,83.79,,1143.0,1143.0,946.0
WEST BENGAL,kolkata,2009.0,41.0,71,42,0.0,42.0,129,107,22,10,201,90,411,4,2500040,83.79,,1170.0,1170.0,951.0
WEST BENGAL,kolkata,2010.0,49.0,55,32,0.0,32.0,125,91,34,12,226,133,400,3,2500040,83.79,,1192.0,1192.0,934.0
WEST BENGAL,kolkata,2011.0,54.0,85,46,0.0,46.0,148,116,32,11,254,144,557,0,2500040,83.79,,1493.0,1493.0,1201.0
WEST BENGAL,kolkata,2012.0,85.0,154,68,0.0,68.0,271,210,61,19,486,377,865,9,2500040,83.79,,2673.0,2673.0,2025.0
WEST BENGAL,kolkata,2015.0,,19,33,0.0,,45,194,131,15,461,262,876,0,2500040,83.79,,2036.0,2036.0,1729.0
WEST BENGAL,kolkata,2019.0,0.0,0,14,0.0,0.0,227,310,4,7,372,232,946,1,2500040,83.79,,2113.0,2113.0,1654.0
WEST BENGAL,kolkata,2020.0,0.0,0,11,0.0,0.0,184,223,18,9,304,282,931,0,2500040,83.79,,1962.0,1962.0,1496.0
WEST BENGAL,murshidabad,2001.0,130.0,10,66,0.0,66.0,52,46,6,12,36,2,240,0,3005000,60.71,732734.0,666.0,666.0,612.0
WEST BENGAL,murshidabad,2002.0,123.0,5,62,0.0,62.0,37,35,2,8,58,0,254,0,3005000,60.71,732734.0,646.0,646.0,609.0
WEST BENGAL,murshidabad,2003.0,116.0,16,106,0.0,106.0,91,84,7,17,131,0,408,0,3005000,60.71,732734.0,1082.0,1082.0,991.0
WEST BENGAL,murshidabad,2004.0,111.0,7,197,0.0,197.0,126,106,20,32,201,0,761,0,3005000,60.71,732734.0,1758.0,1758.0,1632.0
WEST BENGAL,murshidabad,2005.0,115.0,23,236,0.0,236.0,121,110,11,35,223,1,696,0,3005000,60.71,732734.0,1807.0,1807.0,1685.0
WEST BENGAL,murshidabad,2006.0,95.0,39,224,0.0,224.0,118,111,7,30,217,3,735,0,3005000,60.71,732734.0,1803.0,1803.0,1682.0
WEST BENGAL,murshidabad,2007.0,132.0,61,369,0.0,369.0,140,123,17,32,250,6,945,0,3005000,60.71,732734.0,2444.0,2444.0,2298.0
WEST BENGAL,murshidabad,2008.0,134.0,237,308,0.0,308.0,194,165,29,34,184,3,1441,0,3005000,60.71,732734.0,3037.0,3037.0,2840.0
WEST BENGAL,murshidabad,2009.0,184.0,607,568,0.0,568.0,408,342,66,51,348,1,3035,0,3005000,60.71,732734.0,6178.0,6178.0,5769.0
WEST BENGAL,murshidabad,2010.0,185.0,620,526,0.0,526.0,511,441,70,45,609,6,2927,0,3005000,60.71,732734.0,6466.0,6466.0,5949.0
WEST BENGAL,murshidabad,2011.0,145.0,637,433,0.0,433.0,566,492,74,49,621,5,2956,0,3005000,60.71,732734.0,6411.0,6411.0,5840.0
WEST BENGAL,murshidabad,2012.0,174.0,395,257,0.0,257.0,579,464,115,39,609,6,2831,0,3005000,60.71,732734.0,5726.0,5726.0,5141.0
WEST BENGAL,murshidabad,2015.0,,345,210,0.0,,171,298,17,41,255,18,1771,0,3005000,60.71,732734.0,3126.0,3126.0,2937.0
WEST BENGAL,murshidabad,2019.0,0.0,255,192,0.0,0.0,141,254,17,39,150,6,1206,0,3005000,60.71,732734.0,2260.0,2260.0,2113.0
WEST BENGAL,nadia,2001.0,124.0,0,71,0.0,71.0,91,90,1,10,77,7,252,0,2366853,72.31,979519.0,794.0,794.0,696.0
WEST BENGAL,nadia,2002.0,99.0,0,79,0.0,79.0,82,82,0,13,90,0,270,0,2366853,72.31,979519.0,794.0,794.0,712.0
WEST BENGAL,nadia,2003.0,93.0,0,108,0.0,108.0,59,59,0,23,96,2,299,0,2366853,72.31,979519.0,847.0,847.0,786.0
WEST BENGAL,nadia,2004.0,99.0,0,108,0.0,108.0,80,80,0,30,128,0,393,11,2366853,72.31,979519.0,1037.0,1037.0,957.0
WEST BENGAL,nadia,2005.0,100.0,0,148,0.0,148.0,102,97,5,48,95,3,545,60,2366853,72.31,979519.0,1351.0,1351.0,1246.0
WEST BENGAL,nadia,2006.0,101.0,16,158,0.0,158.0,152,134,18,43,175,1,613,0,2366853,72.31,979519.0,1569.0,1569.0,1416.0
WEST BENGAL,nadia,2007.0,99.0,69,183,0.0,183.0,175,175,0,42,249,0,861,0,2366853,72.31,979519.0,2036.0,2036.0,1861.0
WEST BENGAL,nadia,2008.0,102.0,345,178,0.0,178.0,216,204,12,46,296,2,1186,0,2366853,72.31,979519.0,2765.0,2765.0,2547.0
WEST BENGAL,nadia,2009.0,135.0,372,175,0.0,175.0,297,276,21,44,118,0,1508,1,2366853,72.31,979519.0,3122.0,3122.0,2825.0
WEST BENGAL,nadia,2010.0,121.0,335,167,0.0,167.0,345,339,6,65,102,4,1586,0,2366853,72.31,979519.0,3237.0,3237.0,2888.0
WEST BENGAL,nadia,2011.0,136.0,375,185,0.0,185.0,500,453,47,65,128,2,1923,0,2366853,72.31,979519.0,3999.0,3999.0,3497.0
WEST BENGAL,nadia,2012.0,146.0,357,174,0.0,174.0,433,374,59,46,56,11,1860,0,2366853,72.31,979519.0,3690.0,3690.0,3246.0
WEST BENGAL,nadia,2015.0,,163,69,1.0,,75,395,4,57,80,2,1553,0,2366853,72.31,979519.0,2399.0,2399.0,2322.0
WEST BENGAL,nadia,2019.0,0.0,107,42,0.0,0.0,134,273,12,49,93,0,883,0,2366853,72.31,979519.0,1593.0,1593.0,1459.0
WEST BENGAL,uttar dinajpur,2001.0,36.0,51,31,0.0,31.0,41,18,23,4,31,0,74,0,1259737,58.48,294443.0,340.0,340.0,299.0
WEST BENGAL,uttar dinajpur,2002.0,38.0,26,20,0.0,20.0,26,14,12,10,26,0,66,1,1259737,58.48,294443.0,259.0,259.0,233.0
WEST BENGAL,uttar dinajpur,2003.0,34.0,6,24,0.0,24.0,25,23,2,14,23,1,64,0,1259737,58.48,294443.0,240.0,240.0,214.0
WEST BENGAL,uttar dinajpur,2004.0,36.0,35,47,0.0,47.0,40,36,4,9,40,1,148,0,1259737,58.48,294443.0,443.0,443.0,402.0
WEST BENGAL,uttar dinajpur,2005.0,49.0,51,53,0.0,53.0,39,24,15,17,47,0,158,0,1259737,58.48,294443.0,506.0,506.0,467.0
WEST BENGAL,uttar dinajpur,2006.0,34.0,72,76,0.0,76.0,56,46,10,5,53,0,182,0,1259737,58.48,294443.0,610.0,610.0,554.0
WEST BENGAL,uttar dinajpur,2007.0,53.0,70,76,0.0,76.0,62,55,7,12,58,0,183,0,1259737,58.48,294443.0,652.0,652.0,590.0
WEST BENGAL,uttar dinajpur,2008.0,67.0,98,78,0.0,78.0,74,60,14,11,63,0,280,0,1259737,58.48,294443.0,823.0,823.0,749.0
WEST BENGAL,uttar dinajpur,2009.0,52.0,86,80,0.0,80.0,100,85,15,18,75,0,334,0,1259737,58.48,294443.0,925.0,925.0,825.0
WEST BENGAL,uttar dinajpur,2010.0,63.0,106,130,0.0,130.0,118,99,19,22,94,1,477,0,1259737,58.48,294443.0,1259.0,1259.0,1140.0
WEST BENGAL,uttar dinajpur,2011.0,66.0,178,126,0.0,126.0,172,149,23,19,52,1,506,0,1259737,58.48,294443.0,1418.0,1418.0,1245.0
WEST BENGAL,uttar dinajpur,2012.0,110.0,283,92,0.0,92.0,306,258,48,9,150,5,623,0,1259737,58.48,294443.0,1976.0,1976.0,1665.0
WEST BENGAL,uttar dinajpur,2015.0,,86,50,0.0,,1,72,55,4,57,5,514,0,1259737,58.48,294443.0,844.0,844.0,838.0
WEST BENGAL,uttar dinajpur,2019.0,0.0,39,42,0.0,0.0,29,153,120,10,16,1,244,0,1259737,58.48,294443.0,654.0,654.0,624.0
