,state,District,YEAR,MURDER,ATTEMPT TO MURDER,RAPE,CUSTODIAL RAPE,OTHER RAPE,KIDNAPPING & ABDUCTION,KIDNAPPING AND ABDUCTION OF WOMEN AND GIRLS,KIDNAPPING AND ABDUCTION OF OTHERS,DOWRY DEATHS,ASSAULT ON WOMEN WITH INTENT TO OUTRAGE HER MODESTY,INSULT TO MODESTY OF WOMEN,CRUELTY BY HUSBAND OR HIS RELATIVES,IMPORTATION OF GIRLS FROM FOREIGN COUNTRIES,person,Male,Female,growthinpopulation,rural,urban,STPop,Personlit_rate,Mlit_Rate,Flit_Rate,Totalworkers,Mainworkers,Marginal workers,Nonworkers,Religion1,religion1 population,Religion2,Religion2 Population,religion3name,religion3poulation,inhabitadevillages,drinkingwater,electricity,primary school,Medical facility
0,assam,barpeta,2001.0,64,5,28,0,28,105,88,17,10,29,0,95,0,1647201,848578,798623,18.53,1520333,941.0,123266,56.24,64.83,47.07,517088,408537,108551,1130113,1.Hindus,977943,2.Muslims,662066,3.Christians,5267,1050.0,1050.0,775.0,967.0,430
1,assam,bongaigaon,2001.0,45,22,20,0,20,36,21,15,1,22,0,26,0,904835,465240,439595,12.23,795053,945.0,110696,59.33,67.67,50.44,293243,233087,60156,611592,1.Hindus,535464,2.Muslims,348573,3.Christians,18728,881.0,881.0,607.0,805.0,112
2,assam,cachar,2001.0,52,30,45,0,45,104,74,30,7,80,0,216,0,1444921,743042,701879,18.66,1243534,945.0,18631,67.82,75.73,59.41,465734,364814,100920,979187,1.Hindus,886761,2.Muslims,522051,3.Christians,31306,1020.0,1020.0,741.0,902.0,134
3,assam,darrang,2001.0,61,13,48,0,48,64,47,17,9,56,0,37,0,1504320,773861,730459,15.79,1429492,944.0,249861,55.44,63.91,46.4,527993,404428,123565,976327,1.Hindus,868532,2.Muslims,534658,3.Christians,97306,1319.0,1319.0,1032.0,1246.0,356
4,assam,dhemaji,2001.0,15,16,42,0,42,31,20,11,0,26,0,0,0,571944,294643,277301,18.93,533112,941.0,270496,64.48,74.41,53.86,250146,155431,94715,321798,1.Hindus,548780,2.Muslims,10533,3.Christians,6390,1236.0,1236.0,253.0,1068.0,83
5,assam,dhubri,2001.0,65,23,43,0,43,69,51,18,5,49,0,111,0,1637344,841044,796300,23.42,1444901,947.0,32523,48.21,55.91,40.04,470360,399201,71159,1166984,1.Hindus,1216455,2.Muslims,405065,3.Christians,12477,1261.0,1261.0,904.0,1138.0,374
6,assam,dibrugarh,2001.0,110,22,35,0,35,57,37,20,3,41,0,19,0,1185072,613555,571517,12.43,956634,931.0,88337,68.96,77.3,59.95,472419,342708,129711,712653,1.Hindus,1075878,2.Muslims,53306,3.Christians,45040,1309.0,1309.0,1195.0,1169.0,263
7,assam,goalpara,2001.0,28,12,35,0,35,43,35,8,1,54,0,64,0,822035,420251,401784,23.07,755133,956.0,131800,58.03,64.86,50.85,273925,209928,63997,548110,1.Hindus,441516,2.Muslims,314157,3.Christians,64662,761.0,761.0,689.0,723.0,243
8,assam,golaghat,2001.0,53,2,30,0,30,44,40,4,0,23,0,26,0,946279,490286,455993,14.21,865141,930.0,93920,69.38,77.14,60.99,388640,269896,118744,557639,1.Hindus,813263,2.Muslims,74808,3.Christians,52277,1066.0,1066.0,595.0,769.0,87
9,assam,hailakandi,2001.0,18,4,24,0,24,36,34,2,2,27,0,28,0,542872,280513,262359,20.92,498787,935.0,821,59.64,68.24,50.46,179881,138216,41665,362991,1.Hindus,312849,2.Muslims,223191,3.Christians,5424,327.0,327.0,268.0,308.0,110
10,assam,jorhat,2001.0,40,22,42,0,42,37,28,9,2,44,0,48,0,999221,517015,482206,15.84,827901,933.0,123134,76.34,83.62,68.49,414348,285092,129256,584873,1.Hindus,927858,2.Muslims,47658,3.Christians,18610,787.0,787.0,650.0,717.0,215
11,assam,kamrup,2001.0,37,30,21,0,21,95,65,30,2,42,0,27,0,2522324,1326981,1195343,25.75,1614107,901.0,250393,74.16,81.16,66.31,842253,697810,144443,1680071,1.Hindus,1836153,2.Muslims,625002,3.Christians,44257,1342.0,1342.0,1042.0,1190.0,468
12,assam,karimganj,2001.0,32,20,33,0,33,42,8,34,1,9,0,30,0,1007976,517680,490296,21.35,934126,947.0,2901,66.24,74.69,57.28,303294,235016,68278,704682,1.Hindus,527214,2.Muslims,470708,3.Christians,8746,915.0,915.0,639.0,865.0,224
13,assam,kokrajhar,2001.0,87,27,14,0,14,41,12,29,0,37,0,20,0,905764,466191,439573,15.05,841823,943.0,304985,51.63,60.32,42.4,334849,234771,100078,570915,1.Hindus,594168,2.Muslims,184441,3.Christians,124270,951.0,951.0,704.0,906.0,211
14,assam,lakhimpur,2001.0,26,21,64,0,64,72,62,10,0,22,0,93,0,889010,455691,433319,18.34,823857,951.0,208864,68.56,77.06,59.59,497745,288052,209693,391265,1.Hindus,702881,2.Muslims,143505,3.Christians,36667,1139.0,1139.0,680.0,1046.0,211
15,assam,nagaon,2001.0,95,22,51,0,51,119,109,10,1,113,4,132,0,2314629,1190950,1123679,22.3,2036342,944.0,89394,61.73,68.27,54.74,727641,566195,161446,1586988,1.Hindus,1180267,2.Muslims,1106354,3.Christians,21473,1375.0,1374.0,1190.0,1257.0,480
16,assam,nalbari,2001.0,79,36,30,0,30,53,27,26,3,16,0,15,0,1148824,592375,556449,11.98,1121338,939.0,202577,67.23,76.56,57.26,383932,291665,92267,764892,1.Hindus,873749,2.Muslims,253842,3.Christians,18495,798.0,798.0,733.0,769.0,179
17,assam,sibsagar,2001.0,59,24,47,0,47,64,64,0,0,28,0,0,0,1051736,545476,506260,15.95,954557,928.0,41533,74.47,81.53,66.81,430523,287319,143204,621213,1.Hindus,927706,2.Muslims,85761,3.Christians,28488,866.0,866.0,772.0,825.0,317
18,assam,sonitpur,2001.0,86,25,53,0,53,87,80,7,1,43,0,99,0,1681513,871568,809945,17.8,1505719,929.0,195083,59.0,67.54,49.73,634723,465283,169440,1046790,1.Hindus,1287646,2.Muslims,268078,3.Christians,115623,1784.0,1784.0,1331.0,1372.0,235
19,assam,tinsukia,2001.0,107,17,41,0,41,62,48,14,2,9,0,21,0,1150062,601099,548963,19.52,926105,913.0,67234,60.95,70.15,50.78,466351,349847,116504,683711,1.Hindus,1029142,2.Muslims,62403,3.Christians,40000,1107.0,1107.0,871.0,936.0,198
20,bihar,araria,2001.0,47,27,93,0,93,79,13,66,11,3,0,50,0,2158608,1128105,1030503,31.84,2026257,913.0,29423,35.01,46.38,22.37,853445,657446,195999,1305163,1.Hindus,1263766,2.Muslims,887972,3.Jains,2504,713.0,713.0,129.0,552.0,60
21,bihar,aurangabad,2001.0,74,46,16,0,16,24,4,20,33,13,2,19,0,2013055,1040945,972110,30.19,1842998,934.0,1640,57.03,71.13,41.9,671011,476390,194621,1342044,1.Hindus,1814612,2.Muslims,196030,3.Religion not stated,1161,1739.0,1739.0,527.0,1148.0,270
22,bihar,begusarai,2001.0,124,77,13,0,13,53,7,46,21,32,0,21,0,2349366,1228874,1120492,29.11,2241743,912.0,1505,47.98,59.13,35.64,746075,571564,174511,1603291,1.Hindus,2033039,2.Muslims,313713,3.Religion not stated,1224,729.0,729.0,457.0,503.0,167
23,bihar,bhagalpur,2001.0,128,73,35,0,35,66,9,57,20,15,0,52,0,2423172,1291658,1131514,27.24,1970745,876.0,55545,49.5,59.22,38.13,855345,580731,274614,1567827,1.Hindus,1990976,2.Muslims,423246,3.Christians,1853,935.0,935.0,445.0,642.0,229
24,bihar,bhojpur,2001.0,135,33,22,0,22,46,13,33,23,0,4,29,0,2243144,1179611,1063533,24.58,1930730,902.0,8337,58.96,74.29,41.8,653811,491916,161895,1589333,1.Hindus,2076589,2.Muslims,163193,3.Religion not stated,913,999.0,999.0,247.0,885.0,133
25,bihar,darbhanga,2001.0,53,64,19,0,19,39,16,23,37,40,0,34,0,3295789,1722189,1573600,30.85,3028441,914.0,841,44.33,56.72,30.78,1028558,761464,267094,2267231,1.Hindus,2543284,2.Muslims,748971,3.Religion not stated,2245,1083.0,1083.0,490.0,850.0,271
26,bihar,gaya,2001.0,200,170,25,0,25,66,15,51,26,27,0,24,0,3473428,1792163,1681265,30.19,2997479,938.0,2945,50.45,63.27,36.66,1277639,994459,283180,2195789,1.Hindus,3063841,2.Muslims,403439,3.Religion not stated,1622,2680.0,2680.0,539.0,1635.0,278
27,bihar,gopalganj,2001.0,107,92,13,0,13,59,18,41,22,0,2,155,0,2152638,1075710,1076928,26.11,2022048,1001.0,6157,47.48,62.96,32.16,641672,466811,174861,1510966,1.Hindus,1784275,2.Muslims,367219,3.Religion not stated,850,1383.0,1383.0,439.0,866.0,261
28,bihar,jehanabad,2001.0,73,80,6,0,6,35,5,30,25,0,0,4,0,1514315,784946,729369,28.64,1402703,929.0,1313,55.26,70.07,39.37,580905,422789,158116,933410,1.Hindus,1389053,2.Muslims,124149,3.Religion not stated,743,856.0,856.0,219.0,672.0,123
29,bihar,katihar,2001.0,60,47,51,0,51,49,20,29,6,6,0,29,0,2392638,1246872,1145766,30.91,2174361,919.0,140418,35.09,45.31,23.8,898326,664259,234067,1494312,1.Hindus,1363523,2.Muslims,1017495,3.Christians,4994,1290.0,1290.0,277.0,785.0,248
30,bihar,khagaria,2001.0,72,27,5,0,5,34,6,28,11,6,0,2,0,1280354,679267,601087,29.32,1204027,885.0,332,41.35,51.82,29.35,467240,333262,133978,813114,1.Hindus,1147346,2.Muslims,131441,3.Others,546,241.0,241.0,114.0,220.0,124
31,bihar,kishanganj,2001.0,25,15,22,0,22,23,16,7,4,2,1,39,0,1296348,669552,626796,31.5,1167340,936.0,47116,31.09,42.71,18.63,417151,359819,57332,879197,1.Muslims,876105,2.Hindus,412995,3.Christians,2856,730.0,730.0,116.0,442.0,120
32,bihar,madhepura,2001.0,56,23,11,0,11,49,15,34,6,3,0,10,0,1526646,797180,729466,29.45,1458679,915.0,9295,36.07,48.8,22.11,683976,498367,185609,842670,1.Hindus,1351978,2.Muslims,173605,3.Religion not stated,494,384.0,384.0,168.0,311.0,141
33,bihar,madhubani,2001.0,35,65,13,0,13,36,11,25,12,41,0,18,0,3575281,1840997,1734284,26.08,3450736,942.0,1260,41.97,56.79,26.25,1227723,877412,350311,2347558,1.Hindus,2930501,2.Muslims,641579,3.Religion not stated,1477,1034.0,1034.0,437.0,901.0,232
34,bihar,munger,2001.0,51,108,11,0,11,45,15,30,8,0,0,39,0,1137797,607730,530067,20.34,819950,872.0,18060,59.47,69.89,47.4,331451,233688,97763,806346,1.Hindus,1045233,2.Muslims,89791,3.Christians,1135,525.0,525.0,321.0,382.0,149
35,bihar,muzaffarpur,2001.0,153,162,73,0,73,113,25,88,69,81,0,141,6,3746714,1951466,1795248,26.74,3398361,920.0,3472,47.95,59.1,35.81,1139830,895830,244000,2606884,1.Hindus,3168225,2.Muslims,573951,3.Religion not stated,2104,1725.0,1725.0,1021.0,1423.0,526
36,bihar,nalanda,2001.0,208,249,40,0,40,126,12,114,47,14,2,54,0,2370528,1238599,1131929,18.64,2016899,914.0,970,53.19,66.44,38.58,903144,700007,203137,1467384,1.Hindus,2191552,2.Muslims,176871,3.Religion not stated,888,1000.0,1000.0,366.0,879.0,198
37,bihar,patna,2001.0,434,581,27,0,27,197,11,186,90,47,0,152,39,4718592,2519942,2198650,30.17,2757060,873.0,9236,62.92,73.34,50.83,1425647,1161984,263663,3292945,1.Hindus,4333556,2.Muslims,366164,3.Christians,8951,1288.0,1288.0,615.0,1199.0,390
38,bihar,rohtas,2001.0,127,112,25,0,25,72,18,54,36,21,0,59,0,2450748,1283485,1167263,27.71,2123942,909.0,25663,61.29,75.31,45.71,744183,544731,199452,1706565,1.Hindus,2199049,2.Muslims,246760,3.Sikhs,2549,1710.0,1710.0,493.0,1185.0,153
39,bihar,saharsa,2001.0,36,151,12,0,12,27,10,17,7,9,0,12,0,1508182,789432,718750,33.03,1383015,910.0,4642,39.08,51.66,25.27,589467,411566,177901,918715,1.Hindus,1289364,2.Muslims,217922,3.Christians,437,441.0,441.0,127.0,374.0,63
40,bihar,samastipur,2001.0,107,115,19,0,19,75,29,46,11,17,9,35,29,3394793,1760692,1634101,25.63,3271338,928.0,3362,45.13,57.59,31.67,1071974,843356,228618,2322819,1.Hindus,3035755,2.Muslims,355897,3.Religion not stated,1432,1122.0,1122.0,674.0,878.0,195
41,bihar,saran,2001.0,137,70,20,0,20,65,15,50,67,22,0,101,0,3248701,1652661,1596040,26.37,2950064,966.0,6667,51.8,67.3,35.82,860940,644618,216322,2387761,1.Hindus,2909213,2.Muslims,337767,3.Religion not stated,758,1566.0,1566.0,544.0,1213.0,342
42,bihar,sitamarhi,2001.0,51,5,23,0,23,34,20,14,13,1,0,21,0,2682720,1417611,1265109,32.58,2529407,892.0,1786,38.46,49.36,26.13,855156,714136,141020,1827564,1.Hindus,2111476,2.Muslims,568992,3.Religion not stated,1237,802.0,802.0,302.0,709.0,216
43,bihar,siwan,2001.0,116,150,4,0,4,51,26,25,32,6,0,10,0,2714349,1336283,1378066,24.78,2564860,1031.0,13822,51.65,67.26,36.88,730437,511578,218859,1983912,1.Hindus,2218632,2.Muslims,494176,3.Religion not stated,899,1438.0,1438.0,441.0,1119.0,254
44,bihar,vaishali,2001.0,110,148,20,0,20,90,28,62,59,52,0,179,0,2718421,1415603,1302818,26.39,2531766,920.0,3068,50.49,63.23,36.58,782717,624452,158265,1935704,1.Hindus,2457636,2.Muslims,259158,3.Religion not stated,922,1414.0,1414.0,970.0,929.0,154
45,chhattisgarh,bilaspur,2001.0,99,42,69,0,69,20,20,0,7,180,10,94,0,1998355,1013875,984480,17.59,1511661,971.0,397104,63.51,78.43,48.17,857577,630504,227073,1140778,1.Hindus,1904580,2.Muslims,45342,3.Others,19325,1579.0,1545.0,1494.0,1426.0,452
46,chhattisgarh,durg,2001.0,76,66,144,0,144,57,42,15,12,287,38,231,0,2810436,1417893,1392543,16.88,1738127,982.0,348801,75.62,86.43,64.64,1162833,965624,197209,1647603,1.Hindus,2654202,2.Muslims,70398,3.Sikhs,23399,1776.0,1762.0,1737.0,1698.0,669
47,chhattisgarh,raigarh,2001.0,50,24,53,0,53,6,6,0,2,104,5,22,0,1265529,634597,630932,18.68,1096073,994.0,447703,70.16,82.7,57.62,601564,430725,170839,663965,1.Hindus,1212180,2.Christians,36098,3.Muslims,12637,1433.0,1410.0,1385.0,1350.0,279
48,chhattisgarh,raipur,2001.0,92,102,104,0,104,38,28,10,16,253,42,121,0,3016930,1523925,1493005,18.97,2099312,980.0,365273,68.51,81.97,54.81,1264663,961507,303156,1752267,1.Hindus,2881933,2.Muslims,77963,3.Christians,16857,2124.0,2101.0,1955.0,1987.0,696
49,chhattisgarh,rajnandgaon,2001.0,36,27,58,0,58,4,3,1,3,92,12,51,0,1283224,634342,648882,17.7,1051577,1023.0,341688,77.21,87.17,67.55,649401,558996,90405,633823,1.Hindus,1215492,2.Buddhists,28020,3.Muslims,21035,1605.0,1595.0,1550.0,1484.0,343
50,gujarat,amreli,2001.0,41,11,2,0,2,39,34,5,2,21,0,94,0,1393918,701593,692325,6.45,1080960,987.0,3256,66.09,76.44,55.78,600819,470043,130776,793099,1.Hindus,1307460,2.Muslims,83077,3.Jains,2309,615.0,614.0,615.0,614.0,383
51,gujarat,anand,2001.0,28,16,3,0,3,30,28,2,0,27,3,210,0,1856872,972000,884872,13.03,1348901,910.0,22835,74.51,86.09,61.94,784711,617669,167042,1072161,1.Hindus,1616127,2.Muslims,199263,3.Christians,29461,350.0,350.0,350.0,350.0,301
52,gujarat,bharuch,2001.0,37,14,4,0,4,39,34,5,0,19,0,56,0,1370656,713676,656980,19.32,1018096,921.0,444043,74.41,82.98,65.11,570693,469551,101142,799963,1.Hindus,1059796,2.Muslims,293459,3.Christians,8824,657.0,657.0,656.0,644.0,403
53,gujarat,bhavnagar,2001.0,64,28,9,0,9,60,51,9,2,36,7,129,0,2469630,1274920,1194710,19.29,1534592,937.0,7298,66.2,78.02,53.73,944559,781166,163393,1525071,1.Hindus,2264062,2.Muslims,172740,3.Jains,28921,790.0,790.0,789.0,786.0,526
54,gujarat,gandhinagar,2001.0,25,11,4,0,4,15,12,3,3,37,7,116,0,1334455,697999,636456,23.88,867195,912.0,17681,76.59,87.74,64.58,554336,467413,86923,780119,1.Hindus,1269766,2.Muslims,50559,3.Jains,7769,291.0,291.0,291.0,290.0,244
55,gujarat,jamnagar,2001.0,48,27,20,0,20,27,22,5,2,18,2,163,0,1904278,981320,922958,22.39,1068022,941.0,10459,66.48,76.25,56.18,734382,624057,110325,1169896,1.Hindus,1605941,2.Muslims,270223,3.Jains,21907,698.0,695.0,666.0,666.0,286
56,gujarat,junagadh,2001.0,56,37,14,0,14,46,39,7,11,44,8,384,0,2448173,1252350,1195823,17.08,1736645,955.0,18832,67.78,78.74,56.43,1000842,785530,215312,1447331,1.Hindus,2165734,2.Muslims,274481,3.Jains,4291,923.0,922.0,901.0,858.0,803
57,gujarat,narmada,2001.0,16,3,8,0,8,9,8,1,0,7,1,9,0,514404,263986,250418,14.4,462298,949.0,401654,59.86,72.44,46.61,259116,176372,82744,255288,1.Hindus,482552,2.Muslims,20429,3.Christians,5122,552.0,552.0,530.0,515.0,324
58,gujarat,navsari,2001.0,26,6,2,0,2,6,5,1,0,6,0,17,0,1229463,628988,600475,13.22,893110,955.0,591164,75.83,82.77,68.61,545215,457002,88213,684248,1.Hindus,1135525,2.Muslims,69972,3.Jains,13575,374.0,374.0,374.0,368.0,268
59,gujarat,patan,2001.0,24,18,3,0,3,21,21,0,0,23,0,78,0,1182709,612100,570609,14.08,944281,932.0,12637,60.36,73.63,46.33,533078,395470,137608,649631,1.Hindus,1057013,2.Muslims,119748,3.Jains,5136,517.0,516.0,517.0,514.0,265
60,gujarat,porbandar,2001.0,15,9,6,0,6,5,5,0,0,10,0,64,0,536835,275821,261014,14.35,275460,946.0,6456,68.62,78.36,58.42,215134,173594,41540,321701,1.Hindus,507176,2.Muslims,28404,3.Jains,589,182.0,182.0,155.0,156.0,130
61,gujarat,surendranagar,2001.0,38,17,11,0,11,29,24,5,2,45,3,75,0,1515148,787650,727498,25.34,1112700,924.0,14338,61.61,74.19,48.1,647609,512038,135571,867539,1.Hindus,1392451,2.Muslims,97846,3.Jains,22721,650.0,649.0,650.0,648.0,170
62,gujarat,valsad,2001.0,44,8,9,0,9,16,11,5,0,10,0,50,0,1410553,734799,675754,29.66,1029392,920.0,772405,69.15,77.9,59.62,650257,503333,146924,760296,1.Hindus,1300005,2.Muslims,66440,3.Christians,15399,450.0,450.0,425.0,449.0,303
63,haryana,ambala,2001.0,26,23,11,0,11,38,32,6,11,27,0,132,0,1014411,542977,471434,25.69,657383,868.0,-,75.31,82.31,67.39,324521,275648,48873,689890,1.Hindus,856193,2.Sikhs,132463,3.Muslims,17263,482.0,482.0,479.0,432.0,204
64,haryana,bhiwani,2001.0,40,20,10,0,10,9,7,2,33,17,0,43,0,1425022,758253,666769,22.45,1154629,879.0,-,67.45,80.26,53.0,609320,425210,184110,815702,1.Hindus,1407363,2.Muslims,12740,3.Sikhs,2542,437.0,437.0,437.0,429.0,252
65,haryana,faridabad,2001.0,68,38,37,0,37,78,53,25,19,47,242,108,0,2194586,1193063,1001523,48.47,973242,839.0,-,70.03,81.52,56.31,785762,609663,176099,1408824,1.Hindus,1896698,2.Muslims,247293,3.Sikhs,36005,413.0,413.0,413.0,376.0,188
66,haryana,gurgaon,2001.0,69,30,32,0,32,50,32,18,17,21,21,136,0,1660289,886451,773838,44.64,1291285,873.0,-,62.91,76.17,47.78,629658,464644,165014,1030631,1.Hindus,1026542,2.Muslims,617918,3.Sikhs,6672,694.0,694.0,693.0,642.0,203
67,haryana,jind,2001.0,37,21,21,0,21,12,8,4,11,22,29,67,0,1189827,642282,547545,21.35,948250,852.0,-,62.12,73.82,48.51,521946,372049,149897,667881,1.Hindus,1134539,2.Sikhs,29159,3.Muslims,20618,306.0,306.0,306.0,300.0,247
68,haryana,kaithal,2001.0,33,15,16,0,16,9,8,1,9,19,0,105,0,946131,510513,435618,20.95,762649,853.0,-,59.02,69.15,47.31,372011,268127,103884,574120,1.Hindus,848765,2.Sikhs,88700,3.Muslims,6777,270.0,270.0,270.0,261.0,160
69,haryana,karnal,2001.0,42,24,44,0,44,31,10,21,18,28,2,97,0,1274183,683368,590815,23.13,936341,865.0,-,67.74,76.29,57.97,455455,355466,99989,818728,1.Hindus,1125279,2.Sikhs,123160,3.Muslims,22614,422.0,422.0,422.0,385.0,186
70,haryana,kurukshetra,2001.0,20,8,31,0,31,14,14,0,10,28,8,68,0,825454,442328,383126,23.72,609943,866.0,-,69.88,78.06,60.61,308392,250596,57796,517062,1.Hindus,675381,2.Sikhs,135545,3.Muslims,12028,407.0,402.0,406.0,385.0,179
71,haryana,mahendragarh,2001.0,26,10,11,0,11,13,8,5,8,19,0,23,0,812521,423578,388943,19.09,702885,918.0,-,69.89,84.72,54.08,351864,204704,147160,460657,1.Hindus,805991,2.Muslims,3434,3.Sikhs,2026,368.0,368.0,368.0,350.0,190
72,haryana,panipat,2001.0,43,26,38,0,38,19,10,9,11,16,11,92,0,967449,528860,438589,38.57,575369,829.0,-,69.17,78.5,57.97,382801,289013,93788,584648,1.Hindus,873593,2.Muslims,59696,3.Sikhs,27437,179.0,179.0,179.0,168.0,116
73,haryana,rewari,2001.0,21,13,11,0,11,13,11,2,12,17,0,14,0,765351,403034,362317,25.24,629177,899.0,-,75.25,88.45,60.83,333622,204855,128767,431729,1.Hindus,758328,2.Muslims,3194,3.Sikhs,1668,397.0,397.0,397.0,379.0,175
74,haryana,rohtak,2001.0,57,29,28,0,28,13,6,7,17,26,20,41,0,940128,509038,431090,20.99,610524,847.0,-,73.72,83.23,62.59,371073,288225,82848,569055,1.Hindus,924541,2.Muslims,5665,3.Sikhs,5079,146.0,146.0,146.0,130.0,118
75,haryana,sirsa,2001.0,37,33,17,0,17,18,7,11,12,23,0,98,0,1116649,593245,523404,22.96,823184,882.0,-,60.55,70.05,49.93,475571,363946,111625,641078,1.Hindus,801747,2.Sikhs,302942,3.Muslims,7056,321.0,321.0,318.0,312.0,197
76,haryana,sonipat,2001.0,73,49,15,0,15,26,12,14,18,22,14,51,0,1279175,695723,583452,22.36,957800,839.0,-,72.79,83.06,60.68,523031,383449,139582,756144,1.Hindus,1234225,2.Muslims,31954,3.Jains,6729,323.0,323.0,323.0,316.0,248
77,haryana,yamunanagar,2001.0,42,14,22,0,22,26,23,3,9,30,5,63,0,1041630,559444,482186,21.84,648608,862.0,-,71.63,78.82,63.39,336533,280728,55805,705097,1.Hindus,849255,2.Muslims,104073,3.Sikhs,83524,613.0,613.0,607.0,483.0,248
78,jharkhand,deoghar,2001.0,47,82,22,0,22,7,0,7,10,13,1,10,0,1165390,608878,556512,24.46,1005539,914.0,142717,50.09,66.38,31.99,432714,283711,149003,732676,1.Hindus,910409,2.Muslims,221705,3.Others,27263,2356.0,2356.0,289.0,768.0,94
79,jharkhand,dhanbad,2001.0,97,31,32,0,32,57,45,12,30,47,0,18,0,2397102,1278946,1118156,22.82,1141744,874.0,202729,67.0,79.54,52.43,664058,492501,171557,1733044,1.Hindus,1944757,2.Muslims,364807,3.Others,61505,1121.0,1121.0,503.0,708.0,154
80,jharkhand,dumka,2001.0,63,32,27,0,27,24,0,24,3,20,0,23,0,1759602,897364,862238,17.31,1644690,961.0,701903,47.94,62.86,32.35,778378,470354,308024,981224,1.Hindus,1323468,2.Muslims,203741,3.Others,170201,3737.0,3737.0,213.0,1732.0,312
81,jharkhand,giridih,2001.0,63,65,42,0,42,15,10,5,30,13,0,57,0,1904430,960679,943751,27.09,1782066,982.0,184469,44.5,62.09,26.62,644644,340925,303719,1259786,1.Hindus,1475201,2.Muslims,383253,3.Others,30778,2532.0,2532.0,481.0,1232.0,229
82,jharkhand,godda,2001.0,61,0,37,0,37,30,26,4,1,0,0,0,0,1047939,544043,503896,21.61,1010931,926.0,247538,43.13,57.52,27.39,421941,238694,183247,625998,1.Hindus,745237,2.Muslims,210734,3.Others,68055,1633.0,1633.0,257.0,892.0,141
83,jharkhand,gumla,2001.0,136,18,29,0,29,16,11,5,0,2,0,10,1,1346767,675769,670998,16.6,1273025,993.0,920597,51.74,63.5,39.95,658921,446953,211968,687846,1.Hindus,440373,2.Christians,425107,3.Others,419004,1393.0,1393.0,92.0,1015.0,365
84,jharkhand,hazaribagh,2001.0,76,35,41,0,41,42,31,11,31,15,0,18,0,2277475,1167793,1109682,24.02,1748406,950.0,268333,57.74,71.81,42.87,790049,532895,257154,1487426,1.Hindus,1870586,2.Muslims,337117,3.Others,36789,1543.0,1543.0,413.0,962.0,147
85,jharkhand,palamu,2001.0,73,52,15,0,15,14,2,12,18,8,0,28,1,2098359,1084417,1013942,26.8,1973266,935.0,392325,44.95,58.91,29.88,793658,444921,348737,1304701,1.Hindus,1740948,2.Muslims,242980,3.Others,63100,2465.0,2465.0,410.0,1474.0,349
86,jharkhand,ranchi,2001.0,243,65,73,0,73,1,1,0,4,24,1,78,0,2785064,1436976,1348088,25.72,1807243,938.0,1164624,64.57,76.56,51.72,1076904,750962,325942,1708160,1.Hindus,1399301,2.Others,767672,3.Muslims,348774,2052.0,2052.0,331.0,1343.0,377
87,karnataka,belgaum,2001.0,120,55,8,0,8,27,12,15,4,62,0,125,0,4214505,2150090,2064415,17.4,3201814,960.0,243451,64.21,75.7,52.32,1877774,1537645,340129,2336731,1.Hindus,3565153,2.Muslims,440836,3.Christians,169466,1255.0,1254.0,1247.0,1240.0,740
88,karnataka,bellary,2001.0,58,41,16,0,16,14,11,3,5,82,0,49,0,2027140,1029714,997426,22.3,1320290,969.0,364638,57.4,69.2,45.28,920821,801369,119452,1106319,1.Hindus,1739522,2.Muslims,257806,3.Christians,13226,524.0,523.0,524.0,381.0,260
89,karnataka,bidar,2001.0,48,58,7,0,7,19,10,9,2,90,3,51,0,1502373,771022,731351,19.56,1157498,949.0,182219,60.94,72.46,48.81,557603,424985,132618,944770,1.Hindus,1020174,2.Muslims,295762,3.Buddhists,122083,599.0,596.0,596.0,591.0,293
90,karnataka,bijapur,2001.0,51,47,6,0,6,24,19,5,1,65,0,92,0,1806918,926424,880494,17.63,1410829,950.0,30051,57.01,69.94,43.47,718213,551972,166241,1088705,1.Hindus,1495080,2.Muslims,294491,3.Jains,8356,660.0,659.0,657.0,626.0,392
91,karnataka,chitradurga,2001.0,31,22,18,0,18,4,0,4,2,48,0,35,0,1517896,776221,741675,15.05,1243658,955.0,266235,64.45,74.66,53.78,721835,576035,145800,796061,1.Hindus,1388506,2.Muslims,109412,3.Religion not stated,8411,946.0,916.0,946.0,879.0,197
92,karnataka,davanagere,2001.0,58,39,22,0,22,23,13,10,8,84,5,77,0,1790952,917705,873247,14.78,1247954,952.0,209701,67.43,76.37,58.04,783781,631726,152055,1007171,1.Hindus,1532714,2.Muslims,226708,3.Religion not stated,10944,810.0,786.0,808.0,727.0,278
93,karnataka,gulbarga,2001.0,95,83,20,0,20,35,21,14,6,143,1,104,0,3130922,1592789,1538133,21.02,2278301,966.0,154195,50.01,61.77,37.9,1350072,1010430,339642,1780850,1.Hindus,2381497,2.Muslims,551171,3.Buddhists,153619,1360.0,1327.0,1342.0,1337.0,708
94,karnataka,hassan,2001.0,64,69,20,0,20,17,0,17,4,75,1,68,0,1721669,859086,862583,9.66,1416996,1004.0,26451,68.63,78.37,59.0,864711,702827,161884,856958,1.Hindus,1587287,2.Muslims,104730,3.Christians,15598,2394.0,2330.0,2341.0,1990.0,482
95,karnataka,kodagu,2001.0,26,33,4,0,4,4,4,0,4,22,0,14,0,548561,274831,273730,11.64,473179,996.0,46115,77.99,83.7,72.26,266378,247574,18804,282183,1.Hindus,450694,2.Muslims,78466,3.Christians,17951,291.0,279.0,286.0,267.0,138
96,karnataka,kolar,2001.0,69,72,17,0,17,21,18,3,18,42,0,39,0,2536069,1286193,1249876,13.83,1910546,972.0,205711,62.84,73.17,52.23,1235028,1014667,220361,1301041,1.Hindus,2196660,2.Muslims,298767,3.Christians,32547,2919.0,2797.0,2785.0,2342.0,490
97,karnataka,koppal,2001.0,23,33,6,0,6,12,12,0,5,40,1,23,0,1196089,603312,592777,24.57,997797,983.0,138588,54.1,68.42,39.61,554506,422208,132298,641583,1.Hindus,1042294,2.Muslims,137174,3.Religion not stated,5395,594.0,590.0,594.0,560.0,281
98,karnataka,mandya,2001.0,67,47,15,0,15,9,1,8,7,50,0,72,0,1763705,888034,875671,7.14,1480990,986.0,17193,61.05,70.5,51.53,840419,682440,157979,923286,1.Hindus,1667640,2.Muslims,69890,3.Buddhists,11093,1369.0,1330.0,1323.0,1185.0,458
99,karnataka,raichur,2001.0,33,38,12,0,12,11,5,6,1,63,4,52,0,1669762,841840,827922,21.93,1248925,983.0,303042,48.81,61.52,35.93,732762,544347,188415,937000,1.Hindus,1417051,2.Muslims,228652,3.Christians,12390,830.0,806.0,796.0,306.0,338
100,karnataka,shimoga,2001.0,56,48,12,0,12,14,10,4,6,65,0,134,0,1642545,830559,811986,12.9,1071535,978.0,55997,74.52,82.01,66.88,714671,586832,127839,927874,1.Hindus,1401087,2.Muslims,200979,3.Christians,26474,1443.0,1415.0,1399.0,989.0,311
101,karnataka,tumkur,2001.0,80,55,6,0,6,21,4,17,28,53,0,44,0,2584711,1313801,1270910,11.87,2077509,967.0,193819,67.01,76.78,56.94,1316939,1050291,266648,1267772,1.Hindus,2349801,2.Muslims,211732,3.Christians,7736,2574.0,2477.0,2573.0,2123.0,382
102,kerala,ernakulam,2001.0,44,67,38,0,38,20,7,13,3,162,3,161,0,3105798,1538397,1567401,9.09,1628713,1019.0,10046,93.2,95.81,90.66,1117091,915756,201335,1988707,1.Hindus,1444994,2.Christians,1204471,3.Muslims,451764,90.0,90.0,90.0,89.0,89
103,kerala,idukki,2001.0,33,30,34,0,34,0,0,0,0,145,16,127,0,1129221,566682,562539,6.96,1071628,993.0,50973,88.69,92.33,85.02,487352,400699,86653,641869,1.Hindus,566744,2.Muslims,480108,3.Christians,81222,64.0,64.0,64.0,60.0,62
104,kerala,kannur,2001.0,26,58,42,0,42,12,7,5,0,77,7,157,0,2408956,1152817,1256139,7.13,1196058,1090.0,19969,92.59,96.13,89.4,767197,626876,140321,1641759,1.Hindus,1480748,2.Muslims,665648,3.Christians,261019,78.0,78.0,78.0,78.0,78
105,kerala,kollam,2001.0,41,65,55,0,55,16,9,7,3,235,0,315,0,2585208,1249621,1335587,7.33,2119230,1069.0,5190,91.18,94.43,88.18,828566,654823,173743,1756642,1.Hindus,1685044,2.Muslims,474071,3.Christians,423745,93.0,93.0,93.0,93.0,92
106,kerala,kottayam,2001.0,34,26,22,0,22,18,12,6,2,125,8,82,0,1953646,964926,988720,6.76,1653838,1025.0,18340,95.82,97.34,94.35,642157,539609,102548,1311489,1.Hindus,963497,2.Muslims,871371,3.Christians,116686,89.0,89.0,89.0,89.0,88
107,kerala,kozhikode,2001.0,34,35,39,0,39,12,10,2,2,118,8,319,0,2879131,1399358,1479773,9.87,1777974,1057.0,5940,92.24,96.11,88.62,802900,630836,172064,2076231,1.Hindus,1669161,2.Muslims,1078750,3.Christians,127468,87.0,87.0,87.0,87.0,87
108,kerala,malappuram,2001.0,23,33,71,0,71,17,4,13,3,92,3,448,0,3625471,1754576,1870895,17.22,3269301,1066.0,12267,89.61,93.25,86.26,874476,691848,182628,2750995,1.Hindus,2484576,2.Muslims,1057418,3.Christians,80650,122.0,122.0,122.0,122.0,121
109,kerala,palakkad,2001.0,45,57,63,0,63,14,10,4,5,112,10,215,0,2617482,1266985,1350497,9.86,2260907,1066.0,39665,84.35,89.52,79.56,945052,768620,176432,1672430,1.Hindus,1802766,2.Muslims,703596,3.Christians,109249,144.0,144.0,144.0,141.0,139
110,kerala,pathanamthitta,2001.0,20,13,12,0,12,0,0,0,0,90,3,95,0,1234016,589398,644618,3.72,1110218,1094.0,6549,94.84,96.41,93.43,366049,285844,80205,867967,1.Hindus,694560,2.Muslims,481602,3.Christians,56457,65.0,65.0,65.0,64.0,63
111,kerala,thrissur,2001.0,42,79,42,0,42,18,9,9,2,223,16,198,0,2974232,1422052,1552180,8.7,2134799,1092.0,4826,92.27,95.11,89.71,955300,808965,146335,2018932,1.Hindus,1761842,2.Muslims,720152,3.Christians,488697,204.0,204.0,204.0,196.0,194
112,maharashtra,akola,2001.0,64,41,15,0,15,15,14,1,2,109,7,189,0,1630239,841253,788986,20.51,1002742,938.0,100088,81.41,88.91,73.43,648243,582264,65979,981996,1.Hindus,1024080,2.Muslims,296272,3.Buddhists,293184,862.0,851.0,840.0,786.0,212
113,maharashtra,bhandara,2001.0,32,22,39,0,39,4,1,3,5,71,37,60,0,1136146,573445,562701,11.2,960418,981.0,97718,78.47,88.97,67.82,536885,365464,171421,599261,1.Hindus,953507,2.Buddhists,144541,3.Muslims,23324,778.0,772.0,774.0,716.0,442
114,maharashtra,chandrapur,2001.0,49,26,43,0,43,10,7,3,2,102,28,144,0,2071101,1062993,1008108,17.26,1406034,948.0,375256,73.17,82.94,62.89,930791,683029,247762,1140310,1.Hindus,1680113,2.Buddhists,274067,3.Muslims,76050,1472.0,1462.0,1444.0,1359.0,318
115,maharashtra,dhule,2001.0,48,25,16,0,16,6,6,0,6,17,8,127,0,1707947,878372,829575,16.01,1262062,944.0,443564,71.65,81.4,61.39,737941,573496,164445,970006,1.Hindus,1522895,2.Muslims,149466,3.Buddhists,14613,678.0,675.0,673.0,669.0,276
116,maharashtra,gadchiroli,2001.0,47,24,27,0,27,7,6,1,0,55,17,57,0,970294,491101,479193,23.25,903033,976.0,371696,60.1,71.86,48.07,497104,336959,160145,473190,1.Hindus,818640,2.Buddhists,78058,3.Others,44825,1521.0,1509.0,1320.0,1279.0,369
117,maharashtra,jalgaon,2001.0,83,44,19,0,19,16,12,4,5,76,31,389,0,3682690,1905493,1777197,15.44,2629896,933.0,435951,75.43,85.91,64.3,1563983,1300086,263897,2118707,1.Hindus,3049368,2.Muslims,455288,3.Buddhists,126136,1491.0,1491.0,1486.0,1470.0,934
118,maharashtra,jalna,2001.0,43,24,16,0,16,12,8,4,5,56,7,172,0,1612980,826903,786077,18.17,1305115,951.0,32103,64.4,79.14,49.04,716900,611998,104902,896080,1.Hindus,1255041,2.Muslims,211531,3.Buddhists,121033,963.0,963.0,959.0,952.0,380
119,maharashtra,kolhapur,2001.0,54,33,26,0,26,21,13,8,19,46,7,80,0,3523162,1807470,1715692,17.59,2472809,949.0,21387,76.93,87.47,66.02,1652970,1394882,258088,1870192,1.Hindus,3077263,2.Muslims,236875,3.Jains,147285,1196.0,1194.0,1190.0,1185.0,638
120,maharashtra,latur,2001.0,42,17,7,0,7,22,22,0,38,50,7,150,0,2080285,1075257,1005028,23.95,1590024,935.0,47836,71.54,82.94,59.4,840518,712849,127669,1239767,1.Hindus,1700679,2.Muslims,292996,3.Buddhists,74351,921.0,921.0,919.0,917.0,409
121,maharashtra,mumbai,2001.0,295,200,127,0,127,148,12,136,18,274,44,198,0,8640419,4741720,3898699,27.2,-,822.0,70454,86.89,91.56,81.12,3152509,2971039,181470,5487910,1.Hindus,5953475,2.Muslims,1488987,3.Buddhists,464354,1016.4515570934255,1009.6712802768166,774.7595155709342,796.7941176470588,118
122,maharashtra,mumbai,2001.0,295,200,127,0,127,148,12,136,18,274,44,198,0,3338031,1878246,1459785,4.79,-,777.0,20666,86.4,90.23,81.38,1311739,1250710,61029,2026292,1.Hindus,2119750,2.Muslims,734484,3.Buddhists,161417,1016.4515570934255,1009.6712802768166,774.7595155709342,796.7941176470588,118
123,maharashtra,nanded,2001.0,80,66,23,0,23,41,36,5,21,85,22,202,0,2876259,1481358,1394901,23.08,2187195,942.0,253596,67.77,80.44,54.35,1202037,965087,236950,1674222,1.Hindus,2162185,2.Muslims,385081,3.Buddhists,302161,1546.0,1538.0,1531.0,1536.0,209
124,maharashtra,osmanabad,2001.0,48,13,16,0,16,8,7,1,2,52,6,102,0,1486586,769368,717218,15.35,1253330,932.0,27857,69.02,80.42,56.89,653522,555202,98320,833064,1.Hindus,1297858,2.Muslims,151181,3.Buddhists,28356,729.0,729.0,727.0,726.0,400
125,maharashtra,parbhani,2001.0,49,28,25,0,25,22,16,6,1,57,10,120,0,1527715,780191,747524,15.31,1042529,958.0,35210,66.07,79.63,52.02,644752,559917,84835,882963,1.Hindus,1121246,2.Muslims,243935,3.Buddhists,153231,830.0,830.0,824.0,821.0,386
126,maharashtra,ratnagiri,2001.0,17,5,10,0,10,8,4,4,0,32,19,62,0,1696777,794498,902279,9.87,1504568,1136.0,20102,75.05,85.89,65.77,763387,557613,205774,933390,1.Hindus,1391137,2.Muslims,175672,3.Buddhists,120855,1539.0,1538.0,1539.0,1484.0,810
127,maharashtra,sangli,2001.0,85,24,32,0,32,18,8,10,12,54,22,96,0,2583524,1320088,1263436,17.59,1950306,957.0,17855,76.62,86.26,66.73,1218655,952241,266414,1364869,1.Hindus,2243478,2.Muslims,203524,3.Jains,85160,721.0,721.0,721.0,719.0,567
128,maharashtra,satara,2001.0,57,19,32,0,32,12,7,5,13,49,9,179,0,2808994,1408326,1400668,14.1,2410873,995.0,21896,78.22,88.2,68.38,1303658,1044989,258669,1505336,1.Hindus,2533359,2.Buddhists,128570,3.Muslims,125661,1716.0,1716.0,1701.0,1680.0,646
129,maharashtra,sindhudurg,2001.0,14,4,7,0,7,2,2,0,0,20,13,8,0,868825,417890,450935,3.55,786506,1079.0,4952,80.3,90.26,71.23,404985,233827,171158,463840,1.Hindus,802498,2.Buddhists,24320,3.Muslims,23668,743.0,743.0,735.0,722.0,593
130,maharashtra,wardha,2001.0,60,25,35,0,35,12,12,0,9,98,35,89,0,1236736,638990,597746,15.3,911695,935.0,154415,80.06,87.18,72.45,550351,431330,119021,686385,1.Hindus,1006235,2.Buddhists,169579,3.Muslims,47605,1004.0,998.0,998.0,842.0,392
131,maharashtra,yavatmal,2001.0,56,45,56,0,56,37,31,6,12,125,27,177,0,2458271,1265681,1192590,18.46,2001060,942.0,473370,73.62,84.09,62.52,1118937,949453,169484,1339334,1.Hindus,1999368,2.Buddhists,221793,3.Muslims,196909,1856.0,1820.0,1795.0,1729.0,723
132,manipur,bishnupur,2001.0,29,25,1,0,1,3,3,0,0,0,0,1,0,208368,104550,103818,13.9,133627,993.0,6143,67.63,79.61,55.66,89703,55557,34146,118665,1.Hindus,148903,2.Others,38763,3.Muslims,14194,48.0,48.0,46.0,47.0,28
133,manipur,chandel,2001.0,7,7,0,0,0,1,1,0,0,0,0,0,0,118327,59741,58586,72.8,103365,981.0,108779,56.23,64.34,47.98,54545,39935,14610,63782,1.Christians,109128,2.Hindus,5701,3.Muslims,2318,350.0,323.0,190.0,214.0,25
134,manipur,churachandpur,2001.0,35,21,1,0,1,0,0,0,0,0,0,0,0,227905,117232,110673,29.81,227905,944.0,212482,70.59,77.67,63.06,99363,71933,27430,128542,1.Christians,213186,2.Hindus,10538,3.Muslims,2573,540.0,539.0,306.0,395.0,66
135,manipur,tamenglong,2001.0,2,1,0,0,0,0,0,0,0,0,0,0,0,111499,58014,53485,29.23,111499,922.0,106349,59.25,68.72,48.95,50863,43353,7510,60636,1.Christians,105791,2.Hindus,3187,3.Muslims,1431,171.0,171.0,75.0,157.0,42
136,manipur,thoubal,2001.0,32,32,4,0,4,22,14,8,0,1,0,0,0,364140,182250,181890,24.62,232868,998.0,4274,66.41,80.43,52.46,177343,111486,65857,186797,1.Hindus,221096,2.Muslims,86849,3.Others,50819,90.0,90.0,84.0,88.0,36
137,manipur,ukhrul,2001.0,4,1,0,0,0,1,1,0,0,1,0,0,0,140778,73465,67313,28.98,140778,916.0,134493,73.12,80.13,65.41,66515,51564,14951,74263,1.Christians,133966,2.Hindus,5687,3.Muslims,881,198.0,198.0,154.0,188.0,47
138,mizoram,aizawl,2001.0,12,6,26,0,26,0,0,0,0,13,0,1,0,325676,166877,158799,39.24,77531,952.0,303641,96.51,96.75,96.26,162961,125328,37633,162715,1.Christians,303893,2.Hindus,14508,3.Muslims,5185,96.0,96.0,81.0,86.0,46
139,mizoram,lawngtlai,2001.0,2,0,2,0,2,0,0,0,0,0,0,0,0,73620,38776,34844,34.78,73620,899.0,70234,64.74,70.9,57.81,34093,26188,7905,39527,1.Buddhists,38410,2.Christians,32877,3.Hindus,1910,139.0,139.0,27.0,134.0,24
140,mizoram,lunglei,2001.0,5,4,3,0,3,0,0,0,0,11,0,0,0,137223,71402,65821,23.1,79267,922.0,130768,84.17,87.44,80.6,71792,60870,10922,65431,1.Christians,109204,2.Buddhists,22429,3.Hindus,4612,160.0,160.0,101.0,130.0,55
141,nagaland,kohima,2001.0,25,16,6,0,6,3,0,3,0,6,0,0,0,310084,162251,147833,49.96,233054,911.0,280753,74.54,80.3,68.15,135023,114456,20567,175061,1.Christians,278844,2.Hindus,21950,3.Others,5457,180.0,179.0,148.0,164.0,82
142,nagaland,mokokchung,2001.0,12,2,1,0,1,1,0,1,0,0,0,0,0,232085,120929,111156,43.48,200871,919.0,217653,83.92,86.03,81.61,109260,82160,27100,122825,1.Christians,219282,2.Hindus,10433,3.Muslims,2128,102.0,101.0,97.0,99.0,82
143,nagaland,mon,2001.0,3,3,2,0,2,2,2,0,0,0,0,0,0,260652,138753,121899,73.42,244062,879.0,244821,41.83,46.56,36.35,130848,108206,22642,129804,1.Christians,248684,2.Hindus,9963,3.Muslims,1748,110.0,110.0,102.0,107.0,69
144,nagaland,phek,2001.0,7,4,1,0,1,2,0,2,0,0,0,0,0,148195,77141,71054,45.12,135331,921.0,142977,70.65,78.37,62.26,71398,57454,13944,76797,1.Christians,143048,2.Hindus,4095,3.Muslims,517,104.0,104.0,102.0,102.0,54
145,nagaland,tuensang,2001.0,1,3,0,0,0,0,0,0,0,0,0,0,0,414818,218678,196140,78.1,385046,897.0,398350,50.64,55.12,45.58,184924,156950,27974,229894,1.Christians,406287,2.Hindus,6856,3.Muslims,1329,251.0,251.0,238.0,230.0,123
146,nagaland,wokha,2001.0,12,3,1,0,1,2,0,2,0,0,0,0,0,161223,83670,77553,95.01,123587,927.0,153983,80.55,85.35,75.32,56254,49679,6575,104969,1.Christians,155009,2.Hindus,4787,3.Muslims,1209,128.0,128.0,105.0,104.0,67
147,nagaland,zunheboto,2001.0,4,1,2,0,2,0,0,0,0,0,0,0,0,153955,79056,74899,61.0,130874,947.0,147915,69.28,73.74,64.57,56783,47491,9292,97172,1.Christians,150097,2.Hindus,3193,3.Muslims,492,187.0,186.0,187.0,178.0,57
148,punjab,amritsar,2001.0,36,43,9,0,9,34,26,8,7,9,0,77,0,3096077,1650589,1445488,22.72,1872802,876.0,-,67.27,72.61,61.26,1112200,938100,174100,1983877,1.Sikhs,2383575,2.Hindus,648284,3.Christians,51948,1185.0,1151.0,1185.0,1114.0,696
149,punjab,faridkot,2001.0,12,7,6,0,6,11,7,4,4,11,0,20,0,550892,292596,258296,21.42,357321,883.0,-,61.95,68.15,55.03,209754,181873,27881,341138,1.Sikhs,427104,2.Hindus,119702,3.Muslims,1739,163.0,163.0,163.0,160.0,107
150,punjab,gurdaspur,2001.0,22,20,12,0,12,17,14,3,6,4,0,21,0,2104011,1113077,990934,19.33,1568788,890.0,-,73.77,79.78,67.15,700557,568322,132235,1403454,1.Hindus,996246,2.Sikhs,934963,3.Christians,148981,1532.0,1531.0,1532.0,1375.0,517
151,punjab,hoshiarpur,2001.0,47,30,19,0,19,20,13,7,12,13,0,46,0,1480736,765132,715604,13.81,1188662,935.0,-,81.02,86.45,75.32,513351,415123,98228,967385,1.Hindus,871923,2.Sikhs,574862,3.Muslims,15394,1386.0,1386.0,1386.0,1232.0,382
152,punjab,jalandhar,2001.0,74,72,21,0,21,70,49,21,17,16,2,104,0,1962700,1040177,922523,18.4,1030717,887.0,-,78.04,82.49,73.08,676835,599324,77511,1285865,1.Hindus,1158868,2.Sikhs,740841,3.Christians,22106,934.0,934.0,934.0,832.0,598
153,punjab,kapurthala,2001.0,20,24,8,0,8,17,9,8,2,20,0,34,0,754521,399623,354898,16.34,507994,888.0,-,73.93,79.02,68.29,262741,231222,31519,491780,1.Sikhs,448654,2.Hindus,286438,3.Buddhists,7740,618.0,618.0,618.0,478.0,359
154,punjab,ludhiana,2001.0,74,68,38,0,38,88,46,42,11,46,13,249,0,3032831,1662716,1370115,24.79,1339178,824.0,-,76.5,80.25,71.95,1149638,1041517,108121,1883193,1.Sikhs,1744446,2.Hindus,1205128,3.Muslims,52220,897.0,897.0,897.0,842.0,550
155,punjab,patiala,2001.0,56,74,23,0,23,60,46,14,10,128,19,232,0,1844934,987390,857544,20.31,1200224,868.0,-,69.78,75.88,62.86,681951,589015,92936,1162983,1.Sikhs,1024546,2.Hindus,778427,3.Muslims,34828,1054.0,1053.0,1054.0,986.0,172
156,punjab,sangrur,2001.0,46,45,15,0,15,28,18,10,10,18,4,36,0,2000173,1069289,930884,18.57,1415354,871.0,-,59.98,65.81,53.38,814098,714076,100022,1186075,1.Sikhs,1400149,2.Hindus,434873,3.Muslims,157838,697.0,697.0,697.0,684.0,291
157,rajasthan,ajmer,2001.0,39,47,16,0,16,133,125,8,12,95,0,236,0,2181670,1129920,1051750,26.1,1306994,931.0,52634,64.65,79.37,48.86,856809,690818,165991,1324861,1.Hindus,1869044,2.Muslims,244341,3.Jains,47812,1025.0,1025.0,966.0,970.0,352
158,rajasthan,alwar,2001.0,85,83,34,0,34,119,87,32,43,124,0,235,0,2992592,1586752,1405840,30.23,2557653,886.0,239905,61.74,78.09,43.28,1458686,947587,511099,1533906,1.Hindus,2535155,2.Muslims,383204,3.Sikhs,55530,1954.0,1954.0,1843.0,1811.0,553
159,rajasthan,banswara,2001.0,40,24,90,0,90,61,59,2,10,112,1,151,0,1501589,760686,740903,29.84,1394226,974.0,1085272,44.63,60.45,28.43,709412,529393,180019,792177,1.Hindus,1425287,2.Muslims,39079,3.Jains,18406,1476.0,1476.0,853.0,1348.0,450
160,rajasthan,barmer,2001.0,11,26,13,0,13,21,14,7,13,71,0,45,0,1964835,1038247,926588,36.83,1819431,892.0,118688,58.99,72.76,43.45,919729,680208,239521,1045106,1.Hindus,1695047,2.Muslims,231918,3.Jains,35744,1933.0,1933.0,948.0,1777.0,433
161,rajasthan,bharatpur,2001.0,75,98,48,0,48,126,103,23,24,77,0,209,0,2101142,1133425,967717,27.05,1692182,854.0,47077,63.57,80.54,43.56,852913,573547,279366,1248229,1.Hindus,1804599,2.Muslims,264709,3.Sikhs,23472,1366.0,1365.0,1238.0,1298.0,481
162,rajasthan,bhilwara,2001.0,34,54,42,0,42,223,223,0,5,126,3,312,0,2013789,1026650,987139,26.14,1598938,962.0,180556,50.74,67.39,33.48,939848,764916,174932,1073941,1.Hindus,1859972,2.Muslims,112802,3.Jains,37659,1693.0,1693.0,1553.0,1516.0,473
163,rajasthan,bikaner,2001.0,21,101,35,0,35,36,34,2,13,53,0,153,0,1674271,886075,788196,38.18,1079235,890.0,5945,56.91,70.05,42.03,661457,522482,138975,1012814,1.Hindus,1445088,2.Muslims,172372,3.Jains,31235,712.0,686.0,485.0,611.0,173
164,rajasthan,bundi,2001.0,33,72,36,0,36,120,103,17,2,164,6,157,0,962620,504818,457802,24.8,783058,907.0,194851,55.57,71.68,37.79,456937,305977,150960,505683,1.Hindus,881956,2.Muslims,56220,3.Jains,13186,839.0,838.0,733.0,764.0,178
165,rajasthan,churu,2001.0,26,40,24,0,24,26,14,12,8,73,3,174,0,1923878,987781,936097,24.6,1387682,948.0,10063,66.81,79.69,53.35,853899,587431,266468,1069979,1.Hindus,1698106,2.Muslims,210446,3.Jains,13882,946.0,925.0,877.0,909.0,423
166,rajasthan,dungarpur,2001.0,31,9,17,0,17,54,50,4,3,56,0,60,0,1107643,547791,559852,26.58,1026787,1022.0,721487,48.57,66.04,31.77,531376,272283,259093,576267,1.Hindus,1068319,2.Muslims,23549,3.Jains,12542,854.0,853.0,723.0,819.0,368
167,rajasthan,ganganagar,2001.0,51,97,55,0,55,79,65,14,13,118,2,375,0,1789423,955378,834045,27.53,1336066,873.0,14744,64.74,75.53,52.44,719792,552559,167233,1069631,1.Hindus,1299812,2.Sikhs,441409,3.Muslims,42442,2830.0,2820.0,1817.0,1653.0,654
168,rajasthan,jaipur,2001.0,91,90,61,0,61,247,203,44,29,179,1,453,0,5251071,2768203,2482868,35.1,2659004,897.0,412864,69.9,82.8,55.52,1864055,1584361,279694,3387016,1.Hindus,4629461,2.Muslims,515124,3.Jains,73631,2077.0,2077.0,1962.0,1863.0,622
169,rajasthan,jaisalmer,2001.0,9,0,2,0,2,8,7,1,3,21,0,16,0,508247,279101,229146,47.45,431853,821.0,27834,50.97,66.26,32.05,211687,153139,58548,296560,1.Hindus,383638,2.Muslims,120174,3.Sikhs,2086,600.0,576.0,183.0,473.0,144
170,rajasthan,jhalawar,2001.0,38,99,65,0,65,89,57,32,8,144,10,224,0,1180323,612804,567519,23.34,1012081,926.0,141861,57.32,73.31,40.02,554781,399386,155395,625542,1.Hindus,1087934,2.Muslims,78962,3.Jains,11759,1477.0,1476.0,1185.0,1173.0,214
171,rajasthan,jodhpur,2001.0,30,79,20,0,20,78,53,25,12,128,3,263,1,2886505,1513890,1372615,33.77,1909423,907.0,79540,56.67,72.96,38.64,1105009,829721,275288,1781496,1.Hindus,2528049,2.Muslims,310114,3.Jains,36694,1058.0,1058.0,911.0,983.0,462
172,rajasthan,kota,2001.0,58,310,50,0,50,146,116,30,17,203,6,319,0,1568525,827128,741397,28.52,729948,896.0,151969,73.53,85.23,60.43,541362,420734,120628,1027163,1.Hindus,1344633,2.Muslims,183716,3.Jains,23259,812.0,811.0,736.0,715.0,225
173,rajasthan,nagaur,2001.0,48,17,22,0,22,59,34,25,14,65,0,102,0,2775058,1424967,1350091,29.33,2297721,947.0,6497,57.28,74.1,39.67,1129514,844039,285475,1645544,1.Hindus,2399173,2.Muslims,356405,3.Jains,17478,1480.0,1466.0,1417.0,1417.0,580
174,rajasthan,pali,2001.0,43,53,25,0,25,77,61,16,15,115,2,196,0,1820251,918856,901395,22.39,1429364,981.0,105814,54.39,72.2,36.48,724883,518158,206725,1095368,1.Hindus,1677038,2.Muslims,114088,3.Jains,25599,936.0,936.0,883.0,906.0,451
175,rajasthan,sikar,2001.0,46,31,13,0,13,48,22,26,15,28,0,114,0,2287788,1172753,1115035,24.11,1815250,951.0,62512,70.47,84.34,56.11,887915,633421,254494,1399873,1.Hindus,2019396,2.Muslims,261714,3.Jains,4957,986.0,985.0,965.0,945.0,470
176,rajasthan,sirohi,2001.0,31,35,22,0,22,24,19,5,8,29,0,79,0,851107,437949,413158,30.08,700217,943.0,210763,53.94,69.89,37.15,343905,245762,98143,507202,1.Hindus,810765,2.Muslims,25439,3.Jains,12427,455.0,454.0,399.0,423.0,201
177,rajasthan,tonk,2001.0,19,32,17,0,17,68,50,18,7,84,6,142,0,1211671,626436,585235,24.24,958503,934.0,145891,51.97,70.52,32.15,532682,425230,107452,678989,1.Hindus,1062365,2.Muslims,124440,3.Jains,23644,1032.0,1031.0,818.0,887.0,246
178,rajasthan,udaipur,2001.0,67,101,43,0,43,161,118,43,9,68,2,127,0,2633312,1336004,1297308,27.37,2142995,971.0,1260432,58.62,73.62,43.26,1100880,724120,376760,1532432,1.Hindus,2449773,2.Muslims,88262,3.Jains,83699,2339.0,2337.0,1647.0,2030.0,619
179,sikkim,east,2001.0,13,7,7,0,7,4,1,3,0,0,8,0,0,245040,132917,112123,37.17,192188,844.0,45321,74.67,81.2,66.8,116529,92577,23952,128511,1.Hindus,157321,2.Buddhists,64729,3.Christians,14502,131.0,131.0,125.0,112.0,100
180,sikkim,north,2001.0,1,0,0,0,0,0,0,0,0,0,0,0,0,41030,23414,17616,31.32,39782,752.0,21772,67.21,75.69,55.39,23542,17553,5989,17488,1.Buddhists,22603,2.Hindus,16128,3.Christians,1623,53.0,53.0,46.0,42.0,44
181,sikkim,south,2001.0,4,3,1,0,1,1,0,1,0,0,4,0,0,131525,68241,63284,33.37,127579,927.0,20483,67.31,74.29,59.72,69693,57367,12326,61832,1.Hindus,84213,2.Buddhists,31109,3.Christians,12757,145.0,145.0,142.0,131.0,99
182,sikkim,west,2001.0,1,1,0,0,0,1,1,0,0,0,2,0,0,123256,63912,59344,25.48,121432,929.0,23829,58.8,66.82,50.11,53279,45407,7872,69977,1.Hindus,71886,2.Buddhists,33601,3.Others,9567,121.0,121.0,115.0,107.0,86
183,tripura,dhalai,2001.0,35,0,11,0,11,15,0,15,2,4,0,11,0,307868,159095,148773,10.79,289001,935.0,166326,60.93,70.17,50.99,126761,92570,34191,181107,1.Hindus,257834,2.Buddhists,28180,3.Christians,14848,148.0,148.0,108.0,138.0,58
184,chandigarh,chandigarh,2001.0,15,10,18,0,18,56,50,6,3,24,15,36,0,900635,506938,393697,40.33,92120,777.0,-,81.94,86.14,76.47,340422,328989,11433,560213,1.Hindus,707978,2.Sikhs,145175,3.Muslims,35548,23.0,23.0,23.0,18.0,18
185,assam,barpeta,2002.0,43,20,55,0,55,69,59,10,4,18,0,97,0,1647201,848578,798623,18.53,1520333,941.0,123266,56.24,64.83,47.07,517088,408537,108551,1130113,1.Hindus,977943,2.Muslims,662066,3.Christians,5267,1050.0,1050.0,775.0,967.0,430
186,assam,bongaigaon,2002.0,47,0,21,0,21,51,40,11,3,2,0,32,0,904835,465240,439595,12.23,795053,945.0,110696,59.33,67.67,50.44,293243,233087,60156,611592,1.Hindus,535464,2.Muslims,348573,3.Christians,18728,881.0,881.0,607.0,805.0,112
187,assam,cachar,2002.0,57,44,71,0,71,93,80,13,7,156,0,219,0,1444921,743042,701879,18.66,1243534,945.0,18631,67.82,75.73,59.41,465734,364814,100920,979187,1.Hindus,886761,2.Muslims,522051,3.Christians,31306,1020.0,1020.0,741.0,902.0,134
188,assam,darrang,2002.0,31,7,33,0,33,54,41,13,4,68,0,37,0,1504320,773861,730459,15.79,1429492,944.0,249861,55.44,63.91,46.4,527993,404428,123565,976327,1.Hindus,868532,2.Muslims,534658,3.Christians,97306,1319.0,1319.0,1032.0,1246.0,356
189,assam,dhemaji,2002.0,30,15,48,0,48,31,25,6,1,23,0,57,0,571944,294643,277301,18.93,533112,941.0,270496,64.48,74.41,53.86,250146,155431,94715,321798,1.Hindus,548780,2.Muslims,10533,3.Christians,6390,1236.0,1236.0,253.0,1068.0,83
190,assam,dhubri,2002.0,60,16,46,0,46,62,51,11,4,67,2,167,0,1637344,841044,796300,23.42,1444901,947.0,32523,48.21,55.91,40.04,470360,399201,71159,1166984,1.Hindus,1216455,2.Muslims,405065,3.Christians,12477,1261.0,1261.0,904.0,1138.0,374
191,assam,dibrugarh,2002.0,97,35,45,0,45,75,58,17,1,27,0,43,0,1185072,613555,571517,12.43,956634,931.0,88337,68.96,77.3,59.95,472419,342708,129711,712653,1.Hindus,1075878,2.Muslims,53306,3.Christians,45040,1309.0,1309.0,1195.0,1169.0,263
192,assam,goalpara,2002.0,24,18,40,0,40,48,29,19,2,67,0,93,0,822035,420251,401784,23.07,755133,956.0,131800,58.03,64.86,50.85,273925,209928,63997,548110,1.Hindus,441516,2.Muslims,314157,3.Christians,64662,761.0,761.0,689.0,723.0,243
193,assam,golaghat,2002.0,57,9,42,0,42,68,60,8,0,36,0,36,0,946279,490286,455993,14.21,865141,930.0,93920,69.38,77.14,60.99,388640,269896,118744,557639,1.Hindus,813263,2.Muslims,74808,3.Christians,52277,1066.0,1066.0,595.0,769.0,87
194,assam,hailakandi,2002.0,26,5,24,0,24,42,42,0,1,30,0,34,0,542872,280513,262359,20.92,498787,935.0,821,59.64,68.24,50.46,179881,138216,41665,362991,1.Hindus,312849,2.Muslims,223191,3.Christians,5424,327.0,327.0,268.0,308.0,110
195,assam,jorhat,2002.0,37,13,36,0,36,36,32,4,0,39,0,42,0,999221,517015,482206,15.84,827901,933.0,123134,76.34,83.62,68.49,414348,285092,129256,584873,1.Hindus,927858,2.Muslims,47658,3.Christians,18610,787.0,787.0,650.0,717.0,215
196,assam,kamrup,2002.0,34,31,41,0,41,118,104,14,2,23,0,20,0,2522324,1326981,1195343,25.75,1614107,901.0,250393,74.16,81.16,66.31,842253,697810,144443,1680071,1.Hindus,1836153,2.Muslims,625002,3.Christians,44257,1342.0,1342.0,1042.0,1190.0,468
197,assam,karimganj,2002.0,43,12,23,0,23,38,7,31,6,11,0,69,0,1007976,517680,490296,21.35,934126,947.0,2901,66.24,74.69,57.28,303294,235016,68278,704682,1.Hindus,527214,2.Muslims,470708,3.Christians,8746,915.0,915.0,639.0,865.0,224
198,assam,kokrajhar,2002.0,62,20,15,0,15,48,18,30,3,51,0,38,0,905764,466191,439573,15.05,841823,943.0,304985,51.63,60.32,42.4,334849,234771,100078,570915,1.Hindus,594168,2.Muslims,184441,3.Christians,124270,951.0,951.0,704.0,906.0,211
199,assam,lakhimpur,2002.0,26,34,69,0,69,84,74,10,0,63,0,175,0,889010,455691,433319,18.34,823857,951.0,208864,68.56,77.06,59.59,497745,288052,209693,391265,1.Hindus,702881,2.Muslims,143505,3.Christians,36667,1139.0,1139.0,680.0,1046.0,211
200,assam,nagaon,2002.0,78,40,61,0,61,132,124,8,7,115,5,158,0,2314629,1190950,1123679,22.3,2036342,944.0,89394,61.73,68.27,54.74,727641,566195,161446,1586988,1.Hindus,1180267,2.Muslims,1106354,3.Christians,21473,1375.0,1374.0,1190.0,1257.0,480
201,assam,nalbari,2002.0,47,56,27,0,27,50,31,19,0,11,0,24,0,1148824,592375,556449,11.98,1121338,939.0,202577,67.23,76.56,57.26,383932,291665,92267,764892,1.Hindus,873749,2.Muslims,253842,3.Christians,18495,798.0,798.0,733.0,769.0,179
202,assam,sibsagar,2002.0,75,20,57,0,57,57,57,0,6,28,0,71,0,1051736,545476,506260,15.95,954557,928.0,41533,74.47,81.53,66.81,430523,287319,143204,621213,1.Hindus,927706,2.Muslims,85761,3.Christians,28488,866.0,866.0,772.0,825.0,317
203,assam,sonitpur,2002.0,109,22,67,0,67,114,109,5,9,53,0,146,0,1681513,871568,809945,17.8,1505719,929.0,195083,59.0,67.54,49.73,634723,465283,169440,1046790,1.Hindus,1287646,2.Muslims,268078,3.Christians,115623,1784.0,1784.0,1331.0,1372.0,235
204,assam,tinsukia,2002.0,115,17,41,0,41,53,39,14,1,5,0,24,0,1150062,601099,548963,19.52,926105,913.0,67234,60.95,70.15,50.78,466351,349847,116504,683711,1.Hindus,1029142,2.Muslims,62403,3.Christians,40000,1107.0,1107.0,871.0,936.0,198
205,bihar,araria,2002.0,61,15,101,0,101,91,79,12,5,2,0,30,0,2158608,1128105,1030503,31.84,2026257,913.0,29423,35.01,46.38,22.37,853445,657446,195999,1305163,1.Hindus,1263766,2.Muslims,887972,3.Jains,2504,713.0,713.0,129.0,552.0,60
206,bihar,aurangabad,2002.0,96,38,12,0,12,19,3,16,33,4,0,6,0,2013055,1040945,972110,30.19,1842998,934.0,1640,57.03,71.13,41.9,671011,476390,194621,1342044,1.Hindus,1814612,2.Muslims,196030,3.Religion not stated,1161,1739.0,1739.0,527.0,1148.0,270
207,bihar,begusarai,2002.0,138,139,20,0,20,75,15,60,23,23,0,40,0,2349366,1228874,1120492,29.11,2241743,912.0,1505,47.98,59.13,35.64,746075,571564,174511,1603291,1.Hindus,2033039,2.Muslims,313713,3.Religion not stated,1224,729.0,729.0,457.0,503.0,167
208,bihar,bhagalpur,2002.0,107,46,40,0,40,89,51,38,19,10,0,26,0,2423172,1291658,1131514,27.24,1970745,876.0,55545,49.5,59.22,38.13,855345,580731,274614,1567827,1.Hindus,1990976,2.Muslims,423246,3.Christians,1853,935.0,935.0,445.0,642.0,229
209,bihar,bhojpur,2002.0,147,41,17,0,17,43,17,26,51,4,0,79,1,2243144,1179611,1063533,24.58,1930730,902.0,8337,58.96,74.29,41.8,653811,491916,161895,1589333,1.Hindus,2076589,2.Muslims,163193,3.Religion not stated,913,999.0,999.0,247.0,885.0,133
210,bihar,darbhanga,2002.0,72,79,52,0,52,93,31,62,26,38,0,73,0,3295789,1722189,1573600,30.85,3028441,914.0,841,44.33,56.72,30.78,1028558,761464,267094,2267231,1.Hindus,2543284,2.Muslims,748971,3.Religion not stated,2245,1083.0,1083.0,490.0,850.0,271
211,bihar,gaya,2002.0,218,149,31,0,31,38,18,20,26,27,0,44,0,3473428,1792163,1681265,30.19,2997479,938.0,2945,50.45,63.27,36.66,1277639,994459,283180,2195789,1.Hindus,3063841,2.Muslims,403439,3.Religion not stated,1622,2680.0,2680.0,539.0,1635.0,278
212,bihar,gopalganj,2002.0,69,89,16,0,16,42,16,26,23,0,0,51,0,2152638,1075710,1076928,26.11,2022048,1001.0,6157,47.48,62.96,32.16,641672,466811,174861,1510966,1.Hindus,1784275,2.Muslims,367219,3.Religion not stated,850,1383.0,1383.0,439.0,866.0,261
213,bihar,jehanabad,2002.0,73,55,7,0,7,32,9,23,21,0,0,5,0,1514315,784946,729369,28.64,1402703,929.0,1313,55.26,70.07,39.37,580905,422789,158116,933410,1.Hindus,1389053,2.Muslims,124149,3.Religion not stated,743,856.0,856.0,219.0,672.0,123
214,bihar,katihar,2002.0,67,25,77,0,77,87,69,18,5,5,0,32,0,2392638,1246872,1145766,30.91,2174361,919.0,140418,35.09,45.31,23.8,898326,664259,234067,1494312,1.Hindus,1363523,2.Muslims,1017495,3.Christians,4994,1290.0,1290.0,277.0,785.0,248
215,bihar,khagaria,2002.0,66,23,15,0,15,31,14,17,9,8,0,17,0,1280354,679267,601087,29.32,1204027,885.0,332,41.35,51.82,29.35,467240,333262,133978,813114,1.Hindus,1147346,2.Muslims,131441,3.Others,546,241.0,241.0,114.0,220.0,124
216,bihar,kishanganj,2002.0,30,2,20,0,20,35,26,9,5,4,0,37,0,1296348,669552,626796,31.5,1167340,936.0,47116,31.09,42.71,18.63,417151,359819,57332,879197,1.Muslims,876105,2.Hindus,412995,3.Christians,2856,730.0,730.0,116.0,442.0,120
217,bihar,madhepura,2002.0,50,23,10,0,10,32,7,25,4,7,0,9,0,1526646,797180,729466,29.45,1458679,915.0,9295,36.07,48.8,22.11,683976,498367,185609,842670,1.Hindus,1351978,2.Muslims,173605,3.Religion not stated,494,384.0,384.0,168.0,311.0,141
218,bihar,madhubani,2002.0,66,86,31,0,31,50,15,35,58,165,0,111,0,3575281,1840997,1734284,26.08,3450736,942.0,1260,41.97,56.79,26.25,1227723,877412,350311,2347558,1.Hindus,2930501,2.Muslims,641579,3.Religion not stated,1477,1034.0,1034.0,437.0,901.0,232
219,bihar,munger,2002.0,63,124,11,0,11,53,27,26,8,0,0,0,0,1137797,607730,530067,20.34,819950,872.0,18060,59.47,69.89,47.4,331451,233688,97763,806346,1.Hindus,1045233,2.Muslims,89791,3.Christians,1135,525.0,525.0,321.0,382.0,149
220,bihar,muzaffarpur,2002.0,130,92,60,0,60,167,22,145,42,26,0,178,1,3746714,1951466,1795248,26.74,3398361,920.0,3472,47.95,59.1,35.81,1139830,895830,244000,2606884,1.Hindus,3168225,2.Muslims,573951,3.Religion not stated,2104,1725.0,1725.0,1021.0,1423.0,526
221,bihar,nalanda,2002.0,175,191,32,0,32,93,22,71,45,23,0,44,1,2370528,1238599,1131929,18.64,2016899,914.0,970,53.19,66.44,38.58,903144,700007,203137,1467384,1.Hindus,2191552,2.Muslims,176871,3.Religion not stated,888,1000.0,1000.0,366.0,879.0,198
222,bihar,patna,2002.0,472,682,37,0,37,203,36,167,76,42,0,148,0,4718592,2519942,2198650,30.17,2757060,873.0,9236,62.92,73.34,50.83,1425647,1161984,263663,3292945,1.Hindus,4333556,2.Muslims,366164,3.Christians,8951,1288.0,1288.0,615.0,1199.0,390
223,bihar,rohtas,2002.0,132,35,15,0,15,92,10,82,52,4,0,82,0,2450748,1283485,1167263,27.71,2123942,909.0,25663,61.29,75.31,45.71,744183,544731,199452,1706565,1.Hindus,2199049,2.Muslims,246760,3.Sikhs,2549,1710.0,1710.0,493.0,1185.0,153
224,bihar,saharsa,2002.0,39,106,11,0,11,20,10,10,10,16,2,8,0,1508182,789432,718750,33.03,1383015,910.0,4642,39.08,51.66,25.27,589467,411566,177901,918715,1.Hindus,1289364,2.Muslims,217922,3.Christians,437,441.0,441.0,127.0,374.0,63
225,bihar,samastipur,2002.0,119,120,22,0,22,56,21,35,12,4,2,10,21,3394793,1760692,1634101,25.63,3271338,928.0,3362,45.13,57.59,31.67,1071974,843356,228618,2322819,1.Hindus,3035755,2.Muslims,355897,3.Religion not stated,1432,1122.0,1122.0,674.0,878.0,195
226,bihar,saran,2002.0,100,63,12,0,12,73,10,63,69,0,0,85,0,3248701,1652661,1596040,26.37,2950064,966.0,6667,51.8,67.3,35.82,860940,644618,216322,2387761,1.Hindus,2909213,2.Muslims,337767,3.Religion not stated,758,1566.0,1566.0,544.0,1213.0,342
227,bihar,sitamarhi,2002.0,54,19,31,0,31,50,22,28,14,26,0,28,1,2682720,1417611,1265109,32.58,2529407,892.0,1786,38.46,49.36,26.13,855156,714136,141020,1827564,1.Hindus,2111476,2.Muslims,568992,3.Religion not stated,1237,802.0,802.0,302.0,709.0,216
228,bihar,siwan,2002.0,117,163,8,0,8,57,26,31,24,8,0,50,0,2714349,1336283,1378066,24.78,2564860,1031.0,13822,51.65,67.26,36.88,730437,511578,218859,1983912,1.Hindus,2218632,2.Muslims,494176,3.Religion not stated,899,1438.0,1438.0,441.0,1119.0,254
229,bihar,vaishali,2002.0,99,109,16,0,16,72,41,31,65,21,0,60,0,2718421,1415603,1302818,26.39,2531766,920.0,3068,50.49,63.23,36.58,782717,624452,158265,1935704,1.Hindus,2457636,2.Muslims,259158,3.Religion not stated,922,1414.0,1414.0,970.0,929.0,154
230,chhattisgarh,bilaspur,2002.0,56,43,72,0,72,15,15,0,13,160,10,86,0,1998355,1013875,984480,17.59,1511661,971.0,397104,63.51,78.43,48.17,857577,630504,227073,1140778,1.Hindus,1904580,2.Muslims,45342,3.Others,19325,1579.0,1545.0,1494.0,1426.0,452
231,chhattisgarh,durg,2002.0,72,65,132,0,132,29,23,6,11,230,33,116,0,2810436,1417893,1392543,16.88,1738127,982.0,348801,75.62,86.43,64.64,1162833,965624,197209,1647603,1.Hindus,2654202,2.Muslims,70398,3.Sikhs,23399,1776.0,1762.0,1737.0,1698.0,669
232,chhattisgarh,raigarh,2002.0,56,24,39,0,39,5,5,0,4,103,15,30,0,1265529,634597,630932,18.68,1096073,994.0,447703,70.16,82.7,57.62,601564,430725,170839,663965,1.Hindus,1212180,2.Christians,36098,3.Muslims,12637,1433.0,1410.0,1385.0,1350.0,279
233,chhattisgarh,raipur,2002.0,86,63,159,0,159,40,35,5,20,184,34,106,0,3016930,1523925,1493005,18.97,2099312,980.0,365273,68.51,81.97,54.81,1264663,961507,303156,1752267,1.Hindus,2881933,2.Muslims,77963,3.Christians,16857,2124.0,2101.0,1955.0,1987.0,696
234,chhattisgarh,rajnandgaon,2002.0,51,17,62,0,62,8,7,1,6,86,7,41,0,1283224,634342,648882,17.7,1051577,1023.0,341688,77.21,87.17,67.55,649401,558996,90405,633823,1.Hindus,1215492,2.Buddhists,28020,3.Muslims,21035,1605.0,1595.0,1550.0,1484.0,343
235,gujarat,amreli,2002.0,21,17,4,0,4,27,23,4,0,18,1,95,0,1393918,701593,692325,6.45,1080960,987.0,3256,66.09,76.44,55.78,600819,470043,130776,793099,1.Hindus,1307460,2.Muslims,83077,3.Jains,2309,615.0,614.0,615.0,614.0,383
236,gujarat,anand,2002.0,48,31,8,0,8,38,33,5,0,22,2,183,0,1856872,972000,884872,13.03,1348901,910.0,22835,74.51,86.09,61.94,784711,617669,167042,1072161,1.Hindus,1616127,2.Muslims,199263,3.Christians,29461,350.0,350.0,350.0,350.0,301
237,gujarat,bharuch,2002.0,47,25,7,0,7,24,23,1,0,26,0,52,0,1370656,713676,656980,19.32,1018096,921.0,444043,74.41,82.98,65.11,570693,469551,101142,799963,1.Hindus,1059796,2.Muslims,293459,3.Christians,8824,657.0,657.0,656.0,644.0,403
238,gujarat,bhavnagar,2002.0,59,43,9,0,9,51,39,12,4,57,7,125,0,2469630,1274920,1194710,19.29,1534592,937.0,7298,66.2,78.02,53.73,944559,781166,163393,1525071,1.Hindus,2264062,2.Muslims,172740,3.Jains,28921,790.0,790.0,789.0,786.0,526
239,gujarat,gandhinagar,2002.0,31,7,7,0,7,21,19,2,1,15,5,126,0,1334455,697999,636456,23.88,867195,912.0,17681,76.59,87.74,64.58,554336,467413,86923,780119,1.Hindus,1269766,2.Muslims,50559,3.Jains,7769,291.0,291.0,291.0,290.0,244
240,gujarat,jamnagar,2002.0,39,24,25,0,25,36,30,6,5,19,4,176,0,1904278,981320,922958,22.39,1068022,941.0,10459,66.48,76.25,56.18,734382,624057,110325,1169896,1.Hindus,1605941,2.Muslims,270223,3.Jains,21907,698.0,695.0,666.0,666.0,286
241,gujarat,junagadh,2002.0,55,22,10,0,10,50,41,9,2,38,13,368,0,2448173,1252350,1195823,17.08,1736645,955.0,18832,67.78,78.74,56.43,1000842,785530,215312,1447331,1.Hindus,2165734,2.Muslims,274481,3.Jains,4291,923.0,922.0,901.0,858.0,803
242,gujarat,narmada,2002.0,16,4,7,0,7,5,2,3,0,6,4,9,0,514404,263986,250418,14.4,462298,949.0,401654,59.86,72.44,46.61,259116,176372,82744,255288,1.Hindus,482552,2.Muslims,20429,3.Christians,5122,552.0,552.0,530.0,515.0,324
243,gujarat,navsari,2002.0,26,4,5,0,5,11,11,0,0,2,0,23,0,1229463,628988,600475,13.22,893110,955.0,591164,75.83,82.77,68.61,545215,457002,88213,684248,1.Hindus,1135525,2.Muslims,69972,3.Jains,13575,374.0,374.0,374.0,368.0,268
244,gujarat,patan,2002.0,24,13,3,0,3,29,28,1,0,25,0,88,0,1182709,612100,570609,14.08,944281,932.0,12637,60.36,73.63,46.33,533078,395470,137608,649631,1.Hindus,1057013,2.Muslims,119748,3.Jains,5136,517.0,516.0,517.0,514.0,265
245,gujarat,porbandar,2002.0,7,7,4,0,4,9,8,1,3,16,0,53,0,536835,275821,261014,14.35,275460,946.0,6456,68.62,78.36,58.42,215134,173594,41540,321701,1.Hindus,507176,2.Muslims,28404,3.Jains,589,182.0,182.0,155.0,156.0,130
246,gujarat,surendranagar,2002.0,40,30,13,0,13,37,29,8,4,40,2,83,0,1515148,787650,727498,25.34,1112700,924.0,14338,61.61,74.19,48.1,647609,512038,135571,867539,1.Hindus,1392451,2.Muslims,97846,3.Jains,22721,650.0,649.0,650.0,648.0,170
247,gujarat,valsad,2002.0,39,14,3,0,3,21,16,5,0,12,0,32,0,1410553,734799,675754,29.66,1029392,920.0,772405,69.15,77.9,59.62,650257,503333,146924,760296,1.Hindus,1300005,2.Muslims,66440,3.Christians,15399,450.0,450.0,425.0,449.0,303
248,haryana,ambala,2002.0,25,18,15,0,15,21,18,3,7,17,0,122,0,1014411,542977,471434,25.69,657383,868.0,-,75.31,82.31,67.39,324521,275648,48873,689890,1.Hindus,856193,2.Sikhs,132463,3.Muslims,17263,482.0,482.0,479.0,432.0,204
249,haryana,bhiwani,2002.0,35,24,17,0,17,16,13,3,35,29,0,54,0,1425022,758253,666769,22.45,1154629,879.0,-,67.45,80.26,53.0,609320,425210,184110,815702,1.Hindus,1407363,2.Muslims,12740,3.Sikhs,2542,437.0,437.0,437.0,429.0,252
250,haryana,faridabad,2002.0,57,38,37,0,37,61,39,22,19,56,1122,92,0,2194586,1193063,1001523,48.47,973242,839.0,-,70.03,81.52,56.31,785762,609663,176099,1408824,1.Hindus,1896698,2.Muslims,247293,3.Sikhs,36005,413.0,413.0,413.0,376.0,188
251,haryana,gurgaon,2002.0,66,50,27,0,27,50,36,14,11,35,57,128,0,1660289,886451,773838,44.64,1291285,873.0,-,62.91,76.17,47.78,629658,464644,165014,1030631,1.Hindus,1026542,2.Muslims,617918,3.Sikhs,6672,694.0,694.0,693.0,642.0,203
252,haryana,jind,2002.0,33,13,19,0,19,15,9,6,11,10,12,57,0,1189827,642282,547545,21.35,948250,852.0,-,62.12,73.82,48.51,521946,372049,149897,667881,1.Hindus,1134539,2.Sikhs,29159,3.Muslims,20618,306.0,306.0,306.0,300.0,247
253,haryana,kaithal,2002.0,26,21,7,0,7,7,4,3,6,11,0,98,0,946131,510513,435618,20.95,762649,853.0,-,59.02,69.15,47.31,372011,268127,103884,574120,1.Hindus,848765,2.Sikhs,88700,3.Muslims,6777,270.0,270.0,270.0,261.0,160
254,haryana,karnal,2002.0,39,28,37,0,37,16,8,8,11,25,0,115,0,1274183,683368,590815,23.13,936341,865.0,-,67.74,76.29,57.97,455455,355466,99989,818728,1.Hindus,1125279,2.Sikhs,123160,3.Muslims,22614,422.0,422.0,422.0,385.0,186
255,haryana,kurukshetra,2002.0,31,13,15,0,15,18,14,4,7,20,14,88,0,825454,442328,383126,23.72,609943,866.0,-,69.88,78.06,60.61,308392,250596,57796,517062,1.Hindus,675381,2.Sikhs,135545,3.Muslims,12028,407.0,402.0,406.0,385.0,179
256,haryana,mahendragarh,2002.0,21,9,16,0,16,19,9,10,3,22,0,19,0,812521,423578,388943,19.09,702885,918.0,-,69.89,84.72,54.08,351864,204704,147160,460657,1.Hindus,805991,2.Muslims,3434,3.Sikhs,2026,368.0,368.0,368.0,350.0,190
257,haryana,panipat,2002.0,46,25,43,1,42,30,21,9,9,22,20,193,0,967449,528860,438589,38.57,575369,829.0,-,69.17,78.5,57.97,382801,289013,93788,584648,1.Hindus,873593,2.Muslims,59696,3.Sikhs,27437,179.0,179.0,179.0,168.0,116
258,haryana,rewari,2002.0,21,9,10,0,10,11,7,4,14,15,0,23,0,765351,403034,362317,25.24,629177,899.0,-,75.25,88.45,60.83,333622,204855,128767,431729,1.Hindus,758328,2.Muslims,3194,3.Sikhs,1668,397.0,397.0,397.0,379.0,175
259,haryana,rohtak,2002.0,63,39,17,0,17,16,10,6,17,14,40,30,0,940128,509038,431090,20.99,610524,847.0,-,73.72,83.23,62.59,371073,288225,82848,569055,1.Hindus,924541,2.Muslims,5665,3.Sikhs,5079,146.0,146.0,146.0,130.0,118
260,haryana,sirsa,2002.0,43,37,20,0,20,22,3,19,7,30,0,103,0,1116649,593245,523404,22.96,823184,882.0,-,60.55,70.05,49.93,475571,363946,111625,641078,1.Hindus,801747,2.Sikhs,302942,3.Muslims,7056,321.0,321.0,318.0,312.0,197
261,haryana,sonipat,2002.0,82,49,14,0,14,24,16,8,20,15,10,63,0,1279175,695723,583452,22.36,957800,839.0,-,72.79,83.06,60.68,523031,383449,139582,756144,1.Hindus,1234225,2.Muslims,31954,3.Jains,6729,323.0,323.0,323.0,316.0,248
262,haryana,yamunanagar,2002.0,31,16,13,0,13,22,18,4,9,11,0,55,0,1041630,559444,482186,21.84,648608,862.0,-,71.63,78.82,63.39,336533,280728,55805,705097,1.Hindus,849255,2.Muslims,104073,3.Sikhs,83524,613.0,613.0,607.0,483.0,248
263,jharkhand,deoghar,2002.0,36,34,37,0,37,5,2,3,16,7,0,17,0,1165390,608878,556512,24.46,1005539,914.0,142717,50.09,66.38,31.99,432714,283711,149003,732676,1.Hindus,910409,2.Muslims,221705,3.Others,27263,2356.0,2356.0,289.0,768.0,94
264,jharkhand,dhanbad,2002.0,88,42,38,0,38,72,25,47,36,53,3,19,0,2397102,1278946,1118156,22.82,1141744,874.0,202729,67.0,79.54,52.43,664058,492501,171557,1733044,1.Hindus,1944757,2.Muslims,364807,3.Others,61505,1121.0,1121.0,503.0,708.0,154
265,jharkhand,dumka,2002.0,67,149,50,0,50,15,3,12,8,31,0,37,0,1759602,897364,862238,17.31,1644690,961.0,701903,47.94,62.86,32.35,778378,470354,308024,981224,1.Hindus,1323468,2.Muslims,203741,3.Others,170201,3737.0,3737.0,213.0,1732.0,312
266,jharkhand,giridih,2002.0,72,27,39,0,39,23,8,15,52,48,0,36,0,1904430,960679,943751,27.09,1782066,982.0,184469,44.5,62.09,26.62,644644,340925,303719,1259786,1.Hindus,1475201,2.Muslims,383253,3.Others,30778,2532.0,2532.0,481.0,1232.0,229
267,jharkhand,godda,2002.0,31,36,86,0,86,21,6,15,4,0,0,56,0,1047939,544043,503896,21.61,1010931,926.0,247538,43.13,57.52,27.39,421941,238694,183247,625998,1.Hindus,745237,2.Muslims,210734,3.Others,68055,1633.0,1633.0,257.0,892.0,141
268,jharkhand,gumla,2002.0,108,32,31,0,31,9,8,1,1,4,0,14,0,1346767,675769,670998,16.6,1273025,993.0,920597,51.74,63.5,39.95,658921,446953,211968,687846,1.Hindus,440373,2.Christians,425107,3.Others,419004,1393.0,1393.0,92.0,1015.0,365
269,jharkhand,hazaribagh,2002.0,86,59,71,0,71,33,18,15,31,27,0,90,0,2277475,1167793,1109682,24.02,1748406,950.0,268333,57.74,71.81,42.87,790049,532895,257154,1487426,1.Hindus,1870586,2.Muslims,337117,3.Others,36789,1543.0,1543.0,413.0,962.0,147
270,jharkhand,palamu,2002.0,69,48,14,0,14,16,8,8,24,11,0,18,34,2098359,1084417,1013942,26.8,1973266,935.0,392325,44.95,58.91,29.88,793658,444921,348737,1304701,1.Hindus,1740948,2.Muslims,242980,3.Others,63100,2465.0,2465.0,410.0,1474.0,349
271,jharkhand,ranchi,2002.0,270,161,55,0,55,67,22,45,9,73,0,62,0,2785064,1436976,1348088,25.72,1807243,938.0,1164624,64.57,76.56,51.72,1076904,750962,325942,1708160,1.Hindus,1399301,2.Others,767672,3.Muslims,348774,2052.0,2052.0,331.0,1343.0,377
272,karnataka,belgaum,2002.0,113,60,6,0,6,26,16,10,7,55,0,102,0,4214505,2150090,2064415,17.4,3201814,960.0,243451,64.21,75.7,52.32,1877774,1537645,340129,2336731,1.Hindus,3565153,2.Muslims,440836,3.Christians,169466,1255.0,1254.0,1247.0,1240.0,740
273,karnataka,bellary,2002.0,62,58,11,0,11,13,8,5,8,68,0,52,0,2027140,1029714,997426,22.3,1320290,969.0,364638,57.4,69.2,45.28,920821,801369,119452,1106319,1.Hindus,1739522,2.Muslims,257806,3.Christians,13226,524.0,523.0,524.0,381.0,260
274,karnataka,bidar,2002.0,49,62,8,0,8,23,13,10,10,85,2,64,0,1502373,771022,731351,19.56,1157498,949.0,182219,60.94,72.46,48.81,557603,424985,132618,944770,1.Hindus,1020174,2.Muslims,295762,3.Buddhists,122083,599.0,596.0,596.0,591.0,293
275,karnataka,bijapur,2002.0,62,53,3,0,3,30,24,6,5,71,0,90,0,1806918,926424,880494,17.63,1410829,950.0,30051,57.01,69.94,43.47,718213,551972,166241,1088705,1.Hindus,1495080,2.Muslims,294491,3.Jains,8356,660.0,659.0,657.0,626.0,392
276,karnataka,chitradurga,2002.0,37,18,12,0,12,7,4,3,7,46,0,32,0,1517896,776221,741675,15.05,1243658,955.0,266235,64.45,74.66,53.78,721835,576035,145800,796061,1.Hindus,1388506,2.Muslims,109412,3.Religion not stated,8411,946.0,916.0,946.0,879.0,197
277,karnataka,davanagere,2002.0,57,26,14,0,14,18,15,3,8,74,2,73,0,1790952,917705,873247,14.78,1247954,952.0,209701,67.43,76.37,58.04,783781,631726,152055,1007171,1.Hindus,1532714,2.Muslims,226708,3.Religion not stated,10944,810.0,786.0,808.0,727.0,278
278,karnataka,gulbarga,2002.0,79,76,24,0,24,43,32,11,4,119,6,73,0,3130922,1592789,1538133,21.02,2278301,966.0,154195,50.01,61.77,37.9,1350072,1010430,339642,1780850,1.Hindus,2381497,2.Muslims,551171,3.Buddhists,153619,1360.0,1327.0,1342.0,1337.0,708
279,karnataka,hassan,2002.0,74,65,11,0,11,26,0,26,7,64,0,62,0,1721669,859086,862583,9.66,1416996,1004.0,26451,68.63,78.37,59.0,864711,702827,161884,856958,1.Hindus,1587287,2.Muslims,104730,3.Christians,15598,2394.0,2330.0,2341.0,1990.0,482
280,karnataka,kodagu,2002.0,35,29,4,0,4,6,1,5,2,27,0,18,0,548561,274831,273730,11.64,473179,996.0,46115,77.99,83.7,72.26,266378,247574,18804,282183,1.Hindus,450694,2.Muslims,78466,3.Christians,17951,291.0,279.0,286.0,267.0,138
281,karnataka,kolar,2002.0,73,71,18,0,18,36,12,24,16,34,0,46,0,2536069,1286193,1249876,13.83,1910546,972.0,205711,62.84,73.17,52.23,1235028,1014667,220361,1301041,1.Hindus,2196660,2.Muslims,298767,3.Christians,32547,2919.0,2797.0,2785.0,2342.0,490
282,karnataka,koppal,2002.0,19,37,6,0,6,26,26,0,3,29,0,49,0,1196089,603312,592777,24.57,997797,983.0,138588,54.1,68.42,39.61,554506,422208,132298,641583,1.Hindus,1042294,2.Muslims,137174,3.Religion not stated,5395,594.0,590.0,594.0,560.0,281
283,karnataka,mandya,2002.0,61,56,30,0,30,18,0,18,14,45,0,102,0,1763705,888034,875671,7.14,1480990,986.0,17193,61.05,70.5,51.53,840419,682440,157979,923286,1.Hindus,1667640,2.Muslims,69890,3.Buddhists,11093,1369.0,1330.0,1323.0,1185.0,458
284,karnataka,raichur,2002.0,59,67,6,0,6,25,16,9,10,72,6,56,0,1669762,841840,827922,21.93,1248925,983.0,303042,48.81,61.52,35.93,732762,544347,188415,937000,1.Hindus,1417051,2.Muslims,228652,3.Christians,12390,830.0,806.0,796.0,306.0,338
285,karnataka,shimoga,2002.0,53,47,11,0,11,14,12,2,4,59,1,159,0,1642545,830559,811986,12.9,1071535,978.0,55997,74.52,82.01,66.88,714671,586832,127839,927874,1.Hindus,1401087,2.Muslims,200979,3.Christians,26474,1443.0,1415.0,1399.0,989.0,311
286,karnataka,tumkur,2002.0,58,49,9,0,9,19,10,9,16,60,0,30,0,2584711,1313801,1270910,11.87,2077509,967.0,193819,67.01,76.78,56.94,1316939,1050291,266648,1267772,1.Hindus,2349801,2.Muslims,211732,3.Christians,7736,2574.0,2477.0,2573.0,2123.0,382
287,kerala,ernakulam,2002.0,36,80,27,0,27,12,9,3,1,170,6,179,0,3105798,1538397,1567401,9.09,1628713,1019.0,10046,93.2,95.81,90.66,1117091,915756,201335,1988707,1.Hindus,1444994,2.Christians,1204471,3.Muslims,451764,90.0,90.0,90.0,89.0,89
288,kerala,idukki,2002.0,32,18,26,0,26,0,0,0,0,120,10,108,0,1129221,566682,562539,6.96,1071628,993.0,50973,88.69,92.33,85.02,487352,400699,86653,641869,1.Hindus,566744,2.Muslims,480108,3.Christians,81222,64.0,64.0,64.0,60.0,62
289,kerala,kannur,2002.0,28,63,21,0,21,14,8,6,0,89,7,203,0,2408956,1152817,1256139,7.13,1196058,1090.0,19969,92.59,96.13,89.4,767197,626876,140321,1641759,1.Hindus,1480748,2.Muslims,665648,3.Christians,261019,78.0,78.0,78.0,78.0,78
290,kerala,kollam,2002.0,41,49,60,0,60,20,12,8,2,307,1,312,0,2585208,1249621,1335587,7.33,2119230,1069.0,5190,91.18,94.43,88.18,828566,654823,173743,1756642,1.Hindus,1685044,2.Muslims,474071,3.Christians,423745,93.0,93.0,93.0,93.0,92
291,kerala,kottayam,2002.0,20,22,28,0,28,15,7,8,0,156,19,132,0,1953646,964926,988720,6.76,1653838,1025.0,18340,95.82,97.34,94.35,642157,539609,102548,1311489,1.Hindus,963497,2.Muslims,871371,3.Christians,116686,89.0,89.0,89.0,89.0,88
292,kerala,kozhikode,2002.0,21,39,53,0,53,5,1,4,0,135,12,343,0,2879131,1399358,1479773,9.87,1777974,1057.0,5940,92.24,96.11,88.62,802900,630836,172064,2076231,1.Hindus,1669161,2.Muslims,1078750,3.Christians,127468,87.0,87.0,87.0,87.0,87
293,kerala,malappuram,2002.0,26,28,70,0,70,11,4,7,3,90,5,431,0,3625471,1754576,1870895,17.22,3269301,1066.0,12267,89.61,93.25,86.26,874476,691848,182628,2750995,1.Hindus,2484576,2.Muslims,1057418,3.Christians,80650,122.0,122.0,122.0,122.0,121
294,kerala,palakkad,2002.0,51,42,48,0,48,10,7,3,0,122,5,196,0,2617482,1266985,1350497,9.86,2260907,1066.0,39665,84.35,89.52,79.56,945052,768620,176432,1672430,1.Hindus,1802766,2.Muslims,703596,3.Christians,109249,144.0,144.0,144.0,141.0,139
295,kerala,pathanamthitta,2002.0,28,24,12,0,12,0,0,0,0,139,4,116,0,1234016,589398,644618,3.72,1110218,1094.0,6549,94.84,96.41,93.43,366049,285844,80205,867967,1.Hindus,694560,2.Muslims,481602,3.Christians,56457,65.0,65.0,65.0,64.0,63
296,kerala,thrissur,2002.0,52,59,30,0,30,11,7,4,4,195,14,189,0,2974232,1422052,1552180,8.7,2134799,1092.0,4826,92.27,95.11,89.71,955300,808965,146335,2018932,1.Hindus,1761842,2.Muslims,720152,3.Christians,488697,204.0,204.0,204.0,196.0,194
297,maharashtra,akola,2002.0,59,34,28,0,28,21,16,5,4,70,11,156,0,1630239,841253,788986,20.51,1002742,938.0,100088,81.41,88.91,73.43,648243,582264,65979,981996,1.Hindus,1024080,2.Muslims,296272,3.Buddhists,293184,862.0,851.0,840.0,786.0,212
298,maharashtra,bhandara,2002.0,36,13,32,0,32,16,15,1,3,57,37,70,0,1136146,573445,562701,11.2,960418,981.0,97718,78.47,88.97,67.82,536885,365464,171421,599261,1.Hindus,953507,2.Buddhists,144541,3.Muslims,23324,778.0,772.0,774.0,716.0,442
299,maharashtra,chandrapur,2002.0,52,19,29,0,29,24,21,3,3,89,9,116,0,2071101,1062993,1008108,17.26,1406034,948.0,375256,73.17,82.94,62.89,930791,683029,247762,1140310,1.Hindus,1680113,2.Buddhists,274067,3.Muslims,76050,1472.0,1462.0,1444.0,1359.0,318
300,maharashtra,dhule,2002.0,46,25,16,0,16,8,8,0,7,20,6,124,0,1707947,878372,829575,16.01,1262062,944.0,443564,71.65,81.4,61.39,737941,573496,164445,970006,1.Hindus,1522895,2.Muslims,149466,3.Buddhists,14613,678.0,675.0,673.0,669.0,276
301,maharashtra,gadchiroli,2002.0,51,33,22,0,22,9,8,1,0,59,15,65,0,970294,491101,479193,23.25,903033,976.0,371696,60.1,71.86,48.07,497104,336959,160145,473190,1.Hindus,818640,2.Buddhists,78058,3.Others,44825,1521.0,1509.0,1320.0,1279.0,369
302,maharashtra,jalgaon,2002.0,81,39,22,0,22,21,19,2,10,78,29,219,0,3682690,1905493,1777197,15.44,2629896,933.0,435951,75.43,85.91,64.3,1563983,1300086,263897,2118707,1.Hindus,3049368,2.Muslims,455288,3.Buddhists,126136,1491.0,1491.0,1486.0,1470.0,934
303,maharashtra,jalna,2002.0,48,28,14,0,14,11,8,3,5,25,8,199,0,1612980,826903,786077,18.17,1305115,951.0,32103,64.4,79.14,49.04,716900,611998,104902,896080,1.Hindus,1255041,2.Muslims,211531,3.Buddhists,121033,963.0,963.0,959.0,952.0,380
304,maharashtra,kolhapur,2002.0,65,42,17,0,17,15,7,8,20,46,8,70,0,3523162,1807470,1715692,17.59,2472809,949.0,21387,76.93,87.47,66.02,1652970,1394882,258088,1870192,1.Hindus,3077263,2.Muslims,236875,3.Jains,147285,1196.0,1194.0,1190.0,1185.0,638
305,maharashtra,latur,2002.0,39,27,4,0,4,19,19,0,5,53,5,125,0,2080285,1075257,1005028,23.95,1590024,935.0,47836,71.54,82.94,59.4,840518,712849,127669,1239767,1.Hindus,1700679,2.Muslims,292996,3.Buddhists,74351,921.0,921.0,919.0,917.0,409
306,maharashtra,mumbai,2002.0,252,134,128,0,128,119,61,58,18,254,40,214,0,8640419,4741720,3898699,27.2,-,822.0,70454,86.89,91.56,81.12,3152509,2971039,181470,5487910,1.Hindus,5953475,2.Muslims,1488987,3.Buddhists,464354,1016.4515570934255,1009.6712802768166,774.7595155709342,796.7941176470588,118
307,maharashtra,mumbai,2002.0,252,134,128,0,128,119,61,58,18,254,40,214,0,3338031,1878246,1459785,4.79,-,777.0,20666,86.4,90.23,81.38,1311739,1250710,61029,2026292,1.Hindus,2119750,2.Muslims,734484,3.Buddhists,161417,1016.4515570934255,1009.6712802768166,774.7595155709342,796.7941176470588,118
308,maharashtra,nanded,2002.0,83,85,29,0,29,40,34,6,24,83,6,241,0,2876259,1481358,1394901,23.08,2187195,942.0,253596,67.77,80.44,54.35,1202037,965087,236950,1674222,1.Hindus,2162185,2.Muslims,385081,3.Buddhists,302161,1546.0,1538.0,1531.0,1536.0,209
309,maharashtra,osmanabad,2002.0,46,17,28,0,28,15,8,7,0,53,10,115,0,1486586,769368,717218,15.35,1253330,932.0,27857,69.02,80.42,56.89,653522,555202,98320,833064,1.Hindus,1297858,2.Muslims,151181,3.Buddhists,28356,729.0,729.0,727.0,726.0,400
310,maharashtra,parbhani,2002.0,55,31,19,0,19,11,7,4,5,55,4,137,0,1527715,780191,747524,15.31,1042529,958.0,35210,66.07,79.63,52.02,644752,559917,84835,882963,1.Hindus,1121246,2.Muslims,243935,3.Buddhists,153231,830.0,830.0,824.0,821.0,386
311,maharashtra,ratnagiri,2002.0,26,6,13,0,13,5,5,0,0,41,16,23,0,1696777,794498,902279,9.87,1504568,1136.0,20102,75.05,85.89,65.77,763387,557613,205774,933390,1.Hindus,1391137,2.Muslims,175672,3.Buddhists,120855,1539.0,1538.0,1539.0,1484.0,810
312,maharashtra,sangli,2002.0,97,29,33,0,33,22,14,8,4,38,8,63,0,2583524,1320088,1263436,17.59,1950306,957.0,17855,76.62,86.26,66.73,1218655,952241,266414,1364869,1.Hindus,2243478,2.Muslims,203524,3.Jains,85160,721.0,721.0,721.0,719.0,567
313,maharashtra,satara,2002.0,83,17,31,0,31,14,9,5,13,51,2,156,0,2808994,1408326,1400668,14.1,2410873,995.0,21896,78.22,88.2,68.38,1303658,1044989,258669,1505336,1.Hindus,2533359,2.Buddhists,128570,3.Muslims,125661,1716.0,1716.0,1701.0,1680.0,646
314,maharashtra,sindhudurg,2002.0,18,7,11,0,11,4,2,2,1,14,1,11,0,868825,417890,450935,3.55,786506,1079.0,4952,80.3,90.26,71.23,404985,233827,171158,463840,1.Hindus,802498,2.Buddhists,24320,3.Muslims,23668,743.0,743.0,735.0,722.0,593
315,maharashtra,wardha,2002.0,49,31,37,0,37,21,19,2,2,110,30,79,0,1236736,638990,597746,15.3,911695,935.0,154415,80.06,87.18,72.45,550351,431330,119021,686385,1.Hindus,1006235,2.Buddhists,169579,3.Muslims,47605,1004.0,998.0,998.0,842.0,392
316,maharashtra,yavatmal,2002.0,76,67,65,0,65,36,31,5,17,104,17,142,0,2458271,1265681,1192590,18.46,2001060,942.0,473370,73.62,84.09,62.52,1118937,949453,169484,1339334,1.Hindus,1999368,2.Buddhists,221793,3.Muslims,196909,1856.0,1820.0,1795.0,1729.0,723
317,manipur,bishnupur,2002.0,24,23,2,0,2,20,7,13,0,9,0,1,0,208368,104550,103818,13.9,133627,993.0,6143,67.63,79.61,55.66,89703,55557,34146,118665,1.Hindus,148903,2.Others,38763,3.Muslims,14194,48.0,48.0,46.0,47.0,28
318,manipur,chandel,2002.0,9,4,0,0,0,9,0,9,0,0,0,0,0,118327,59741,58586,72.8,103365,981.0,108779,56.23,64.34,47.98,54545,39935,14610,63782,1.Christians,109128,2.Hindus,5701,3.Muslims,2318,350.0,323.0,190.0,214.0,25
319,manipur,churachandpur,2002.0,30,11,0,0,0,19,1,18,0,1,0,0,0,227905,117232,110673,29.81,227905,944.0,212482,70.59,77.67,63.06,99363,71933,27430,128542,1.Christians,213186,2.Hindus,10538,3.Muslims,2573,540.0,539.0,306.0,395.0,66
320,manipur,tamenglong,2002.0,3,3,0,0,0,4,0,4,0,0,0,0,0,111499,58014,53485,29.23,111499,922.0,106349,59.25,68.72,48.95,50863,43353,7510,60636,1.Christians,105791,2.Hindus,3187,3.Muslims,1431,171.0,171.0,75.0,157.0,42
321,manipur,thoubal,2002.0,27,29,4,0,4,34,18,16,0,8,0,4,0,364140,182250,181890,24.62,232868,998.0,4274,66.41,80.43,52.46,177343,111486,65857,186797,1.Hindus,221096,2.Muslims,86849,3.Others,50819,90.0,90.0,84.0,88.0,36
322,manipur,ukhrul,2002.0,3,1,1,0,1,1,0,1,0,0,0,0,0,140778,73465,67313,28.98,140778,916.0,134493,73.12,80.13,65.41,66515,51564,14951,74263,1.Christians,133966,2.Hindus,5687,3.Muslims,881,198.0,198.0,154.0,188.0,47
323,mizoram,aizawl,2002.0,5,18,36,0,36,4,0,4,0,28,0,2,0,325676,166877,158799,39.24,77531,952.0,303641,96.51,96.75,96.26,162961,125328,37633,162715,1.Christians,303893,2.Hindus,14508,3.Muslims,5185,96.0,96.0,81.0,86.0,46
324,mizoram,lawngtlai,2002.0,3,0,2,0,2,0,0,0,0,4,0,0,0,73620,38776,34844,34.78,73620,899.0,70234,64.74,70.9,57.81,34093,26188,7905,39527,1.Buddhists,38410,2.Christians,32877,3.Hindus,1910,139.0,139.0,27.0,134.0,24
325,mizoram,lunglei,2002.0,2,2,11,0,11,0,0,0,0,11,0,0,0,137223,71402,65821,23.1,79267,922.0,130768,84.17,87.44,80.6,71792,60870,10922,65431,1.Christians,109204,2.Buddhists,22429,3.Hindus,4612,160.0,160.0,101.0,130.0,55
326,nagaland,kohima,2002.0,25,2,9,0,9,0,0,0,0,0,0,0,0,310084,162251,147833,49.96,233054,911.0,280753,74.54,80.3,68.15,135023,114456,20567,175061,1.Christians,278844,2.Hindus,21950,3.Others,5457,180.0,179.0,148.0,164.0,82
327,nagaland,mokokchung,2002.0,11,1,0,0,0,1,0,1,0,0,0,0,0,232085,120929,111156,43.48,200871,919.0,217653,83.92,86.03,81.61,109260,82160,27100,122825,1.Christians,219282,2.Hindus,10433,3.Muslims,2128,102.0,101.0,97.0,99.0,82
328,nagaland,mon,2002.0,1,1,0,0,0,1,1,0,0,0,0,0,0,260652,138753,121899,73.42,244062,879.0,244821,41.83,46.56,36.35,130848,108206,22642,129804,1.Christians,248684,2.Hindus,9963,3.Muslims,1748,110.0,110.0,102.0,107.0,69
329,nagaland,phek,2002.0,5,4,1,0,1,4,0,4,0,0,0,0,0,148195,77141,71054,45.12,135331,921.0,142977,70.65,78.37,62.26,71398,57454,13944,76797,1.Christians,143048,2.Hindus,4095,3.Muslims,517,104.0,104.0,102.0,102.0,54
330,nagaland,tuensang,2002.0,6,5,1,0,1,1,0,1,0,0,0,0,0,414818,218678,196140,78.1,385046,897.0,398350,50.64,55.12,45.58,184924,156950,27974,229894,1.Christians,406287,2.Hindus,6856,3.Muslims,1329,251.0,251.0,238.0,230.0,123
331,nagaland,wokha,2002.0,6,3,1,0,1,0,0,0,0,0,0,0,0,161223,83670,77553,95.01,123587,927.0,153983,80.55,85.35,75.32,56254,49679,6575,104969,1.Christians,155009,2.Hindus,4787,3.Muslims,1209,128.0,128.0,105.0,104.0,67
332,nagaland,zunheboto,2002.0,9,2,1,0,1,0,0,0,0,0,0,0,0,153955,79056,74899,61.0,130874,947.0,147915,69.28,73.74,64.57,56783,47491,9292,97172,1.Christians,150097,2.Hindus,3193,3.Muslims,492,187.0,186.0,187.0,178.0,57
333,punjab,amritsar,2002.0,51,24,5,0,5,32,23,9,9,14,0,74,0,3096077,1650589,1445488,22.72,1872802,876.0,-,67.27,72.61,61.26,1112200,938100,174100,1983877,1.Sikhs,2383575,2.Hindus,648284,3.Christians,51948,1185.0,1151.0,1185.0,1114.0,696
334,punjab,faridkot,2002.0,12,12,6,0,6,11,8,3,5,6,0,23,0,550892,292596,258296,21.42,357321,883.0,-,61.95,68.15,55.03,209754,181873,27881,341138,1.Sikhs,427104,2.Hindus,119702,3.Muslims,1739,163.0,163.0,163.0,160.0,107
335,punjab,gurdaspur,2002.0,26,24,17,0,17,14,8,6,4,10,0,28,0,2104011,1113077,990934,19.33,1568788,890.0,-,73.77,79.78,67.15,700557,568322,132235,1403454,1.Hindus,996246,2.Sikhs,934963,3.Christians,148981,1532.0,1531.0,1532.0,1375.0,517
336,punjab,hoshiarpur,2002.0,31,38,19,0,19,16,10,6,12,12,1,55,0,1480736,765132,715604,13.81,1188662,935.0,-,81.02,86.45,75.32,513351,415123,98228,967385,1.Hindus,871923,2.Sikhs,574862,3.Muslims,15394,1386.0,1386.0,1386.0,1232.0,382
337,punjab,jalandhar,2002.0,59,64,20,0,20,50,38,12,14,12,0,82,0,1962700,1040177,922523,18.4,1030717,887.0,-,78.04,82.49,73.08,676835,599324,77511,1285865,1.Hindus,1158868,2.Sikhs,740841,3.Christians,22106,934.0,934.0,934.0,832.0,598
338,punjab,kapurthala,2002.0,32,18,17,0,17,16,8,8,7,14,0,47,0,754521,399623,354898,16.34,507994,888.0,-,73.93,79.02,68.29,262741,231222,31519,491780,1.Sikhs,448654,2.Hindus,286438,3.Buddhists,7740,618.0,618.0,618.0,478.0,359
339,punjab,ludhiana,2002.0,68,77,40,0,40,125,88,37,16,88,127,145,0,3032831,1662716,1370115,24.79,1339178,824.0,-,76.5,80.25,71.95,1149638,1041517,108121,1883193,1.Sikhs,1744446,2.Hindus,1205128,3.Muslims,52220,897.0,897.0,897.0,842.0,550
340,punjab,patiala,2002.0,46,48,18,0,18,41,29,12,14,45,0,119,0,1844934,987390,857544,20.31,1200224,868.0,-,69.78,75.88,62.86,681951,589015,92936,1162983,1.Sikhs,1024546,2.Hindus,778427,3.Muslims,34828,1054.0,1053.0,1054.0,986.0,172
341,punjab,sangrur,2002.0,42,37,14,0,14,23,17,6,6,19,4,52,0,2000173,1069289,930884,18.57,1415354,871.0,-,59.98,65.81,53.38,814098,714076,100022,1186075,1.Sikhs,1400149,2.Hindus,434873,3.Muslims,157838,697.0,697.0,697.0,684.0,291
342,rajasthan,ajmer,2002.0,48,63,27,0,27,124,124,0,23,65,0,285,0,2181670,1129920,1051750,26.1,1306994,931.0,52634,64.65,79.37,48.86,856809,690818,165991,1324861,1.Hindus,1869044,2.Muslims,244341,3.Jains,47812,1025.0,1025.0,966.0,970.0,352
343,rajasthan,alwar,2002.0,82,96,44,0,44,121,89,32,42,115,1,250,0,2992592,1586752,1405840,30.23,2557653,886.0,239905,61.74,78.09,43.28,1458686,947587,511099,1533906,1.Hindus,2535155,2.Muslims,383204,3.Sikhs,55530,1954.0,1954.0,1843.0,1811.0,553
344,rajasthan,banswara,2002.0,40,26,74,0,74,55,50,5,10,92,1,85,0,1501589,760686,740903,29.84,1394226,974.0,1085272,44.63,60.45,28.43,709412,529393,180019,792177,1.Hindus,1425287,2.Muslims,39079,3.Jains,18406,1476.0,1476.0,853.0,1348.0,450
345,rajasthan,barmer,2002.0,18,28,24,0,24,25,16,9,8,83,0,66,0,1964835,1038247,926588,36.83,1819431,892.0,118688,58.99,72.76,43.45,919729,680208,239521,1045106,1.Hindus,1695047,2.Muslims,231918,3.Jains,35744,1933.0,1933.0,948.0,1777.0,433
346,rajasthan,bharatpur,2002.0,87,81,59,0,59,109,79,30,27,29,0,227,0,2101142,1133425,967717,27.05,1692182,854.0,47077,63.57,80.54,43.56,852913,573547,279366,1248229,1.Hindus,1804599,2.Muslims,264709,3.Sikhs,23472,1366.0,1365.0,1238.0,1298.0,481
347,rajasthan,bhilwara,2002.0,30,46,46,0,46,196,164,32,4,134,6,339,0,2013789,1026650,987139,26.14,1598938,962.0,180556,50.74,67.39,33.48,939848,764916,174932,1073941,1.Hindus,1859972,2.Muslims,112802,3.Jains,37659,1693.0,1693.0,1553.0,1516.0,473
348,rajasthan,bikaner,2002.0,40,90,24,0,24,21,21,0,13,34,0,142,0,1674271,886075,788196,38.18,1079235,890.0,5945,56.91,70.05,42.03,661457,522482,138975,1012814,1.Hindus,1445088,2.Muslims,172372,3.Jains,31235,712.0,686.0,485.0,611.0,173
349,rajasthan,bundi,2002.0,21,95,38,0,38,109,83,26,7,151,3,225,0,962620,504818,457802,24.8,783058,907.0,194851,55.57,71.68,37.79,456937,305977,150960,505683,1.Hindus,881956,2.Muslims,56220,3.Jains,13186,839.0,838.0,733.0,764.0,178
350,rajasthan,churu,2002.0,26,48,22,0,22,31,14,17,8,50,0,163,0,1923878,987781,936097,24.6,1387682,948.0,10063,66.81,79.69,53.35,853899,587431,266468,1069979,1.Hindus,1698106,2.Muslims,210446,3.Jains,13882,946.0,925.0,877.0,909.0,423
351,rajasthan,dungarpur,2002.0,24,16,21,0,21,43,40,3,4,58,1,42,0,1107643,547791,559852,26.58,1026787,1022.0,721487,48.57,66.04,31.77,531376,272283,259093,576267,1.Hindus,1068319,2.Muslims,23549,3.Jains,12542,854.0,853.0,723.0,819.0,368
352,rajasthan,ganganagar,2002.0,63,94,54,0,54,60,52,8,19,100,1,391,0,1789423,955378,834045,27.53,1336066,873.0,14744,64.74,75.53,52.44,719792,552559,167233,1069631,1.Hindus,1299812,2.Sikhs,441409,3.Muslims,42442,2830.0,2820.0,1817.0,1653.0,654
353,rajasthan,jaipur,2002.0,85,116,57,0,57,256,221,35,32,187,0,517,0,5251071,2768203,2482868,35.1,2659004,897.0,412864,69.9,82.8,55.52,1864055,1584361,279694,3387016,1.Hindus,4629461,2.Muslims,515124,3.Jains,73631,2077.0,2077.0,1962.0,1863.0,622
354,rajasthan,jaisalmer,2002.0,7,0,3,0,3,5,4,1,5,13,0,17,0,508247,279101,229146,47.45,431853,821.0,27834,50.97,66.26,32.05,211687,153139,58548,296560,1.Hindus,383638,2.Muslims,120174,3.Sikhs,2086,600.0,576.0,183.0,473.0,144
355,rajasthan,jhalawar,2002.0,44,71,61,0,61,82,60,22,7,150,11,210,0,1180323,612804,567519,23.34,1012081,926.0,141861,57.32,73.31,40.02,554781,399386,155395,625542,1.Hindus,1087934,2.Muslims,78962,3.Jains,11759,1477.0,1476.0,1185.0,1173.0,214
356,rajasthan,jodhpur,2002.0,38,69,33,0,33,104,76,28,17,157,5,267,0,2886505,1513890,1372615,33.77,1909423,907.0,79540,56.67,72.96,38.64,1105009,829721,275288,1781496,1.Hindus,2528049,2.Muslims,310114,3.Jains,36694,1058.0,1058.0,911.0,983.0,462
357,rajasthan,kota,2002.0,56,374,37,0,37,160,132,28,6,154,3,319,0,1568525,827128,741397,28.52,729948,896.0,151969,73.53,85.23,60.43,541362,420734,120628,1027163,1.Hindus,1344633,2.Muslims,183716,3.Jains,23259,812.0,811.0,736.0,715.0,225
358,rajasthan,nagaur,2002.0,43,30,39,0,39,61,28,33,14,78,0,153,0,2775058,1424967,1350091,29.33,2297721,947.0,6497,57.28,74.1,39.67,1129514,844039,285475,1645544,1.Hindus,2399173,2.Muslims,356405,3.Jains,17478,1480.0,1466.0,1417.0,1417.0,580
359,rajasthan,pali,2002.0,32,74,25,0,25,74,59,15,14,116,3,205,0,1820251,918856,901395,22.39,1429364,981.0,105814,54.39,72.2,36.48,724883,518158,206725,1095368,1.Hindus,1677038,2.Muslims,114088,3.Jains,25599,936.0,936.0,883.0,906.0,451
360,rajasthan,sikar,2002.0,41,29,13,0,13,52,27,25,10,42,0,116,0,2287788,1172753,1115035,24.11,1815250,951.0,62512,70.47,84.34,56.11,887915,633421,254494,1399873,1.Hindus,2019396,2.Muslims,261714,3.Jains,4957,986.0,985.0,965.0,945.0,470
361,rajasthan,sirohi,2002.0,28,26,9,0,9,44,37,7,3,33,0,83,0,851107,437949,413158,30.08,700217,943.0,210763,53.94,69.89,37.15,343905,245762,98143,507202,1.Hindus,810765,2.Muslims,25439,3.Jains,12427,455.0,454.0,399.0,423.0,201
362,rajasthan,tonk,2002.0,22,26,18,0,18,90,72,18,1,45,3,169,0,1211671,626436,585235,24.24,958503,934.0,145891,51.97,70.52,32.15,532682,425230,107452,678989,1.Hindus,1062365,2.Muslims,124440,3.Jains,23644,1032.0,1031.0,818.0,887.0,246
363,rajasthan,udaipur,2002.0,65,79,39,0,39,112,75,37,12,71,0,95,0,2633312,1336004,1297308,27.37,2142995,971.0,1260432,58.62,73.62,43.26,1100880,724120,376760,1532432,1.Hindus,2449773,2.Muslims,88262,3.Jains,83699,2339.0,2337.0,1647.0,2030.0,619
364,sikkim,east,2002.0,6,1,3,0,3,5,2,3,0,9,0,2,0,245040,132917,112123,37.17,192188,844.0,45321,74.67,81.2,66.8,116529,92577,23952,128511,1.Hindus,157321,2.Buddhists,64729,3.Christians,14502,131.0,131.0,125.0,112.0,100
365,sikkim,north,2002.0,1,0,0,0,0,1,0,1,0,2,0,0,0,41030,23414,17616,31.32,39782,752.0,21772,67.21,75.69,55.39,23542,17553,5989,17488,1.Buddhists,22603,2.Hindus,16128,3.Christians,1623,53.0,53.0,46.0,42.0,44
366,sikkim,south,2002.0,2,2,1,0,1,1,0,1,0,3,0,1,0,131525,68241,63284,33.37,127579,927.0,20483,67.31,74.29,59.72,69693,57367,12326,61832,1.Hindus,84213,2.Buddhists,31109,3.Christians,12757,145.0,145.0,142.0,131.0,99
367,sikkim,west,2002.0,4,2,2,0,2,2,0,2,0,3,0,0,0,123256,63912,59344,25.48,121432,929.0,23829,58.8,66.82,50.11,53279,45407,7872,69977,1.Hindus,71886,2.Buddhists,33601,3.Others,9567,121.0,121.0,115.0,107.0,86
368,tripura,dhalai,2002.0,29,7,6,0,6,33,20,13,2,11,0,9,0,307868,159095,148773,10.79,289001,935.0,166326,60.93,70.17,50.99,126761,92570,34191,181107,1.Hindus,257834,2.Buddhists,28180,3.Christians,14848,148.0,148.0,108.0,138.0,58
369,chandigarh,chandigarh,2002.0,31,35,18,0,18,54,47,7,1,36,28,56,0,900635,506938,393697,40.33,92120,777.0,-,81.94,86.14,76.47,340422,328989,11433,560213,1.Hindus,707978,2.Sikhs,145175,3.Muslims,35548,23.0,23.0,23.0,18.0,18
370,assam,barpeta,2003.0,46,9,61,0,61,76,56,20,6,15,0,112,0,1647201,848578,798623,18.53,1520333,941.0,123266,56.24,64.83,47.07,517088,408537,108551,1130113,1.Hindus,977943,2.Muslims,662066,3.Christians,5267,1050.0,1050.0,775.0,967.0,430
371,assam,bongaigaon,2003.0,27,9,27,0,27,46,40,6,6,10,0,61,0,904835,465240,439595,12.23,795053,945.0,110696,59.33,67.67,50.44,293243,233087,60156,611592,1.Hindus,535464,2.Muslims,348573,3.Christians,18728,881.0,881.0,607.0,805.0,112
372,assam,cachar,2003.0,68,35,70,0,70,120,95,25,3,118,0,229,0,1444921,743042,701879,18.66,1243534,945.0,18631,67.82,75.73,59.41,465734,364814,100920,979187,1.Hindus,886761,2.Muslims,522051,3.Christians,31306,1020.0,1020.0,741.0,902.0,134
373,assam,darrang,2003.0,73,21,53,0,53,83,63,20,7,93,0,48,0,1504320,773861,730459,15.79,1429492,944.0,249861,55.44,63.91,46.4,527993,404428,123565,976327,1.Hindus,868532,2.Muslims,534658,3.Christians,97306,1319.0,1319.0,1032.0,1246.0,356
374,assam,dhemaji,2003.0,20,18,43,0,43,25,10,15,0,14,0,44,0,571944,294643,277301,18.93,533112,941.0,270496,64.48,74.41,53.86,250146,155431,94715,321798,1.Hindus,548780,2.Muslims,10533,3.Christians,6390,1236.0,1236.0,253.0,1068.0,83
375,assam,dhubri,2003.0,64,20,68,0,68,62,51,11,6,87,0,151,0,1637344,841044,796300,23.42,1444901,947.0,32523,48.21,55.91,40.04,470360,399201,71159,1166984,1.Hindus,1216455,2.Muslims,405065,3.Christians,12477,1261.0,1261.0,904.0,1138.0,374
376,assam,dibrugarh,2003.0,107,33,38,0,38,54,39,15,0,28,0,28,0,1185072,613555,571517,12.43,956634,931.0,88337,68.96,77.3,59.95,472419,342708,129711,712653,1.Hindus,1075878,2.Muslims,53306,3.Christians,45040,1309.0,1309.0,1195.0,1169.0,263
377,assam,goalpara,2003.0,30,23,60,0,60,51,47,4,2,36,0,152,0,822035,420251,401784,23.07,755133,956.0,131800,58.03,64.86,50.85,273925,209928,63997,548110,1.Hindus,441516,2.Muslims,314157,3.Christians,64662,761.0,761.0,689.0,723.0,243
378,assam,golaghat,2003.0,55,16,67,0,67,73,60,13,0,26,0,58,0,946279,490286,455993,14.21,865141,930.0,93920,69.38,77.14,60.99,388640,269896,118744,557639,1.Hindus,813263,2.Muslims,74808,3.Christians,52277,1066.0,1066.0,595.0,769.0,87
379,assam,hailakandi,2003.0,25,18,27,0,27,43,35,8,2,29,2,30,0,542872,280513,262359,20.92,498787,935.0,821,59.64,68.24,50.46,179881,138216,41665,362991,1.Hindus,312849,2.Muslims,223191,3.Christians,5424,327.0,327.0,268.0,308.0,110
380,assam,jorhat,2003.0,46,7,40,0,40,28,28,0,0,26,0,23,0,999221,517015,482206,15.84,827901,933.0,123134,76.34,83.62,68.49,414348,285092,129256,584873,1.Hindus,927858,2.Muslims,47658,3.Christians,18610,787.0,787.0,650.0,717.0,215
381,assam,kamrup,2003.0,24,18,48,0,48,51,23,28,0,6,0,10,0,2522324,1326981,1195343,25.75,1614107,901.0,250393,74.16,81.16,66.31,842253,697810,144443,1680071,1.Hindus,1836153,2.Muslims,625002,3.Christians,44257,1342.0,1342.0,1042.0,1190.0,468
382,assam,karimganj,2003.0,31,19,29,0,29,47,40,7,5,4,0,84,0,1007976,517680,490296,21.35,934126,947.0,2901,66.24,74.69,57.28,303294,235016,68278,704682,1.Hindus,527214,2.Muslims,470708,3.Christians,8746,915.0,915.0,639.0,865.0,224
383,assam,kokrajhar,2003.0,46,23,22,0,22,40,31,9,2,28,0,37,0,905764,466191,439573,15.05,841823,943.0,304985,51.63,60.32,42.4,334849,234771,100078,570915,1.Hindus,594168,2.Muslims,184441,3.Christians,124270,951.0,951.0,704.0,906.0,211
384,assam,lakhimpur,2003.0,31,19,76,0,76,80,77,3,0,44,0,108,0,889010,455691,433319,18.34,823857,951.0,208864,68.56,77.06,59.59,497745,288052,209693,391265,1.Hindus,702881,2.Muslims,143505,3.Christians,36667,1139.0,1139.0,680.0,1046.0,211
385,assam,nagaon,2003.0,75,51,105,0,105,169,159,10,7,107,4,181,0,2314629,1190950,1123679,22.3,2036342,944.0,89394,61.73,68.27,54.74,727641,566195,161446,1586988,1.Hindus,1180267,2.Muslims,1106354,3.Christians,21473,1375.0,1374.0,1190.0,1257.0,480
386,assam,nalbari,2003.0,35,32,33,0,33,64,43,21,0,18,0,23,0,1148824,592375,556449,11.98,1121338,939.0,202577,67.23,76.56,57.26,383932,291665,92267,764892,1.Hindus,873749,2.Muslims,253842,3.Christians,18495,798.0,798.0,733.0,769.0,179
387,assam,sibsagar,2003.0,55,26,38,0,38,76,76,0,4,15,0,74,0,1051736,545476,506260,15.95,954557,928.0,41533,74.47,81.53,66.81,430523,287319,143204,621213,1.Hindus,927706,2.Muslims,85761,3.Christians,28488,866.0,866.0,772.0,825.0,317
388,assam,sonitpur,2003.0,98,27,64,0,64,90,90,0,3,56,0,146,0,1681513,871568,809945,17.8,1505719,929.0,195083,59.0,67.54,49.73,634723,465283,169440,1046790,1.Hindus,1287646,2.Muslims,268078,3.Christians,115623,1784.0,1784.0,1331.0,1372.0,235
389,assam,tinsukia,2003.0,79,3,32,0,32,33,33,0,2,14,0,23,0,1150062,601099,548963,19.52,926105,913.0,67234,60.95,70.15,50.78,466351,349847,116504,683711,1.Hindus,1029142,2.Muslims,62403,3.Christians,40000,1107.0,1107.0,871.0,936.0,198
390,bihar,araria,2003.0,49,26,38,0,38,56,17,39,13,3,0,24,0,2158608,1128105,1030503,31.84,2026257,913.0,29423,35.01,46.38,22.37,853445,657446,195999,1305163,1.Hindus,1263766,2.Muslims,887972,3.Jains,2504,713.0,713.0,129.0,552.0,60
391,bihar,aurangabad,2003.0,84,52,18,0,18,26,6,20,25,6,0,19,0,2013055,1040945,972110,30.19,1842998,934.0,1640,57.03,71.13,41.9,671011,476390,194621,1342044,1.Hindus,1814612,2.Muslims,196030,3.Religion not stated,1161,1739.0,1739.0,527.0,1148.0,270
392,bihar,begusarai,2003.0,145,53,19,0,19,96,28,68,29,0,0,34,0,2349366,1228874,1120492,29.11,2241743,912.0,1505,47.98,59.13,35.64,746075,571564,174511,1603291,1.Hindus,2033039,2.Muslims,313713,3.Religion not stated,1224,729.0,729.0,457.0,503.0,167
393,bihar,bhagalpur,2003.0,97,189,45,0,45,98,57,41,13,33,0,107,0,2423172,1291658,1131514,27.24,1970745,876.0,55545,49.5,59.22,38.13,855345,580731,274614,1567827,1.Hindus,1990976,2.Muslims,423246,3.Christians,1853,935.0,935.0,445.0,642.0,229
394,bihar,bhojpur,2003.0,125,46,12,0,12,48,1,47,24,14,0,75,0,2243144,1179611,1063533,24.58,1930730,902.0,8337,58.96,74.29,41.8,653811,491916,161895,1589333,1.Hindus,2076589,2.Muslims,163193,3.Religion not stated,913,999.0,999.0,247.0,885.0,133
395,bihar,darbhanga,2003.0,68,58,77,0,77,61,20,41,19,10,0,95,0,3295789,1722189,1573600,30.85,3028441,914.0,841,44.33,56.72,30.78,1028558,761464,267094,2267231,1.Hindus,2543284,2.Muslims,748971,3.Religion not stated,2245,1083.0,1083.0,490.0,850.0,271
396,bihar,gaya,2003.0,230,56,27,0,27,69,32,37,37,40,0,46,0,3473428,1792163,1681265,30.19,2997479,938.0,2945,50.45,63.27,36.66,1277639,994459,283180,2195789,1.Hindus,3063841,2.Muslims,403439,3.Religion not stated,1622,2680.0,2680.0,539.0,1635.0,278
397,bihar,gopalganj,2003.0,65,78,12,0,12,34,13,21,14,0,6,34,0,2152638,1075710,1076928,26.11,2022048,1001.0,6157,47.48,62.96,32.16,641672,466811,174861,1510966,1.Hindus,1784275,2.Muslims,367219,3.Religion not stated,850,1383.0,1383.0,439.0,866.0,261
398,bihar,jehanabad,2003.0,64,101,9,0,9,40,5,35,16,0,0,34,0,1514315,784946,729369,28.64,1402703,929.0,1313,55.26,70.07,39.37,580905,422789,158116,933410,1.Hindus,1389053,2.Muslims,124149,3.Religion not stated,743,856.0,856.0,219.0,672.0,123
399,bihar,katihar,2003.0,78,35,92,0,92,68,42,26,9,9,0,60,0,2392638,1246872,1145766,30.91,2174361,919.0,140418,35.09,45.31,23.8,898326,664259,234067,1494312,1.Hindus,1363523,2.Muslims,1017495,3.Christians,4994,1290.0,1290.0,277.0,785.0,248
400,bihar,khagaria,2003.0,62,70,16,0,16,77,0,77,6,9,0,22,0,1280354,679267,601087,29.32,1204027,885.0,332,41.35,51.82,29.35,467240,333262,133978,813114,1.Hindus,1147346,2.Muslims,131441,3.Others,546,241.0,241.0,114.0,220.0,124
401,bihar,kishanganj,2003.0,27,4,17,0,17,39,38,1,5,2,0,20,0,1296348,669552,626796,31.5,1167340,936.0,47116,31.09,42.71,18.63,417151,359819,57332,879197,1.Muslims,876105,2.Hindus,412995,3.Christians,2856,730.0,730.0,116.0,442.0,120
402,bihar,madhepura,2003.0,62,14,8,0,8,24,5,19,6,2,0,8,0,1526646,797180,729466,29.45,1458679,915.0,9295,36.07,48.8,22.11,683976,498367,185609,842670,1.Hindus,1351978,2.Muslims,173605,3.Religion not stated,494,384.0,384.0,168.0,311.0,141
403,bihar,madhubani,2003.0,78,172,38,0,38,62,29,33,20,112,0,262,0,3575281,1840997,1734284,26.08,3450736,942.0,1260,41.97,56.79,26.25,1227723,877412,350311,2347558,1.Hindus,2930501,2.Muslims,641579,3.Religion not stated,1477,1034.0,1034.0,437.0,901.0,232
404,bihar,munger,2003.0,80,28,7,0,7,47,7,40,6,16,0,63,0,1137797,607730,530067,20.34,819950,872.0,18060,59.47,69.89,47.4,331451,233688,97763,806346,1.Hindus,1045233,2.Muslims,89791,3.Christians,1135,525.0,525.0,321.0,382.0,149
405,bihar,muzaffarpur,2003.0,120,30,59,0,59,160,20,140,63,27,0,98,0,3746714,1951466,1795248,26.74,3398361,920.0,3472,47.95,59.1,35.81,1139830,895830,244000,2606884,1.Hindus,3168225,2.Muslims,573951,3.Religion not stated,2104,1725.0,1725.0,1021.0,1423.0,526
406,bihar,nalanda,2003.0,171,139,21,0,21,58,18,40,49,39,0,64,1,2370528,1238599,1131929,18.64,2016899,914.0,970,53.19,66.44,38.58,903144,700007,203137,1467384,1.Hindus,2191552,2.Muslims,176871,3.Religion not stated,888,1000.0,1000.0,366.0,879.0,198
407,bihar,patna,2003.0,484,680,34,0,34,220,15,205,85,49,0,127,0,4718592,2519942,2198650,30.17,2757060,873.0,9236,62.92,73.34,50.83,1425647,1161984,263663,3292945,1.Hindus,4333556,2.Muslims,366164,3.Christians,8951,1288.0,1288.0,615.0,1199.0,390
408,bihar,rohtas,2003.0,157,218,15,0,15,87,36,51,28,30,0,52,0,2450748,1283485,1167263,27.71,2123942,909.0,25663,61.29,75.31,45.71,744183,544731,199452,1706565,1.Hindus,2199049,2.Muslims,246760,3.Sikhs,2549,1710.0,1710.0,493.0,1185.0,153
409,bihar,saharsa,2003.0,47,69,11,0,11,25,11,14,13,14,0,3,0,1508182,789432,718750,33.03,1383015,910.0,4642,39.08,51.66,25.27,589467,411566,177901,918715,1.Hindus,1289364,2.Muslims,217922,3.Christians,437,441.0,441.0,127.0,374.0,63
410,bihar,samastipur,2003.0,136,121,20,0,20,80,8,72,18,11,2,34,25,3394793,1760692,1634101,25.63,3271338,928.0,3362,45.13,57.59,31.67,1071974,843356,228618,2322819,1.Hindus,3035755,2.Muslims,355897,3.Religion not stated,1432,1122.0,1122.0,674.0,878.0,195
411,bihar,saran,2003.0,115,154,32,0,32,95,49,46,65,17,1,82,0,3248701,1652661,1596040,26.37,2950064,966.0,6667,51.8,67.3,35.82,860940,644618,216322,2387761,1.Hindus,2909213,2.Muslims,337767,3.Religion not stated,758,1566.0,1566.0,544.0,1213.0,342
412,bihar,sitamarhi,2003.0,51,16,37,0,37,82,24,58,27,6,0,39,4,2682720,1417611,1265109,32.58,2529407,892.0,1786,38.46,49.36,26.13,855156,714136,141020,1827564,1.Hindus,2111476,2.Muslims,568992,3.Religion not stated,1237,802.0,802.0,302.0,709.0,216
413,bihar,siwan,2003.0,86,160,13,0,13,62,22,40,32,36,0,54,0,2714349,1336283,1378066,24.78,2564860,1031.0,13822,51.65,67.26,36.88,730437,511578,218859,1983912,1.Hindus,2218632,2.Muslims,494176,3.Religion not stated,899,1438.0,1438.0,441.0,1119.0,254
414,bihar,vaishali,2003.0,118,207,29,0,29,85,40,45,69,22,0,65,5,2718421,1415603,1302818,26.39,2531766,920.0,3068,50.49,63.23,36.58,782717,624452,158265,1935704,1.Hindus,2457636,2.Muslims,259158,3.Religion not stated,922,1414.0,1414.0,970.0,929.0,154
415,chhattisgarh,bilaspur,2003.0,95,55,49,0,49,12,12,0,18,165,3,87,0,1998355,1013875,984480,17.59,1511661,971.0,397104,63.51,78.43,48.17,857577,630504,227073,1140778,1.Hindus,1904580,2.Muslims,45342,3.Others,19325,1579.0,1545.0,1494.0,1426.0,452
416,chhattisgarh,durg,2003.0,58,50,117,0,117,21,17,4,13,229,31,118,0,2810436,1417893,1392543,16.88,1738127,982.0,348801,75.62,86.43,64.64,1162833,965624,197209,1647603,1.Hindus,2654202,2.Muslims,70398,3.Sikhs,23399,1776.0,1762.0,1737.0,1698.0,669
417,chhattisgarh,raigarh,2003.0,46,27,36,0,36,15,15,0,2,94,6,32,0,1265529,634597,630932,18.68,1096073,994.0,447703,70.16,82.7,57.62,601564,430725,170839,663965,1.Hindus,1212180,2.Christians,36098,3.Muslims,12637,1433.0,1410.0,1385.0,1350.0,279
418,chhattisgarh,raipur,2003.0,77,53,126,0,126,41,33,8,15,185,15,116,0,3016930,1523925,1493005,18.97,2099312,980.0,365273,68.51,81.97,54.81,1264663,961507,303156,1752267,1.Hindus,2881933,2.Muslims,77963,3.Christians,16857,2124.0,2101.0,1955.0,1987.0,696
419,chhattisgarh,rajnandgaon,2003.0,36,26,60,0,60,8,6,2,13,67,2,28,0,1283224,634342,648882,17.7,1051577,1023.0,341688,77.21,87.17,67.55,649401,558996,90405,633823,1.Hindus,1215492,2.Buddhists,28020,3.Muslims,21035,1605.0,1595.0,1550.0,1484.0,343
420,gujarat,amreli,2003.0,19,11,6,0,6,28,28,0,0,24,1,98,0,1393918,701593,692325,6.45,1080960,987.0,3256,66.09,76.44,55.78,600819,470043,130776,793099,1.Hindus,1307460,2.Muslims,83077,3.Jains,2309,615.0,614.0,615.0,614.0,383
421,gujarat,anand,2003.0,28,21,5,0,5,36,32,4,0,24,3,130,0,1856872,972000,884872,13.03,1348901,910.0,22835,74.51,86.09,61.94,784711,617669,167042,1072161,1.Hindus,1616127,2.Muslims,199263,3.Christians,29461,350.0,350.0,350.0,350.0,301
422,gujarat,bharuch,2003.0,43,9,5,0,5,28,25,3,0,19,1,69,0,1370656,713676,656980,19.32,1018096,921.0,444043,74.41,82.98,65.11,570693,469551,101142,799963,1.Hindus,1059796,2.Muslims,293459,3.Christians,8824,657.0,657.0,656.0,644.0,403
423,gujarat,bhavnagar,2003.0,57,36,5,0,5,70,55,15,6,36,11,126,0,2469630,1274920,1194710,19.29,1534592,937.0,7298,66.2,78.02,53.73,944559,781166,163393,1525071,1.Hindus,2264062,2.Muslims,172740,3.Jains,28921,790.0,790.0,789.0,786.0,526
424,gujarat,gandhinagar,2003.0,23,12,0,0,0,34,28,6,2,25,2,113,0,1334455,697999,636456,23.88,867195,912.0,17681,76.59,87.74,64.58,554336,467413,86923,780119,1.Hindus,1269766,2.Muslims,50559,3.Jains,7769,291.0,291.0,291.0,290.0,244
425,gujarat,jamnagar,2003.0,34,19,10,0,10,27,21,6,0,20,0,150,0,1904278,981320,922958,22.39,1068022,941.0,10459,66.48,76.25,56.18,734382,624057,110325,1169896,1.Hindus,1605941,2.Muslims,270223,3.Jains,21907,698.0,695.0,666.0,666.0,286
426,gujarat,junagadh,2003.0,52,20,13,0,13,47,41,6,6,40,8,312,0,2448173,1252350,1195823,17.08,1736645,955.0,18832,67.78,78.74,56.43,1000842,785530,215312,1447331,1.Hindus,2165734,2.Muslims,274481,3.Jains,4291,923.0,922.0,901.0,858.0,803
427,gujarat,narmada,2003.0,13,1,4,0,4,3,3,0,0,4,0,7,0,514404,263986,250418,14.4,462298,949.0,401654,59.86,72.44,46.61,259116,176372,82744,255288,1.Hindus,482552,2.Muslims,20429,3.Christians,5122,552.0,552.0,530.0,515.0,324
428,gujarat,navsari,2003.0,26,7,2,0,2,10,9,1,0,6,0,15,0,1229463,628988,600475,13.22,893110,955.0,591164,75.83,82.77,68.61,545215,457002,88213,684248,1.Hindus,1135525,2.Muslims,69972,3.Jains,13575,374.0,374.0,374.0,368.0,268
429,gujarat,patan,2003.0,17,11,2,0,2,15,15,0,0,21,0,112,0,1182709,612100,570609,14.08,944281,932.0,12637,60.36,73.63,46.33,533078,395470,137608,649631,1.Hindus,1057013,2.Muslims,119748,3.Jains,5136,517.0,516.0,517.0,514.0,265
430,gujarat,porbandar,2003.0,8,6,1,0,1,7,5,2,0,7,1,44,0,536835,275821,261014,14.35,275460,946.0,6456,68.62,78.36,58.42,215134,173594,41540,321701,1.Hindus,507176,2.Muslims,28404,3.Jains,589,182.0,182.0,155.0,156.0,130
431,gujarat,surendranagar,2003.0,25,14,16,0,16,32,25,7,6,42,2,53,0,1515148,787650,727498,25.34,1112700,924.0,14338,61.61,74.19,48.1,647609,512038,135571,867539,1.Hindus,1392451,2.Muslims,97846,3.Jains,22721,650.0,649.0,650.0,648.0,170
432,gujarat,valsad,2003.0,31,7,5,0,5,13,10,3,0,7,0,37,0,1410553,734799,675754,29.66,1029392,920.0,772405,69.15,77.9,59.62,650257,503333,146924,760296,1.Hindus,1300005,2.Muslims,66440,3.Christians,15399,450.0,450.0,425.0,449.0,303
433,haryana,ambala,2003.0,26,16,10,0,10,26,24,2,7,17,31,129,0,1014411,542977,471434,25.69,657383,868.0,-,75.31,82.31,67.39,324521,275648,48873,689890,1.Hindus,856193,2.Sikhs,132463,3.Muslims,17263,482.0,482.0,479.0,432.0,204
434,haryana,bhiwani,2003.0,47,22,15,0,15,17,7,10,28,17,0,69,0,1425022,758253,666769,22.45,1154629,879.0,-,67.45,80.26,53.0,609320,425210,184110,815702,1.Hindus,1407363,2.Muslims,12740,3.Sikhs,2542,437.0,437.0,437.0,429.0,252
435,haryana,faridabad,2003.0,57,30,36,0,36,70,49,21,14,34,980,136,0,2194586,1193063,1001523,48.47,973242,839.0,-,70.03,81.52,56.31,785762,609663,176099,1408824,1.Hindus,1896698,2.Muslims,247293,3.Sikhs,36005,413.0,413.0,413.0,376.0,188
436,haryana,gurgaon,2003.0,62,33,32,0,32,44,37,7,13,17,26,101,0,1660289,886451,773838,44.64,1291285,873.0,-,62.91,76.17,47.78,629658,464644,165014,1030631,1.Hindus,1026542,2.Muslims,617918,3.Sikhs,6672,694.0,694.0,693.0,642.0,203
437,haryana,jind,2003.0,33,20,17,0,17,11,5,6,10,7,13,34,0,1189827,642282,547545,21.35,948250,852.0,-,62.12,73.82,48.51,521946,372049,149897,667881,1.Hindus,1134539,2.Sikhs,29159,3.Muslims,20618,306.0,306.0,306.0,300.0,247
438,haryana,kaithal,2003.0,18,16,15,0,15,4,2,2,8,14,0,125,0,946131,510513,435618,20.95,762649,853.0,-,59.02,69.15,47.31,372011,268127,103884,574120,1.Hindus,848765,2.Sikhs,88700,3.Muslims,6777,270.0,270.0,270.0,261.0,160
439,haryana,karnal,2003.0,41,33,27,0,27,22,14,8,14,18,1,173,0,1274183,683368,590815,23.13,936341,865.0,-,67.74,76.29,57.97,455455,355466,99989,818728,1.Hindus,1125279,2.Sikhs,123160,3.Muslims,22614,422.0,422.0,422.0,385.0,186
440,haryana,kurukshetra,2003.0,30,15,23,0,23,11,7,4,12,23,18,92,0,825454,442328,383126,23.72,609943,866.0,-,69.88,78.06,60.61,308392,250596,57796,517062,1.Hindus,675381,2.Sikhs,135545,3.Muslims,12028,407.0,402.0,406.0,385.0,179
441,haryana,mahendragarh,2003.0,16,10,10,0,10,11,9,2,4,12,0,27,0,812521,423578,388943,19.09,702885,918.0,-,69.89,84.72,54.08,351864,204704,147160,460657,1.Hindus,805991,2.Muslims,3434,3.Sikhs,2026,368.0,368.0,368.0,350.0,190
442,haryana,panipat,2003.0,47,21,38,0,38,16,9,7,13,17,22,165,0,967449,528860,438589,38.57,575369,829.0,-,69.17,78.5,57.97,382801,289013,93788,584648,1.Hindus,873593,2.Muslims,59696,3.Sikhs,27437,179.0,179.0,179.0,168.0,116
443,haryana,rewari,2003.0,16,10,11,0,11,11,9,2,7,22,1,34,0,765351,403034,362317,25.24,629177,899.0,-,75.25,88.45,60.83,333622,204855,128767,431729,1.Hindus,758328,2.Muslims,3194,3.Sikhs,1668,397.0,397.0,397.0,379.0,175
444,haryana,rohtak,2003.0,50,52,25,0,25,21,15,6,17,12,23,34,0,940128,509038,431090,20.99,610524,847.0,-,73.72,83.23,62.59,371073,288225,82848,569055,1.Hindus,924541,2.Muslims,5665,3.Sikhs,5079,146.0,146.0,146.0,130.0,118
445,haryana,sirsa,2003.0,38,36,22,0,22,18,5,13,9,10,0,70,0,1116649,593245,523404,22.96,823184,882.0,-,60.55,70.05,49.93,475571,363946,111625,641078,1.Hindus,801747,2.Sikhs,302942,3.Muslims,7056,321.0,321.0,318.0,312.0,197
446,haryana,sonipat,2003.0,62,37,15,0,15,26,20,6,17,21,5,68,0,1279175,695723,583452,22.36,957800,839.0,-,72.79,83.06,60.68,523031,383449,139582,756144,1.Hindus,1234225,2.Muslims,31954,3.Jains,6729,323.0,323.0,323.0,316.0,248
447,haryana,yamunanagar,2003.0,22,15,12,0,12,15,13,2,4,15,0,86,0,1041630,559444,482186,21.84,648608,862.0,-,71.63,78.82,63.39,336533,280728,55805,705097,1.Hindus,849255,2.Muslims,104073,3.Sikhs,83524,613.0,613.0,607.0,483.0,248
448,jharkhand,deoghar,2003.0,55,40,53,0,53,8,7,1,14,14,1,20,0,1165390,608878,556512,24.46,1005539,914.0,142717,50.09,66.38,31.99,432714,283711,149003,732676,1.Hindus,910409,2.Muslims,221705,3.Others,27263,2356.0,2356.0,289.0,768.0,94
449,jharkhand,dhanbad,2003.0,92,31,43,0,43,55,41,14,30,47,0,18,0,2397102,1278946,1118156,22.82,1141744,874.0,202729,67.0,79.54,52.43,664058,492501,171557,1733044,1.Hindus,1944757,2.Muslims,364807,3.Others,61505,1121.0,1121.0,503.0,708.0,154
450,jharkhand,dumka,2003.0,57,142,49,0,49,19,0,19,9,23,0,69,0,1759602,897364,862238,17.31,1644690,961.0,701903,47.94,62.86,32.35,778378,470354,308024,981224,1.Hindus,1323468,2.Muslims,203741,3.Others,170201,3737.0,3737.0,213.0,1732.0,312
451,jharkhand,giridih,2003.0,65,27,35,0,35,31,22,9,42,52,0,37,0,1904430,960679,943751,27.09,1782066,982.0,184469,44.5,62.09,26.62,644644,340925,303719,1259786,1.Hindus,1475201,2.Muslims,383253,3.Others,30778,2532.0,2532.0,481.0,1232.0,229
452,jharkhand,godda,2003.0,31,36,76,0,76,25,15,10,4,0,0,56,0,1047939,544043,503896,21.61,1010931,926.0,247538,43.13,57.52,27.39,421941,238694,183247,625998,1.Hindus,745237,2.Muslims,210734,3.Others,68055,1633.0,1633.0,257.0,892.0,141
453,jharkhand,gumla,2003.0,131,24,31,0,31,14,12,2,0,14,0,11,0,1346767,675769,670998,16.6,1273025,993.0,920597,51.74,63.5,39.95,658921,446953,211968,687846,1.Hindus,440373,2.Christians,425107,3.Others,419004,1393.0,1393.0,92.0,1015.0,365
454,jharkhand,hazaribagh,2003.0,81,42,40,0,40,36,20,16,41,57,0,30,0,2277475,1167793,1109682,24.02,1748406,950.0,268333,57.74,71.81,42.87,790049,532895,257154,1487426,1.Hindus,1870586,2.Muslims,337117,3.Others,36789,1543.0,1543.0,413.0,962.0,147
455,jharkhand,palamu,2003.0,70,24,13,0,13,14,8,6,11,4,0,13,0,2098359,1084417,1013942,26.8,1973266,935.0,392325,44.95,58.91,29.88,793658,444921,348737,1304701,1.Hindus,1740948,2.Muslims,242980,3.Others,63100,2465.0,2465.0,410.0,1474.0,349
456,jharkhand,ranchi,2003.0,250,136,55,0,55,70,2,68,9,73,0,61,0,2785064,1436976,1348088,25.72,1807243,938.0,1164624,64.57,76.56,51.72,1076904,750962,325942,1708160,1.Hindus,1399301,2.Others,767672,3.Muslims,348774,2052.0,2052.0,331.0,1343.0,377
457,karnataka,belgaum,2003.0,107,39,11,0,11,28,15,13,12,45,4,93,0,4214505,2150090,2064415,17.4,3201814,960.0,243451,64.21,75.7,52.32,1877774,1537645,340129,2336731,1.Hindus,3565153,2.Muslims,440836,3.Christians,169466,1255.0,1254.0,1247.0,1240.0,740
458,karnataka,bellary,2003.0,48,41,14,0,14,12,6,6,2,58,0,36,0,2027140,1029714,997426,22.3,1320290,969.0,364638,57.4,69.2,45.28,920821,801369,119452,1106319,1.Hindus,1739522,2.Muslims,257806,3.Christians,13226,524.0,523.0,524.0,381.0,260
459,karnataka,bidar,2003.0,37,57,6,0,6,22,17,5,5,45,3,67,0,1502373,771022,731351,19.56,1157498,949.0,182219,60.94,72.46,48.81,557603,424985,132618,944770,1.Hindus,1020174,2.Muslims,295762,3.Buddhists,122083,599.0,596.0,596.0,591.0,293
460,karnataka,bijapur,2003.0,55,33,9,0,9,18,11,7,4,68,0,83,0,1806918,926424,880494,17.63,1410829,950.0,30051,57.01,69.94,43.47,718213,551972,166241,1088705,1.Hindus,1495080,2.Muslims,294491,3.Jains,8356,660.0,659.0,657.0,626.0,392
461,karnataka,chitradurga,2003.0,42,20,19,0,19,15,7,8,6,43,1,32,0,1517896,776221,741675,15.05,1243658,955.0,266235,64.45,74.66,53.78,721835,576035,145800,796061,1.Hindus,1388506,2.Muslims,109412,3.Religion not stated,8411,946.0,916.0,946.0,879.0,197
462,karnataka,davanagere,2003.0,28,20,16,0,16,14,6,8,10,56,2,78,0,1790952,917705,873247,14.78,1247954,952.0,209701,67.43,76.37,58.04,783781,631726,152055,1007171,1.Hindus,1532714,2.Muslims,226708,3.Religion not stated,10944,810.0,786.0,808.0,727.0,278
463,karnataka,gulbarga,2003.0,88,72,14,0,14,29,20,9,5,150,0,103,0,3130922,1592789,1538133,21.02,2278301,966.0,154195,50.01,61.77,37.9,1350072,1010430,339642,1780850,1.Hindus,2381497,2.Muslims,551171,3.Buddhists,153619,1360.0,1327.0,1342.0,1337.0,708
464,karnataka,hassan,2003.0,53,67,16,0,16,20,9,11,3,78,0,43,0,1721669,859086,862583,9.66,1416996,1004.0,26451,68.63,78.37,59.0,864711,702827,161884,856958,1.Hindus,1587287,2.Muslims,104730,3.Christians,15598,2394.0,2330.0,2341.0,1990.0,482
465,karnataka,kodagu,2003.0,32,24,11,0,11,6,2,4,1,27,0,18,0,548561,274831,273730,11.64,473179,996.0,46115,77.99,83.7,72.26,266378,247574,18804,282183,1.Hindus,450694,2.Muslims,78466,3.Christians,17951,291.0,279.0,286.0,267.0,138
466,karnataka,kolar,2003.0,65,56,14,0,14,32,26,6,10,32,1,52,0,2536069,1286193,1249876,13.83,1910546,972.0,205711,62.84,73.17,52.23,1235028,1014667,220361,1301041,1.Hindus,2196660,2.Muslims,298767,3.Christians,32547,2919.0,2797.0,2785.0,2342.0,490
467,karnataka,koppal,2003.0,24,23,12,0,12,5,5,0,5,18,2,27,0,1196089,603312,592777,24.57,997797,983.0,138588,54.1,68.42,39.61,554506,422208,132298,641583,1.Hindus,1042294,2.Muslims,137174,3.Religion not stated,5395,594.0,590.0,594.0,560.0,281
468,karnataka,mandya,2003.0,57,59,13,0,13,8,6,2,5,65,0,77,0,1763705,888034,875671,7.14,1480990,986.0,17193,61.05,70.5,51.53,840419,682440,157979,923286,1.Hindus,1667640,2.Muslims,69890,3.Buddhists,11093,1369.0,1330.0,1323.0,1185.0,458
469,karnataka,raichur,2003.0,37,26,12,0,12,16,16,0,7,61,5,79,0,1669762,841840,827922,21.93,1248925,983.0,303042,48.81,61.52,35.93,732762,544347,188415,937000,1.Hindus,1417051,2.Muslims,228652,3.Christians,12390,830.0,806.0,796.0,306.0,338
470,karnataka,shimoga,2003.0,51,40,15,0,15,21,14,7,4,73,0,127,0,1642545,830559,811986,12.9,1071535,978.0,55997,74.52,82.01,66.88,714671,586832,127839,927874,1.Hindus,1401087,2.Muslims,200979,3.Christians,26474,1443.0,1415.0,1399.0,989.0,311
471,karnataka,tumkur,2003.0,79,46,14,0,14,24,1,23,10,77,1,38,0,2584711,1313801,1270910,11.87,2077509,967.0,193819,67.01,76.78,56.94,1316939,1050291,266648,1267772,1.Hindus,2349801,2.Muslims,211732,3.Christians,7736,2574.0,2477.0,2573.0,2123.0,382
472,kerala,idukki,2003.0,28,14,14,0,14,0,0,0,0,93,6,104,0,1129221,566682,562539,6.96,1071628,993.0,50973,88.69,92.33,85.02,487352,400699,86653,641869,1.Hindus,566744,2.Muslims,480108,3.Christians,81222,64.0,64.0,64.0,60.0,62
473,kerala,kannur,2003.0,12,38,13,0,13,4,2,2,0,65,3,174,0,2408956,1152817,1256139,7.13,1196058,1090.0,19969,92.59,96.13,89.4,767197,626876,140321,1641759,1.Hindus,1480748,2.Muslims,665648,3.Christians,261019,78.0,78.0,78.0,78.0,78
474,kerala,kollam,2003.0,36,22,53,0,53,24,11,13,5,317,0,365,0,2585208,1249621,1335587,7.33,2119230,1069.0,5190,91.18,94.43,88.18,828566,654823,173743,1756642,1.Hindus,1685044,2.Muslims,474071,3.Christians,423745,93.0,93.0,93.0,93.0,92
475,kerala,kottayam,2003.0,19,25,25,0,25,15,10,5,0,141,10,115,0,1953646,964926,988720,6.76,1653838,1025.0,18340,95.82,97.34,94.35,642157,539609,102548,1311489,1.Hindus,963497,2.Muslims,871371,3.Christians,116686,89.0,89.0,89.0,89.0,88
476,kerala,malappuram,2003.0,18,17,42,0,42,11,4,7,2,57,2,460,0,3625471,1754576,1870895,17.22,3269301,1066.0,12267,89.61,93.25,86.26,874476,691848,182628,2750995,1.Hindus,2484576,2.Muslims,1057418,3.Christians,80650,122.0,122.0,122.0,122.0,121
477,kerala,palakkad,2003.0,52,41,47,0,47,12,1,11,3,140,4,214,0,2617482,1266985,1350497,9.86,2260907,1066.0,39665,84.35,89.52,79.56,945052,768620,176432,1672430,1.Hindus,1802766,2.Muslims,703596,3.Christians,109249,144.0,144.0,144.0,141.0,139
478,kerala,pathanamthitta,2003.0,27,10,13,0,13,0,0,0,2,94,0,116,0,1234016,589398,644618,3.72,1110218,1094.0,6549,94.84,96.41,93.43,366049,285844,80205,867967,1.Hindus,694560,2.Muslims,481602,3.Christians,56457,65.0,65.0,65.0,64.0,63
479,kerala,thrissur,2003.0,39,35,29,0,29,20,7,13,3,157,10,224,0,2974232,1422052,1552180,8.7,2134799,1092.0,4826,92.27,95.11,89.71,955300,808965,146335,2018932,1.Hindus,1761842,2.Muslims,720152,3.Christians,488697,204.0,204.0,204.0,196.0,194
480,maharashtra,akola,2003.0,48,38,29,0,29,29,29,0,9,80,5,132,0,1630239,841253,788986,20.51,1002742,938.0,100088,81.41,88.91,73.43,648243,582264,65979,981996,1.Hindus,1024080,2.Muslims,296272,3.Buddhists,293184,862.0,851.0,840.0,786.0,212
481,maharashtra,bhandara,2003.0,30,7,41,0,41,7,6,1,7,54,27,69,0,1136146,573445,562701,11.2,960418,981.0,97718,78.47,88.97,67.82,536885,365464,171421,599261,1.Hindus,953507,2.Buddhists,144541,3.Muslims,23324,778.0,772.0,774.0,716.0,442
482,maharashtra,chandrapur,2003.0,41,21,36,0,36,13,12,1,3,85,21,101,0,2071101,1062993,1008108,17.26,1406034,948.0,375256,73.17,82.94,62.89,930791,683029,247762,1140310,1.Hindus,1680113,2.Buddhists,274067,3.Muslims,76050,1472.0,1462.0,1444.0,1359.0,318
483,maharashtra,dhule,2003.0,32,13,7,0,7,5,5,0,2,18,6,90,0,1707947,878372,829575,16.01,1262062,944.0,443564,71.65,81.4,61.39,737941,573496,164445,970006,1.Hindus,1522895,2.Muslims,149466,3.Buddhists,14613,678.0,675.0,673.0,669.0,276
484,maharashtra,gadchiroli,2003.0,58,28,30,0,30,17,13,4,2,57,20,81,0,970294,491101,479193,23.25,903033,976.0,371696,60.1,71.86,48.07,497104,336959,160145,473190,1.Hindus,818640,2.Buddhists,78058,3.Others,44825,1521.0,1509.0,1320.0,1279.0,369
485,maharashtra,jalgaon,2003.0,82,39,38,0,38,20,9,11,8,79,21,239,0,3682690,1905493,1777197,15.44,2629896,933.0,435951,75.43,85.91,64.3,1563983,1300086,263897,2118707,1.Hindus,3049368,2.Muslims,455288,3.Buddhists,126136,1491.0,1491.0,1486.0,1470.0,934
486,maharashtra,jalna,2003.0,53,25,8,0,8,15,14,1,15,53,14,204,0,1612980,826903,786077,18.17,1305115,951.0,32103,64.4,79.14,49.04,716900,611998,104902,896080,1.Hindus,1255041,2.Muslims,211531,3.Buddhists,121033,963.0,963.0,959.0,952.0,380
487,maharashtra,kolhapur,2003.0,66,40,15,0,15,18,11,7,25,47,7,64,0,3523162,1807470,1715692,17.59,2472809,949.0,21387,76.93,87.47,66.02,1652970,1394882,258088,1870192,1.Hindus,3077263,2.Muslims,236875,3.Jains,147285,1196.0,1194.0,1190.0,1185.0,638
488,maharashtra,latur,2003.0,56,34,21,0,21,15,15,0,31,49,2,80,0,2080285,1075257,1005028,23.95,1590024,935.0,47836,71.54,82.94,59.4,840518,712849,127669,1239767,1.Hindus,1700679,2.Muslims,292996,3.Buddhists,74351,921.0,921.0,919.0,917.0,409
489,maharashtra,mumbai,2003.0,242,115,133,0,133,150,85,65,8,282,44,199,0,8640419,4741720,3898699,27.2,-,822.0,70454,86.89,91.56,81.12,3152509,2971039,181470,5487910,1.Hindus,5953475,2.Muslims,1488987,3.Buddhists,464354,1016.4515570934255,1009.6712802768166,774.7595155709342,796.7941176470588,118
490,maharashtra,mumbai,2003.0,242,115,133,0,133,150,85,65,8,282,44,199,0,3338031,1878246,1459785,4.79,-,777.0,20666,86.4,90.23,81.38,1311739,1250710,61029,2026292,1.Hindus,2119750,2.Muslims,734484,3.Buddhists,161417,1016.4515570934255,1009.6712802768166,774.7595155709342,796.7941176470588,118
491,maharashtra,nanded,2003.0,71,90,33,0,33,24,14,10,16,78,7,229,0,2876259,1481358,1394901,23.08,2187195,942.0,253596,67.77,80.44,54.35,1202037,965087,236950,1674222,1.Hindus,2162185,2.Muslims,385081,3.Buddhists,302161,1546.0,1538.0,1531.0,1536.0,209
492,maharashtra,osmanabad,2003.0,38,16,12,0,12,7,3,4,3,37,11,92,0,1486586,769368,717218,15.35,1253330,932.0,27857,69.02,80.42,56.89,653522,555202,98320,833064,1.Hindus,1297858,2.Muslims,151181,3.Buddhists,28356,729.0,729.0,727.0,726.0,400
493,maharashtra,parbhani,2003.0,52,30,13,0,13,12,7,5,7,49,5,149,0,1527715,780191,747524,15.31,1042529,958.0,35210,66.07,79.63,52.02,644752,559917,84835,882963,1.Hindus,1121246,2.Muslims,243935,3.Buddhists,153231,830.0,830.0,824.0,821.0,386
494,maharashtra,ratnagiri,2003.0,20,14,16,0,16,5,1,4,0,27,10,47,0,1696777,794498,902279,9.87,1504568,1136.0,20102,75.05,85.89,65.77,763387,557613,205774,933390,1.Hindus,1391137,2.Muslims,175672,3.Buddhists,120855,1539.0,1538.0,1539.0,1484.0,810
495,maharashtra,sangli,2003.0,78,24,47,0,47,24,12,12,7,39,8,87,0,2583524,1320088,1263436,17.59,1950306,957.0,17855,76.62,86.26,66.73,1218655,952241,266414,1364869,1.Hindus,2243478,2.Muslims,203524,3.Jains,85160,721.0,721.0,721.0,719.0,567
496,maharashtra,satara,2003.0,61,20,17,0,17,14,6,8,8,42,5,156,0,2808994,1408326,1400668,14.1,2410873,995.0,21896,78.22,88.2,68.38,1303658,1044989,258669,1505336,1.Hindus,2533359,2.Buddhists,128570,3.Muslims,125661,1716.0,1716.0,1701.0,1680.0,646
497,maharashtra,sindhudurg,2003.0,14,4,8,0,8,8,4,4,1,16,3,3,0,868825,417890,450935,3.55,786506,1079.0,4952,80.3,90.26,71.23,404985,233827,171158,463840,1.Hindus,802498,2.Buddhists,24320,3.Muslims,23668,743.0,743.0,735.0,722.0,593
498,maharashtra,wardha,2003.0,48,26,25,0,25,15,15,0,1,81,4,67,0,1236736,638990,597746,15.3,911695,935.0,154415,80.06,87.18,72.45,550351,431330,119021,686385,1.Hindus,1006235,2.Buddhists,169579,3.Muslims,47605,1004.0,998.0,998.0,842.0,392
499,maharashtra,yavatmal,2003.0,83,68,50,0,50,38,35,3,12,135,16,170,0,2458271,1265681,1192590,18.46,2001060,942.0,473370,73.62,84.09,62.52,1118937,949453,169484,1339334,1.Hindus,1999368,2.Buddhists,221793,3.Muslims,196909,1856.0,1820.0,1795.0,1729.0,723
500,manipur,bishnupur,2003.0,22,42,2,0,2,10,6,4,0,16,0,0,0,208368,104550,103818,13.9,133627,993.0,6143,67.63,79.61,55.66,89703,55557,34146,118665,1.Hindus,148903,2.Others,38763,3.Muslims,14194,48.0,48.0,46.0,47.0,28
501,manipur,chandel,2003.0,17,6,0,0,0,3,1,2,0,0,0,0,0,118327,59741,58586,72.8,103365,981.0,108779,56.23,64.34,47.98,54545,39935,14610,63782,1.Christians,109128,2.Hindus,5701,3.Muslims,2318,350.0,323.0,190.0,214.0,25
502,manipur,churachandpur,2003.0,14,21,0,0,0,4,0,4,0,2,0,0,0,227905,117232,110673,29.81,227905,944.0,212482,70.59,77.67,63.06,99363,71933,27430,128542,1.Christians,213186,2.Hindus,10538,3.Muslims,2573,540.0,539.0,306.0,395.0,66
503,manipur,tamenglong,2003.0,3,3,0,0,0,0,0,0,0,0,0,0,0,111499,58014,53485,29.23,111499,922.0,106349,59.25,68.72,48.95,50863,43353,7510,60636,1.Christians,105791,2.Hindus,3187,3.Muslims,1431,171.0,171.0,75.0,157.0,42
504,manipur,thoubal,2003.0,22,42,8,0,8,34,26,8,0,1,0,3,0,364140,182250,181890,24.62,232868,998.0,4274,66.41,80.43,52.46,177343,111486,65857,186797,1.Hindus,221096,2.Muslims,86849,3.Others,50819,90.0,90.0,84.0,88.0,36
505,manipur,ukhrul,2003.0,2,5,0,0,0,3,3,0,0,1,0,0,0,140778,73465,67313,28.98,140778,916.0,134493,73.12,80.13,65.41,66515,51564,14951,74263,1.Christians,133966,2.Hindus,5687,3.Muslims,881,198.0,198.0,154.0,188.0,47
506,mizoram,aizawl,2003.0,14,24,24,0,24,4,1,3,0,25,0,3,0,325676,166877,158799,39.24,77531,952.0,303641,96.51,96.75,96.26,162961,125328,37633,162715,1.Christians,303893,2.Hindus,14508,3.Muslims,5185,96.0,96.0,81.0,86.0,46
507,mizoram,lawngtlai,2003.0,6,3,1,0,1,0,0,0,0,6,0,0,0,73620,38776,34844,34.78,73620,899.0,70234,64.74,70.9,57.81,34093,26188,7905,39527,1.Buddhists,38410,2.Christians,32877,3.Hindus,1910,139.0,139.0,27.0,134.0,24
508,mizoram,lunglei,2003.0,6,2,6,0,6,0,0,0,0,15,0,0,0,137223,71402,65821,23.1,79267,922.0,130768,84.17,87.44,80.6,71792,60870,10922,65431,1.Christians,109204,2.Buddhists,22429,3.Hindus,4612,160.0,160.0,101.0,130.0,55
509,nagaland,kohima,2003.0,28,10,5,0,5,2,0,2,0,4,0,0,0,310084,162251,147833,49.96,233054,911.0,280753,74.54,80.3,68.15,135023,114456,20567,175061,1.Christians,278844,2.Hindus,21950,3.Others,5457,180.0,179.0,148.0,164.0,82
510,nagaland,mokokchung,2003.0,8,3,1,0,1,10,0,10,0,0,2,0,0,232085,120929,111156,43.48,200871,919.0,217653,83.92,86.03,81.61,109260,82160,27100,122825,1.Christians,219282,2.Hindus,10433,3.Muslims,2128,102.0,101.0,97.0,99.0,82
511,nagaland,mon,2003.0,7,7,2,0,2,1,0,1,0,0,0,0,0,260652,138753,121899,73.42,244062,879.0,244821,41.83,46.56,36.35,130848,108206,22642,129804,1.Christians,248684,2.Hindus,9963,3.Muslims,1748,110.0,110.0,102.0,107.0,69
512,nagaland,phek,2003.0,8,4,2,0,2,6,0,6,0,0,0,0,0,148195,77141,71054,45.12,135331,921.0,142977,70.65,78.37,62.26,71398,57454,13944,76797,1.Christians,143048,2.Hindus,4095,3.Muslims,517,104.0,104.0,102.0,102.0,54
513,nagaland,tuensang,2003.0,9,1,0,0,0,0,0,0,0,0,0,0,0,414818,218678,196140,78.1,385046,897.0,398350,50.64,55.12,45.58,184924,156950,27974,229894,1.Christians,406287,2.Hindus,6856,3.Muslims,1329,251.0,251.0,238.0,230.0,123
514,nagaland,wokha,2003.0,5,6,0,0,0,2,1,1,0,0,0,0,0,161223,83670,77553,95.01,123587,927.0,153983,80.55,85.35,75.32,56254,49679,6575,104969,1.Christians,155009,2.Hindus,4787,3.Muslims,1209,128.0,128.0,105.0,104.0,67
515,nagaland,zunheboto,2003.0,6,1,0,0,0,0,0,0,0,0,0,0,0,153955,79056,74899,61.0,130874,947.0,147915,69.28,73.74,64.57,56783,47491,9292,97172,1.Christians,150097,2.Hindus,3193,3.Muslims,492,187.0,186.0,187.0,178.0,57
516,punjab,amritsar,2003.0,49,31,11,0,11,38,25,13,4,9,0,50,0,3096077,1650589,1445488,22.72,1872802,876.0,-,67.27,72.61,61.26,1112200,938100,174100,1983877,1.Sikhs,2383575,2.Hindus,648284,3.Christians,51948,1185.0,1151.0,1185.0,1114.0,696
517,punjab,faridkot,2003.0,12,8,10,0,10,7,5,2,2,8,0,49,0,550892,292596,258296,21.42,357321,883.0,-,61.95,68.15,55.03,209754,181873,27881,341138,1.Sikhs,427104,2.Hindus,119702,3.Muslims,1739,163.0,163.0,163.0,160.0,107
518,punjab,gurdaspur,2003.0,23,19,15,0,15,5,4,1,4,4,0,19,0,2104011,1113077,990934,19.33,1568788,890.0,-,73.77,79.78,67.15,700557,568322,132235,1403454,1.Hindus,996246,2.Sikhs,934963,3.Christians,148981,1532.0,1531.0,1532.0,1375.0,517
519,punjab,hoshiarpur,2003.0,38,22,30,0,30,27,14,13,7,13,15,51,0,1480736,765132,715604,13.81,1188662,935.0,-,81.02,86.45,75.32,513351,415123,98228,967385,1.Hindus,871923,2.Sikhs,574862,3.Muslims,15394,1386.0,1386.0,1386.0,1232.0,382
520,punjab,jalandhar,2003.0,55,79,33,0,33,64,46,18,13,27,0,107,0,1962700,1040177,922523,18.4,1030717,887.0,-,78.04,82.49,73.08,676835,599324,77511,1285865,1.Hindus,1158868,2.Sikhs,740841,3.Christians,22106,934.0,934.0,934.0,832.0,598
521,punjab,kapurthala,2003.0,22,14,11,0,11,11,5,6,2,3,0,37,0,754521,399623,354898,16.34,507994,888.0,-,73.93,79.02,68.29,262741,231222,31519,491780,1.Sikhs,448654,2.Hindus,286438,3.Buddhists,7740,618.0,618.0,618.0,478.0,359
522,punjab,ludhiana,2003.0,64,66,38,0,38,85,47,38,8,72,175,116,0,3032831,1662716,1370115,24.79,1339178,824.0,-,76.5,80.25,71.95,1149638,1041517,108121,1883193,1.Sikhs,1744446,2.Hindus,1205128,3.Muslims,52220,897.0,897.0,897.0,842.0,550
523,punjab,patiala,2003.0,49,32,33,0,33,36,30,6,6,28,0,138,0,1844934,987390,857544,20.31,1200224,868.0,-,69.78,75.88,62.86,681951,589015,92936,1162983,1.Sikhs,1024546,2.Hindus,778427,3.Muslims,34828,1054.0,1053.0,1054.0,986.0,172
524,punjab,sangrur,2003.0,33,35,19,0,19,18,14,4,12,14,2,56,0,2000173,1069289,930884,18.57,1415354,871.0,-,59.98,65.81,53.38,814098,714076,100022,1186075,1.Sikhs,1400149,2.Hindus,434873,3.Muslims,157838,697.0,697.0,697.0,684.0,291
525,rajasthan,ajmer,2003.0,47,61,36,0,36,100,95,5,17,75,0,284,0,2181670,1129920,1051750,26.1,1306994,931.0,52634,64.65,79.37,48.86,856809,690818,165991,1324861,1.Hindus,1869044,2.Muslims,244341,3.Jains,47812,1025.0,1025.0,966.0,970.0,352
526,rajasthan,alwar,2003.0,80,134,50,0,50,81,60,21,42,114,0,274,0,2992592,1586752,1405840,30.23,2557653,886.0,239905,61.74,78.09,43.28,1458686,947587,511099,1533906,1.Hindus,2535155,2.Muslims,383204,3.Sikhs,55530,1954.0,1954.0,1843.0,1811.0,553
527,rajasthan,banswara,2003.0,35,26,53,0,53,54,51,3,3,89,2,100,0,1501589,760686,740903,29.84,1394226,974.0,1085272,44.63,60.45,28.43,709412,529393,180019,792177,1.Hindus,1425287,2.Muslims,39079,3.Jains,18406,1476.0,1476.0,853.0,1348.0,450
528,rajasthan,barmer,2003.0,16,16,16,0,16,26,15,11,17,72,0,63,0,1964835,1038247,926588,36.83,1819431,892.0,118688,58.99,72.76,43.45,919729,680208,239521,1045106,1.Hindus,1695047,2.Muslims,231918,3.Jains,35744,1933.0,1933.0,948.0,1777.0,433
529,rajasthan,bharatpur,2003.0,91,92,41,0,41,105,68,37,30,55,0,228,0,2101142,1133425,967717,27.05,1692182,854.0,47077,63.57,80.54,43.56,852913,573547,279366,1248229,1.Hindus,1804599,2.Muslims,264709,3.Sikhs,23472,1366.0,1365.0,1238.0,1298.0,481
530,rajasthan,bhilwara,2003.0,24,56,42,0,42,148,112,36,6,111,0,286,0,2013789,1026650,987139,26.14,1598938,962.0,180556,50.74,67.39,33.48,939848,764916,174932,1073941,1.Hindus,1859972,2.Muslims,112802,3.Jains,37659,1693.0,1693.0,1553.0,1516.0,473
531,rajasthan,bikaner,2003.0,50,88,27,0,27,41,28,13,14,50,0,164,0,1674271,886075,788196,38.18,1079235,890.0,5945,56.91,70.05,42.03,661457,522482,138975,1012814,1.Hindus,1445088,2.Muslims,172372,3.Jains,31235,712.0,686.0,485.0,611.0,173
532,rajasthan,bundi,2003.0,28,100,42,0,42,69,49,20,4,152,0,198,0,962620,504818,457802,24.8,783058,907.0,194851,55.57,71.68,37.79,456937,305977,150960,505683,1.Hindus,881956,2.Muslims,56220,3.Jains,13186,839.0,838.0,733.0,764.0,178
533,rajasthan,churu,2003.0,29,34,22,0,22,29,14,15,15,76,1,173,0,1923878,987781,936097,24.6,1387682,948.0,10063,66.81,79.69,53.35,853899,587431,266468,1069979,1.Hindus,1698106,2.Muslims,210446,3.Jains,13882,946.0,925.0,877.0,909.0,423
534,rajasthan,dungarpur,2003.0,30,20,15,0,15,29,29,0,10,50,1,54,0,1107643,547791,559852,26.58,1026787,1022.0,721487,48.57,66.04,31.77,531376,272283,259093,576267,1.Hindus,1068319,2.Muslims,23549,3.Jains,12542,854.0,853.0,723.0,819.0,368
535,rajasthan,ganganagar,2003.0,59,143,75,0,75,51,47,4,16,69,0,352,0,1789423,955378,834045,27.53,1336066,873.0,14744,64.74,75.53,52.44,719792,552559,167233,1069631,1.Hindus,1299812,2.Sikhs,441409,3.Muslims,42442,2830.0,2820.0,1817.0,1653.0,654
536,rajasthan,jaipur,2003.0,92,114,57,0,57,226,187,39,32,188,0,482,0,5251071,2768203,2482868,35.1,2659004,897.0,412864,69.9,82.8,55.52,1864055,1584361,279694,3387016,1.Hindus,4629461,2.Muslims,515124,3.Jains,73631,2077.0,2077.0,1962.0,1863.0,622
537,rajasthan,jaisalmer,2003.0,3,0,3,0,3,10,6,4,4,16,0,13,0,508247,279101,229146,47.45,431853,821.0,27834,50.97,66.26,32.05,211687,153139,58548,296560,1.Hindus,383638,2.Muslims,120174,3.Sikhs,2086,600.0,576.0,183.0,473.0,144
538,rajasthan,jhalawar,2003.0,32,81,50,0,50,69,51,18,11,141,1,191,0,1180323,612804,567519,23.34,1012081,926.0,141861,57.32,73.31,40.02,554781,399386,155395,625542,1.Hindus,1087934,2.Muslims,78962,3.Jains,11759,1477.0,1476.0,1185.0,1173.0,214
539,rajasthan,jodhpur,2003.0,39,68,34,0,34,96,62,34,15,96,4,282,0,2886505,1513890,1372615,33.77,1909423,907.0,79540,56.67,72.96,38.64,1105009,829721,275288,1781496,1.Hindus,2528049,2.Muslims,310114,3.Jains,36694,1058.0,1058.0,911.0,983.0,462
540,rajasthan,kota,2003.0,35,292,35,0,35,134,115,19,9,146,2,307,0,1568525,827128,741397,28.52,729948,896.0,151969,73.53,85.23,60.43,541362,420734,120628,1027163,1.Hindus,1344633,2.Muslims,183716,3.Jains,23259,812.0,811.0,736.0,715.0,225
541,rajasthan,nagaur,2003.0,45,30,32,0,32,40,27,13,10,115,0,128,0,2775058,1424967,1350091,29.33,2297721,947.0,6497,57.28,74.1,39.67,1129514,844039,285475,1645544,1.Hindus,2399173,2.Muslims,356405,3.Jains,17478,1480.0,1466.0,1417.0,1417.0,580
542,rajasthan,pali,2003.0,38,54,27,0,27,80,65,15,9,184,1,190,0,1820251,918856,901395,22.39,1429364,981.0,105814,54.39,72.2,36.48,724883,518158,206725,1095368,1.Hindus,1677038,2.Muslims,114088,3.Jains,25599,936.0,936.0,883.0,906.0,451
543,rajasthan,sikar,2003.0,33,20,15,0,15,41,22,19,17,44,0,111,0,2287788,1172753,1115035,24.11,1815250,951.0,62512,70.47,84.34,56.11,887915,633421,254494,1399873,1.Hindus,2019396,2.Muslims,261714,3.Jains,4957,986.0,985.0,965.0,945.0,470
544,rajasthan,sirohi,2003.0,27,29,11,0,11,35,32,3,6,37,0,97,0,851107,437949,413158,30.08,700217,943.0,210763,53.94,69.89,37.15,343905,245762,98143,507202,1.Hindus,810765,2.Muslims,25439,3.Jains,12427,455.0,454.0,399.0,423.0,201
545,rajasthan,tonk,2003.0,20,27,11,0,11,60,48,12,5,45,1,179,1,1211671,626436,585235,24.24,958503,934.0,145891,51.97,70.52,32.15,532682,425230,107452,678989,1.Hindus,1062365,2.Muslims,124440,3.Jains,23644,1032.0,1031.0,818.0,887.0,246
546,rajasthan,udaipur,2003.0,61,77,35,0,35,91,72,19,5,65,2,136,0,2633312,1336004,1297308,27.37,2142995,971.0,1260432,58.62,73.62,43.26,1100880,724120,376760,1532432,1.Hindus,2449773,2.Muslims,88262,3.Jains,83699,2339.0,2337.0,1647.0,2030.0,619
547,sikkim,east,2003.0,7,4,5,0,5,0,0,0,0,11,0,1,0,245040,132917,112123,37.17,192188,844.0,45321,74.67,81.2,66.8,116529,92577,23952,128511,1.Hindus,157321,2.Buddhists,64729,3.Christians,14502,131.0,131.0,125.0,112.0,100
548,sikkim,north,2003.0,1,0,2,0,2,0,0,0,0,0,0,0,0,41030,23414,17616,31.32,39782,752.0,21772,67.21,75.69,55.39,23542,17553,5989,17488,1.Buddhists,22603,2.Hindus,16128,3.Christians,1623,53.0,53.0,46.0,42.0,44
549,sikkim,south,2003.0,3,1,1,0,1,0,0,0,0,6,0,0,0,131525,68241,63284,33.37,127579,927.0,20483,67.31,74.29,59.72,69693,57367,12326,61832,1.Hindus,84213,2.Buddhists,31109,3.Christians,12757,145.0,145.0,142.0,131.0,99
550,sikkim,west,2003.0,3,2,2,0,2,0,0,0,0,8,0,0,0,123256,63912,59344,25.48,121432,929.0,23829,58.8,66.82,50.11,53279,45407,7872,69977,1.Hindus,71886,2.Buddhists,33601,3.Others,9567,121.0,121.0,115.0,107.0,86
551,tripura,dhalai,2003.0,40,22,5,0,5,36,2,34,2,8,0,10,0,307868,159095,148773,10.79,289001,935.0,166326,60.93,70.17,50.99,126761,92570,34191,181107,1.Hindus,257834,2.Buddhists,28180,3.Christians,14848,148.0,148.0,108.0,138.0,58
552,chandigarh,chandigarh,2003.0,21,15,18,0,18,32,28,4,1,11,4,93,0,900635,506938,393697,40.33,92120,777.0,-,81.94,86.14,76.47,340422,328989,11433,560213,1.Hindus,707978,2.Sikhs,145175,3.Muslims,35548,23.0,23.0,23.0,18.0,18
553,assam,barpeta,2004.0,48,6,50,0,50,74,60,14,8,25,4,102,0,1647201,848578,798623,18.53,1520333,941.0,123266,56.24,64.83,47.07,517088,408537,108551,1130113,1.Hindus,977943,2.Muslims,662066,3.Christians,5267,1050.0,1050.0,775.0,967.0,430
554,assam,bongaigaon,2004.0,36,2,41,0,41,52,46,6,3,12,0,23,0,904835,465240,439595,12.23,795053,945.0,110696,59.33,67.67,50.44,293243,233087,60156,611592,1.Hindus,535464,2.Muslims,348573,3.Christians,18728,881.0,881.0,607.0,805.0,112
555,assam,cachar,2004.0,46,30,46,0,46,112,92,20,4,114,0,256,0,1444921,743042,701879,18.66,1243534,945.0,18631,67.82,75.73,59.41,465734,364814,100920,979187,1.Hindus,886761,2.Muslims,522051,3.Christians,31306,1020.0,1020.0,741.0,902.0,134
556,assam,darrang,2004.0,69,16,55,0,55,59,38,21,7,55,0,38,0,1504320,773861,730459,15.79,1429492,944.0,249861,55.44,63.91,46.4,527993,404428,123565,976327,1.Hindus,868532,2.Muslims,534658,3.Christians,97306,1319.0,1319.0,1032.0,1246.0,356
557,assam,dhemaji,2004.0,17,17,53,0,53,53,40,13,0,33,0,74,0,571944,294643,277301,18.93,533112,941.0,270496,64.48,74.41,53.86,250146,155431,94715,321798,1.Hindus,548780,2.Muslims,10533,3.Christians,6390,1236.0,1236.0,253.0,1068.0,83
558,assam,dhubri,2004.0,53,15,79,0,79,75,65,10,9,110,1,183,0,1637344,841044,796300,23.42,1444901,947.0,32523,48.21,55.91,40.04,470360,399201,71159,1166984,1.Hindus,1216455,2.Muslims,405065,3.Christians,12477,1261.0,1261.0,904.0,1138.0,374
559,assam,dibrugarh,2004.0,125,19,58,0,58,88,68,20,4,50,0,63,0,1185072,613555,571517,12.43,956634,931.0,88337,68.96,77.3,59.95,472419,342708,129711,712653,1.Hindus,1075878,2.Muslims,53306,3.Christians,45040,1309.0,1309.0,1195.0,1169.0,263
560,assam,goalpara,2004.0,35,0,50,0,50,53,51,2,3,8,0,119,0,822035,420251,401784,23.07,755133,956.0,131800,58.03,64.86,50.85,273925,209928,63997,548110,1.Hindus,441516,2.Muslims,314157,3.Christians,64662,761.0,761.0,689.0,723.0,243
561,assam,golaghat,2004.0,71,11,62,0,62,91,70,21,0,31,0,79,0,946279,490286,455993,14.21,865141,930.0,93920,69.38,77.14,60.99,388640,269896,118744,557639,1.Hindus,813263,2.Muslims,74808,3.Christians,52277,1066.0,1066.0,595.0,769.0,87
562,assam,hailakandi,2004.0,25,18,18,0,18,32,25,7,2,4,1,23,0,542872,280513,262359,20.92,498787,935.0,821,59.64,68.24,50.46,179881,138216,41665,362991,1.Hindus,312849,2.Muslims,223191,3.Christians,5424,327.0,327.0,268.0,308.0,110
563,assam,jorhat,2004.0,38,8,32,0,32,34,32,2,0,32,0,35,0,999221,517015,482206,15.84,827901,933.0,123134,76.34,83.62,68.49,414348,285092,129256,584873,1.Hindus,927858,2.Muslims,47658,3.Christians,18610,787.0,787.0,650.0,717.0,215
564,assam,kamrup,2004.0,15,13,59,0,59,193,110,83,3,26,0,67,0,2522324,1326981,1195343,25.75,1614107,901.0,250393,74.16,81.16,66.31,842253,697810,144443,1680071,1.Hindus,1836153,2.Muslims,625002,3.Christians,44257,1342.0,1342.0,1042.0,1190.0,468
565,assam,karimganj,2004.0,40,29,32,0,32,36,31,5,8,4,0,67,0,1007976,517680,490296,21.35,934126,947.0,2901,66.24,74.69,57.28,303294,235016,68278,704682,1.Hindus,527214,2.Muslims,470708,3.Christians,8746,915.0,915.0,639.0,865.0,224
566,assam,kokrajhar,2004.0,63,21,33,0,33,31,24,7,2,41,0,45,0,905764,466191,439573,15.05,841823,943.0,304985,51.63,60.32,42.4,334849,234771,100078,570915,1.Hindus,594168,2.Muslims,184441,3.Christians,124270,951.0,951.0,704.0,906.0,211
567,assam,lakhimpur,2004.0,31,20,56,0,56,97,94,3,1,46,0,112,0,889010,455691,433319,18.34,823857,951.0,208864,68.56,77.06,59.59,497745,288052,209693,391265,1.Hindus,702881,2.Muslims,143505,3.Christians,36667,1139.0,1139.0,680.0,1046.0,211
568,assam,nagaon,2004.0,79,44,91,0,91,139,134,5,6,69,5,203,0,2314629,1190950,1123679,22.3,2036342,944.0,89394,61.73,68.27,54.74,727641,566195,161446,1586988,1.Hindus,1180267,2.Muslims,1106354,3.Christians,21473,1375.0,1374.0,1190.0,1257.0,480
569,assam,nalbari,2004.0,37,24,29,0,29,61,48,13,3,48,0,23,0,1148824,592375,556449,11.98,1121338,939.0,202577,67.23,76.56,57.26,383932,291665,92267,764892,1.Hindus,873749,2.Muslims,253842,3.Christians,18495,798.0,798.0,733.0,769.0,179
570,assam,sibsagar,2004.0,55,12,49,0,49,81,81,0,0,12,0,92,0,1051736,545476,506260,15.95,954557,928.0,41533,74.47,81.53,66.81,430523,287319,143204,621213,1.Hindus,927706,2.Muslims,85761,3.Christians,28488,866.0,866.0,772.0,825.0,317
571,assam,sonitpur,2004.0,87,30,87,0,87,108,101,7,5,60,0,167,0,1681513,871568,809945,17.8,1505719,929.0,195083,59.0,67.54,49.73,634723,465283,169440,1046790,1.Hindus,1287646,2.Muslims,268078,3.Christians,115623,1784.0,1784.0,1331.0,1372.0,235
572,assam,tinsukia,2004.0,117,22,45,0,45,67,51,16,1,31,0,53,0,1150062,601099,548963,19.52,926105,913.0,67234,60.95,70.15,50.78,466351,349847,116504,683711,1.Hindus,1029142,2.Muslims,62403,3.Christians,40000,1107.0,1107.0,871.0,936.0,198
573,bihar,araria,2004.0,66,59,34,0,34,84,22,62,11,13,0,27,0,2158608,1128105,1030503,31.84,2026257,913.0,29423,35.01,46.38,22.37,853445,657446,195999,1305163,1.Hindus,1263766,2.Muslims,887972,3.Jains,2504,713.0,713.0,129.0,552.0,60
574,bihar,aurangabad,2004.0,77,0,18,0,18,31,27,4,40,0,0,33,0,2013055,1040945,972110,30.19,1842998,934.0,1640,57.03,71.13,41.9,671011,476390,194621,1342044,1.Hindus,1814612,2.Muslims,196030,3.Religion not stated,1161,1739.0,1739.0,527.0,1148.0,270
575,bihar,begusarai,2004.0,107,103,23,0,23,123,8,115,15,5,0,55,0,2349366,1228874,1120492,29.11,2241743,912.0,1505,47.98,59.13,35.64,746075,571564,174511,1603291,1.Hindus,2033039,2.Muslims,313713,3.Religion not stated,1224,729.0,729.0,457.0,503.0,167
576,bihar,bhagalpur,2004.0,133,88,63,0,63,95,59,36,12,13,0,226,0,2423172,1291658,1131514,27.24,1970745,876.0,55545,49.5,59.22,38.13,855345,580731,274614,1567827,1.Hindus,1990976,2.Muslims,423246,3.Christians,1853,935.0,935.0,445.0,642.0,229
577,bihar,bhojpur,2004.0,108,211,9,0,9,30,9,21,34,42,0,68,0,2243144,1179611,1063533,24.58,1930730,902.0,8337,58.96,74.29,41.8,653811,491916,161895,1589333,1.Hindus,2076589,2.Muslims,163193,3.Religion not stated,913,999.0,999.0,247.0,885.0,133
578,bihar,darbhanga,2004.0,55,20,59,0,59,60,15,45,33,0,0,70,6,3295789,1722189,1573600,30.85,3028441,914.0,841,44.33,56.72,30.78,1028558,761464,267094,2267231,1.Hindus,2543284,2.Muslims,748971,3.Religion not stated,2245,1083.0,1083.0,490.0,850.0,271
579,bihar,gaya,2004.0,163,178,19,0,19,70,30,40,36,42,0,58,0,3473428,1792163,1681265,30.19,2997479,938.0,2945,50.45,63.27,36.66,1277639,994459,283180,2195789,1.Hindus,3063841,2.Muslims,403439,3.Religion not stated,1622,2680.0,2680.0,539.0,1635.0,278
580,bihar,gopalganj,2004.0,77,132,39,0,39,78,27,51,38,5,9,132,0,2152638,1075710,1076928,26.11,2022048,1001.0,6157,47.48,62.96,32.16,641672,466811,174861,1510966,1.Hindus,1784275,2.Muslims,367219,3.Religion not stated,850,1383.0,1383.0,439.0,866.0,261
581,bihar,jehanabad,2004.0,68,50,6,0,6,38,8,30,6,19,0,25,0,1514315,784946,729369,28.64,1402703,929.0,1313,55.26,70.07,39.37,580905,422789,158116,933410,1.Hindus,1389053,2.Muslims,124149,3.Religion not stated,743,856.0,856.0,219.0,672.0,123
582,bihar,katihar,2004.0,71,22,79,0,79,71,34,37,19,9,0,34,0,2392638,1246872,1145766,30.91,2174361,919.0,140418,35.09,45.31,23.8,898326,664259,234067,1494312,1.Hindus,1363523,2.Muslims,1017495,3.Christians,4994,1290.0,1290.0,277.0,785.0,248
583,bihar,khagaria,2004.0,50,88,18,0,18,43,10,33,9,10,0,27,0,1280354,679267,601087,29.32,1204027,885.0,332,41.35,51.82,29.35,467240,333262,133978,813114,1.Hindus,1147346,2.Muslims,131441,3.Others,546,241.0,241.0,114.0,220.0,124
584,bihar,kishanganj,2004.0,26,12,32,0,32,80,80,0,4,25,0,36,0,1296348,669552,626796,31.5,1167340,936.0,47116,31.09,42.71,18.63,417151,359819,57332,879197,1.Muslims,876105,2.Hindus,412995,3.Christians,2856,730.0,730.0,116.0,442.0,120
585,bihar,madhepura,2004.0,58,23,11,0,11,23,11,12,7,4,0,8,0,1526646,797180,729466,29.45,1458679,915.0,9295,36.07,48.8,22.11,683976,498367,185609,842670,1.Hindus,1351978,2.Muslims,173605,3.Religion not stated,494,384.0,384.0,168.0,311.0,141
586,bihar,madhubani,2004.0,60,91,61,0,61,69,33,36,34,121,0,111,0,3575281,1840997,1734284,26.08,3450736,942.0,1260,41.97,56.79,26.25,1227723,877412,350311,2347558,1.Hindus,2930501,2.Muslims,641579,3.Religion not stated,1477,1034.0,1034.0,437.0,901.0,232
587,bihar,munger,2004.0,64,30,11,0,11,43,14,29,20,12,0,40,0,1137797,607730,530067,20.34,819950,872.0,18060,59.47,69.89,47.4,331451,233688,97763,806346,1.Hindus,1045233,2.Muslims,89791,3.Christians,1135,525.0,525.0,321.0,382.0,149
588,bihar,muzaffarpur,2004.0,180,17,166,0,166,300,42,258,72,11,0,206,0,3746714,1951466,1795248,26.74,3398361,920.0,3472,47.95,59.1,35.81,1139830,895830,244000,2606884,1.Hindus,3168225,2.Muslims,573951,3.Religion not stated,2104,1725.0,1725.0,1021.0,1423.0,526
589,bihar,nalanda,2004.0,220,139,43,0,43,144,32,112,68,43,0,110,3,2370528,1238599,1131929,18.64,2016899,914.0,970,53.19,66.44,38.58,903144,700007,203137,1467384,1.Hindus,2191552,2.Muslims,176871,3.Religion not stated,888,1000.0,1000.0,366.0,879.0,198
590,bihar,patna,2004.0,542,188,46,0,46,270,39,231,44,28,3,147,0,4718592,2519942,2198650,30.17,2757060,873.0,9236,62.92,73.34,50.83,1425647,1161984,263663,3292945,1.Hindus,4333556,2.Muslims,366164,3.Christians,8951,1288.0,1288.0,615.0,1199.0,390
591,bihar,rohtas,2004.0,130,215,12,0,12,44,14,30,35,38,0,36,0,2450748,1283485,1167263,27.71,2123942,909.0,25663,61.29,75.31,45.71,744183,544731,199452,1706565,1.Hindus,2199049,2.Muslims,246760,3.Sikhs,2549,1710.0,1710.0,493.0,1185.0,153
592,bihar,saharsa,2004.0,48,100,21,0,21,47,21,26,11,39,0,13,0,1508182,789432,718750,33.03,1383015,910.0,4642,39.08,51.66,25.27,589467,411566,177901,918715,1.Hindus,1289364,2.Muslims,217922,3.Christians,437,441.0,441.0,127.0,374.0,63
593,bihar,samastipur,2004.0,118,145,28,0,28,123,16,107,44,9,0,40,21,3394793,1760692,1634101,25.63,3271338,928.0,3362,45.13,57.59,31.67,1071974,843356,228618,2322819,1.Hindus,3035755,2.Muslims,355897,3.Religion not stated,1432,1122.0,1122.0,674.0,878.0,195
594,bihar,saran,2004.0,160,44,17,0,17,159,51,108,38,12,0,258,2,3248701,1652661,1596040,26.37,2950064,966.0,6667,51.8,67.3,35.82,860940,644618,216322,2387761,1.Hindus,2909213,2.Muslims,337767,3.Religion not stated,758,1566.0,1566.0,544.0,1213.0,342
595,bihar,sitamarhi,2004.0,80,26,70,0,70,112,30,82,21,9,0,100,0,2682720,1417611,1265109,32.58,2529407,892.0,1786,38.46,49.36,26.13,855156,714136,141020,1827564,1.Hindus,2111476,2.Muslims,568992,3.Religion not stated,1237,802.0,802.0,302.0,709.0,216
596,bihar,siwan,2004.0,125,57,7,0,7,104,39,65,33,6,0,74,0,2714349,1336283,1378066,24.78,2564860,1031.0,13822,51.65,67.26,36.88,730437,511578,218859,1983912,1.Hindus,2218632,2.Muslims,494176,3.Religion not stated,899,1438.0,1438.0,441.0,1119.0,254
597,bihar,vaishali,2004.0,99,152,42,0,42,217,105,112,98,26,1,248,0,2718421,1415603,1302818,26.39,2531766,920.0,3068,50.49,63.23,36.58,782717,624452,158265,1935704,1.Hindus,2457636,2.Muslims,259158,3.Religion not stated,922,1414.0,1414.0,970.0,929.0,154
598,chhattisgarh,bilaspur,2004.0,83,53,61,0,61,21,21,0,9,179,8,102,0,1998355,1013875,984480,17.59,1511661,971.0,397104,63.51,78.43,48.17,857577,630504,227073,1140778,1.Hindus,1904580,2.Muslims,45342,3.Others,19325,1579.0,1545.0,1494.0,1426.0,452
599,chhattisgarh,durg,2004.0,55,58,124,0,124,41,30,11,10,253,23,114,0,2810436,1417893,1392543,16.88,1738127,982.0,348801,75.62,86.43,64.64,1162833,965624,197209,1647603,1.Hindus,2654202,2.Muslims,70398,3.Sikhs,23399,1776.0,1762.0,1737.0,1698.0,669
600,chhattisgarh,raigarh,2004.0,55,25,45,0,45,17,13,4,7,78,5,30,0,1265529,634597,630932,18.68,1096073,994.0,447703,70.16,82.7,57.62,601564,430725,170839,663965,1.Hindus,1212180,2.Christians,36098,3.Muslims,12637,1433.0,1410.0,1385.0,1350.0,279
601,chhattisgarh,raipur,2004.0,84,59,143,0,143,31,27,4,10,253,19,134,0,3016930,1523925,1493005,18.97,2099312,980.0,365273,68.51,81.97,54.81,1264663,961507,303156,1752267,1.Hindus,2881933,2.Muslims,77963,3.Christians,16857,2124.0,2101.0,1955.0,1987.0,696
602,chhattisgarh,rajnandgaon,2004.0,45,20,61,0,61,4,2,2,5,74,8,40,0,1283224,634342,648882,17.7,1051577,1023.0,341688,77.21,87.17,67.55,649401,558996,90405,633823,1.Hindus,1215492,2.Buddhists,28020,3.Muslims,21035,1605.0,1595.0,1550.0,1484.0,343
603,gujarat,amreli,2004.0,28,14,5,0,5,26,23,3,1,26,3,116,0,1393918,701593,692325,6.45,1080960,987.0,3256,66.09,76.44,55.78,600819,470043,130776,793099,1.Hindus,1307460,2.Muslims,83077,3.Jains,2309,615.0,614.0,615.0,614.0,383
604,gujarat,anand,2004.0,21,12,12,0,12,41,39,2,0,24,3,116,0,1856872,972000,884872,13.03,1348901,910.0,22835,74.51,86.09,61.94,784711,617669,167042,1072161,1.Hindus,1616127,2.Muslims,199263,3.Christians,29461,350.0,350.0,350.0,350.0,301
605,gujarat,bharuch,2004.0,38,7,14,0,14,21,16,5,0,27,4,65,0,1370656,713676,656980,19.32,1018096,921.0,444043,74.41,82.98,65.11,570693,469551,101142,799963,1.Hindus,1059796,2.Muslims,293459,3.Christians,8824,657.0,657.0,656.0,644.0,403
606,gujarat,bhavnagar,2004.0,53,21,22,0,22,71,60,11,0,41,74,137,0,2469630,1274920,1194710,19.29,1534592,937.0,7298,66.2,78.02,53.73,944559,781166,163393,1525071,1.Hindus,2264062,2.Muslims,172740,3.Jains,28921,790.0,790.0,789.0,786.0,526
607,gujarat,gandhinagar,2004.0,25,14,8,0,8,15,11,4,2,16,3,90,0,1334455,697999,636456,23.88,867195,912.0,17681,76.59,87.74,64.58,554336,467413,86923,780119,1.Hindus,1269766,2.Muslims,50559,3.Jains,7769,291.0,291.0,291.0,290.0,244
608,gujarat,jamnagar,2004.0,42,13,8,0,8,32,27,5,0,26,4,171,0,1904278,981320,922958,22.39,1068022,941.0,10459,66.48,76.25,56.18,734382,624057,110325,1169896,1.Hindus,1605941,2.Muslims,270223,3.Jains,21907,698.0,695.0,666.0,666.0,286
609,gujarat,junagadh,2004.0,40,31,9,0,9,57,41,16,13,49,9,368,0,2448173,1252350,1195823,17.08,1736645,955.0,18832,67.78,78.74,56.43,1000842,785530,215312,1447331,1.Hindus,2165734,2.Muslims,274481,3.Jains,4291,923.0,922.0,901.0,858.0,803
610,gujarat,narmada,2004.0,15,3,6,0,6,8,7,1,0,2,0,10,0,514404,263986,250418,14.4,462298,949.0,401654,59.86,72.44,46.61,259116,176372,82744,255288,1.Hindus,482552,2.Muslims,20429,3.Christians,5122,552.0,552.0,530.0,515.0,324
611,gujarat,navsari,2004.0,26,2,5,0,5,7,7,0,1,5,0,19,0,1229463,628988,600475,13.22,893110,955.0,591164,75.83,82.77,68.61,545215,457002,88213,684248,1.Hindus,1135525,2.Muslims,69972,3.Jains,13575,374.0,374.0,374.0,368.0,268
612,gujarat,patan,2004.0,19,16,6,0,6,29,27,2,0,19,0,103,0,1182709,612100,570609,14.08,944281,932.0,12637,60.36,73.63,46.33,533078,395470,137608,649631,1.Hindus,1057013,2.Muslims,119748,3.Jains,5136,517.0,516.0,517.0,514.0,265
613,gujarat,porbandar,2004.0,11,9,1,0,1,7,4,3,0,5,0,41,0,536835,275821,261014,14.35,275460,946.0,6456,68.62,78.36,58.42,215134,173594,41540,321701,1.Hindus,507176,2.Muslims,28404,3.Jains,589,182.0,182.0,155.0,156.0,130
614,gujarat,surendranagar,2004.0,28,22,13,0,13,27,23,4,0,35,0,63,0,1515148,787650,727498,25.34,1112700,924.0,14338,61.61,74.19,48.1,647609,512038,135571,867539,1.Hindus,1392451,2.Muslims,97846,3.Jains,22721,650.0,649.0,650.0,648.0,170
615,gujarat,valsad,2004.0,36,13,9,0,9,22,16,6,0,12,0,40,0,1410553,734799,675754,29.66,1029392,920.0,772405,69.15,77.9,59.62,650257,503333,146924,760296,1.Hindus,1300005,2.Muslims,66440,3.Christians,15399,450.0,450.0,425.0,449.0,303
616,haryana,ambala,2004.0,28,10,10,0,10,22,22,0,11,25,27,227,0,1014411,542977,471434,25.69,657383,868.0,-,75.31,82.31,67.39,324521,275648,48873,689890,1.Hindus,856193,2.Sikhs,132463,3.Muslims,17263,482.0,482.0,479.0,432.0,204
617,haryana,bhiwani,2004.0,51,26,28,0,28,19,12,7,28,19,0,68,0,1425022,758253,666769,22.45,1154629,879.0,-,67.45,80.26,53.0,609320,425210,184110,815702,1.Hindus,1407363,2.Muslims,12740,3.Sikhs,2542,437.0,437.0,437.0,429.0,252
618,haryana,faridabad,2004.0,67,31,42,0,42,66,49,17,28,45,585,157,0,2194586,1193063,1001523,48.47,973242,839.0,-,70.03,81.52,56.31,785762,609663,176099,1408824,1.Hindus,1896698,2.Muslims,247293,3.Sikhs,36005,413.0,413.0,413.0,376.0,188
619,haryana,gurgaon,2004.0,66,40,36,0,36,55,34,21,21,21,18,115,0,1660289,886451,773838,44.64,1291285,873.0,-,62.91,76.17,47.78,629658,464644,165014,1030631,1.Hindus,1026542,2.Muslims,617918,3.Sikhs,6672,694.0,694.0,693.0,642.0,203
620,haryana,jind,2004.0,28,16,7,0,7,9,6,3,14,2,18,31,0,1189827,642282,547545,21.35,948250,852.0,-,62.12,73.82,48.51,521946,372049,149897,667881,1.Hindus,1134539,2.Sikhs,29159,3.Muslims,20618,306.0,306.0,306.0,300.0,247
621,haryana,kaithal,2004.0,25,16,18,0,18,13,9,4,9,13,0,136,0,946131,510513,435618,20.95,762649,853.0,-,59.02,69.15,47.31,372011,268127,103884,574120,1.Hindus,848765,2.Sikhs,88700,3.Muslims,6777,270.0,270.0,270.0,261.0,160
622,haryana,karnal,2004.0,40,28,31,0,31,15,12,3,15,23,0,242,0,1274183,683368,590815,23.13,936341,865.0,-,67.74,76.29,57.97,455455,355466,99989,818728,1.Hindus,1125279,2.Sikhs,123160,3.Muslims,22614,422.0,422.0,422.0,385.0,186
623,haryana,kurukshetra,2004.0,26,12,21,0,21,11,5,6,15,28,20,120,0,825454,442328,383126,23.72,609943,866.0,-,69.88,78.06,60.61,308392,250596,57796,517062,1.Hindus,675381,2.Sikhs,135545,3.Muslims,12028,407.0,402.0,406.0,385.0,179
624,haryana,mahendragarh,2004.0,16,10,20,0,20,13,11,2,8,18,0,36,0,812521,423578,388943,19.09,702885,918.0,-,69.89,84.72,54.08,351864,204704,147160,460657,1.Hindus,805991,2.Muslims,3434,3.Sikhs,2026,368.0,368.0,368.0,350.0,190
625,haryana,panipat,2004.0,37,22,38,0,38,19,8,11,4,14,8,152,0,967449,528860,438589,38.57,575369,829.0,-,69.17,78.5,57.97,382801,289013,93788,584648,1.Hindus,873593,2.Muslims,59696,3.Sikhs,27437,179.0,179.0,179.0,168.0,116
626,haryana,rewari,2004.0,17,14,16,0,16,24,21,3,8,24,0,48,0,765351,403034,362317,25.24,629177,899.0,-,75.25,88.45,60.83,333622,204855,128767,431729,1.Hindus,758328,2.Muslims,3194,3.Sikhs,1668,397.0,397.0,397.0,379.0,175
627,haryana,rohtak,2004.0,65,39,29,0,29,19,13,6,15,14,21,45,0,940128,509038,431090,20.99,610524,847.0,-,73.72,83.23,62.59,371073,288225,82848,569055,1.Hindus,924541,2.Muslims,5665,3.Sikhs,5079,146.0,146.0,146.0,130.0,118
628,haryana,sirsa,2004.0,25,29,17,0,17,16,6,10,9,17,0,102,0,1116649,593245,523404,22.96,823184,882.0,-,60.55,70.05,49.93,475571,363946,111625,641078,1.Hindus,801747,2.Sikhs,302942,3.Muslims,7056,321.0,321.0,318.0,312.0,197
629,haryana,sonipat,2004.0,67,34,13,0,13,25,20,5,16,22,12,88,0,1279175,695723,583452,22.36,957800,839.0,-,72.79,83.06,60.68,523031,383449,139582,756144,1.Hindus,1234225,2.Muslims,31954,3.Jains,6729,323.0,323.0,323.0,316.0,248
630,haryana,yamunanagar,2004.0,21,15,16,0,16,17,12,5,7,10,0,133,0,1041630,559444,482186,21.84,648608,862.0,-,71.63,78.82,63.39,336533,280728,55805,705097,1.Hindus,849255,2.Muslims,104073,3.Sikhs,83524,613.0,613.0,607.0,483.0,248
631,jharkhand,deoghar,2004.0,36,34,37,0,37,5,2,3,16,7,0,17,0,1165390,608878,556512,24.46,1005539,914.0,142717,50.09,66.38,31.99,432714,283711,149003,732676,1.Hindus,910409,2.Muslims,221705,3.Others,27263,2356.0,2356.0,289.0,768.0,94
632,jharkhand,dhanbad,2004.0,88,42,38,0,38,72,25,47,36,53,3,19,0,2397102,1278946,1118156,22.82,1141744,874.0,202729,67.0,79.54,52.43,664058,492501,171557,1733044,1.Hindus,1944757,2.Muslims,364807,3.Others,61505,1121.0,1121.0,503.0,708.0,154
633,jharkhand,dumka,2004.0,67,149,50,0,50,15,3,12,8,31,0,37,0,1759602,897364,862238,17.31,1644690,961.0,701903,47.94,62.86,32.35,778378,470354,308024,981224,1.Hindus,1323468,2.Muslims,203741,3.Others,170201,3737.0,3737.0,213.0,1732.0,312
634,jharkhand,giridih,2004.0,72,27,39,0,39,23,8,15,52,48,0,36,0,1904430,960679,943751,27.09,1782066,982.0,184469,44.5,62.09,26.62,644644,340925,303719,1259786,1.Hindus,1475201,2.Muslims,383253,3.Others,30778,2532.0,2532.0,481.0,1232.0,229
635,jharkhand,godda,2004.0,31,36,86,0,86,21,6,15,4,0,0,56,0,1047939,544043,503896,21.61,1010931,926.0,247538,43.13,57.52,27.39,421941,238694,183247,625998,1.Hindus,745237,2.Muslims,210734,3.Others,68055,1633.0,1633.0,257.0,892.0,141
636,jharkhand,gumla,2004.0,108,32,31,0,31,9,8,1,1,4,0,14,0,1346767,675769,670998,16.6,1273025,993.0,920597,51.74,63.5,39.95,658921,446953,211968,687846,1.Hindus,440373,2.Christians,425107,3.Others,419004,1393.0,1393.0,92.0,1015.0,365
637,jharkhand,hazaribagh,2004.0,86,59,71,0,71,33,18,15,31,27,0,90,0,2277475,1167793,1109682,24.02,1748406,950.0,268333,57.74,71.81,42.87,790049,532895,257154,1487426,1.Hindus,1870586,2.Muslims,337117,3.Others,36789,1543.0,1543.0,413.0,962.0,147
638,jharkhand,palamu,2004.0,69,48,14,0,14,16,8,8,24,11,0,18,34,2098359,1084417,1013942,26.8,1973266,935.0,392325,44.95,58.91,29.88,793658,444921,348737,1304701,1.Hindus,1740948,2.Muslims,242980,3.Others,63100,2465.0,2465.0,410.0,1474.0,349
639,jharkhand,ranchi,2004.0,270,161,55,0,55,67,22,45,9,73,0,62,0,2785064,1436976,1348088,25.72,1807243,938.0,1164624,64.57,76.56,51.72,1076904,750962,325942,1708160,1.Hindus,1399301,2.Others,767672,3.Muslims,348774,2052.0,2052.0,331.0,1343.0,377
640,karnataka,belgaum,2004.0,106,81,5,0,5,26,12,14,6,56,0,109,0,4214505,2150090,2064415,17.4,3201814,960.0,243451,64.21,75.7,52.32,1877774,1537645,340129,2336731,1.Hindus,3565153,2.Muslims,440836,3.Christians,169466,1255.0,1254.0,1247.0,1240.0,740
641,karnataka,bellary,2004.0,42,31,5,0,5,17,12,5,5,38,1,44,0,2027140,1029714,997426,22.3,1320290,969.0,364638,57.4,69.2,45.28,920821,801369,119452,1106319,1.Hindus,1739522,2.Muslims,257806,3.Christians,13226,524.0,523.0,524.0,381.0,260
642,karnataka,bidar,2004.0,40,94,8,0,8,25,16,9,8,27,2,47,0,1502373,771022,731351,19.56,1157498,949.0,182219,60.94,72.46,48.81,557603,424985,132618,944770,1.Hindus,1020174,2.Muslims,295762,3.Buddhists,122083,599.0,596.0,596.0,591.0,293
643,karnataka,bijapur,2004.0,66,49,8,0,8,21,11,10,2,96,0,73,0,1806918,926424,880494,17.63,1410829,950.0,30051,57.01,69.94,43.47,718213,551972,166241,1088705,1.Hindus,1495080,2.Muslims,294491,3.Jains,8356,660.0,659.0,657.0,626.0,392
644,karnataka,chitradurga,2004.0,32,32,16,0,16,7,5,2,6,63,0,39,0,1517896,776221,741675,15.05,1243658,955.0,266235,64.45,74.66,53.78,721835,576035,145800,796061,1.Hindus,1388506,2.Muslims,109412,3.Religion not stated,8411,946.0,916.0,946.0,879.0,197
645,karnataka,davanagere,2004.0,38,14,8,0,8,10,7,3,11,61,0,59,0,1790952,917705,873247,14.78,1247954,952.0,209701,67.43,76.37,58.04,783781,631726,152055,1007171,1.Hindus,1532714,2.Muslims,226708,3.Religion not stated,10944,810.0,786.0,808.0,727.0,278
646,karnataka,gulbarga,2004.0,102,133,23,1,22,40,35,5,7,122,0,98,0,3130922,1592789,1538133,21.02,2278301,966.0,154195,50.01,61.77,37.9,1350072,1010430,339642,1780850,1.Hindus,2381497,2.Muslims,551171,3.Buddhists,153619,1360.0,1327.0,1342.0,1337.0,708
647,karnataka,hassan,2004.0,61,57,16,0,16,19,8,11,9,49,0,72,0,1721669,859086,862583,9.66,1416996,1004.0,26451,68.63,78.37,59.0,864711,702827,161884,856958,1.Hindus,1587287,2.Muslims,104730,3.Christians,15598,2394.0,2330.0,2341.0,1990.0,482
648,karnataka,kodagu,2004.0,21,22,8,0,8,3,1,2,2,18,2,11,0,548561,274831,273730,11.64,473179,996.0,46115,77.99,83.7,72.26,266378,247574,18804,282183,1.Hindus,450694,2.Muslims,78466,3.Christians,17951,291.0,279.0,286.0,267.0,138
649,karnataka,kolar,2004.0,59,41,16,0,16,28,16,12,28,32,0,43,0,2536069,1286193,1249876,13.83,1910546,972.0,205711,62.84,73.17,52.23,1235028,1014667,220361,1301041,1.Hindus,2196660,2.Muslims,298767,3.Christians,32547,2919.0,2797.0,2785.0,2342.0,490
650,karnataka,koppal,2004.0,25,9,8,0,8,4,4,0,6,16,0,47,0,1196089,603312,592777,24.57,997797,983.0,138588,54.1,68.42,39.61,554506,422208,132298,641583,1.Hindus,1042294,2.Muslims,137174,3.Religion not stated,5395,594.0,590.0,594.0,560.0,281
651,karnataka,mandya,2004.0,58,50,15,0,15,8,0,8,19,46,2,43,0,1763705,888034,875671,7.14,1480990,986.0,17193,61.05,70.5,51.53,840419,682440,157979,923286,1.Hindus,1667640,2.Muslims,69890,3.Buddhists,11093,1369.0,1330.0,1323.0,1185.0,458
652,karnataka,raichur,2004.0,43,34,6,0,6,11,7,4,5,57,1,67,0,1669762,841840,827922,21.93,1248925,983.0,303042,48.81,61.52,35.93,732762,544347,188415,937000,1.Hindus,1417051,2.Muslims,228652,3.Christians,12390,830.0,806.0,796.0,306.0,338
653,karnataka,shimoga,2004.0,48,40,11,0,11,22,9,13,5,60,2,107,0,1642545,830559,811986,12.9,1071535,978.0,55997,74.52,82.01,66.88,714671,586832,127839,927874,1.Hindus,1401087,2.Muslims,200979,3.Christians,26474,1443.0,1415.0,1399.0,989.0,311
654,karnataka,tumkur,2004.0,65,56,15,0,15,8,0,8,16,61,1,33,0,2584711,1313801,1270910,11.87,2077509,967.0,193819,67.01,76.78,56.94,1316939,1050291,266648,1267772,1.Hindus,2349801,2.Muslims,211732,3.Christians,7736,2574.0,2477.0,2573.0,2123.0,382
655,kerala,idukki,2004.0,34,13,15,0,15,10,9,1,0,101,10,111,0,1129221,566682,562539,6.96,1071628,993.0,50973,88.69,92.33,85.02,487352,400699,86653,641869,1.Hindus,566744,2.Muslims,480108,3.Christians,81222,64.0,64.0,64.0,60.0,62
656,kerala,kannur,2004.0,23,21,33,0,33,4,2,2,0,92,7,193,0,2408956,1152817,1256139,7.13,1196058,1090.0,19969,92.59,96.13,89.4,767197,626876,140321,1641759,1.Hindus,1480748,2.Muslims,665648,3.Christians,261019,78.0,78.0,78.0,78.0,78
657,kerala,kollam,2004.0,46,26,55,0,55,20,12,8,3,287,24,337,0,2585208,1249621,1335587,7.33,2119230,1069.0,5190,91.18,94.43,88.18,828566,654823,173743,1756642,1.Hindus,1685044,2.Muslims,474071,3.Christians,423745,93.0,93.0,93.0,93.0,92
658,kerala,kottayam,2004.0,18,7,28,0,28,13,8,5,1,159,12,139,0,1953646,964926,988720,6.76,1653838,1025.0,18340,95.82,97.34,94.35,642157,539609,102548,1311489,1.Hindus,963497,2.Muslims,871371,3.Christians,116686,89.0,89.0,89.0,89.0,88
659,kerala,malappuram,2004.0,23,25,57,0,57,10,6,4,0,133,10,516,0,3625471,1754576,1870895,17.22,3269301,1066.0,12267,89.61,93.25,86.26,874476,691848,182628,2750995,1.Hindus,2484576,2.Muslims,1057418,3.Christians,80650,122.0,122.0,122.0,122.0,121
660,kerala,palakkad,2004.0,34,45,36,0,36,13,5,8,1,102,3,233,0,2617482,1266985,1350497,9.86,2260907,1066.0,39665,84.35,89.52,79.56,945052,768620,176432,1672430,1.Hindus,1802766,2.Muslims,703596,3.Christians,109249,144.0,144.0,144.0,141.0,139
661,kerala,pathanamthitta,2004.0,18,16,18,0,18,19,18,1,1,139,6,138,0,1234016,589398,644618,3.72,1110218,1094.0,6549,94.84,96.41,93.43,366049,285844,80205,867967,1.Hindus,694560,2.Muslims,481602,3.Christians,56457,65.0,65.0,65.0,64.0,63
662,kerala,thrissur,2004.0,41,52,41,0,41,22,10,12,2,175,10,244,0,2974232,1422052,1552180,8.7,2134799,1092.0,4826,92.27,95.11,89.71,955300,808965,146335,2018932,1.Hindus,1761842,2.Muslims,720152,3.Christians,488697,204.0,204.0,204.0,196.0,194
663,maharashtra,akola,2004.0,55,45,38,0,38,23,21,2,6,94,15,147,0,1630239,841253,788986,20.51,1002742,938.0,100088,81.41,88.91,73.43,648243,582264,65979,981996,1.Hindus,1024080,2.Muslims,296272,3.Buddhists,293184,862.0,851.0,840.0,786.0,212
664,maharashtra,bhandara,2004.0,22,11,36,0,36,16,16,0,1,66,39,52,0,1136146,573445,562701,11.2,960418,981.0,97718,78.47,88.97,67.82,536885,365464,171421,599261,1.Hindus,953507,2.Buddhists,144541,3.Muslims,23324,778.0,772.0,774.0,716.0,442
665,maharashtra,chandrapur,2004.0,59,19,31,0,31,18,17,1,3,93,27,94,0,2071101,1062993,1008108,17.26,1406034,948.0,375256,73.17,82.94,62.89,930791,683029,247762,1140310,1.Hindus,1680113,2.Buddhists,274067,3.Muslims,76050,1472.0,1462.0,1444.0,1359.0,318
666,maharashtra,dhule,2004.0,32,16,11,0,11,3,3,0,1,24,9,96,0,1707947,878372,829575,16.01,1262062,944.0,443564,71.65,81.4,61.39,737941,573496,164445,970006,1.Hindus,1522895,2.Muslims,149466,3.Buddhists,14613,678.0,675.0,673.0,669.0,276
667,maharashtra,gadchiroli,2004.0,47,49,31,0,31,8,8,0,3,44,11,46,0,970294,491101,479193,23.25,903033,976.0,371696,60.1,71.86,48.07,497104,336959,160145,473190,1.Hindus,818640,2.Buddhists,78058,3.Others,44825,1521.0,1509.0,1320.0,1279.0,369
668,maharashtra,jalgaon,2004.0,83,39,36,0,36,12,12,0,6,83,38,323,0,3682690,1905493,1777197,15.44,2629896,933.0,435951,75.43,85.91,64.3,1563983,1300086,263897,2118707,1.Hindus,3049368,2.Muslims,455288,3.Buddhists,126136,1491.0,1491.0,1486.0,1470.0,934
669,maharashtra,jalna,2004.0,53,30,10,0,10,10,6,4,24,49,12,226,0,1612980,826903,786077,18.17,1305115,951.0,32103,64.4,79.14,49.04,716900,611998,104902,896080,1.Hindus,1255041,2.Muslims,211531,3.Buddhists,121033,963.0,963.0,959.0,952.0,380
670,maharashtra,kolhapur,2004.0,54,54,15,0,15,20,14,6,29,34,15,78,0,3523162,1807470,1715692,17.59,2472809,949.0,21387,76.93,87.47,66.02,1652970,1394882,258088,1870192,1.Hindus,3077263,2.Muslims,236875,3.Jains,147285,1196.0,1194.0,1190.0,1185.0,638
671,maharashtra,latur,2004.0,61,31,22,0,22,19,19,0,39,36,0,82,0,2080285,1075257,1005028,23.95,1590024,935.0,47836,71.54,82.94,59.4,840518,712849,127669,1239767,1.Hindus,1700679,2.Muslims,292996,3.Buddhists,74351,921.0,921.0,919.0,917.0,409
672,maharashtra,mumbai,2004.0,253,127,187,0,187,178,113,65,13,321,78,248,0,8640419,4741720,3898699,27.2,-,822.0,70454,86.89,91.56,81.12,3152509,2971039,181470,5487910,1.Hindus,5953475,2.Muslims,1488987,3.Buddhists,464354,1016.4515570934255,1009.6712802768166,774.7595155709342,796.7941176470588,118
673,maharashtra,mumbai,2004.0,253,127,187,0,187,178,113,65,13,321,78,248,0,3338031,1878246,1459785,4.79,-,777.0,20666,86.4,90.23,81.38,1311739,1250710,61029,2026292,1.Hindus,2119750,2.Muslims,734484,3.Buddhists,161417,1016.4515570934255,1009.6712802768166,774.7595155709342,796.7941176470588,118
674,maharashtra,nanded,2004.0,91,82,31,0,31,23,16,7,16,78,12,198,0,2876259,1481358,1394901,23.08,2187195,942.0,253596,67.77,80.44,54.35,1202037,965087,236950,1674222,1.Hindus,2162185,2.Muslims,385081,3.Buddhists,302161,1546.0,1538.0,1531.0,1536.0,209
675,maharashtra,osmanabad,2004.0,46,15,26,0,26,12,11,1,1,35,9,105,0,1486586,769368,717218,15.35,1253330,932.0,27857,69.02,80.42,56.89,653522,555202,98320,833064,1.Hindus,1297858,2.Muslims,151181,3.Buddhists,28356,729.0,729.0,727.0,726.0,400
676,maharashtra,parbhani,2004.0,42,31,13,0,13,12,8,4,4,45,7,132,0,1527715,780191,747524,15.31,1042529,958.0,35210,66.07,79.63,52.02,644752,559917,84835,882963,1.Hindus,1121246,2.Muslims,243935,3.Buddhists,153231,830.0,830.0,824.0,821.0,386
677,maharashtra,ratnagiri,2004.0,16,8,23,0,23,6,5,1,1,40,12,44,0,1696777,794498,902279,9.87,1504568,1136.0,20102,75.05,85.89,65.77,763387,557613,205774,933390,1.Hindus,1391137,2.Muslims,175672,3.Buddhists,120855,1539.0,1538.0,1539.0,1484.0,810
678,maharashtra,sangli,2004.0,69,26,30,0,30,14,9,5,3,31,11,85,0,2583524,1320088,1263436,17.59,1950306,957.0,17855,76.62,86.26,66.73,1218655,952241,266414,1364869,1.Hindus,2243478,2.Muslims,203524,3.Jains,85160,721.0,721.0,721.0,719.0,567
679,maharashtra,satara,2004.0,59,28,22,0,22,20,14,6,7,38,8,169,0,2808994,1408326,1400668,14.1,2410873,995.0,21896,78.22,88.2,68.38,1303658,1044989,258669,1505336,1.Hindus,2533359,2.Buddhists,128570,3.Muslims,125661,1716.0,1716.0,1701.0,1680.0,646
680,maharashtra,sindhudurg,2004.0,10,4,5,0,5,5,5,0,0,18,5,6,0,868825,417890,450935,3.55,786506,1079.0,4952,80.3,90.26,71.23,404985,233827,171158,463840,1.Hindus,802498,2.Buddhists,24320,3.Muslims,23668,743.0,743.0,735.0,722.0,593
681,maharashtra,wardha,2004.0,42,25,31,0,31,25,25,0,5,104,7,70,0,1236736,638990,597746,15.3,911695,935.0,154415,80.06,87.18,72.45,550351,431330,119021,686385,1.Hindus,1006235,2.Buddhists,169579,3.Muslims,47605,1004.0,998.0,998.0,842.0,392
682,maharashtra,yavatmal,2004.0,79,62,62,0,62,42,39,3,11,129,23,206,0,2458271,1265681,1192590,18.46,2001060,942.0,473370,73.62,84.09,62.52,1118937,949453,169484,1339334,1.Hindus,1999368,2.Buddhists,221793,3.Muslims,196909,1856.0,1820.0,1795.0,1729.0,723
683,manipur,bishnupur,2004.0,19,48,3,0,3,14,8,6,0,7,0,1,0,208368,104550,103818,13.9,133627,993.0,6143,67.63,79.61,55.66,89703,55557,34146,118665,1.Hindus,148903,2.Others,38763,3.Muslims,14194,48.0,48.0,46.0,47.0,28
684,manipur,chandel,2004.0,6,13,1,0,1,1,0,1,0,0,0,0,0,118327,59741,58586,72.8,103365,981.0,108779,56.23,64.34,47.98,54545,39935,14610,63782,1.Christians,109128,2.Hindus,5701,3.Muslims,2318,350.0,323.0,190.0,214.0,25
685,manipur,churachandpur,2004.0,26,18,0,0,0,7,1,6,0,0,0,0,0,227905,117232,110673,29.81,227905,944.0,212482,70.59,77.67,63.06,99363,71933,27430,128542,1.Christians,213186,2.Hindus,10538,3.Muslims,2573,540.0,539.0,306.0,395.0,66
686,manipur,tamenglong,2004.0,1,1,0,0,0,5,0,5,0,0,0,0,0,111499,58014,53485,29.23,111499,922.0,106349,59.25,68.72,48.95,50863,43353,7510,60636,1.Christians,105791,2.Hindus,3187,3.Muslims,1431,171.0,171.0,75.0,157.0,42
687,manipur,thoubal,2004.0,38,46,11,0,11,32,20,12,0,2,0,1,0,364140,182250,181890,24.62,232868,998.0,4274,66.41,80.43,52.46,177343,111486,65857,186797,1.Hindus,221096,2.Muslims,86849,3.Others,50819,90.0,90.0,84.0,88.0,36
688,manipur,ukhrul,2004.0,10,2,0,0,0,1,0,1,0,0,0,0,0,140778,73465,67313,28.98,140778,916.0,134493,73.12,80.13,65.41,66515,51564,14951,74263,1.Christians,133966,2.Hindus,5687,3.Muslims,881,198.0,198.0,154.0,188.0,47
689,mizoram,aizawl,2004.0,10,7,6,0,6,6,0,6,0,30,0,0,0,325676,166877,158799,39.24,77531,952.0,303641,96.51,96.75,96.26,162961,125328,37633,162715,1.Christians,303893,2.Hindus,14508,3.Muslims,5185,96.0,96.0,81.0,86.0,46
690,mizoram,lawngtlai,2004.0,3,1,1,0,1,1,0,1,0,5,0,0,0,73620,38776,34844,34.78,73620,899.0,70234,64.74,70.9,57.81,34093,26188,7905,39527,1.Buddhists,38410,2.Christians,32877,3.Hindus,1910,139.0,139.0,27.0,134.0,24
691,mizoram,lunglei,2004.0,4,3,2,0,2,2,0,2,0,10,0,0,0,137223,71402,65821,23.1,79267,922.0,130768,84.17,87.44,80.6,71792,60870,10922,65431,1.Christians,109204,2.Buddhists,22429,3.Hindus,4612,160.0,160.0,101.0,130.0,55
692,nagaland,kohima,2004.0,12,5,10,0,10,9,0,9,0,2,0,0,0,310084,162251,147833,49.96,233054,911.0,280753,74.54,80.3,68.15,135023,114456,20567,175061,1.Christians,278844,2.Hindus,21950,3.Others,5457,180.0,179.0,148.0,164.0,82
693,nagaland,mokokchung,2004.0,6,3,1,0,1,1,0,1,0,0,1,0,0,232085,120929,111156,43.48,200871,919.0,217653,83.92,86.03,81.61,109260,82160,27100,122825,1.Christians,219282,2.Hindus,10433,3.Muslims,2128,102.0,101.0,97.0,99.0,82
694,nagaland,mon,2004.0,6,6,0,0,0,2,0,2,0,0,0,0,0,260652,138753,121899,73.42,244062,879.0,244821,41.83,46.56,36.35,130848,108206,22642,129804,1.Christians,248684,2.Hindus,9963,3.Muslims,1748,110.0,110.0,102.0,107.0,69
695,nagaland,phek,2004.0,6,2,1,0,1,0,0,0,0,1,0,0,0,148195,77141,71054,45.12,135331,921.0,142977,70.65,78.37,62.26,71398,57454,13944,76797,1.Christians,143048,2.Hindus,4095,3.Muslims,517,104.0,104.0,102.0,102.0,54
696,nagaland,tuensang,2004.0,10,3,1,0,1,0,0,0,0,0,0,0,0,414818,218678,196140,78.1,385046,897.0,398350,50.64,55.12,45.58,184924,156950,27974,229894,1.Christians,406287,2.Hindus,6856,3.Muslims,1329,251.0,251.0,238.0,230.0,123
697,nagaland,wokha,2004.0,4,4,0,0,0,2,0,2,0,0,0,0,0,161223,83670,77553,95.01,123587,927.0,153983,80.55,85.35,75.32,56254,49679,6575,104969,1.Christians,155009,2.Hindus,4787,3.Muslims,1209,128.0,128.0,105.0,104.0,67
698,nagaland,zunheboto,2004.0,1,3,1,0,1,0,0,0,0,0,0,0,0,153955,79056,74899,61.0,130874,947.0,147915,69.28,73.74,64.57,56783,47491,9292,97172,1.Christians,150097,2.Hindus,3193,3.Muslims,492,187.0,186.0,187.0,178.0,57
699,punjab,amritsar,2004.0,48,50,25,0,25,31,23,8,7,9,0,54,0,3096077,1650589,1445488,22.72,1872802,876.0,-,67.27,72.61,61.26,1112200,938100,174100,1983877,1.Sikhs,2383575,2.Hindus,648284,3.Christians,51948,1185.0,1151.0,1185.0,1114.0,696
700,punjab,faridkot,2004.0,19,18,13,0,13,15,13,2,1,9,1,19,0,550892,292596,258296,21.42,357321,883.0,-,61.95,68.15,55.03,209754,181873,27881,341138,1.Sikhs,427104,2.Hindus,119702,3.Muslims,1739,163.0,163.0,163.0,160.0,107
701,punjab,gurdaspur,2004.0,19,15,16,0,16,8,6,2,3,6,0,18,0,2104011,1113077,990934,19.33,1568788,890.0,-,73.77,79.78,67.15,700557,568322,132235,1403454,1.Hindus,996246,2.Sikhs,934963,3.Christians,148981,1532.0,1531.0,1532.0,1375.0,517
702,punjab,hoshiarpur,2004.0,35,27,23,0,23,21,13,8,13,11,0,39,0,1480736,765132,715604,13.81,1188662,935.0,-,81.02,86.45,75.32,513351,415123,98228,967385,1.Hindus,871923,2.Sikhs,574862,3.Muslims,15394,1386.0,1386.0,1386.0,1232.0,382
703,punjab,jalandhar,2004.0,74,85,31,0,31,53,39,14,14,26,0,109,0,1962700,1040177,922523,18.4,1030717,887.0,-,78.04,82.49,73.08,676835,599324,77511,1285865,1.Hindus,1158868,2.Sikhs,740841,3.Christians,22106,934.0,934.0,934.0,832.0,598
704,punjab,kapurthala,2004.0,22,23,12,0,12,12,8,4,5,2,0,32,0,754521,399623,354898,16.34,507994,888.0,-,73.93,79.02,68.29,262741,231222,31519,491780,1.Sikhs,448654,2.Hindus,286438,3.Buddhists,7740,618.0,618.0,618.0,478.0,359
705,punjab,ludhiana,2004.0,53,55,48,0,48,70,46,24,5,33,23,104,0,3032831,1662716,1370115,24.79,1339178,824.0,-,76.5,80.25,71.95,1149638,1041517,108121,1883193,1.Sikhs,1744446,2.Hindus,1205128,3.Muslims,52220,897.0,897.0,897.0,842.0,550
706,punjab,patiala,2004.0,49,45,20,0,20,45,32,13,9,24,2,96,0,1844934,987390,857544,20.31,1200224,868.0,-,69.78,75.88,62.86,681951,589015,92936,1162983,1.Sikhs,1024546,2.Hindus,778427,3.Muslims,34828,1054.0,1053.0,1054.0,986.0,172
707,punjab,sangrur,2004.0,44,50,21,0,21,16,10,6,3,13,4,42,0,2000173,1069289,930884,18.57,1415354,871.0,-,59.98,65.81,53.38,814098,714076,100022,1186075,1.Sikhs,1400149,2.Hindus,434873,3.Muslims,157838,697.0,697.0,697.0,684.0,291
708,rajasthan,ajmer,2004.0,41,82,48,0,48,101,101,0,8,78,0,371,0,2181670,1129920,1051750,26.1,1306994,931.0,52634,64.65,79.37,48.86,856809,690818,165991,1324861,1.Hindus,1869044,2.Muslims,244341,3.Jains,47812,1025.0,1025.0,966.0,970.0,352
709,rajasthan,alwar,2004.0,60,98,43,0,43,86,67,19,30,98,0,276,0,2992592,1586752,1405840,30.23,2557653,886.0,239905,61.74,78.09,43.28,1458686,947587,511099,1533906,1.Hindus,2535155,2.Muslims,383204,3.Sikhs,55530,1954.0,1954.0,1843.0,1811.0,553
710,rajasthan,banswara,2004.0,26,22,20,0,20,54,51,3,7,92,4,86,0,1501589,760686,740903,29.84,1394226,974.0,1085272,44.63,60.45,28.43,709412,529393,180019,792177,1.Hindus,1425287,2.Muslims,39079,3.Jains,18406,1476.0,1476.0,853.0,1348.0,450
711,rajasthan,barmer,2004.0,15,22,14,0,14,21,15,6,9,95,0,69,0,1964835,1038247,926588,36.83,1819431,892.0,118688,58.99,72.76,43.45,919729,680208,239521,1045106,1.Hindus,1695047,2.Muslims,231918,3.Jains,35744,1933.0,1933.0,948.0,1777.0,433
712,rajasthan,bharatpur,2004.0,92,134,44,0,44,128,91,37,16,52,0,295,0,2101142,1133425,967717,27.05,1692182,854.0,47077,63.57,80.54,43.56,852913,573547,279366,1248229,1.Hindus,1804599,2.Muslims,264709,3.Sikhs,23472,1366.0,1365.0,1238.0,1298.0,481
713,rajasthan,bhilwara,2004.0,37,43,44,0,44,157,118,39,11,121,6,342,0,2013789,1026650,987139,26.14,1598938,962.0,180556,50.74,67.39,33.48,939848,764916,174932,1073941,1.Hindus,1859972,2.Muslims,112802,3.Jains,37659,1693.0,1693.0,1553.0,1516.0,473
714,rajasthan,bikaner,2004.0,52,98,41,0,41,31,25,6,23,48,0,190,0,1674271,886075,788196,38.18,1079235,890.0,5945,56.91,70.05,42.03,661457,522482,138975,1012814,1.Hindus,1445088,2.Muslims,172372,3.Jains,31235,712.0,686.0,485.0,611.0,173
715,rajasthan,bundi,2004.0,17,102,47,0,47,99,84,15,4,141,3,228,0,962620,504818,457802,24.8,783058,907.0,194851,55.57,71.68,37.79,456937,305977,150960,505683,1.Hindus,881956,2.Muslims,56220,3.Jains,13186,839.0,838.0,733.0,764.0,178
716,rajasthan,churu,2004.0,32,34,15,0,15,31,19,12,7,44,0,198,0,1923878,987781,936097,24.6,1387682,948.0,10063,66.81,79.69,53.35,853899,587431,266468,1069979,1.Hindus,1698106,2.Muslims,210446,3.Jains,13882,946.0,925.0,877.0,909.0,423
717,rajasthan,dungarpur,2004.0,26,8,17,0,17,40,37,3,5,44,0,72,0,1107643,547791,559852,26.58,1026787,1022.0,721487,48.57,66.04,31.77,531376,272283,259093,576267,1.Hindus,1068319,2.Muslims,23549,3.Jains,12542,854.0,853.0,723.0,819.0,368
718,rajasthan,ganganagar,2004.0,58,106,50,0,50,69,61,8,20,46,2,450,0,1789423,955378,834045,27.53,1336066,873.0,14744,64.74,75.53,52.44,719792,552559,167233,1069631,1.Hindus,1299812,2.Sikhs,441409,3.Muslims,42442,2830.0,2820.0,1817.0,1653.0,654
719,rajasthan,jaipur,2004.0,83,116,81,0,81,227,182,45,39,240,3,536,0,5251071,2768203,2482868,35.1,2659004,897.0,412864,69.9,82.8,55.52,1864055,1584361,279694,3387016,1.Hindus,4629461,2.Muslims,515124,3.Jains,73631,2077.0,2077.0,1962.0,1863.0,622
720,rajasthan,jaisalmer,2004.0,5,0,2,0,2,10,4,6,3,14,0,27,0,508247,279101,229146,47.45,431853,821.0,27834,50.97,66.26,32.05,211687,153139,58548,296560,1.Hindus,383638,2.Muslims,120174,3.Sikhs,2086,600.0,576.0,183.0,473.0,144
721,rajasthan,jhalawar,2004.0,46,98,40,0,40,88,61,27,4,167,5,258,0,1180323,612804,567519,23.34,1012081,926.0,141861,57.32,73.31,40.02,554781,399386,155395,625542,1.Hindus,1087934,2.Muslims,78962,3.Jains,11759,1477.0,1476.0,1185.0,1173.0,214
722,rajasthan,jodhpur,2004.0,49,114,19,0,19,66,53,13,15,101,2,270,0,2886505,1513890,1372615,33.77,1909423,907.0,79540,56.67,72.96,38.64,1105009,829721,275288,1781496,1.Hindus,2528049,2.Muslims,310114,3.Jains,36694,1058.0,1058.0,911.0,983.0,462
723,rajasthan,kota,2004.0,47,300,42,0,42,137,124,13,10,186,1,400,0,1568525,827128,741397,28.52,729948,896.0,151969,73.53,85.23,60.43,541362,420734,120628,1027163,1.Hindus,1344633,2.Muslims,183716,3.Jains,23259,812.0,811.0,736.0,715.0,225
724,rajasthan,nagaur,2004.0,54,35,25,0,25,40,29,11,16,160,0,154,0,2775058,1424967,1350091,29.33,2297721,947.0,6497,57.28,74.1,39.67,1129514,844039,285475,1645544,1.Hindus,2399173,2.Muslims,356405,3.Jains,17478,1480.0,1466.0,1417.0,1417.0,580
725,rajasthan,pali,2004.0,42,59,31,0,31,90,83,7,12,127,0,239,0,1820251,918856,901395,22.39,1429364,981.0,105814,54.39,72.2,36.48,724883,518158,206725,1095368,1.Hindus,1677038,2.Muslims,114088,3.Jains,25599,936.0,936.0,883.0,906.0,451
726,rajasthan,sikar,2004.0,39,27,18,0,18,66,39,27,17,38,0,120,0,2287788,1172753,1115035,24.11,1815250,951.0,62512,70.47,84.34,56.11,887915,633421,254494,1399873,1.Hindus,2019396,2.Muslims,261714,3.Jains,4957,986.0,985.0,965.0,945.0,470
727,rajasthan,sirohi,2004.0,44,28,14,0,14,33,31,2,6,44,1,86,0,851107,437949,413158,30.08,700217,943.0,210763,53.94,69.89,37.15,343905,245762,98143,507202,1.Hindus,810765,2.Muslims,25439,3.Jains,12427,455.0,454.0,399.0,423.0,201
728,rajasthan,tonk,2004.0,27,28,14,0,14,67,45,22,5,30,2,205,0,1211671,626436,585235,24.24,958503,934.0,145891,51.97,70.52,32.15,532682,425230,107452,678989,1.Hindus,1062365,2.Muslims,124440,3.Jains,23644,1032.0,1031.0,818.0,887.0,246
729,rajasthan,udaipur,2004.0,59,76,57,0,57,134,115,19,14,102,2,199,0,2633312,1336004,1297308,27.37,2142995,971.0,1260432,58.62,73.62,43.26,1100880,724120,376760,1532432,1.Hindus,2449773,2.Muslims,88262,3.Jains,83699,2339.0,2337.0,1647.0,2030.0,619
730,sikkim,east,2004.0,4,3,1,0,1,1,1,0,0,15,0,0,0,245040,132917,112123,37.17,192188,844.0,45321,74.67,81.2,66.8,116529,92577,23952,128511,1.Hindus,157321,2.Buddhists,64729,3.Christians,14502,131.0,131.0,125.0,112.0,100
731,sikkim,north,2004.0,3,0,0,0,0,0,0,0,0,1,0,0,0,41030,23414,17616,31.32,39782,752.0,21772,67.21,75.69,55.39,23542,17553,5989,17488,1.Buddhists,22603,2.Hindus,16128,3.Christians,1623,53.0,53.0,46.0,42.0,44
732,sikkim,south,2004.0,4,4,2,0,2,4,3,1,0,12,0,1,0,131525,68241,63284,33.37,127579,927.0,20483,67.31,74.29,59.72,69693,57367,12326,61832,1.Hindus,84213,2.Buddhists,31109,3.Christians,12757,145.0,145.0,142.0,131.0,99
733,sikkim,west,2004.0,5,1,0,0,0,0,0,0,0,12,0,0,0,123256,63912,59344,25.48,121432,929.0,23829,58.8,66.82,50.11,53279,45407,7872,69977,1.Hindus,71886,2.Buddhists,33601,3.Others,9567,121.0,121.0,115.0,107.0,86
734,tripura,dhalai,2004.0,24,4,15,0,15,16,7,9,1,5,0,19,0,307868,159095,148773,10.79,289001,935.0,166326,60.93,70.17,50.99,126761,92570,34191,181107,1.Hindus,257834,2.Buddhists,28180,3.Christians,14848,148.0,148.0,108.0,138.0,58
735,chandigarh,chandigarh,2004.0,22,19,19,0,19,54,43,11,6,20,18,73,0,900635,506938,393697,40.33,92120,777.0,-,81.94,86.14,76.47,340422,328989,11433,560213,1.Hindus,707978,2.Sikhs,145175,3.Muslims,35548,23.0,23.0,23.0,18.0,18
736,assam,barpeta,2005.0,38,4,56,0,56,69,66,3,8,25,0,105,0,1647201,848578,798623,18.53,1520333,941.0,123266,56.24,64.83,47.07,517088,408537,108551,1130113,1.Hindus,977943,2.Muslims,662066,3.Christians,5267,1050.0,1050.0,775.0,967.0,430
737,assam,bongaigaon,2005.0,19,3,38,0,38,31,28,3,3,15,0,66,0,904835,465240,439595,12.23,795053,945.0,110696,59.33,67.67,50.44,293243,233087,60156,611592,1.Hindus,535464,2.Muslims,348573,3.Christians,18728,881.0,881.0,607.0,805.0,112
738,assam,cachar,2005.0,51,44,51,0,51,110,99,11,4,165,0,334,0,1444921,743042,701879,18.66,1243534,945.0,18631,67.82,75.73,59.41,465734,364814,100920,979187,1.Hindus,886761,2.Muslims,522051,3.Christians,31306,1020.0,1020.0,741.0,902.0,134
739,assam,darrang,2005.0,25,17,47,0,47,33,30,3,4,65,0,45,0,1504320,773861,730459,15.79,1429492,944.0,249861,55.44,63.91,46.4,527993,404428,123565,976327,1.Hindus,868532,2.Muslims,534658,3.Christians,97306,1319.0,1319.0,1032.0,1246.0,356
740,assam,dhemaji,2005.0,20,16,52,0,52,45,20,25,4,31,0,67,0,571944,294643,277301,18.93,533112,941.0,270496,64.48,74.41,53.86,250146,155431,94715,321798,1.Hindus,548780,2.Muslims,10533,3.Christians,6390,1236.0,1236.0,253.0,1068.0,83
741,assam,dhubri,2005.0,40,22,101,0,101,84,63,21,10,56,0,201,0,1637344,841044,796300,23.42,1444901,947.0,32523,48.21,55.91,40.04,470360,399201,71159,1166984,1.Hindus,1216455,2.Muslims,405065,3.Christians,12477,1261.0,1261.0,904.0,1138.0,374
742,assam,dibrugarh,2005.0,113,24,57,0,57,75,51,24,4,41,0,53,0,1185072,613555,571517,12.43,956634,931.0,88337,68.96,77.3,59.95,472419,342708,129711,712653,1.Hindus,1075878,2.Muslims,53306,3.Christians,45040,1309.0,1309.0,1195.0,1169.0,263
743,assam,goalpara,2005.0,31,5,40,0,40,73,69,4,3,2,0,142,2,822035,420251,401784,23.07,755133,956.0,131800,58.03,64.86,50.85,273925,209928,63997,548110,1.Hindus,441516,2.Muslims,314157,3.Christians,64662,761.0,761.0,689.0,723.0,243
744,assam,golaghat,2005.0,61,18,54,0,54,87,70,17,0,27,0,91,0,946279,490286,455993,14.21,865141,930.0,93920,69.38,77.14,60.99,388640,269896,118744,557639,1.Hindus,813263,2.Muslims,74808,3.Christians,52277,1066.0,1066.0,595.0,769.0,87
745,assam,hailakandi,2005.0,18,4,18,0,18,35,33,2,1,6,1,32,0,542872,280513,262359,20.92,498787,935.0,821,59.64,68.24,50.46,179881,138216,41665,362991,1.Hindus,312849,2.Muslims,223191,3.Christians,5424,327.0,327.0,268.0,308.0,110
746,assam,jorhat,2005.0,51,10,29,0,29,44,40,4,0,40,0,42,0,999221,517015,482206,15.84,827901,933.0,123134,76.34,83.62,68.49,414348,285092,129256,584873,1.Hindus,927858,2.Muslims,47658,3.Christians,18610,787.0,787.0,650.0,717.0,215
747,assam,kamrup,2005.0,31,18,73,0,73,86,53,33,0,26,0,0,0,2522324,1326981,1195343,25.75,1614107,901.0,250393,74.16,81.16,66.31,842253,697810,144443,1680071,1.Hindus,1836153,2.Muslims,625002,3.Christians,44257,1342.0,1342.0,1042.0,1190.0,468
748,assam,karimganj,2005.0,30,25,28,0,28,31,29,2,9,8,0,71,0,1007976,517680,490296,21.35,934126,947.0,2901,66.24,74.69,57.28,303294,235016,68278,704682,1.Hindus,527214,2.Muslims,470708,3.Christians,8746,915.0,915.0,639.0,865.0,224
749,assam,kokrajhar,2005.0,46,2,36,0,36,44,29,15,2,17,0,53,0,905764,466191,439573,15.05,841823,943.0,304985,51.63,60.32,42.4,334849,234771,100078,570915,1.Hindus,594168,2.Muslims,184441,3.Christians,124270,951.0,951.0,704.0,906.0,211
750,assam,lakhimpur,2005.0,36,8,69,0,69,112,110,2,4,34,0,125,0,889010,455691,433319,18.34,823857,951.0,208864,68.56,77.06,59.59,497745,288052,209693,391265,1.Hindus,702881,2.Muslims,143505,3.Christians,36667,1139.0,1139.0,680.0,1046.0,211
751,assam,nagaon,2005.0,88,59,149,0,149,185,181,4,2,27,8,291,0,2314629,1190950,1123679,22.3,2036342,944.0,89394,61.73,68.27,54.74,727641,566195,161446,1586988,1.Hindus,1180267,2.Muslims,1106354,3.Christians,21473,1375.0,1374.0,1190.0,1257.0,480
752,assam,nalbari,2005.0,17,9,27,0,27,38,29,9,2,39,0,19,0,1148824,592375,556449,11.98,1121338,939.0,202577,67.23,76.56,57.26,383932,291665,92267,764892,1.Hindus,873749,2.Muslims,253842,3.Christians,18495,798.0,798.0,733.0,769.0,179
753,assam,sibsagar,2005.0,61,21,38,0,38,73,73,0,2,68,0,81,0,1051736,545476,506260,15.95,954557,928.0,41533,74.47,81.53,66.81,430523,287319,143204,621213,1.Hindus,927706,2.Muslims,85761,3.Christians,28488,866.0,866.0,772.0,825.0,317
754,assam,sonitpur,2005.0,87,7,77,0,77,108,106,2,3,2,0,145,1,1681513,871568,809945,17.8,1505719,929.0,195083,59.0,67.54,49.73,634723,465283,169440,1046790,1.Hindus,1287646,2.Muslims,268078,3.Christians,115623,1784.0,1784.0,1331.0,1372.0,235
755,assam,tinsukia,2005.0,92,9,42,0,42,75,61,14,10,20,0,16,0,1150062,601099,548963,19.52,926105,913.0,67234,60.95,70.15,50.78,466351,349847,116504,683711,1.Hindus,1029142,2.Muslims,62403,3.Christians,40000,1107.0,1107.0,871.0,936.0,198
756,bihar,araria,2005.0,68,12,29,0,29,43,39,4,9,6,0,19,1,2158608,1128105,1030503,31.84,2026257,913.0,29423,35.01,46.38,22.37,853445,657446,195999,1305163,1.Hindus,1263766,2.Muslims,887972,3.Jains,2504,713.0,713.0,129.0,552.0,60
757,bihar,aurangabad,2005.0,60,164,17,0,17,33,23,10,29,0,0,9,0,2013055,1040945,972110,30.19,1842998,934.0,1640,57.03,71.13,41.9,671011,476390,194621,1342044,1.Hindus,1814612,2.Muslims,196030,3.Religion not stated,1161,1739.0,1739.0,527.0,1148.0,270
758,bihar,begusarai,2005.0,128,53,20,0,20,65,20,45,25,13,2,39,0,2349366,1228874,1120492,29.11,2241743,912.0,1505,47.98,59.13,35.64,746075,571564,174511,1603291,1.Hindus,2033039,2.Muslims,313713,3.Religion not stated,1224,729.0,729.0,457.0,503.0,167
759,bihar,bhagalpur,2005.0,93,52,75,0,75,101,52,49,18,15,0,55,0,2423172,1291658,1131514,27.24,1970745,876.0,55545,49.5,59.22,38.13,855345,580731,274614,1567827,1.Hindus,1990976,2.Muslims,423246,3.Christians,1853,935.0,935.0,445.0,642.0,229
760,bihar,bhojpur,2005.0,158,188,14,0,14,38,36,2,38,34,0,44,0,2243144,1179611,1063533,24.58,1930730,902.0,8337,58.96,74.29,41.8,653811,491916,161895,1589333,1.Hindus,2076589,2.Muslims,163193,3.Religion not stated,913,999.0,999.0,247.0,885.0,133
761,bihar,darbhanga,2005.0,44,78,65,0,65,54,22,32,33,31,0,137,0,3295789,1722189,1573600,30.85,3028441,914.0,841,44.33,56.72,30.78,1028558,761464,267094,2267231,1.Hindus,2543284,2.Muslims,748971,3.Religion not stated,2245,1083.0,1083.0,490.0,850.0,271
762,bihar,gaya,2005.0,158,175,22,0,22,77,20,57,8,28,0,11,0,3473428,1792163,1681265,30.19,2997479,938.0,2945,50.45,63.27,36.66,1277639,994459,283180,2195789,1.Hindus,3063841,2.Muslims,403439,3.Religion not stated,1622,2680.0,2680.0,539.0,1635.0,278
763,bihar,gopalganj,2005.0,74,209,24,0,24,65,51,14,25,2,6,49,0,2152638,1075710,1076928,26.11,2022048,1001.0,6157,47.48,62.96,32.16,641672,466811,174861,1510966,1.Hindus,1784275,2.Muslims,367219,3.Religion not stated,850,1383.0,1383.0,439.0,866.0,261
764,bihar,jehanabad,2005.0,52,52,16,0,16,19,2,17,7,14,0,17,0,1514315,784946,729369,28.64,1402703,929.0,1313,55.26,70.07,39.37,580905,422789,158116,933410,1.Hindus,1389053,2.Muslims,124149,3.Religion not stated,743,856.0,856.0,219.0,672.0,123
765,bihar,katihar,2005.0,78,41,88,0,88,61,53,8,26,10,0,55,0,2392638,1246872,1145766,30.91,2174361,919.0,140418,35.09,45.31,23.8,898326,664259,234067,1494312,1.Hindus,1363523,2.Muslims,1017495,3.Christians,4994,1290.0,1290.0,277.0,785.0,248
766,bihar,khagaria,2005.0,48,41,14,0,14,35,15,20,12,5,0,12,0,1280354,679267,601087,29.32,1204027,885.0,332,41.35,51.82,29.35,467240,333262,133978,813114,1.Hindus,1147346,2.Muslims,131441,3.Others,546,241.0,241.0,114.0,220.0,124
767,bihar,kishanganj,2005.0,17,23,61,0,61,84,81,3,3,2,0,30,0,1296348,669552,626796,31.5,1167340,936.0,47116,31.09,42.71,18.63,417151,359819,57332,879197,1.Muslims,876105,2.Hindus,412995,3.Christians,2856,730.0,730.0,116.0,442.0,120
768,bihar,madhepura,2005.0,52,24,15,0,15,13,9,4,10,6,0,11,0,1526646,797180,729466,29.45,1458679,915.0,9295,36.07,48.8,22.11,683976,498367,185609,842670,1.Hindus,1351978,2.Muslims,173605,3.Religion not stated,494,384.0,384.0,168.0,311.0,141
769,bihar,madhubani,2005.0,69,108,42,0,42,66,0,66,17,35,0,26,0,3575281,1840997,1734284,26.08,3450736,942.0,1260,41.97,56.79,26.25,1227723,877412,350311,2347558,1.Hindus,2930501,2.Muslims,641579,3.Religion not stated,1477,1034.0,1034.0,437.0,901.0,232
770,bihar,munger,2005.0,95,29,18,0,18,54,11,43,11,10,0,16,0,1137797,607730,530067,20.34,819950,872.0,18060,59.47,69.89,47.4,331451,233688,97763,806346,1.Hindus,1045233,2.Muslims,89791,3.Christians,1135,525.0,525.0,321.0,382.0,149
771,bihar,muzaffarpur,2005.0,131,22,80,0,80,225,14,211,67,17,0,104,0,3746714,1951466,1795248,26.74,3398361,920.0,3472,47.95,59.1,35.81,1139830,895830,244000,2606884,1.Hindus,3168225,2.Muslims,573951,3.Religion not stated,2104,1725.0,1725.0,1021.0,1423.0,526
772,bihar,nalanda,2005.0,150,100,25,0,25,94,21,73,65,10,1,92,4,2370528,1238599,1131929,18.64,2016899,914.0,970,53.19,66.44,38.58,903144,700007,203137,1467384,1.Hindus,2191552,2.Muslims,176871,3.Religion not stated,888,1000.0,1000.0,366.0,879.0,198
773,bihar,patna,2005.0,436,87,57,0,57,275,59,216,85,5,2,189,0,4718592,2519942,2198650,30.17,2757060,873.0,9236,62.92,73.34,50.83,1425647,1161984,263663,3292945,1.Hindus,4333556,2.Muslims,366164,3.Christians,8951,1288.0,1288.0,615.0,1199.0,390
774,bihar,rohtas,2005.0,107,218,18,0,18,29,7,22,37,12,0,7,0,2450748,1283485,1167263,27.71,2123942,909.0,25663,61.29,75.31,45.71,744183,544731,199452,1706565,1.Hindus,2199049,2.Muslims,246760,3.Sikhs,2549,1710.0,1710.0,493.0,1185.0,153
775,bihar,saharsa,2005.0,17,88,11,0,11,40,2,38,5,19,0,12,6,1508182,789432,718750,33.03,1383015,910.0,4642,39.08,51.66,25.27,589467,411566,177901,918715,1.Hindus,1289364,2.Muslims,217922,3.Christians,437,441.0,441.0,127.0,374.0,63
776,bihar,samastipur,2005.0,121,184,28,0,28,97,4,93,40,10,0,73,48,3394793,1760692,1634101,25.63,3271338,928.0,3362,45.13,57.59,31.67,1071974,843356,228618,2322819,1.Hindus,3035755,2.Muslims,355897,3.Religion not stated,1432,1122.0,1122.0,674.0,878.0,195
777,bihar,saran,2005.0,125,345,32,0,32,85,43,42,76,4,1,58,0,3248701,1652661,1596040,26.37,2950064,966.0,6667,51.8,67.3,35.82,860940,644618,216322,2387761,1.Hindus,2909213,2.Muslims,337767,3.Religion not stated,758,1566.0,1566.0,544.0,1213.0,342
778,bihar,sitamarhi,2005.0,63,25,32,0,32,74,51,23,32,12,0,64,0,2682720,1417611,1265109,32.58,2529407,892.0,1786,38.46,49.36,26.13,855156,714136,141020,1827564,1.Hindus,2111476,2.Muslims,568992,3.Religion not stated,1237,802.0,802.0,302.0,709.0,216
779,bihar,siwan,2005.0,93,43,27,0,27,59,33,26,31,8,1,60,0,2714349,1336283,1378066,24.78,2564860,1031.0,13822,51.65,67.26,36.88,730437,511578,218859,1983912,1.Hindus,2218632,2.Muslims,494176,3.Religion not stated,899,1438.0,1438.0,441.0,1119.0,254
780,bihar,vaishali,2005.0,69,108,13,0,13,133,51,82,72,36,0,74,0,2718421,1415603,1302818,26.39,2531766,920.0,3068,50.49,63.23,36.58,782717,624452,158265,1935704,1.Hindus,2457636,2.Muslims,259158,3.Religion not stated,922,1414.0,1414.0,970.0,929.0,154
781,chhattisgarh,bilaspur,2005.0,94,54,77,0,77,36,36,0,18,154,19,117,0,1998355,1013875,984480,17.59,1511661,971.0,397104,63.51,78.43,48.17,857577,630504,227073,1140778,1.Hindus,1904580,2.Muslims,45342,3.Others,19325,1579.0,1545.0,1494.0,1426.0,452
782,chhattisgarh,durg,2005.0,90,65,128,0,128,28,19,9,14,216,23,107,0,2810436,1417893,1392543,16.88,1738127,982.0,348801,75.62,86.43,64.64,1162833,965624,197209,1647603,1.Hindus,2654202,2.Muslims,70398,3.Sikhs,23399,1776.0,1762.0,1737.0,1698.0,669
783,chhattisgarh,raigarh,2005.0,62,29,35,0,35,11,11,0,9,64,2,32,0,1265529,634597,630932,18.68,1096073,994.0,447703,70.16,82.7,57.62,601564,430725,170839,663965,1.Hindus,1212180,2.Christians,36098,3.Muslims,12637,1433.0,1410.0,1385.0,1350.0,279
784,chhattisgarh,raipur,2005.0,92,59,125,0,125,46,41,5,16,235,29,94,0,3016930,1523925,1493005,18.97,2099312,980.0,365273,68.51,81.97,54.81,1264663,961507,303156,1752267,1.Hindus,2881933,2.Muslims,77963,3.Christians,16857,2124.0,2101.0,1955.0,1987.0,696
785,chhattisgarh,rajnandgaon,2005.0,40,26,81,0,81,8,6,2,5,69,6,25,0,1283224,634342,648882,17.7,1051577,1023.0,341688,77.21,87.17,67.55,649401,558996,90405,633823,1.Hindus,1215492,2.Buddhists,28020,3.Muslims,21035,1605.0,1595.0,1550.0,1484.0,343
786,gujarat,amreli,2005.0,24,14,11,0,11,49,47,2,2,18,1,127,0,1393918,701593,692325,6.45,1080960,987.0,3256,66.09,76.44,55.78,600819,470043,130776,793099,1.Hindus,1307460,2.Muslims,83077,3.Jains,2309,615.0,614.0,615.0,614.0,383
787,gujarat,anand,2005.0,20,7,7,0,7,24,20,4,1,28,2,97,0,1856872,972000,884872,13.03,1348901,910.0,22835,74.51,86.09,61.94,784711,617669,167042,1072161,1.Hindus,1616127,2.Muslims,199263,3.Christians,29461,350.0,350.0,350.0,350.0,301
788,gujarat,bharuch,2005.0,35,10,8,0,8,23,15,8,0,16,5,46,0,1370656,713676,656980,19.32,1018096,921.0,444043,74.41,82.98,65.11,570693,469551,101142,799963,1.Hindus,1059796,2.Muslims,293459,3.Christians,8824,657.0,657.0,656.0,644.0,403
789,gujarat,bhavnagar,2005.0,66,31,14,0,14,85,70,15,3,79,33,216,0,2469630,1274920,1194710,19.29,1534592,937.0,7298,66.2,78.02,53.73,944559,781166,163393,1525071,1.Hindus,2264062,2.Muslims,172740,3.Jains,28921,790.0,790.0,789.0,786.0,526
790,gujarat,gandhinagar,2005.0,20,6,9,0,9,29,20,9,4,8,4,101,0,1334455,697999,636456,23.88,867195,912.0,17681,76.59,87.74,64.58,554336,467413,86923,780119,1.Hindus,1269766,2.Muslims,50559,3.Jains,7769,291.0,291.0,291.0,290.0,244
791,gujarat,jamnagar,2005.0,41,19,14,0,14,20,15,5,0,15,3,188,0,1904278,981320,922958,22.39,1068022,941.0,10459,66.48,76.25,56.18,734382,624057,110325,1169896,1.Hindus,1605941,2.Muslims,270223,3.Jains,21907,698.0,695.0,666.0,666.0,286
792,gujarat,junagadh,2005.0,33,27,13,0,13,38,32,6,5,54,9,421,0,2448173,1252350,1195823,17.08,1736645,955.0,18832,67.78,78.74,56.43,1000842,785530,215312,1447331,1.Hindus,2165734,2.Muslims,274481,3.Jains,4291,923.0,922.0,901.0,858.0,803
793,gujarat,narmada,2005.0,15,2,6,0,6,1,1,0,0,2,0,4,0,514404,263986,250418,14.4,462298,949.0,401654,59.86,72.44,46.61,259116,176372,82744,255288,1.Hindus,482552,2.Muslims,20429,3.Christians,5122,552.0,552.0,530.0,515.0,324
794,gujarat,navsari,2005.0,14,3,6,0,6,6,5,1,2,3,0,31,0,1229463,628988,600475,13.22,893110,955.0,591164,75.83,82.77,68.61,545215,457002,88213,684248,1.Hindus,1135525,2.Muslims,69972,3.Jains,13575,374.0,374.0,374.0,368.0,268
795,gujarat,patan,2005.0,24,13,6,0,6,22,19,3,0,24,0,111,0,1182709,612100,570609,14.08,944281,932.0,12637,60.36,73.63,46.33,533078,395470,137608,649631,1.Hindus,1057013,2.Muslims,119748,3.Jains,5136,517.0,516.0,517.0,514.0,265
796,gujarat,porbandar,2005.0,10,8,1,0,1,9,8,1,1,5,0,36,0,536835,275821,261014,14.35,275460,946.0,6456,68.62,78.36,58.42,215134,173594,41540,321701,1.Hindus,507176,2.Muslims,28404,3.Jains,589,182.0,182.0,155.0,156.0,130
797,gujarat,surendranagar,2005.0,30,21,13,0,13,38,31,7,0,36,1,90,0,1515148,787650,727498,25.34,1112700,924.0,14338,61.61,74.19,48.1,647609,512038,135571,867539,1.Hindus,1392451,2.Muslims,97846,3.Jains,22721,650.0,649.0,650.0,648.0,170
798,gujarat,valsad,2005.0,34,13,11,0,11,25,20,5,1,17,0,31,0,1410553,734799,675754,29.66,1029392,920.0,772405,69.15,77.9,59.62,650257,503333,146924,760296,1.Hindus,1300005,2.Muslims,66440,3.Christians,15399,450.0,450.0,425.0,449.0,303
799,haryana,ambala,2005.0,24,16,19,0,19,24,19,5,9,19,16,130,0,1014411,542977,471434,25.69,657383,868.0,-,75.31,82.31,67.39,324521,275648,48873,689890,1.Hindus,856193,2.Sikhs,132463,3.Muslims,17263,482.0,482.0,479.0,432.0,204
800,haryana,bhiwani,2005.0,47,18,18,0,18,24,22,2,19,20,16,87,0,1425022,758253,666769,22.45,1154629,879.0,-,67.45,80.26,53.0,609320,425210,184110,815702,1.Hindus,1407363,2.Muslims,12740,3.Sikhs,2542,437.0,437.0,437.0,429.0,252
801,haryana,faridabad,2005.0,76,44,39,0,39,91,67,24,18,42,253,188,0,2194586,1193063,1001523,48.47,973242,839.0,-,70.03,81.52,56.31,785762,609663,176099,1408824,1.Hindus,1896698,2.Muslims,247293,3.Sikhs,36005,413.0,413.0,413.0,376.0,188
802,haryana,gurgaon,2005.0,65,38,17,0,17,38,22,16,10,20,31,71,0,1660289,886451,773838,44.64,1291285,873.0,-,62.91,76.17,47.78,629658,464644,165014,1030631,1.Hindus,1026542,2.Muslims,617918,3.Sikhs,6672,694.0,694.0,693.0,642.0,203
803,haryana,jind,2005.0,37,27,14,0,14,12,6,6,17,2,17,35,0,1189827,642282,547545,21.35,948250,852.0,-,62.12,73.82,48.51,521946,372049,149897,667881,1.Hindus,1134539,2.Sikhs,29159,3.Muslims,20618,306.0,306.0,306.0,300.0,247
804,haryana,kaithal,2005.0,23,18,19,0,19,11,9,2,6,9,0,115,0,946131,510513,435618,20.95,762649,853.0,-,59.02,69.15,47.31,372011,268127,103884,574120,1.Hindus,848765,2.Sikhs,88700,3.Muslims,6777,270.0,270.0,270.0,261.0,160
805,haryana,karnal,2005.0,46,31,50,0,50,31,19,12,14,39,2,236,0,1274183,683368,590815,23.13,936341,865.0,-,67.74,76.29,57.97,455455,355466,99989,818728,1.Hindus,1125279,2.Sikhs,123160,3.Muslims,22614,422.0,422.0,422.0,385.0,186
806,haryana,kurukshetra,2005.0,25,15,24,0,24,15,9,6,5,24,15,99,0,825454,442328,383126,23.72,609943,866.0,-,69.88,78.06,60.61,308392,250596,57796,517062,1.Hindus,675381,2.Sikhs,135545,3.Muslims,12028,407.0,402.0,406.0,385.0,179
807,haryana,mahendragarh,2005.0,12,7,15,0,15,13,9,4,6,13,0,20,0,812521,423578,388943,19.09,702885,918.0,-,69.89,84.72,54.08,351864,204704,147160,460657,1.Hindus,805991,2.Muslims,3434,3.Sikhs,2026,368.0,368.0,368.0,350.0,190
808,haryana,panipat,2005.0,42,19,56,0,56,35,21,14,11,11,10,127,0,967449,528860,438589,38.57,575369,829.0,-,69.17,78.5,57.97,382801,289013,93788,584648,1.Hindus,873593,2.Muslims,59696,3.Sikhs,27437,179.0,179.0,179.0,168.0,116
809,haryana,rewari,2005.0,33,11,13,0,13,20,19,1,9,21,10,50,0,765351,403034,362317,25.24,629177,899.0,-,75.25,88.45,60.83,333622,204855,128767,431729,1.Hindus,758328,2.Muslims,3194,3.Sikhs,1668,397.0,397.0,397.0,379.0,175
810,haryana,rohtak,2005.0,48,48,29,0,29,16,10,6,9,17,32,79,0,940128,509038,431090,20.99,610524,847.0,-,73.72,83.23,62.59,371073,288225,82848,569055,1.Hindus,924541,2.Muslims,5665,3.Sikhs,5079,146.0,146.0,146.0,130.0,118
811,haryana,sirsa,2005.0,31,23,15,0,15,16,10,6,10,17,0,119,0,1116649,593245,523404,22.96,823184,882.0,-,60.55,70.05,49.93,475571,363946,111625,641078,1.Hindus,801747,2.Sikhs,302942,3.Muslims,7056,321.0,321.0,318.0,312.0,197
812,haryana,sonipat,2005.0,73,42,28,0,28,39,29,10,14,21,22,124,0,1279175,695723,583452,22.36,957800,839.0,-,72.79,83.06,60.68,523031,383449,139582,756144,1.Hindus,1234225,2.Muslims,31954,3.Jains,6729,323.0,323.0,323.0,316.0,248
813,haryana,yamunanagar,2005.0,29,16,14,0,14,25,21,4,4,20,0,127,0,1041630,559444,482186,21.84,648608,862.0,-,71.63,78.82,63.39,336533,280728,55805,705097,1.Hindus,849255,2.Muslims,104073,3.Sikhs,83524,613.0,613.0,607.0,483.0,248
814,jharkhand,deoghar,2005.0,51,56,46,0,46,10,1,9,3,15,2,19,0,1165390,608878,556512,24.46,1005539,914.0,142717,50.09,66.38,31.99,432714,283711,149003,732676,1.Hindus,910409,2.Muslims,221705,3.Others,27263,2356.0,2356.0,289.0,768.0,94
815,jharkhand,dhanbad,2005.0,97,65,32,0,32,68,58,10,48,16,7,31,0,2397102,1278946,1118156,22.82,1141744,874.0,202729,67.0,79.54,52.43,664058,492501,171557,1733044,1.Hindus,1944757,2.Muslims,364807,3.Others,61505,1121.0,1121.0,503.0,708.0,154
816,jharkhand,dumka,2005.0,52,18,38,0,38,23,9,14,12,11,7,38,3,1759602,897364,862238,17.31,1644690,961.0,701903,47.94,62.86,32.35,778378,470354,308024,981224,1.Hindus,1323468,2.Muslims,203741,3.Others,170201,3737.0,3737.0,213.0,1732.0,312
817,jharkhand,giridih,2005.0,63,101,28,0,28,41,39,2,24,54,0,44,0,1904430,960679,943751,27.09,1782066,982.0,184469,44.5,62.09,26.62,644644,340925,303719,1259786,1.Hindus,1475201,2.Muslims,383253,3.Others,30778,2532.0,2532.0,481.0,1232.0,229
818,jharkhand,godda,2005.0,44,83,46,0,46,29,0,29,8,28,0,39,0,1047939,544043,503896,21.61,1010931,926.0,247538,43.13,57.52,27.39,421941,238694,183247,625998,1.Hindus,745237,2.Muslims,210734,3.Others,68055,1633.0,1633.0,257.0,892.0,141
819,jharkhand,gumla,2005.0,140,40,45,0,45,17,10,7,2,10,0,6,0,1346767,675769,670998,16.6,1273025,993.0,920597,51.74,63.5,39.95,658921,446953,211968,687846,1.Hindus,440373,2.Christians,425107,3.Others,419004,1393.0,1393.0,92.0,1015.0,365
820,jharkhand,hazaribagh,2005.0,104,34,57,0,57,55,32,23,31,32,0,55,0,2277475,1167793,1109682,24.02,1748406,950.0,268333,57.74,71.81,42.87,790049,532895,257154,1487426,1.Hindus,1870586,2.Muslims,337117,3.Others,36789,1543.0,1543.0,413.0,962.0,147
821,jharkhand,palamu,2005.0,69,57,27,0,27,44,30,14,21,13,0,29,0,2098359,1084417,1013942,26.8,1973266,935.0,392325,44.95,58.91,29.88,793658,444921,348737,1304701,1.Hindus,1740948,2.Muslims,242980,3.Others,63100,2465.0,2465.0,410.0,1474.0,349
822,jharkhand,ranchi,2005.0,239,168,102,5,97,105,0,105,11,14,0,58,0,2785064,1436976,1348088,25.72,1807243,938.0,1164624,64.57,76.56,51.72,1076904,750962,325942,1708160,1.Hindus,1399301,2.Others,767672,3.Muslims,348774,2052.0,2052.0,331.0,1343.0,377
823,karnataka,belgaum,2005.0,116,79,13,0,13,41,26,15,10,74,0,108,0,4214505,2150090,2064415,17.4,3201814,960.0,243451,64.21,75.7,52.32,1877774,1537645,340129,2336731,1.Hindus,3565153,2.Muslims,440836,3.Christians,169466,1255.0,1254.0,1247.0,1240.0,740
824,karnataka,bellary,2005.0,58,35,17,0,17,21,16,5,5,53,0,60,0,2027140,1029714,997426,22.3,1320290,969.0,364638,57.4,69.2,45.28,920821,801369,119452,1106319,1.Hindus,1739522,2.Muslims,257806,3.Christians,13226,524.0,523.0,524.0,381.0,260
825,karnataka,bidar,2005.0,38,44,5,0,5,12,8,4,10,44,3,53,0,1502373,771022,731351,19.56,1157498,949.0,182219,60.94,72.46,48.81,557603,424985,132618,944770,1.Hindus,1020174,2.Muslims,295762,3.Buddhists,122083,599.0,596.0,596.0,591.0,293
826,karnataka,bijapur,2005.0,49,61,18,0,18,22,16,6,0,93,0,105,0,1806918,926424,880494,17.63,1410829,950.0,30051,57.01,69.94,43.47,718213,551972,166241,1088705,1.Hindus,1495080,2.Muslims,294491,3.Jains,8356,660.0,659.0,657.0,626.0,392
827,karnataka,chitradurga,2005.0,21,14,15,0,15,6,5,1,6,62,0,29,0,1517896,776221,741675,15.05,1243658,955.0,266235,64.45,74.66,53.78,721835,576035,145800,796061,1.Hindus,1388506,2.Muslims,109412,3.Religion not stated,8411,946.0,916.0,946.0,879.0,197
828,karnataka,davanagere,2005.0,40,16,14,0,14,14,9,5,9,66,2,78,0,1790952,917705,873247,14.78,1247954,952.0,209701,67.43,76.37,58.04,783781,631726,152055,1007171,1.Hindus,1532714,2.Muslims,226708,3.Religion not stated,10944,810.0,786.0,808.0,727.0,278
829,karnataka,gulbarga,2005.0,115,111,16,0,16,33,17,16,12,119,0,112,0,3130922,1592789,1538133,21.02,2278301,966.0,154195,50.01,61.77,37.9,1350072,1010430,339642,1780850,1.Hindus,2381497,2.Muslims,551171,3.Buddhists,153619,1360.0,1327.0,1342.0,1337.0,708
830,karnataka,hassan,2005.0,63,58,10,0,10,21,9,12,8,49,0,42,0,1721669,859086,862583,9.66,1416996,1004.0,26451,68.63,78.37,59.0,864711,702827,161884,856958,1.Hindus,1587287,2.Muslims,104730,3.Christians,15598,2394.0,2330.0,2341.0,1990.0,482
831,karnataka,kodagu,2005.0,34,29,10,0,10,10,9,1,2,18,3,35,0,548561,274831,273730,11.64,473179,996.0,46115,77.99,83.7,72.26,266378,247574,18804,282183,1.Hindus,450694,2.Muslims,78466,3.Christians,17951,291.0,279.0,286.0,267.0,138
832,karnataka,kolar,2005.0,73,49,20,0,20,30,24,6,19,41,0,41,0,2536069,1286193,1249876,13.83,1910546,972.0,205711,62.84,73.17,52.23,1235028,1014667,220361,1301041,1.Hindus,2196660,2.Muslims,298767,3.Christians,32547,2919.0,2797.0,2785.0,2342.0,490
833,karnataka,koppal,2005.0,29,22,8,0,8,8,8,0,4,24,1,40,0,1196089,603312,592777,24.57,997797,983.0,138588,54.1,68.42,39.61,554506,422208,132298,641583,1.Hindus,1042294,2.Muslims,137174,3.Religion not stated,5395,594.0,590.0,594.0,560.0,281
834,karnataka,mandya,2005.0,43,56,17,0,17,12,11,1,13,56,0,60,0,1763705,888034,875671,7.14,1480990,986.0,17193,61.05,70.5,51.53,840419,682440,157979,923286,1.Hindus,1667640,2.Muslims,69890,3.Buddhists,11093,1369.0,1330.0,1323.0,1185.0,458
835,karnataka,raichur,2005.0,41,43,8,0,8,10,6,4,2,66,6,59,0,1669762,841840,827922,21.93,1248925,983.0,303042,48.81,61.52,35.93,732762,544347,188415,937000,1.Hindus,1417051,2.Muslims,228652,3.Christians,12390,830.0,806.0,796.0,306.0,338
836,karnataka,shimoga,2005.0,50,38,17,0,17,27,20,7,7,88,5,158,0,1642545,830559,811986,12.9,1071535,978.0,55997,74.52,82.01,66.88,714671,586832,127839,927874,1.Hindus,1401087,2.Muslims,200979,3.Christians,26474,1443.0,1415.0,1399.0,989.0,311
837,karnataka,tumkur,2005.0,64,54,14,0,14,24,15,9,8,59,0,41,0,2584711,1313801,1270910,11.87,2077509,967.0,193819,67.01,76.78,56.94,1316939,1050291,266648,1267772,1.Hindus,2349801,2.Muslims,211732,3.Christians,7736,2574.0,2477.0,2573.0,2123.0,382
838,kerala,idukki,2005.0,26,31,28,0,28,7,5,2,2,125,10,107,0,1129221,566682,562539,6.96,1071628,993.0,50973,88.69,92.33,85.02,487352,400699,86653,641869,1.Hindus,566744,2.Muslims,480108,3.Christians,81222,64.0,64.0,64.0,60.0,62
839,kerala,kannur,2005.0,23,18,25,0,25,7,5,2,0,121,17,215,0,2408956,1152817,1256139,7.13,1196058,1090.0,19969,92.59,96.13,89.4,767197,626876,140321,1641759,1.Hindus,1480748,2.Muslims,665648,3.Christians,261019,78.0,78.0,78.0,78.0,78
840,kerala,kollam,2005.0,40,29,47,0,47,21,19,2,2,320,4,367,0,2585208,1249621,1335587,7.33,2119230,1069.0,5190,91.18,94.43,88.18,828566,654823,173743,1756642,1.Hindus,1685044,2.Muslims,474071,3.Christians,423745,93.0,93.0,93.0,93.0,92
841,kerala,kottayam,2005.0,24,13,25,0,25,17,13,4,1,167,16,149,0,1953646,964926,988720,6.76,1653838,1025.0,18340,95.82,97.34,94.35,642157,539609,102548,1311489,1.Hindus,963497,2.Muslims,871371,3.Christians,116686,89.0,89.0,89.0,89.0,88
842,kerala,malappuram,2005.0,28,33,50,0,50,13,8,5,0,130,5,449,0,3625471,1754576,1870895,17.22,3269301,1066.0,12267,89.61,93.25,86.26,874476,691848,182628,2750995,1.Hindus,2484576,2.Muslims,1057418,3.Christians,80650,122.0,122.0,122.0,122.0,121
843,kerala,palakkad,2005.0,37,23,53,0,53,10,6,4,1,66,4,279,0,2617482,1266985,1350497,9.86,2260907,1066.0,39665,84.35,89.52,79.56,945052,768620,176432,1672430,1.Hindus,1802766,2.Muslims,703596,3.Christians,109249,144.0,144.0,144.0,141.0,139
844,kerala,pathanamthitta,2005.0,22,14,14,0,14,9,6,3,1,139,2,119,0,1234016,589398,644618,3.72,1110218,1094.0,6549,94.84,96.41,93.43,366049,285844,80205,867967,1.Hindus,694560,2.Muslims,481602,3.Christians,56457,65.0,65.0,65.0,64.0,63
845,kerala,thrissur,2005.0,41,35,38,0,38,23,11,12,2,161,28,270,0,2974232,1422052,1552180,8.7,2134799,1092.0,4826,92.27,95.11,89.71,955300,808965,146335,2018932,1.Hindus,1761842,2.Muslims,720152,3.Christians,488697,204.0,204.0,204.0,196.0,194
846,maharashtra,akola,2005.0,46,40,21,0,21,24,22,2,3,82,14,184,0,1630239,841253,788986,20.51,1002742,938.0,100088,81.41,88.91,73.43,648243,582264,65979,981996,1.Hindus,1024080,2.Muslims,296272,3.Buddhists,293184,862.0,851.0,840.0,786.0,212
847,maharashtra,bhandara,2005.0,27,11,15,0,15,17,14,3,3,64,34,67,0,1136146,573445,562701,11.2,960418,981.0,97718,78.47,88.97,67.82,536885,365464,171421,599261,1.Hindus,953507,2.Buddhists,144541,3.Muslims,23324,778.0,772.0,774.0,716.0,442
848,maharashtra,chandrapur,2005.0,61,18,41,0,41,17,14,3,2,93,27,110,0,2071101,1062993,1008108,17.26,1406034,948.0,375256,73.17,82.94,62.89,930791,683029,247762,1140310,1.Hindus,1680113,2.Buddhists,274067,3.Muslims,76050,1472.0,1462.0,1444.0,1359.0,318
849,maharashtra,dhule,2005.0,47,30,15,0,15,9,9,0,10,27,7,110,0,1707947,878372,829575,16.01,1262062,944.0,443564,71.65,81.4,61.39,737941,573496,164445,970006,1.Hindus,1522895,2.Muslims,149466,3.Buddhists,14613,678.0,675.0,673.0,669.0,276
850,maharashtra,gadchiroli,2005.0,60,45,22,0,22,5,3,2,1,62,4,42,0,970294,491101,479193,23.25,903033,976.0,371696,60.1,71.86,48.07,497104,336959,160145,473190,1.Hindus,818640,2.Buddhists,78058,3.Others,44825,1521.0,1509.0,1320.0,1279.0,369
851,maharashtra,jalgaon,2005.0,74,55,52,0,52,26,26,0,4,92,30,301,0,3682690,1905493,1777197,15.44,2629896,933.0,435951,75.43,85.91,64.3,1563983,1300086,263897,2118707,1.Hindus,3049368,2.Muslims,455288,3.Buddhists,126136,1491.0,1491.0,1486.0,1470.0,934
852,maharashtra,jalna,2005.0,37,40,20,0,20,13,8,5,21,53,5,215,0,1612980,826903,786077,18.17,1305115,951.0,32103,64.4,79.14,49.04,716900,611998,104902,896080,1.Hindus,1255041,2.Muslims,211531,3.Buddhists,121033,963.0,963.0,959.0,952.0,380
853,maharashtra,kolhapur,2005.0,65,62,26,0,26,25,15,10,22,47,12,76,0,3523162,1807470,1715692,17.59,2472809,949.0,21387,76.93,87.47,66.02,1652970,1394882,258088,1870192,1.Hindus,3077263,2.Muslims,236875,3.Jains,147285,1196.0,1194.0,1190.0,1185.0,638
854,maharashtra,latur,2005.0,49,40,24,0,24,22,20,2,40,61,3,107,0,2080285,1075257,1005028,23.95,1590024,935.0,47836,71.54,82.94,59.4,840518,712849,127669,1239767,1.Hindus,1700679,2.Muslims,292996,3.Buddhists,74351,921.0,921.0,919.0,917.0,409
855,maharashtra,mumbai,2005.0,212,136,201,0,201,198,122,76,9,385,99,336,0,8640419,4741720,3898699,27.2,-,822.0,70454,86.89,91.56,81.12,3152509,2971039,181470,5487910,1.Hindus,5953475,2.Muslims,1488987,3.Buddhists,464354,1016.4515570934255,1009.6712802768166,774.7595155709342,796.7941176470588,118
856,maharashtra,mumbai,2005.0,212,136,201,0,201,198,122,76,9,385,99,336,0,3338031,1878246,1459785,4.79,-,777.0,20666,86.4,90.23,81.38,1311739,1250710,61029,2026292,1.Hindus,2119750,2.Muslims,734484,3.Buddhists,161417,1016.4515570934255,1009.6712802768166,774.7595155709342,796.7941176470588,118
857,maharashtra,nanded,2005.0,70,112,41,0,41,42,29,13,17,85,10,239,0,2876259,1481358,1394901,23.08,2187195,942.0,253596,67.77,80.44,54.35,1202037,965087,236950,1674222,1.Hindus,2162185,2.Muslims,385081,3.Buddhists,302161,1546.0,1538.0,1531.0,1536.0,209
858,maharashtra,osmanabad,2005.0,41,19,22,0,22,7,4,3,1,42,8,118,0,1486586,769368,717218,15.35,1253330,932.0,27857,69.02,80.42,56.89,653522,555202,98320,833064,1.Hindus,1297858,2.Muslims,151181,3.Buddhists,28356,729.0,729.0,727.0,726.0,400
859,maharashtra,parbhani,2005.0,39,33,14,0,14,13,8,5,10,40,3,131,0,1527715,780191,747524,15.31,1042529,958.0,35210,66.07,79.63,52.02,644752,559917,84835,882963,1.Hindus,1121246,2.Muslims,243935,3.Buddhists,153231,830.0,830.0,824.0,821.0,386
860,maharashtra,ratnagiri,2005.0,21,3,27,0,27,7,3,4,2,40,29,40,0,1696777,794498,902279,9.87,1504568,1136.0,20102,75.05,85.89,65.77,763387,557613,205774,933390,1.Hindus,1391137,2.Muslims,175672,3.Buddhists,120855,1539.0,1538.0,1539.0,1484.0,810
861,maharashtra,sangli,2005.0,77,12,34,0,34,32,12,20,7,55,7,105,0,2583524,1320088,1263436,17.59,1950306,957.0,17855,76.62,86.26,66.73,1218655,952241,266414,1364869,1.Hindus,2243478,2.Muslims,203524,3.Jains,85160,721.0,721.0,721.0,719.0,567
862,maharashtra,satara,2005.0,59,32,31,0,31,26,18,8,6,61,2,180,0,2808994,1408326,1400668,14.1,2410873,995.0,21896,78.22,88.2,68.38,1303658,1044989,258669,1505336,1.Hindus,2533359,2.Buddhists,128570,3.Muslims,125661,1716.0,1716.0,1701.0,1680.0,646
863,maharashtra,sindhudurg,2005.0,15,8,4,0,4,4,2,2,0,20,12,4,0,868825,417890,450935,3.55,786506,1079.0,4952,80.3,90.26,71.23,404985,233827,171158,463840,1.Hindus,802498,2.Buddhists,24320,3.Muslims,23668,743.0,743.0,735.0,722.0,593
864,maharashtra,wardha,2005.0,45,30,35,0,35,31,31,0,4,110,45,94,0,1236736,638990,597746,15.3,911695,935.0,154415,80.06,87.18,72.45,550351,431330,119021,686385,1.Hindus,1006235,2.Buddhists,169579,3.Muslims,47605,1004.0,998.0,998.0,842.0,392
865,maharashtra,yavatmal,2005.0,72,73,59,0,59,43,40,3,10,133,42,233,0,2458271,1265681,1192590,18.46,2001060,942.0,473370,73.62,84.09,62.52,1118937,949453,169484,1339334,1.Hindus,1999368,2.Buddhists,221793,3.Muslims,196909,1856.0,1820.0,1795.0,1729.0,723
866,manipur,bishnupur,2005.0,30,38,3,0,3,7,5,2,0,3,0,1,0,208368,104550,103818,13.9,133627,993.0,6143,67.63,79.61,55.66,89703,55557,34146,118665,1.Hindus,148903,2.Others,38763,3.Muslims,14194,48.0,48.0,46.0,47.0,28
867,manipur,chandel,2005.0,20,10,0,0,0,1,0,1,0,2,0,0,0,118327,59741,58586,72.8,103365,981.0,108779,56.23,64.34,47.98,54545,39935,14610,63782,1.Christians,109128,2.Hindus,5701,3.Muslims,2318,350.0,323.0,190.0,214.0,25
868,manipur,churachandpur,2005.0,49,25,0,0,0,4,1,3,0,2,0,0,0,227905,117232,110673,29.81,227905,944.0,212482,70.59,77.67,63.06,99363,71933,27430,128542,1.Christians,213186,2.Hindus,10538,3.Muslims,2573,540.0,539.0,306.0,395.0,66
869,manipur,tamenglong,2005.0,7,2,1,0,1,1,0,1,0,0,0,0,0,111499,58014,53485,29.23,111499,922.0,106349,59.25,68.72,48.95,50863,43353,7510,60636,1.Christians,105791,2.Hindus,3187,3.Muslims,1431,171.0,171.0,75.0,157.0,42
870,manipur,thoubal,2005.0,46,38,7,0,7,20,14,6,0,3,0,15,0,364140,182250,181890,24.62,232868,998.0,4274,66.41,80.43,52.46,177343,111486,65857,186797,1.Hindus,221096,2.Muslims,86849,3.Others,50819,90.0,90.0,84.0,88.0,36
871,manipur,ukhrul,2005.0,7,9,0,0,0,1,0,1,0,0,0,0,0,140778,73465,67313,28.98,140778,916.0,134493,73.12,80.13,65.41,66515,51564,14951,74263,1.Christians,133966,2.Hindus,5687,3.Muslims,881,198.0,198.0,154.0,188.0,47
872,mizoram,aizawl,2005.0,4,4,10,0,10,5,0,5,0,10,2,0,0,325676,166877,158799,39.24,77531,952.0,303641,96.51,96.75,96.26,162961,125328,37633,162715,1.Christians,303893,2.Hindus,14508,3.Muslims,5185,96.0,96.0,81.0,86.0,46
873,mizoram,lawngtlai,2005.0,3,3,2,0,2,2,0,2,2,6,1,0,0,73620,38776,34844,34.78,73620,899.0,70234,64.74,70.9,57.81,34093,26188,7905,39527,1.Buddhists,38410,2.Christians,32877,3.Hindus,1910,139.0,139.0,27.0,134.0,24
874,mizoram,lunglei,2005.0,4,4,6,0,6,2,0,2,0,8,0,0,0,137223,71402,65821,23.1,79267,922.0,130768,84.17,87.44,80.6,71792,60870,10922,65431,1.Christians,109204,2.Buddhists,22429,3.Hindus,4612,160.0,160.0,101.0,130.0,55
875,nagaland,kohima,2005.0,19,7,5,0,5,12,5,7,0,0,0,0,0,310084,162251,147833,49.96,233054,911.0,280753,74.54,80.3,68.15,135023,114456,20567,175061,1.Christians,278844,2.Hindus,21950,3.Others,5457,180.0,179.0,148.0,164.0,82
876,nagaland,mokokchung,2005.0,3,2,0,0,0,0,0,0,0,1,0,0,0,232085,120929,111156,43.48,200871,919.0,217653,83.92,86.03,81.61,109260,82160,27100,122825,1.Christians,219282,2.Hindus,10433,3.Muslims,2128,102.0,101.0,97.0,99.0,82
877,nagaland,mon,2005.0,15,3,1,0,1,1,0,1,0,1,0,0,0,260652,138753,121899,73.42,244062,879.0,244821,41.83,46.56,36.35,130848,108206,22642,129804,1.Christians,248684,2.Hindus,9963,3.Muslims,1748,110.0,110.0,102.0,107.0,69
878,nagaland,phek,2005.0,2,1,1,0,1,2,1,1,0,1,0,0,0,148195,77141,71054,45.12,135331,921.0,142977,70.65,78.37,62.26,71398,57454,13944,76797,1.Christians,143048,2.Hindus,4095,3.Muslims,517,104.0,104.0,102.0,102.0,54
879,nagaland,tuensang,2005.0,9,0,1,0,1,2,0,2,0,0,0,0,0,414818,218678,196140,78.1,385046,897.0,398350,50.64,55.12,45.58,184924,156950,27974,229894,1.Christians,406287,2.Hindus,6856,3.Muslims,1329,251.0,251.0,238.0,230.0,123
880,nagaland,wokha,2005.0,10,4,0,0,0,4,3,1,0,0,0,0,0,161223,83670,77553,95.01,123587,927.0,153983,80.55,85.35,75.32,56254,49679,6575,104969,1.Christians,155009,2.Hindus,4787,3.Muslims,1209,128.0,128.0,105.0,104.0,67
881,nagaland,zunheboto,2005.0,1,2,1,0,1,0,0,0,0,0,0,0,0,153955,79056,74899,61.0,130874,947.0,147915,69.28,73.74,64.57,56783,47491,9292,97172,1.Christians,150097,2.Hindus,3193,3.Muslims,492,187.0,186.0,187.0,178.0,57
882,punjab,amritsar,2005.0,47,28,5,0,5,20,14,6,2,6,0,44,0,3096077,1650589,1445488,22.72,1872802,876.0,-,67.27,72.61,61.26,1112200,938100,174100,1983877,1.Sikhs,2383575,2.Hindus,648284,3.Christians,51948,1185.0,1151.0,1185.0,1114.0,696
883,punjab,faridkot,2005.0,17,36,6,0,6,10,2,8,1,10,0,9,0,550892,292596,258296,21.42,357321,883.0,-,61.95,68.15,55.03,209754,181873,27881,341138,1.Sikhs,427104,2.Hindus,119702,3.Muslims,1739,163.0,163.0,163.0,160.0,107
884,punjab,gurdaspur,2005.0,25,24,16,0,16,17,12,5,6,11,0,22,0,2104011,1113077,990934,19.33,1568788,890.0,-,73.77,79.78,67.15,700557,568322,132235,1403454,1.Hindus,996246,2.Sikhs,934963,3.Christians,148981,1532.0,1531.0,1532.0,1375.0,517
885,punjab,hoshiarpur,2005.0,34,30,23,0,23,19,14,5,8,11,1,46,0,1480736,765132,715604,13.81,1188662,935.0,-,81.02,86.45,75.32,513351,415123,98228,967385,1.Hindus,871923,2.Sikhs,574862,3.Muslims,15394,1386.0,1386.0,1386.0,1232.0,382
886,punjab,jalandhar,2005.0,63,83,37,0,37,80,65,15,7,27,1,78,0,1962700,1040177,922523,18.4,1030717,887.0,-,78.04,82.49,73.08,676835,599324,77511,1285865,1.Hindus,1158868,2.Sikhs,740841,3.Christians,22106,934.0,934.0,934.0,832.0,598
887,punjab,kapurthala,2005.0,23,26,18,0,18,24,18,6,2,21,0,29,0,754521,399623,354898,16.34,507994,888.0,-,73.93,79.02,68.29,262741,231222,31519,491780,1.Sikhs,448654,2.Hindus,286438,3.Buddhists,7740,618.0,618.0,618.0,478.0,359
888,punjab,ludhiana,2005.0,61,55,42,0,42,52,37,15,5,26,25,85,0,3032831,1662716,1370115,24.79,1339178,824.0,-,76.5,80.25,71.95,1149638,1041517,108121,1883193,1.Sikhs,1744446,2.Hindus,1205128,3.Muslims,52220,897.0,897.0,897.0,842.0,550
889,punjab,patiala,2005.0,61,30,19,0,19,24,20,4,8,30,2,82,0,1844934,987390,857544,20.31,1200224,868.0,-,69.78,75.88,62.86,681951,589015,92936,1162983,1.Sikhs,1024546,2.Hindus,778427,3.Muslims,34828,1054.0,1053.0,1054.0,986.0,172
890,punjab,sangrur,2005.0,33,34,11,0,11,21,15,6,7,14,1,43,0,2000173,1069289,930884,18.57,1415354,871.0,-,59.98,65.81,53.38,814098,714076,100022,1186075,1.Sikhs,1400149,2.Hindus,434873,3.Muslims,157838,697.0,697.0,697.0,684.0,291
891,rajasthan,ajmer,2005.0,43,54,26,0,26,89,89,0,11,61,3,339,0,2181670,1129920,1051750,26.1,1306994,931.0,52634,64.65,79.37,48.86,856809,690818,165991,1324861,1.Hindus,1869044,2.Muslims,244341,3.Jains,47812,1025.0,1025.0,966.0,970.0,352
892,rajasthan,alwar,2005.0,78,93,52,0,52,86,61,25,31,110,0,297,0,2992592,1586752,1405840,30.23,2557653,886.0,239905,61.74,78.09,43.28,1458686,947587,511099,1533906,1.Hindus,2535155,2.Muslims,383204,3.Sikhs,55530,1954.0,1954.0,1843.0,1811.0,553
893,rajasthan,banswara,2005.0,26,15,29,0,29,33,29,4,7,83,1,56,0,1501589,760686,740903,29.84,1394226,974.0,1085272,44.63,60.45,28.43,709412,529393,180019,792177,1.Hindus,1425287,2.Muslims,39079,3.Jains,18406,1476.0,1476.0,853.0,1348.0,450
894,rajasthan,barmer,2005.0,27,28,19,0,19,26,20,6,13,86,0,72,0,1964835,1038247,926588,36.83,1819431,892.0,118688,58.99,72.76,43.45,919729,680208,239521,1045106,1.Hindus,1695047,2.Muslims,231918,3.Jains,35744,1933.0,1933.0,948.0,1777.0,433
895,rajasthan,bharatpur,2005.0,91,111,46,0,46,88,58,30,35,44,0,220,0,2101142,1133425,967717,27.05,1692182,854.0,47077,63.57,80.54,43.56,852913,573547,279366,1248229,1.Hindus,1804599,2.Muslims,264709,3.Sikhs,23472,1366.0,1365.0,1238.0,1298.0,481
896,rajasthan,bhilwara,2005.0,35,48,39,0,39,136,102,34,14,87,0,293,0,2013789,1026650,987139,26.14,1598938,962.0,180556,50.74,67.39,33.48,939848,764916,174932,1073941,1.Hindus,1859972,2.Muslims,112802,3.Jains,37659,1693.0,1693.0,1553.0,1516.0,473
897,rajasthan,bikaner,2005.0,39,86,30,0,30,20,20,0,12,67,0,199,0,1674271,886075,788196,38.18,1079235,890.0,5945,56.91,70.05,42.03,661457,522482,138975,1012814,1.Hindus,1445088,2.Muslims,172372,3.Jains,31235,712.0,686.0,485.0,611.0,173
898,rajasthan,bundi,2005.0,20,75,41,0,41,70,58,12,5,105,0,166,0,962620,504818,457802,24.8,783058,907.0,194851,55.57,71.68,37.79,456937,305977,150960,505683,1.Hindus,881956,2.Muslims,56220,3.Jains,13186,839.0,838.0,733.0,764.0,178
899,rajasthan,churu,2005.0,19,33,18,0,18,28,19,9,7,60,0,149,0,1923878,987781,936097,24.6,1387682,948.0,10063,66.81,79.69,53.35,853899,587431,266468,1069979,1.Hindus,1698106,2.Muslims,210446,3.Jains,13882,946.0,925.0,877.0,909.0,423
900,rajasthan,dungarpur,2005.0,21,11,9,0,9,31,30,1,3,39,0,50,0,1107643,547791,559852,26.58,1026787,1022.0,721487,48.57,66.04,31.77,531376,272283,259093,576267,1.Hindus,1068319,2.Muslims,23549,3.Jains,12542,854.0,853.0,723.0,819.0,368
901,rajasthan,ganganagar,2005.0,59,114,45,0,45,53,47,6,10,58,0,373,0,1789423,955378,834045,27.53,1336066,873.0,14744,64.74,75.53,52.44,719792,552559,167233,1069631,1.Hindus,1299812,2.Sikhs,441409,3.Muslims,42442,2830.0,2820.0,1817.0,1653.0,654
902,rajasthan,jaipur,2005.0,88,95,82,0,82,211,163,48,40,212,5,538,0,5251071,2768203,2482868,35.1,2659004,897.0,412864,69.9,82.8,55.52,1864055,1584361,279694,3387016,1.Hindus,4629461,2.Muslims,515124,3.Jains,73631,2077.0,2077.0,1962.0,1863.0,622
903,rajasthan,jaisalmer,2005.0,7,0,2,0,2,9,4,5,5,16,0,16,0,508247,279101,229146,47.45,431853,821.0,27834,50.97,66.26,32.05,211687,153139,58548,296560,1.Hindus,383638,2.Muslims,120174,3.Sikhs,2086,600.0,576.0,183.0,473.0,144
904,rajasthan,jhalawar,2005.0,40,87,40,0,40,68,46,22,6,160,6,199,0,1180323,612804,567519,23.34,1012081,926.0,141861,57.32,73.31,40.02,554781,399386,155395,625542,1.Hindus,1087934,2.Muslims,78962,3.Jains,11759,1477.0,1476.0,1185.0,1173.0,214
905,rajasthan,jodhpur,2005.0,47,102,29,0,29,75,58,17,16,98,5,221,0,2886505,1513890,1372615,33.77,1909423,907.0,79540,56.67,72.96,38.64,1105009,829721,275288,1781496,1.Hindus,2528049,2.Muslims,310114,3.Jains,36694,1058.0,1058.0,911.0,983.0,462
906,rajasthan,kota,2005.0,44,303,40,0,40,109,93,16,5,154,1,361,0,1568525,827128,741397,28.52,729948,896.0,151969,73.53,85.23,60.43,541362,420734,120628,1027163,1.Hindus,1344633,2.Muslims,183716,3.Jains,23259,812.0,811.0,736.0,715.0,225
907,rajasthan,nagaur,2005.0,38,27,33,0,33,43,40,3,15,169,0,136,0,2775058,1424967,1350091,29.33,2297721,947.0,6497,57.28,74.1,39.67,1129514,844039,285475,1645544,1.Hindus,2399173,2.Muslims,356405,3.Jains,17478,1480.0,1466.0,1417.0,1417.0,580
908,rajasthan,pali,2005.0,33,35,36,0,36,68,59,9,8,145,1,211,0,1820251,918856,901395,22.39,1429364,981.0,105814,54.39,72.2,36.48,724883,518158,206725,1095368,1.Hindus,1677038,2.Muslims,114088,3.Jains,25599,936.0,936.0,883.0,906.0,451
909,rajasthan,sikar,2005.0,51,46,21,0,21,68,44,24,12,22,0,137,0,2287788,1172753,1115035,24.11,1815250,951.0,62512,70.47,84.34,56.11,887915,633421,254494,1399873,1.Hindus,2019396,2.Muslims,261714,3.Jains,4957,986.0,985.0,965.0,945.0,470
910,rajasthan,sirohi,2005.0,30,24,23,0,23,24,21,3,4,51,0,104,0,851107,437949,413158,30.08,700217,943.0,210763,53.94,69.89,37.15,343905,245762,98143,507202,1.Hindus,810765,2.Muslims,25439,3.Jains,12427,455.0,454.0,399.0,423.0,201
911,rajasthan,tonk,2005.0,24,26,18,0,18,64,52,12,1,37,1,188,0,1211671,626436,585235,24.24,958503,934.0,145891,51.97,70.52,32.15,532682,425230,107452,678989,1.Hindus,1062365,2.Muslims,124440,3.Jains,23644,1032.0,1031.0,818.0,887.0,246
912,rajasthan,udaipur,2005.0,61,75,45,0,45,105,88,17,11,101,1,205,0,2633312,1336004,1297308,27.37,2142995,971.0,1260432,58.62,73.62,43.26,1100880,724120,376760,1532432,1.Hindus,2449773,2.Muslims,88262,3.Jains,83699,2339.0,2337.0,1647.0,2030.0,619
913,sikkim,east,2005.0,5,10,8,0,8,2,1,1,0,8,0,3,0,245040,132917,112123,37.17,192188,844.0,45321,74.67,81.2,66.8,116529,92577,23952,128511,1.Hindus,157321,2.Buddhists,64729,3.Christians,14502,131.0,131.0,125.0,112.0,100
914,sikkim,north,2005.0,0,2,1,0,1,0,0,0,0,1,0,0,0,41030,23414,17616,31.32,39782,752.0,21772,67.21,75.69,55.39,23542,17553,5989,17488,1.Buddhists,22603,2.Hindus,16128,3.Christians,1623,53.0,53.0,46.0,42.0,44
915,sikkim,south,2005.0,2,2,6,0,6,1,1,0,0,22,0,0,0,131525,68241,63284,33.37,127579,927.0,20483,67.31,74.29,59.72,69693,57367,12326,61832,1.Hindus,84213,2.Buddhists,31109,3.Christians,12757,145.0,145.0,142.0,131.0,99
916,sikkim,west,2005.0,1,2,3,0,3,0,0,0,0,7,0,1,0,123256,63912,59344,25.48,121432,929.0,23829,58.8,66.82,50.11,53279,45407,7872,69977,1.Hindus,71886,2.Buddhists,33601,3.Others,9567,121.0,121.0,115.0,107.0,86
917,tripura,dhalai,2005.0,12,5,15,0,15,21,8,13,1,13,0,29,0,307868,159095,148773,10.79,289001,935.0,166326,60.93,70.17,50.99,126761,92570,34191,181107,1.Hindus,257834,2.Buddhists,28180,3.Christians,14848,148.0,148.0,108.0,138.0,58
918,chandigarh,chandigarh,2005.0,18,15,33,0,33,54,45,9,3,31,9,75,0,900635,506938,393697,40.33,92120,777.0,-,81.94,86.14,76.47,340422,328989,11433,560213,1.Hindus,707978,2.Sikhs,145175,3.Muslims,35548,23.0,23.0,23.0,18.0,18
919,assam,barpeta,2006.0,57,3,58,0,58,75,70,5,4,18,0,116,0,1647201,848578,798623,18.53,1520333,941.0,123266,56.24,64.83,47.07,517088,408537,108551,1130113,1.Hindus,977943,2.Muslims,662066,3.Christians,5267,1050.0,1050.0,775.0,967.0,430
920,assam,bongaigaon,2006.0,15,1,13,0,13,19,19,0,0,20,0,28,0,904835,465240,439595,12.23,795053,945.0,110696,59.33,67.67,50.44,293243,233087,60156,611592,1.Hindus,535464,2.Muslims,348573,3.Christians,18728,881.0,881.0,607.0,805.0,112
921,assam,cachar,2006.0,58,18,60,0,60,129,105,24,5,181,0,306,0,1444921,743042,701879,18.66,1243534,945.0,18631,67.82,75.73,59.41,465734,364814,100920,979187,1.Hindus,886761,2.Muslims,522051,3.Christians,31306,1020.0,1020.0,741.0,902.0,134
922,assam,darrang,2006.0,25,14,70,0,70,53,46,7,2,109,0,75,0,1504320,773861,730459,15.79,1429492,944.0,249861,55.44,63.91,46.4,527993,404428,123565,976327,1.Hindus,868532,2.Muslims,534658,3.Christians,97306,1319.0,1319.0,1032.0,1246.0,356
923,assam,dhemaji,2006.0,23,33,58,0,58,45,30,15,1,28,0,94,0,571944,294643,277301,18.93,533112,941.0,270496,64.48,74.41,53.86,250146,155431,94715,321798,1.Hindus,548780,2.Muslims,10533,3.Christians,6390,1236.0,1236.0,253.0,1068.0,83
924,assam,dhubri,2006.0,40,37,115,0,115,118,94,24,7,132,0,217,0,1637344,841044,796300,23.42,1444901,947.0,32523,48.21,55.91,40.04,470360,399201,71159,1166984,1.Hindus,1216455,2.Muslims,405065,3.Christians,12477,1261.0,1261.0,904.0,1138.0,374
925,assam,dibrugarh,2006.0,104,25,53,0,53,65,56,9,4,48,0,44,0,1185072,613555,571517,12.43,956634,931.0,88337,68.96,77.3,59.95,472419,342708,129711,712653,1.Hindus,1075878,2.Muslims,53306,3.Christians,45040,1309.0,1309.0,1195.0,1169.0,263
926,assam,goalpara,2006.0,23,9,55,0,55,40,35,5,4,45,0,151,0,822035,420251,401784,23.07,755133,956.0,131800,58.03,64.86,50.85,273925,209928,63997,548110,1.Hindus,441516,2.Muslims,314157,3.Christians,64662,761.0,761.0,689.0,723.0,243
927,assam,golaghat,2006.0,72,24,63,0,63,91,70,21,1,44,0,76,0,946279,490286,455993,14.21,865141,930.0,93920,69.38,77.14,60.99,388640,269896,118744,557639,1.Hindus,813263,2.Muslims,74808,3.Christians,52277,1066.0,1066.0,595.0,769.0,87
928,assam,hailakandi,2006.0,18,1,23,0,23,56,48,8,1,9,0,49,0,542872,280513,262359,20.92,498787,935.0,821,59.64,68.24,50.46,179881,138216,41665,362991,1.Hindus,312849,2.Muslims,223191,3.Christians,5424,327.0,327.0,268.0,308.0,110
929,assam,jorhat,2006.0,37,6,30,0,30,54,52,2,0,40,0,56,0,999221,517015,482206,15.84,827901,933.0,123134,76.34,83.62,68.49,414348,285092,129256,584873,1.Hindus,927858,2.Muslims,47658,3.Christians,18610,787.0,787.0,650.0,717.0,215
930,assam,kamrup,2006.0,43,3,37,0,37,80,60,20,10,58,0,115,0,2522324,1326981,1195343,25.75,1614107,901.0,250393,74.16,81.16,66.31,842253,697810,144443,1680071,1.Hindus,1836153,2.Muslims,625002,3.Christians,44257,1342.0,1342.0,1042.0,1190.0,468
931,assam,karimganj,2006.0,38,22,44,0,44,46,46,0,4,3,0,74,0,1007976,517680,490296,21.35,934126,947.0,2901,66.24,74.69,57.28,303294,235016,68278,704682,1.Hindus,527214,2.Muslims,470708,3.Christians,8746,915.0,915.0,639.0,865.0,224
932,assam,kokrajhar,2006.0,38,14,29,0,29,47,39,8,14,26,0,69,0,905764,466191,439573,15.05,841823,943.0,304985,51.63,60.32,42.4,334849,234771,100078,570915,1.Hindus,594168,2.Muslims,184441,3.Christians,124270,951.0,951.0,704.0,906.0,211
933,assam,lakhimpur,2006.0,43,4,79,0,79,96,93,3,6,38,0,110,0,889010,455691,433319,18.34,823857,951.0,208864,68.56,77.06,59.59,497745,288052,209693,391265,1.Hindus,702881,2.Muslims,143505,3.Christians,36667,1139.0,1139.0,680.0,1046.0,211
934,assam,nagaon,2006.0,83,33,133,0,133,179,177,2,8,10,10,278,0,2314629,1190950,1123679,22.3,2036342,944.0,89394,61.73,68.27,54.74,727641,566195,161446,1586988,1.Hindus,1180267,2.Muslims,1106354,3.Christians,21473,1375.0,1374.0,1190.0,1257.0,480
935,assam,nalbari,2006.0,24,21,17,0,17,33,26,7,1,32,0,24,0,1148824,592375,556449,11.98,1121338,939.0,202577,67.23,76.56,57.26,383932,291665,92267,764892,1.Hindus,873749,2.Muslims,253842,3.Christians,18495,798.0,798.0,733.0,769.0,179
936,assam,sibsagar,2006.0,77,30,54,0,54,79,79,0,3,65,0,133,0,1051736,545476,506260,15.95,954557,928.0,41533,74.47,81.53,66.81,430523,287319,143204,621213,1.Hindus,927706,2.Muslims,85761,3.Christians,28488,866.0,866.0,772.0,825.0,317
937,assam,sonitpur,2006.0,88,16,56,0,56,108,105,3,7,7,0,155,0,1681513,871568,809945,17.8,1505719,929.0,195083,59.0,67.54,49.73,634723,465283,169440,1046790,1.Hindus,1287646,2.Muslims,268078,3.Christians,115623,1784.0,1784.0,1331.0,1372.0,235
938,assam,tinsukia,2006.0,48,13,23,0,23,57,38,19,3,20,0,47,0,1150062,601099,548963,19.52,926105,913.0,67234,60.95,70.15,50.78,466351,349847,116504,683711,1.Hindus,1029142,2.Muslims,62403,3.Christians,40000,1107.0,1107.0,871.0,936.0,198
939,bihar,araria,2006.0,63,37,42,0,42,104,12,92,19,10,0,52,0,2158608,1128105,1030503,31.84,2026257,913.0,29423,35.01,46.38,22.37,853445,657446,195999,1305163,1.Hindus,1263766,2.Muslims,887972,3.Jains,2504,713.0,713.0,129.0,552.0,60
940,bihar,aurangabad,2006.0,82,175,18,0,18,42,41,1,23,5,0,35,0,2013055,1040945,972110,30.19,1842998,934.0,1640,57.03,71.13,41.9,671011,476390,194621,1342044,1.Hindus,1814612,2.Muslims,196030,3.Religion not stated,1161,1739.0,1739.0,527.0,1148.0,270
941,bihar,begusarai,2006.0,111,225,23,0,23,69,41,28,36,16,0,55,0,2349366,1228874,1120492,29.11,2241743,912.0,1505,47.98,59.13,35.64,746075,571564,174511,1603291,1.Hindus,2033039,2.Muslims,313713,3.Religion not stated,1224,729.0,729.0,457.0,503.0,167
942,bihar,bhagalpur,2006.0,119,94,43,0,43,83,44,39,19,19,1,22,0,2423172,1291658,1131514,27.24,1970745,876.0,55545,49.5,59.22,38.13,855345,580731,274614,1567827,1.Hindus,1990976,2.Muslims,423246,3.Christians,1853,935.0,935.0,445.0,642.0,229
943,bihar,bhojpur,2006.0,127,235,17,0,17,57,34,23,26,18,0,81,0,2243144,1179611,1063533,24.58,1930730,902.0,8337,58.96,74.29,41.8,653811,491916,161895,1589333,1.Hindus,2076589,2.Muslims,163193,3.Religion not stated,913,999.0,999.0,247.0,885.0,133
944,bihar,darbhanga,2006.0,70,74,74,0,74,68,17,51,33,54,3,76,4,3295789,1722189,1573600,30.85,3028441,914.0,841,44.33,56.72,30.78,1028558,761464,267094,2267231,1.Hindus,2543284,2.Muslims,748971,3.Religion not stated,2245,1083.0,1083.0,490.0,850.0,271
945,bihar,gaya,2006.0,158,178,25,0,25,68,50,18,168,0,0,9,0,3473428,1792163,1681265,30.19,2997479,938.0,2945,50.45,63.27,36.66,1277639,994459,283180,2195789,1.Hindus,3063841,2.Muslims,403439,3.Religion not stated,1622,2680.0,2680.0,539.0,1635.0,278
946,bihar,gopalganj,2006.0,72,46,23,0,23,55,34,21,32,16,0,94,0,2152638,1075710,1076928,26.11,2022048,1001.0,6157,47.48,62.96,32.16,641672,466811,174861,1510966,1.Hindus,1784275,2.Muslims,367219,3.Religion not stated,850,1383.0,1383.0,439.0,866.0,261
947,bihar,jehanabad,2006.0,39,14,10,0,10,20,1,19,15,5,0,5,0,1514315,784946,729369,28.64,1402703,929.0,1313,55.26,70.07,39.37,580905,422789,158116,933410,1.Hindus,1389053,2.Muslims,124149,3.Religion not stated,743,856.0,856.0,219.0,672.0,123
948,bihar,katihar,2006.0,59,46,82,0,82,57,31,26,35,33,6,29,0,2392638,1246872,1145766,30.91,2174361,919.0,140418,35.09,45.31,23.8,898326,664259,234067,1494312,1.Hindus,1363523,2.Muslims,1017495,3.Christians,4994,1290.0,1290.0,277.0,785.0,248
949,bihar,khagaria,2006.0,53,148,22,0,22,47,0,47,15,6,0,12,0,1280354,679267,601087,29.32,1204027,885.0,332,41.35,51.82,29.35,467240,333262,133978,813114,1.Hindus,1147346,2.Muslims,131441,3.Others,546,241.0,241.0,114.0,220.0,124
950,bihar,kishanganj,2006.0,20,3,81,0,81,84,69,15,9,0,0,57,0,1296348,669552,626796,31.5,1167340,936.0,47116,31.09,42.71,18.63,417151,359819,57332,879197,1.Muslims,876105,2.Hindus,412995,3.Christians,2856,730.0,730.0,116.0,442.0,120
951,bihar,madhepura,2006.0,60,24,10,0,10,16,10,6,12,4,0,7,0,1526646,797180,729466,29.45,1458679,915.0,9295,36.07,48.8,22.11,683976,498367,185609,842670,1.Hindus,1351978,2.Muslims,173605,3.Religion not stated,494,384.0,384.0,168.0,311.0,141
952,bihar,madhubani,2006.0,62,89,58,0,58,76,12,64,10,14,0,14,0,3575281,1840997,1734284,26.08,3450736,942.0,1260,41.97,56.79,26.25,1227723,877412,350311,2347558,1.Hindus,2930501,2.Muslims,641579,3.Religion not stated,1477,1034.0,1034.0,437.0,901.0,232
953,bihar,munger,2006.0,73,35,13,0,13,53,0,53,7,10,0,40,0,1137797,607730,530067,20.34,819950,872.0,18060,59.47,69.89,47.4,331451,233688,97763,806346,1.Hindus,1045233,2.Muslims,89791,3.Christians,1135,525.0,525.0,321.0,382.0,149
954,bihar,muzaffarpur,2006.0,134,24,48,0,48,148,23,125,65,7,0,75,0,3746714,1951466,1795248,26.74,3398361,920.0,3472,47.95,59.1,35.81,1139830,895830,244000,2606884,1.Hindus,3168225,2.Muslims,573951,3.Religion not stated,2104,1725.0,1725.0,1021.0,1423.0,526
955,bihar,nalanda,2006.0,143,91,31,0,31,76,35,41,63,45,0,90,0,2370528,1238599,1131929,18.64,2016899,914.0,970,53.19,66.44,38.58,903144,700007,203137,1467384,1.Hindus,2191552,2.Muslims,176871,3.Religion not stated,888,1000.0,1000.0,366.0,879.0,198
956,bihar,patna,2006.0,338,88,54,0,54,309,84,225,54,13,2,239,0,4718592,2519942,2198650,30.17,2757060,873.0,9236,62.92,73.34,50.83,1425647,1161984,263663,3292945,1.Hindus,4333556,2.Muslims,366164,3.Christians,8951,1288.0,1288.0,615.0,1199.0,390
957,bihar,rohtas,2006.0,102,88,17,0,17,45,20,25,36,9,0,25,0,2450748,1283485,1167263,27.71,2123942,909.0,25663,61.29,75.31,45.71,744183,544731,199452,1706565,1.Hindus,2199049,2.Muslims,246760,3.Sikhs,2549,1710.0,1710.0,493.0,1185.0,153
958,bihar,saharsa,2006.0,44,97,33,0,33,41,4,37,12,21,0,24,0,1508182,789432,718750,33.03,1383015,910.0,4642,39.08,51.66,25.27,589467,411566,177901,918715,1.Hindus,1289364,2.Muslims,217922,3.Christians,437,441.0,441.0,127.0,374.0,63
959,bihar,samastipur,2006.0,102,195,53,0,53,109,11,98,47,11,5,33,27,3394793,1760692,1634101,25.63,3271338,928.0,3362,45.13,57.59,31.67,1071974,843356,228618,2322819,1.Hindus,3035755,2.Muslims,355897,3.Religion not stated,1432,1122.0,1122.0,674.0,878.0,195
960,bihar,saran,2006.0,134,290,48,0,48,104,70,34,74,49,0,102,0,3248701,1652661,1596040,26.37,2950064,966.0,6667,51.8,67.3,35.82,860940,644618,216322,2387761,1.Hindus,2909213,2.Muslims,337767,3.Religion not stated,758,1566.0,1566.0,544.0,1213.0,342
961,bihar,sitamarhi,2006.0,45,30,27,0,27,61,45,16,13,19,2,76,1,2682720,1417611,1265109,32.58,2529407,892.0,1786,38.46,49.36,26.13,855156,714136,141020,1827564,1.Hindus,2111476,2.Muslims,568992,3.Religion not stated,1237,802.0,802.0,302.0,709.0,216
962,bihar,siwan,2006.0,93,72,18,0,18,103,88,15,41,12,1,75,0,2714349,1336283,1378066,24.78,2564860,1031.0,13822,51.65,67.26,36.88,730437,511578,218859,1983912,1.Hindus,2218632,2.Muslims,494176,3.Religion not stated,899,1438.0,1438.0,441.0,1119.0,254
963,bihar,vaishali,2006.0,99,39,14,0,14,101,49,52,77,7,0,43,0,2718421,1415603,1302818,26.39,2531766,920.0,3068,50.49,63.23,36.58,782717,624452,158265,1935704,1.Hindus,2457636,2.Muslims,259158,3.Religion not stated,922,1414.0,1414.0,970.0,929.0,154
964,chhattisgarh,bilaspur,2006.0,95,62,68,0,68,27,27,0,23,192,13,120,0,1998355,1013875,984480,17.59,1511661,971.0,397104,63.51,78.43,48.17,857577,630504,227073,1140778,1.Hindus,1904580,2.Muslims,45342,3.Others,19325,1579.0,1545.0,1494.0,1426.0,452
965,chhattisgarh,durg,2006.0,71,54,108,0,108,33,18,15,19,241,27,102,0,2810436,1417893,1392543,16.88,1738127,982.0,348801,75.62,86.43,64.64,1162833,965624,197209,1647603,1.Hindus,2654202,2.Muslims,70398,3.Sikhs,23399,1776.0,1762.0,1737.0,1698.0,669
966,chhattisgarh,raigarh,2006.0,54,21,38,0,38,7,7,0,4,92,9,22,0,1265529,634597,630932,18.68,1096073,994.0,447703,70.16,82.7,57.62,601564,430725,170839,663965,1.Hindus,1212180,2.Christians,36098,3.Muslims,12637,1433.0,1410.0,1385.0,1350.0,279
967,chhattisgarh,raipur,2006.0,106,66,130,0,130,54,42,12,25,228,34,98,0,3016930,1523925,1493005,18.97,2099312,980.0,365273,68.51,81.97,54.81,1264663,961507,303156,1752267,1.Hindus,2881933,2.Muslims,77963,3.Christians,16857,2124.0,2101.0,1955.0,1987.0,696
968,chhattisgarh,rajnandgaon,2006.0,50,31,69,0,69,10,9,1,5,83,7,40,1,1283224,634342,648882,17.7,1051577,1023.0,341688,77.21,87.17,67.55,649401,558996,90405,633823,1.Hindus,1215492,2.Buddhists,28020,3.Muslims,21035,1605.0,1595.0,1550.0,1484.0,343
969,gujarat,amreli,2006.0,20,11,15,0,15,31,30,1,3,20,0,112,0,1393918,701593,692325,6.45,1080960,987.0,3256,66.09,76.44,55.78,600819,470043,130776,793099,1.Hindus,1307460,2.Muslims,83077,3.Jains,2309,615.0,614.0,615.0,614.0,383
970,gujarat,anand,2006.0,26,6,14,0,14,33,30,3,0,30,5,141,0,1856872,972000,884872,13.03,1348901,910.0,22835,74.51,86.09,61.94,784711,617669,167042,1072161,1.Hindus,1616127,2.Muslims,199263,3.Christians,29461,350.0,350.0,350.0,350.0,301
971,gujarat,bharuch,2006.0,37,9,7,0,7,7,6,1,0,8,0,66,0,1370656,713676,656980,19.32,1018096,921.0,444043,74.41,82.98,65.11,570693,469551,101142,799963,1.Hindus,1059796,2.Muslims,293459,3.Christians,8824,657.0,657.0,656.0,644.0,403
972,gujarat,bhavnagar,2006.0,59,40,26,0,26,128,116,12,7,101,61,285,0,2469630,1274920,1194710,19.29,1534592,937.0,7298,66.2,78.02,53.73,944559,781166,163393,1525071,1.Hindus,2264062,2.Muslims,172740,3.Jains,28921,790.0,790.0,789.0,786.0,526
973,gujarat,gandhinagar,2006.0,23,13,14,0,14,24,20,4,0,17,6,119,0,1334455,697999,636456,23.88,867195,912.0,17681,76.59,87.74,64.58,554336,467413,86923,780119,1.Hindus,1269766,2.Muslims,50559,3.Jains,7769,291.0,291.0,291.0,290.0,244
974,gujarat,jamnagar,2006.0,29,11,13,0,13,21,18,3,0,14,11,206,0,1904278,981320,922958,22.39,1068022,941.0,10459,66.48,76.25,56.18,734382,624057,110325,1169896,1.Hindus,1605941,2.Muslims,270223,3.Jains,21907,698.0,695.0,666.0,666.0,286
975,gujarat,junagadh,2006.0,54,19,6,0,6,52,44,8,3,38,4,415,0,2448173,1252350,1195823,17.08,1736645,955.0,18832,67.78,78.74,56.43,1000842,785530,215312,1447331,1.Hindus,2165734,2.Muslims,274481,3.Jains,4291,923.0,922.0,901.0,858.0,803
976,gujarat,narmada,2006.0,11,8,2,0,2,6,6,0,0,6,0,10,0,514404,263986,250418,14.4,462298,949.0,401654,59.86,72.44,46.61,259116,176372,82744,255288,1.Hindus,482552,2.Muslims,20429,3.Christians,5122,552.0,552.0,530.0,515.0,324
977,gujarat,navsari,2006.0,16,6,2,0,2,8,7,1,0,4,0,38,0,1229463,628988,600475,13.22,893110,955.0,591164,75.83,82.77,68.61,545215,457002,88213,684248,1.Hindus,1135525,2.Muslims,69972,3.Jains,13575,374.0,374.0,374.0,368.0,268
978,gujarat,patan,2006.0,14,9,10,0,10,13,11,2,0,25,0,147,0,1182709,612100,570609,14.08,944281,932.0,12637,60.36,73.63,46.33,533078,395470,137608,649631,1.Hindus,1057013,2.Muslims,119748,3.Jains,5136,517.0,516.0,517.0,514.0,265
979,gujarat,porbandar,2006.0,9,5,2,0,2,7,6,1,1,1,0,45,0,536835,275821,261014,14.35,275460,946.0,6456,68.62,78.36,58.42,215134,173594,41540,321701,1.Hindus,507176,2.Muslims,28404,3.Jains,589,182.0,182.0,155.0,156.0,130
980,gujarat,surendranagar,2006.0,30,15,17,0,17,23,20,3,1,34,2,81,0,1515148,787650,727498,25.34,1112700,924.0,14338,61.61,74.19,48.1,647609,512038,135571,867539,1.Hindus,1392451,2.Muslims,97846,3.Jains,22721,650.0,649.0,650.0,648.0,170
981,gujarat,valsad,2006.0,43,17,1,0,1,18,12,6,0,10,0,32,0,1410553,734799,675754,29.66,1029392,920.0,772405,69.15,77.9,59.62,650257,503333,146924,760296,1.Hindus,1300005,2.Muslims,66440,3.Christians,15399,450.0,450.0,425.0,449.0,303
982,haryana,ambala,2006.0,39,12,19,0,19,22,16,6,9,26,27,174,0,1014411,542977,471434,25.69,657383,868.0,-,75.31,82.31,67.39,324521,275648,48873,689890,1.Hindus,856193,2.Sikhs,132463,3.Muslims,17263,482.0,482.0,479.0,432.0,204
983,haryana,bhiwani,2006.0,45,29,35,0,35,34,26,8,19,38,8,100,0,1425022,758253,666769,22.45,1154629,879.0,-,67.45,80.26,53.0,609320,425210,184110,815702,1.Hindus,1407363,2.Muslims,12740,3.Sikhs,2542,437.0,437.0,437.0,429.0,252
984,haryana,faridabad,2006.0,58,45,40,0,40,86,66,20,14,35,144,146,0,2194586,1193063,1001523,48.47,973242,839.0,-,70.03,81.52,56.31,785762,609663,176099,1408824,1.Hindus,1896698,2.Muslims,247293,3.Sikhs,36005,413.0,413.0,413.0,376.0,188
985,haryana,gurgaon,2006.0,93,63,30,0,30,70,51,19,20,32,56,89,0,1660289,886451,773838,44.64,1291285,873.0,-,62.91,76.17,47.78,629658,464644,165014,1030631,1.Hindus,1026542,2.Muslims,617918,3.Sikhs,6672,694.0,694.0,693.0,642.0,203
986,haryana,jind,2006.0,42,27,32,0,32,15,7,8,13,17,12,53,0,1189827,642282,547545,21.35,948250,852.0,-,62.12,73.82,48.51,521946,372049,149897,667881,1.Hindus,1134539,2.Sikhs,29159,3.Muslims,20618,306.0,306.0,306.0,300.0,247
987,haryana,kaithal,2006.0,24,11,25,0,25,14,6,8,9,14,0,149,0,946131,510513,435618,20.95,762649,853.0,-,59.02,69.15,47.31,372011,268127,103884,574120,1.Hindus,848765,2.Sikhs,88700,3.Muslims,6777,270.0,270.0,270.0,261.0,160
988,haryana,karnal,2006.0,32,29,51,0,51,40,23,17,13,35,1,214,0,1274183,683368,590815,23.13,936341,865.0,-,67.74,76.29,57.97,455455,355466,99989,818728,1.Hindus,1125279,2.Sikhs,123160,3.Muslims,22614,422.0,422.0,422.0,385.0,186
989,haryana,kurukshetra,2006.0,24,19,34,0,34,24,15,9,5,10,37,116,0,825454,442328,383126,23.72,609943,866.0,-,69.88,78.06,60.61,308392,250596,57796,517062,1.Hindus,675381,2.Sikhs,135545,3.Muslims,12028,407.0,402.0,406.0,385.0,179
990,haryana,mahendragarh,2006.0,28,12,17,0,17,26,16,10,10,32,0,41,0,812521,423578,388943,19.09,702885,918.0,-,69.89,84.72,54.08,351864,204704,147160,460657,1.Hindus,805991,2.Muslims,3434,3.Sikhs,2026,368.0,368.0,368.0,350.0,190
991,haryana,panipat,2006.0,46,25,65,0,65,46,29,17,19,18,13,104,0,967449,528860,438589,38.57,575369,829.0,-,69.17,78.5,57.97,382801,289013,93788,584648,1.Hindus,873593,2.Muslims,59696,3.Sikhs,27437,179.0,179.0,179.0,168.0,116
992,haryana,rewari,2006.0,32,26,21,0,21,15,9,6,4,23,0,51,0,765351,403034,362317,25.24,629177,899.0,-,75.25,88.45,60.83,333622,204855,128767,431729,1.Hindus,758328,2.Muslims,3194,3.Sikhs,1668,397.0,397.0,397.0,379.0,175
993,haryana,rohtak,2006.0,62,36,34,0,34,23,17,6,22,13,29,80,0,940128,509038,431090,20.99,610524,847.0,-,73.72,83.23,62.59,371073,288225,82848,569055,1.Hindus,924541,2.Muslims,5665,3.Sikhs,5079,146.0,146.0,146.0,130.0,118
994,haryana,sirsa,2006.0,37,28,18,0,18,11,2,9,4,14,0,129,0,1116649,593245,523404,22.96,823184,882.0,-,60.55,70.05,49.93,475571,363946,111625,641078,1.Hindus,801747,2.Sikhs,302942,3.Muslims,7056,321.0,321.0,318.0,312.0,197
995,haryana,sonipat,2006.0,69,39,31,0,31,67,49,18,26,46,28,165,0,1279175,695723,583452,22.36,957800,839.0,-,72.79,83.06,60.68,523031,383449,139582,756144,1.Hindus,1234225,2.Muslims,31954,3.Jains,6729,323.0,323.0,323.0,316.0,248
996,haryana,yamunanagar,2006.0,27,17,28,0,28,28,24,4,8,19,0,110,0,1041630,559444,482186,21.84,648608,862.0,-,71.63,78.82,63.39,336533,280728,55805,705097,1.Hindus,849255,2.Muslims,104073,3.Sikhs,83524,613.0,613.0,607.0,483.0,248
997,jharkhand,deoghar,2006.0,33,6,33,0,33,8,4,4,19,4,14,27,0,1165390,608878,556512,24.46,1005539,914.0,142717,50.09,66.38,31.99,432714,283711,149003,732676,1.Hindus,910409,2.Muslims,221705,3.Others,27263,2356.0,2356.0,289.0,768.0,94
998,jharkhand,dhanbad,2006.0,86,64,37,0,37,65,58,7,32,28,14,31,0,2397102,1278946,1118156,22.82,1141744,874.0,202729,67.0,79.54,52.43,664058,492501,171557,1733044,1.Hindus,1944757,2.Muslims,364807,3.Others,61505,1121.0,1121.0,503.0,708.0,154
999,jharkhand,dumka,2006.0,50,18,55,0,55,28,27,1,7,46,0,30,1,1759602,897364,862238,17.31,1644690,961.0,701903,47.94,62.86,32.35,778378,470354,308024,981224,1.Hindus,1323468,2.Muslims,203741,3.Others,170201,3737.0,3737.0,213.0,1732.0,312
1000,jharkhand,giridih,2006.0,56,145,56,0,56,35,18,17,39,65,0,68,0,1904430,960679,943751,27.09,1782066,982.0,184469,44.5,62.09,26.62,644644,340925,303719,1259786,1.Hindus,1475201,2.Muslims,383253,3.Others,30778,2532.0,2532.0,481.0,1232.0,229
1001,jharkhand,godda,2006.0,40,79,33,0,33,25,0,25,8,16,0,47,0,1047939,544043,503896,21.61,1010931,926.0,247538,43.13,57.52,27.39,421941,238694,183247,625998,1.Hindus,745237,2.Muslims,210734,3.Others,68055,1633.0,1633.0,257.0,892.0,141
1002,jharkhand,gumla,2006.0,126,58,55,0,55,26,23,3,1,12,0,12,0,1346767,675769,670998,16.6,1273025,993.0,920597,51.74,63.5,39.95,658921,446953,211968,687846,1.Hindus,440373,2.Christians,425107,3.Others,419004,1393.0,1393.0,92.0,1015.0,365
1003,jharkhand,hazaribagh,2006.0,97,103,45,0,45,77,54,23,39,70,0,69,0,2277475,1167793,1109682,24.02,1748406,950.0,268333,57.74,71.81,42.87,790049,532895,257154,1487426,1.Hindus,1870586,2.Muslims,337117,3.Others,36789,1543.0,1543.0,413.0,962.0,147
1004,jharkhand,palamu,2006.0,90,47,32,0,32,28,10,18,19,0,7,32,0,2098359,1084417,1013942,26.8,1973266,935.0,392325,44.95,58.91,29.88,793658,444921,348737,1304701,1.Hindus,1740948,2.Muslims,242980,3.Others,63100,2465.0,2465.0,410.0,1474.0,349
1005,jharkhand,ranchi,2006.0,253,60,79,0,79,94,40,54,14,36,2,40,4,2785064,1436976,1348088,25.72,1807243,938.0,1164624,64.57,76.56,51.72,1076904,750962,325942,1708160,1.Hindus,1399301,2.Others,767672,3.Muslims,348774,2052.0,2052.0,331.0,1343.0,377
1006,karnataka,belgaum,2006.0,98,91,22,0,22,35,23,12,13,107,2,152,0,4214505,2150090,2064415,17.4,3201814,960.0,243451,64.21,75.7,52.32,1877774,1537645,340129,2336731,1.Hindus,3565153,2.Muslims,440836,3.Christians,169466,1255.0,1254.0,1247.0,1240.0,740
1007,karnataka,bellary,2006.0,56,44,15,0,15,23,22,1,13,59,0,70,0,2027140,1029714,997426,22.3,1320290,969.0,364638,57.4,69.2,45.28,920821,801369,119452,1106319,1.Hindus,1739522,2.Muslims,257806,3.Christians,13226,524.0,523.0,524.0,381.0,260
1008,karnataka,bidar,2006.0,38,53,8,0,8,20,13,7,10,82,2,69,0,1502373,771022,731351,19.56,1157498,949.0,182219,60.94,72.46,48.81,557603,424985,132618,944770,1.Hindus,1020174,2.Muslims,295762,3.Buddhists,122083,599.0,596.0,596.0,591.0,293
1009,karnataka,bijapur,2006.0,63,59,18,0,18,26,19,7,4,89,0,126,0,1806918,926424,880494,17.63,1410829,950.0,30051,57.01,69.94,43.47,718213,551972,166241,1088705,1.Hindus,1495080,2.Muslims,294491,3.Jains,8356,660.0,659.0,657.0,626.0,392
1010,karnataka,chitradurga,2006.0,38,21,16,0,16,19,17,2,3,52,0,28,0,1517896,776221,741675,15.05,1243658,955.0,266235,64.45,74.66,53.78,721835,576035,145800,796061,1.Hindus,1388506,2.Muslims,109412,3.Religion not stated,8411,946.0,916.0,946.0,879.0,197
1011,karnataka,davanagere,2006.0,23,13,17,0,17,14,12,2,11,60,6,79,0,1790952,917705,873247,14.78,1247954,952.0,209701,67.43,76.37,58.04,783781,631726,152055,1007171,1.Hindus,1532714,2.Muslims,226708,3.Religion not stated,10944,810.0,786.0,808.0,727.0,278
1012,karnataka,gulbarga,2006.0,99,125,18,0,18,45,28,17,9,78,0,122,0,3130922,1592789,1538133,21.02,2278301,966.0,154195,50.01,61.77,37.9,1350072,1010430,339642,1780850,1.Hindus,2381497,2.Muslims,551171,3.Buddhists,153619,1360.0,1327.0,1342.0,1337.0,708
1013,karnataka,hassan,2006.0,61,38,13,0,13,11,7,4,7,62,0,62,0,1721669,859086,862583,9.66,1416996,1004.0,26451,68.63,78.37,59.0,864711,702827,161884,856958,1.Hindus,1587287,2.Muslims,104730,3.Christians,15598,2394.0,2330.0,2341.0,1990.0,482
1014,karnataka,kodagu,2006.0,27,33,6,0,6,6,1,5,0,21,2,26,0,548561,274831,273730,11.64,473179,996.0,46115,77.99,83.7,72.26,266378,247574,18804,282183,1.Hindus,450694,2.Muslims,78466,3.Christians,17951,291.0,279.0,286.0,267.0,138
1015,karnataka,kolar,2006.0,96,59,13,0,13,27,19,8,16,50,0,47,0,2536069,1286193,1249876,13.83,1910546,972.0,205711,62.84,73.17,52.23,1235028,1014667,220361,1301041,1.Hindus,2196660,2.Muslims,298767,3.Christians,32547,2919.0,2797.0,2785.0,2342.0,490
1016,karnataka,koppal,2006.0,25,9,6,0,6,7,7,0,3,28,0,23,0,1196089,603312,592777,24.57,997797,983.0,138588,54.1,68.42,39.61,554506,422208,132298,641583,1.Hindus,1042294,2.Muslims,137174,3.Religion not stated,5395,594.0,590.0,594.0,560.0,281
1017,karnataka,mandya,2006.0,58,46,19,0,19,14,13,1,8,79,0,89,0,1763705,888034,875671,7.14,1480990,986.0,17193,61.05,70.5,51.53,840419,682440,157979,923286,1.Hindus,1667640,2.Muslims,69890,3.Buddhists,11093,1369.0,1330.0,1323.0,1185.0,458
1018,karnataka,raichur,2006.0,32,46,13,0,13,18,12,6,6,76,5,85,0,1669762,841840,827922,21.93,1248925,983.0,303042,48.81,61.52,35.93,732762,544347,188415,937000,1.Hindus,1417051,2.Muslims,228652,3.Christians,12390,830.0,806.0,796.0,306.0,338
1019,karnataka,shimoga,2006.0,50,52,23,0,23,21,14,7,5,61,2,191,0,1642545,830559,811986,12.9,1071535,978.0,55997,74.52,82.01,66.88,714671,586832,127839,927874,1.Hindus,1401087,2.Muslims,200979,3.Christians,26474,1443.0,1415.0,1399.0,989.0,311
1020,karnataka,tumkur,2006.0,62,41,13,0,13,15,5,10,10,87,0,47,0,2584711,1313801,1270910,11.87,2077509,967.0,193819,67.01,76.78,56.94,1316939,1050291,266648,1267772,1.Hindus,2349801,2.Muslims,211732,3.Christians,7736,2574.0,2477.0,2573.0,2123.0,382
1021,kerala,idukki,2006.0,31,7,30,0,30,14,11,3,2,133,12,131,0,1129221,566682,562539,6.96,1071628,993.0,50973,88.69,92.33,85.02,487352,400699,86653,641869,1.Hindus,566744,2.Muslims,480108,3.Christians,81222,64.0,64.0,64.0,60.0,62
1022,kerala,kannur,2006.0,20,29,37,0,37,16,8,8,0,116,12,227,0,2408956,1152817,1256139,7.13,1196058,1090.0,19969,92.59,96.13,89.4,767197,626876,140321,1641759,1.Hindus,1480748,2.Muslims,665648,3.Christians,261019,78.0,78.0,78.0,78.0,78
1023,kerala,kollam,2006.0,34,39,75,0,75,35,28,7,1,351,10,445,0,2585208,1249621,1335587,7.33,2119230,1069.0,5190,91.18,94.43,88.18,828566,654823,173743,1756642,1.Hindus,1685044,2.Muslims,474071,3.Christians,423745,93.0,93.0,93.0,93.0,92
1024,kerala,kottayam,2006.0,21,18,30,0,30,22,19,3,2,196,29,186,0,1953646,964926,988720,6.76,1653838,1025.0,18340,95.82,97.34,94.35,642157,539609,102548,1311489,1.Hindus,963497,2.Muslims,871371,3.Christians,116686,89.0,89.0,89.0,89.0,88
1025,kerala,malappuram,2006.0,19,15,45,0,45,10,5,5,1,145,12,458,0,3625471,1754576,1870895,17.22,3269301,1066.0,12267,89.61,93.25,86.26,874476,691848,182628,2750995,1.Hindus,2484576,2.Muslims,1057418,3.Christians,80650,122.0,122.0,122.0,122.0,121
1026,kerala,palakkad,2006.0,44,30,59,0,59,8,2,6,4,52,17,363,0,2617482,1266985,1350497,9.86,2260907,1066.0,39665,84.35,89.52,79.56,945052,768620,176432,1672430,1.Hindus,1802766,2.Muslims,703596,3.Christians,109249,144.0,144.0,144.0,141.0,139
1027,kerala,pathanamthitta,2006.0,18,8,24,0,24,15,9,6,0,145,9,129,0,1234016,589398,644618,3.72,1110218,1094.0,6549,94.84,96.41,93.43,366049,285844,80205,867967,1.Hindus,694560,2.Muslims,481602,3.Christians,56457,65.0,65.0,65.0,64.0,63
1028,kerala,thrissur,2006.0,44,48,55,0,55,18,6,12,3,220,22,302,0,2974232,1422052,1552180,8.7,2134799,1092.0,4826,92.27,95.11,89.71,955300,808965,146335,2018932,1.Hindus,1761842,2.Muslims,720152,3.Christians,488697,204.0,204.0,204.0,196.0,194
1029,maharashtra,akola,2006.0,47,52,25,0,25,28,26,2,1,95,14,135,0,1630239,841253,788986,20.51,1002742,938.0,100088,81.41,88.91,73.43,648243,582264,65979,981996,1.Hindus,1024080,2.Muslims,296272,3.Buddhists,293184,862.0,851.0,840.0,786.0,212
1030,maharashtra,bhandara,2006.0,35,18,40,0,40,15,10,5,4,54,29,89,0,1136146,573445,562701,11.2,960418,981.0,97718,78.47,88.97,67.82,536885,365464,171421,599261,1.Hindus,953507,2.Buddhists,144541,3.Muslims,23324,778.0,772.0,774.0,716.0,442
1031,maharashtra,chandrapur,2006.0,42,20,30,0,30,17,14,3,6,81,47,123,0,2071101,1062993,1008108,17.26,1406034,948.0,375256,73.17,82.94,62.89,930791,683029,247762,1140310,1.Hindus,1680113,2.Buddhists,274067,3.Muslims,76050,1472.0,1462.0,1444.0,1359.0,318
1032,maharashtra,dhule,2006.0,38,33,12,0,12,8,8,0,6,33,12,189,0,1707947,878372,829575,16.01,1262062,944.0,443564,71.65,81.4,61.39,737941,573496,164445,970006,1.Hindus,1522895,2.Muslims,149466,3.Buddhists,14613,678.0,675.0,673.0,669.0,276
1033,maharashtra,gadchiroli,2006.0,59,52,14,0,14,10,8,2,2,52,5,47,0,970294,491101,479193,23.25,903033,976.0,371696,60.1,71.86,48.07,497104,336959,160145,473190,1.Hindus,818640,2.Buddhists,78058,3.Others,44825,1521.0,1509.0,1320.0,1279.0,369
1034,maharashtra,jalgaon,2006.0,75,53,52,0,52,21,21,0,14,111,25,305,0,3682690,1905493,1777197,15.44,2629896,933.0,435951,75.43,85.91,64.3,1563983,1300086,263897,2118707,1.Hindus,3049368,2.Muslims,455288,3.Buddhists,126136,1491.0,1491.0,1486.0,1470.0,934
1035,maharashtra,jalna,2006.0,52,25,19,0,19,13,6,7,19,58,8,248,0,1612980,826903,786077,18.17,1305115,951.0,32103,64.4,79.14,49.04,716900,611998,104902,896080,1.Hindus,1255041,2.Muslims,211531,3.Buddhists,121033,963.0,963.0,959.0,952.0,380
1036,maharashtra,kolhapur,2006.0,65,45,33,0,33,29,22,7,25,71,15,132,0,3523162,1807470,1715692,17.59,2472809,949.0,21387,76.93,87.47,66.02,1652970,1394882,258088,1870192,1.Hindus,3077263,2.Muslims,236875,3.Jains,147285,1196.0,1194.0,1190.0,1185.0,638
1037,maharashtra,latur,2006.0,54,40,15,0,15,22,22,0,65,53,5,144,0,2080285,1075257,1005028,23.95,1590024,935.0,47836,71.54,82.94,59.4,840518,712849,127669,1239767,1.Hindus,1700679,2.Muslims,292996,3.Buddhists,74351,921.0,921.0,919.0,917.0,409
1038,maharashtra,nanded,2006.0,71,73,33,0,33,35,21,14,16,82,0,221,0,2876259,1481358,1394901,23.08,2187195,942.0,253596,67.77,80.44,54.35,1202037,965087,236950,1674222,1.Hindus,2162185,2.Muslims,385081,3.Buddhists,302161,1546.0,1538.0,1531.0,1536.0,209
1039,maharashtra,osmanabad,2006.0,58,27,37,0,37,10,7,3,3,57,5,150,0,1486586,769368,717218,15.35,1253330,932.0,27857,69.02,80.42,56.89,653522,555202,98320,833064,1.Hindus,1297858,2.Muslims,151181,3.Buddhists,28356,729.0,729.0,727.0,726.0,400
1040,maharashtra,parbhani,2006.0,69,47,18,0,18,18,11,7,10,73,4,162,0,1527715,780191,747524,15.31,1042529,958.0,35210,66.07,79.63,52.02,644752,559917,84835,882963,1.Hindus,1121246,2.Muslims,243935,3.Buddhists,153231,830.0,830.0,824.0,821.0,386
1041,maharashtra,ratnagiri,2006.0,16,7,25,0,25,9,8,1,1,32,24,52,0,1696777,794498,902279,9.87,1504568,1136.0,20102,75.05,85.89,65.77,763387,557613,205774,933390,1.Hindus,1391137,2.Muslims,175672,3.Buddhists,120855,1539.0,1538.0,1539.0,1484.0,810
1042,maharashtra,sangli,2006.0,61,34,24,0,24,21,14,7,8,51,4,99,0,2583524,1320088,1263436,17.59,1950306,957.0,17855,76.62,86.26,66.73,1218655,952241,266414,1364869,1.Hindus,2243478,2.Muslims,203524,3.Jains,85160,721.0,721.0,721.0,719.0,567
1043,maharashtra,satara,2006.0,64,40,34,1,33,41,32,9,8,88,10,255,0,2808994,1408326,1400668,14.1,2410873,995.0,21896,78.22,88.2,68.38,1303658,1044989,258669,1505336,1.Hindus,2533359,2.Buddhists,128570,3.Muslims,125661,1716.0,1716.0,1701.0,1680.0,646
1044,maharashtra,sindhudurg,2006.0,15,6,9,0,9,4,4,0,3,13,10,13,0,868825,417890,450935,3.55,786506,1079.0,4952,80.3,90.26,71.23,404985,233827,171158,463840,1.Hindus,802498,2.Buddhists,24320,3.Muslims,23668,743.0,743.0,735.0,722.0,593
1045,maharashtra,wardha,2006.0,49,28,31,0,31,22,21,1,2,96,35,134,0,1236736,638990,597746,15.3,911695,935.0,154415,80.06,87.18,72.45,550351,431330,119021,686385,1.Hindus,1006235,2.Buddhists,169579,3.Muslims,47605,1004.0,998.0,998.0,842.0,392
1046,maharashtra,yavatmal,2006.0,61,87,66,0,66,37,34,3,8,142,51,201,0,2458271,1265681,1192590,18.46,2001060,942.0,473370,73.62,84.09,62.52,1118937,949453,169484,1339334,1.Hindus,1999368,2.Buddhists,221793,3.Muslims,196909,1856.0,1820.0,1795.0,1729.0,723
1047,manipur,bishnupur,2006.0,14,27,1,0,1,9,5,4,0,6,0,2,0,208368,104550,103818,13.9,133627,993.0,6143,67.63,79.61,55.66,89703,55557,34146,118665,1.Hindus,148903,2.Others,38763,3.Muslims,14194,48.0,48.0,46.0,47.0,28
1048,manipur,chandel,2006.0,14,12,2,0,2,2,0,2,0,1,0,0,0,118327,59741,58586,72.8,103365,981.0,108779,56.23,64.34,47.98,54545,39935,14610,63782,1.Christians,109128,2.Hindus,5701,3.Muslims,2318,350.0,323.0,190.0,214.0,25
1049,manipur,churachandpur,2006.0,43,30,20,0,20,1,0,1,0,5,0,0,0,227905,117232,110673,29.81,227905,944.0,212482,70.59,77.67,63.06,99363,71933,27430,128542,1.Christians,213186,2.Hindus,10538,3.Muslims,2573,540.0,539.0,306.0,395.0,66
1050,manipur,tamenglong,2006.0,9,5,0,0,0,0,0,0,0,0,0,0,0,111499,58014,53485,29.23,111499,922.0,106349,59.25,68.72,48.95,50863,43353,7510,60636,1.Christians,105791,2.Hindus,3187,3.Muslims,1431,171.0,171.0,75.0,157.0,42
1051,manipur,thoubal,2006.0,36,52,5,0,5,35,24,11,0,1,0,3,0,364140,182250,181890,24.62,232868,998.0,4274,66.41,80.43,52.46,177343,111486,65857,186797,1.Hindus,221096,2.Muslims,86849,3.Others,50819,90.0,90.0,84.0,88.0,36
1052,manipur,ukhrul,2006.0,4,1,0,0,0,0,0,0,0,0,0,0,0,140778,73465,67313,28.98,140778,916.0,134493,73.12,80.13,65.41,66515,51564,14951,74263,1.Christians,133966,2.Hindus,5687,3.Muslims,881,198.0,198.0,154.0,188.0,47
1053,mizoram,aizawl,2006.0,7,9,31,0,31,2,0,2,0,24,0,1,0,325676,166877,158799,39.24,77531,952.0,303641,96.51,96.75,96.26,162961,125328,37633,162715,1.Christians,303893,2.Hindus,14508,3.Muslims,5185,96.0,96.0,81.0,86.0,46
1054,mizoram,lawngtlai,2006.0,3,0,1,0,1,0,0,0,0,2,0,0,0,73620,38776,34844,34.78,73620,899.0,70234,64.74,70.9,57.81,34093,26188,7905,39527,1.Buddhists,38410,2.Christians,32877,3.Hindus,1910,139.0,139.0,27.0,134.0,24
1055,mizoram,lunglei,2006.0,2,1,9,0,9,0,0,0,0,7,0,0,0,137223,71402,65821,23.1,79267,922.0,130768,84.17,87.44,80.6,71792,60870,10922,65431,1.Christians,109204,2.Buddhists,22429,3.Hindus,4612,160.0,160.0,101.0,130.0,55
1056,nagaland,kohima,2006.0,31,19,8,0,8,10,0,10,0,0,0,0,0,310084,162251,147833,49.96,233054,911.0,280753,74.54,80.3,68.15,135023,114456,20567,175061,1.Christians,278844,2.Hindus,21950,3.Others,5457,180.0,179.0,148.0,164.0,82
1057,nagaland,mokokchung,2006.0,9,1,0,0,0,3,0,3,0,0,0,0,0,232085,120929,111156,43.48,200871,919.0,217653,83.92,86.03,81.61,109260,82160,27100,122825,1.Christians,219282,2.Hindus,10433,3.Muslims,2128,102.0,101.0,97.0,99.0,82
1058,nagaland,mon,2006.0,15,3,2,0,2,2,0,2,0,0,0,0,0,260652,138753,121899,73.42,244062,879.0,244821,41.83,46.56,36.35,130848,108206,22642,129804,1.Christians,248684,2.Hindus,9963,3.Muslims,1748,110.0,110.0,102.0,107.0,69
1059,nagaland,phek,2006.0,9,2,5,0,5,0,0,0,0,0,0,0,0,148195,77141,71054,45.12,135331,921.0,142977,70.65,78.37,62.26,71398,57454,13944,76797,1.Christians,143048,2.Hindus,4095,3.Muslims,517,104.0,104.0,102.0,102.0,54
1060,nagaland,tuensang,2006.0,4,1,1,0,1,0,0,0,0,0,0,0,0,414818,218678,196140,78.1,385046,897.0,398350,50.64,55.12,45.58,184924,156950,27974,229894,1.Christians,406287,2.Hindus,6856,3.Muslims,1329,251.0,251.0,238.0,230.0,123
1061,nagaland,wokha,2006.0,4,2,0,0,0,1,1,0,0,0,0,0,0,161223,83670,77553,95.01,123587,927.0,153983,80.55,85.35,75.32,56254,49679,6575,104969,1.Christians,155009,2.Hindus,4787,3.Muslims,1209,128.0,128.0,105.0,104.0,67
1062,nagaland,zunheboto,2006.0,14,3,2,0,2,0,0,0,0,0,0,0,0,153955,79056,74899,61.0,130874,947.0,147915,69.28,73.74,64.57,56783,47491,9292,97172,1.Christians,150097,2.Hindus,3193,3.Muslims,492,187.0,186.0,187.0,178.0,57
1063,punjab,amritsar,2006.0,44,44,13,0,13,25,19,6,5,6,0,55,0,3096077,1650589,1445488,22.72,1872802,876.0,-,67.27,72.61,61.26,1112200,938100,174100,1983877,1.Sikhs,2383575,2.Hindus,648284,3.Christians,51948,1185.0,1151.0,1185.0,1114.0,696
1064,punjab,faridkot,2006.0,18,30,9,0,9,13,5,8,5,25,1,19,0,550892,292596,258296,21.42,357321,883.0,-,61.95,68.15,55.03,209754,181873,27881,341138,1.Sikhs,427104,2.Hindus,119702,3.Muslims,1739,163.0,163.0,163.0,160.0,107
1065,punjab,gurdaspur,2006.0,30,21,25,0,25,16,12,4,14,12,0,31,0,2104011,1113077,990934,19.33,1568788,890.0,-,73.77,79.78,67.15,700557,568322,132235,1403454,1.Hindus,996246,2.Sikhs,934963,3.Christians,148981,1532.0,1531.0,1532.0,1375.0,517
1066,punjab,hoshiarpur,2006.0,36,47,25,0,25,25,15,10,13,14,1,57,0,1480736,765132,715604,13.81,1188662,935.0,-,81.02,86.45,75.32,513351,415123,98228,967385,1.Hindus,871923,2.Sikhs,574862,3.Muslims,15394,1386.0,1386.0,1386.0,1232.0,382
1067,punjab,jalandhar,2006.0,80,122,52,0,52,125,95,30,6,30,2,93,0,1962700,1040177,922523,18.4,1030717,887.0,-,78.04,82.49,73.08,676835,599324,77511,1285865,1.Hindus,1158868,2.Sikhs,740841,3.Christians,22106,934.0,934.0,934.0,832.0,598
1068,punjab,kapurthala,2006.0,28,29,13,0,13,21,15,6,6,12,0,23,0,754521,399623,354898,16.34,507994,888.0,-,73.93,79.02,68.29,262741,231222,31519,491780,1.Sikhs,448654,2.Hindus,286438,3.Buddhists,7740,618.0,618.0,618.0,478.0,359
1069,punjab,ludhiana,2006.0,63,79,41,0,41,100,61,39,12,25,17,93,0,3032831,1662716,1370115,24.79,1339178,824.0,-,76.5,80.25,71.95,1149638,1041517,108121,1883193,1.Sikhs,1744446,2.Hindus,1205128,3.Muslims,52220,897.0,897.0,897.0,842.0,550
1070,punjab,patiala,2006.0,43,55,29,0,29,26,23,3,4,27,1,39,0,1844934,987390,857544,20.31,1200224,868.0,-,69.78,75.88,62.86,681951,589015,92936,1162983,1.Sikhs,1024546,2.Hindus,778427,3.Muslims,34828,1054.0,1053.0,1054.0,986.0,172
1071,punjab,sangrur,2006.0,23,32,24,0,24,14,10,4,7,18,4,46,0,2000173,1069289,930884,18.57,1415354,871.0,-,59.98,65.81,53.38,814098,714076,100022,1186075,1.Sikhs,1400149,2.Hindus,434873,3.Muslims,157838,697.0,697.0,697.0,684.0,291
1072,rajasthan,ajmer,2006.0,44,64,53,0,53,90,90,0,9,114,1,405,0,2181670,1129920,1051750,26.1,1306994,931.0,52634,64.65,79.37,48.86,856809,690818,165991,1324861,1.Hindus,1869044,2.Muslims,244341,3.Jains,47812,1025.0,1025.0,966.0,970.0,352
1073,rajasthan,alwar,2006.0,75,83,81,0,81,102,68,34,36,111,0,314,0,2992592,1586752,1405840,30.23,2557653,886.0,239905,61.74,78.09,43.28,1458686,947587,511099,1533906,1.Hindus,2535155,2.Muslims,383204,3.Sikhs,55530,1954.0,1954.0,1843.0,1811.0,553
1074,rajasthan,banswara,2006.0,29,22,27,0,27,38,36,2,5,79,3,93,0,1501589,760686,740903,29.84,1394226,974.0,1085272,44.63,60.45,28.43,709412,529393,180019,792177,1.Hindus,1425287,2.Muslims,39079,3.Jains,18406,1476.0,1476.0,853.0,1348.0,450
1075,rajasthan,barmer,2006.0,20,24,12,0,12,26,21,5,7,85,0,74,0,1964835,1038247,926588,36.83,1819431,892.0,118688,58.99,72.76,43.45,919729,680208,239521,1045106,1.Hindus,1695047,2.Muslims,231918,3.Jains,35744,1933.0,1933.0,948.0,1777.0,433
1076,rajasthan,bharatpur,2006.0,75,60,35,0,35,82,66,16,16,40,0,274,0,2101142,1133425,967717,27.05,1692182,854.0,47077,63.57,80.54,43.56,852913,573547,279366,1248229,1.Hindus,1804599,2.Muslims,264709,3.Sikhs,23472,1366.0,1365.0,1238.0,1298.0,481
1077,rajasthan,bhilwara,2006.0,36,61,40,0,40,97,76,21,9,81,0,221,0,2013789,1026650,987139,26.14,1598938,962.0,180556,50.74,67.39,33.48,939848,764916,174932,1073941,1.Hindus,1859972,2.Muslims,112802,3.Jains,37659,1693.0,1693.0,1553.0,1516.0,473
1078,rajasthan,bikaner,2006.0,35,102,29,0,29,28,27,1,16,63,0,287,0,1674271,886075,788196,38.18,1079235,890.0,5945,56.91,70.05,42.03,661457,522482,138975,1012814,1.Hindus,1445088,2.Muslims,172372,3.Jains,31235,712.0,686.0,485.0,611.0,173
1079,rajasthan,bundi,2006.0,22,52,39,0,39,64,53,11,5,103,0,260,0,962620,504818,457802,24.8,783058,907.0,194851,55.57,71.68,37.79,456937,305977,150960,505683,1.Hindus,881956,2.Muslims,56220,3.Jains,13186,839.0,838.0,733.0,764.0,178
1080,rajasthan,churu,2006.0,18,22,17,0,17,19,11,8,10,16,0,183,0,1923878,987781,936097,24.6,1387682,948.0,10063,66.81,79.69,53.35,853899,587431,266468,1069979,1.Hindus,1698106,2.Muslims,210446,3.Jains,13882,946.0,925.0,877.0,909.0,423
1081,rajasthan,dungarpur,2006.0,23,14,18,0,18,25,20,5,2,64,0,47,0,1107643,547791,559852,26.58,1026787,1022.0,721487,48.57,66.04,31.77,531376,272283,259093,576267,1.Hindus,1068319,2.Muslims,23549,3.Jains,12542,854.0,853.0,723.0,819.0,368
1082,rajasthan,ganganagar,2006.0,67,101,39,0,39,38,35,3,16,64,1,457,0,1789423,955378,834045,27.53,1336066,873.0,14744,64.74,75.53,52.44,719792,552559,167233,1069631,1.Hindus,1299812,2.Sikhs,441409,3.Muslims,42442,2830.0,2820.0,1817.0,1653.0,654
1083,rajasthan,jaisalmer,2006.0,4,6,1,0,1,7,3,4,5,14,0,15,1,508247,279101,229146,47.45,431853,821.0,27834,50.97,66.26,32.05,211687,153139,58548,296560,1.Hindus,383638,2.Muslims,120174,3.Sikhs,2086,600.0,576.0,183.0,473.0,144
1084,rajasthan,jhalawar,2006.0,28,80,42,0,42,66,51,15,10,151,3,189,0,1180323,612804,567519,23.34,1012081,926.0,141861,57.32,73.31,40.02,554781,399386,155395,625542,1.Hindus,1087934,2.Muslims,78962,3.Jains,11759,1477.0,1476.0,1185.0,1173.0,214
1085,rajasthan,nagaur,2006.0,56,31,35,0,35,49,37,12,12,193,0,221,0,2775058,1424967,1350091,29.33,2297721,947.0,6497,57.28,74.1,39.67,1129514,844039,285475,1645544,1.Hindus,2399173,2.Muslims,356405,3.Jains,17478,1480.0,1466.0,1417.0,1417.0,580
1086,rajasthan,pali,2006.0,35,46,30,0,30,68,62,6,10,131,1,220,0,1820251,918856,901395,22.39,1429364,981.0,105814,54.39,72.2,36.48,724883,518158,206725,1095368,1.Hindus,1677038,2.Muslims,114088,3.Jains,25599,936.0,936.0,883.0,906.0,451
1087,rajasthan,sikar,2006.0,45,34,29,0,29,60,34,26,9,31,0,165,0,2287788,1172753,1115035,24.11,1815250,951.0,62512,70.47,84.34,56.11,887915,633421,254494,1399873,1.Hindus,2019396,2.Muslims,261714,3.Jains,4957,986.0,985.0,965.0,945.0,470
1088,rajasthan,sirohi,2006.0,17,20,20,0,20,26,25,1,7,50,1,99,0,851107,437949,413158,30.08,700217,943.0,210763,53.94,69.89,37.15,343905,245762,98143,507202,1.Hindus,810765,2.Muslims,25439,3.Jains,12427,455.0,454.0,399.0,423.0,201
1089,rajasthan,tonk,2006.0,17,31,12,0,12,56,50,6,5,18,2,249,2,1211671,626436,585235,24.24,958503,934.0,145891,51.97,70.52,32.15,532682,425230,107452,678989,1.Hindus,1062365,2.Muslims,124440,3.Jains,23644,1032.0,1031.0,818.0,887.0,246
1090,rajasthan,udaipur,2006.0,55,71,74,0,74,121,98,23,7,99,1,258,0,2633312,1336004,1297308,27.37,2142995,971.0,1260432,58.62,73.62,43.26,1100880,724120,376760,1532432,1.Hindus,2449773,2.Muslims,88262,3.Jains,83699,2339.0,2337.0,1647.0,2030.0,619
1091,sikkim,east,2006.0,10,10,10,0,10,5,4,1,0,6,0,4,0,245040,132917,112123,37.17,192188,844.0,45321,74.67,81.2,66.8,116529,92577,23952,128511,1.Hindus,157321,2.Buddhists,64729,3.Christians,14502,131.0,131.0,125.0,112.0,100
1092,sikkim,north,2006.0,1,1,3,0,3,0,0,0,0,0,0,0,0,41030,23414,17616,31.32,39782,752.0,21772,67.21,75.69,55.39,23542,17553,5989,17488,1.Buddhists,22603,2.Hindus,16128,3.Christians,1623,53.0,53.0,46.0,42.0,44
1093,sikkim,south,2006.0,6,2,5,0,5,2,2,0,0,5,0,2,0,131525,68241,63284,33.37,127579,927.0,20483,67.31,74.29,59.72,69693,57367,12326,61832,1.Hindus,84213,2.Buddhists,31109,3.Christians,12757,145.0,145.0,142.0,131.0,99
1094,sikkim,west,2006.0,4,3,2,0,2,1,1,0,0,3,0,0,0,123256,63912,59344,25.48,121432,929.0,23829,58.8,66.82,50.11,53279,45407,7872,69977,1.Hindus,71886,2.Buddhists,33601,3.Others,9567,121.0,121.0,115.0,107.0,86
1095,tripura,dhalai,2006.0,21,8,16,0,16,14,8,6,2,19,0,22,0,307868,159095,148773,10.79,289001,935.0,166326,60.93,70.17,50.99,126761,92570,34191,181107,1.Hindus,257834,2.Buddhists,28180,3.Christians,14848,148.0,148.0,108.0,138.0,58
1096,chandigarh,chandigarh,2006.0,12,21,19,0,19,65,57,8,10,20,13,102,0,900635,506938,393697,40.33,92120,777.0,-,81.94,86.14,76.47,340422,328989,11433,560213,1.Hindus,707978,2.Sikhs,145175,3.Muslims,35548,23.0,23.0,23.0,18.0,18
1097,assam,barpeta,2007.0,40,7,83,0,83,87,81,6,10,16,0,180,0,1647201,848578,798623,18.53,1520333,941.0,123266,56.24,64.83,47.07,517088,408537,108551,1130113,1.Hindus,977943,2.Muslims,662066,3.Christians,5267,1050.0,1050.0,775.0,967.0,430
1098,assam,bongaigaon,2007.0,15,2,40,0,40,45,38,7,5,13,0,124,0,904835,465240,439595,12.23,795053,945.0,110696,59.33,67.67,50.44,293243,233087,60156,611592,1.Hindus,535464,2.Muslims,348573,3.Christians,18728,881.0,881.0,607.0,805.0,112
1099,assam,cachar,2007.0,61,20,58,0,58,117,105,12,4,30,0,364,0,1444921,743042,701879,18.66,1243534,945.0,18631,67.82,75.73,59.41,465734,364814,100920,979187,1.Hindus,886761,2.Muslims,522051,3.Christians,31306,1020.0,1020.0,741.0,902.0,134
1100,assam,darrang,2007.0,23,8,61,0,61,45,40,5,3,111,1,81,0,1504320,773861,730459,15.79,1429492,944.0,249861,55.44,63.91,46.4,527993,404428,123565,976327,1.Hindus,868532,2.Muslims,534658,3.Christians,97306,1319.0,1319.0,1032.0,1246.0,356
1101,assam,dhemaji,2007.0,20,19,70,0,70,42,28,14,0,40,0,121,0,571944,294643,277301,18.93,533112,941.0,270496,64.48,74.41,53.86,250146,155431,94715,321798,1.Hindus,548780,2.Muslims,10533,3.Christians,6390,1236.0,1236.0,253.0,1068.0,83
1102,assam,dhubri,2007.0,44,42,148,0,148,138,111,27,12,128,0,392,0,1637344,841044,796300,23.42,1444901,947.0,32523,48.21,55.91,40.04,470360,399201,71159,1166984,1.Hindus,1216455,2.Muslims,405065,3.Christians,12477,1261.0,1261.0,904.0,1138.0,374
1103,assam,dibrugarh,2007.0,112,17,55,0,55,93,2,91,0,29,0,30,0,1185072,613555,571517,12.43,956634,931.0,88337,68.96,77.3,59.95,472419,342708,129711,712653,1.Hindus,1075878,2.Muslims,53306,3.Christians,45040,1309.0,1309.0,1195.0,1169.0,263
1104,assam,goalpara,2007.0,31,5,51,0,51,51,39,12,4,45,0,105,0,822035,420251,401784,23.07,755133,956.0,131800,58.03,64.86,50.85,273925,209928,63997,548110,1.Hindus,441516,2.Muslims,314157,3.Christians,64662,761.0,761.0,689.0,723.0,243
1105,assam,golaghat,2007.0,80,23,64,0,64,78,58,20,0,50,0,99,0,946279,490286,455993,14.21,865141,930.0,93920,69.38,77.14,60.99,388640,269896,118744,557639,1.Hindus,813263,2.Muslims,74808,3.Christians,52277,1066.0,1066.0,595.0,769.0,87
1106,assam,hailakandi,2007.0,27,2,26,0,26,42,30,12,3,15,0,60,0,542872,280513,262359,20.92,498787,935.0,821,59.64,68.24,50.46,179881,138216,41665,362991,1.Hindus,312849,2.Muslims,223191,3.Christians,5424,327.0,327.0,268.0,308.0,110
1107,assam,jorhat,2007.0,46,14,45,0,45,70,59,11,3,21,0,55,0,999221,517015,482206,15.84,827901,933.0,123134,76.34,83.62,68.49,414348,285092,129256,584873,1.Hindus,927858,2.Muslims,47658,3.Christians,18610,787.0,787.0,650.0,717.0,215
1108,assam,kamrup,2007.0,47,24,74,0,74,63,36,27,0,7,0,144,0,2522324,1326981,1195343,25.75,1614107,901.0,250393,74.16,81.16,66.31,842253,697810,144443,1680071,1.Hindus,1836153,2.Muslims,625002,3.Christians,44257,1342.0,1342.0,1042.0,1190.0,468
1109,assam,karimganj,2007.0,29,19,49,0,49,40,37,3,13,5,0,82,0,1007976,517680,490296,21.35,934126,947.0,2901,66.24,74.69,57.28,303294,235016,68278,704682,1.Hindus,527214,2.Muslims,470708,3.Christians,8746,915.0,915.0,639.0,865.0,224
1110,assam,kokrajhar,2007.0,41,8,42,0,42,47,38,9,1,35,0,82,0,905764,466191,439573,15.05,841823,943.0,304985,51.63,60.32,42.4,334849,234771,100078,570915,1.Hindus,594168,2.Muslims,184441,3.Christians,124270,951.0,951.0,704.0,906.0,211
1111,assam,lakhimpur,2007.0,41,18,62,0,62,84,82,2,0,47,0,147,0,889010,455691,433319,18.34,823857,951.0,208864,68.56,77.06,59.59,497745,288052,209693,391265,1.Hindus,702881,2.Muslims,143505,3.Christians,36667,1139.0,1139.0,680.0,1046.0,211
1112,assam,nagaon,2007.0,92,49,114,0,114,208,203,5,11,5,9,225,0,2314629,1190950,1123679,22.3,2036342,944.0,89394,61.73,68.27,54.74,727641,566195,161446,1586988,1.Hindus,1180267,2.Muslims,1106354,3.Christians,21473,1375.0,1374.0,1190.0,1257.0,480
1113,assam,nalbari,2007.0,21,15,12,0,12,32,22,10,3,18,0,32,0,1148824,592375,556449,11.98,1121338,939.0,202577,67.23,76.56,57.26,383932,291665,92267,764892,1.Hindus,873749,2.Muslims,253842,3.Christians,18495,798.0,798.0,733.0,769.0,179
1114,assam,sibsagar,2007.0,78,43,53,0,53,54,43,11,0,24,0,104,0,1051736,545476,506260,15.95,954557,928.0,41533,74.47,81.53,66.81,430523,287319,143204,621213,1.Hindus,927706,2.Muslims,85761,3.Christians,28488,866.0,866.0,772.0,825.0,317
1115,assam,sonitpur,2007.0,102,16,70,0,70,80,75,5,8,20,0,155,0,1681513,871568,809945,17.8,1505719,929.0,195083,59.0,67.54,49.73,634723,465283,169440,1046790,1.Hindus,1287646,2.Muslims,268078,3.Christians,115623,1784.0,1784.0,1331.0,1372.0,235
1116,assam,tinsukia,2007.0,143,6,57,0,57,91,76,15,0,9,0,92,0,1150062,601099,548963,19.52,926105,913.0,67234,60.95,70.15,50.78,466351,349847,116504,683711,1.Hindus,1029142,2.Muslims,62403,3.Christians,40000,1107.0,1107.0,871.0,936.0,198
1117,bihar,araria,2007.0,48,185,47,0,47,27,5,22,11,51,0,86,0,2158608,1128105,1030503,31.84,2026257,913.0,29423,35.01,46.38,22.37,853445,657446,195999,1305163,1.Hindus,1263766,2.Muslims,887972,3.Jains,2504,713.0,713.0,129.0,552.0,60
1118,bihar,aurangabad,2007.0,68,12,30,0,30,35,28,7,36,25,0,30,0,2013055,1040945,972110,30.19,1842998,934.0,1640,57.03,71.13,41.9,671011,476390,194621,1342044,1.Hindus,1814612,2.Muslims,196030,3.Religion not stated,1161,1739.0,1739.0,527.0,1148.0,270
1119,bihar,begusarai,2007.0,100,145,25,0,25,85,38,47,43,15,0,34,0,2349366,1228874,1120492,29.11,2241743,912.0,1505,47.98,59.13,35.64,746075,571564,174511,1603291,1.Hindus,2033039,2.Muslims,313713,3.Religion not stated,1224,729.0,729.0,457.0,503.0,167
1120,bihar,bhagalpur,2007.0,92,85,25,0,25,76,59,17,21,33,2,16,0,2423172,1291658,1131514,27.24,1970745,876.0,55545,49.5,59.22,38.13,855345,580731,274614,1567827,1.Hindus,1990976,2.Muslims,423246,3.Christians,1853,935.0,935.0,445.0,642.0,229
1121,bihar,bhojpur,2007.0,112,133,41,0,41,57,40,17,42,60,0,83,0,2243144,1179611,1063533,24.58,1930730,902.0,8337,58.96,74.29,41.8,653811,491916,161895,1589333,1.Hindus,2076589,2.Muslims,163193,3.Religion not stated,913,999.0,999.0,247.0,885.0,133
1122,bihar,darbhanga,2007.0,72,109,47,0,47,91,60,31,39,41,0,59,0,3295789,1722189,1573600,30.85,3028441,914.0,841,44.33,56.72,30.78,1028558,761464,267094,2267231,1.Hindus,2543284,2.Muslims,748971,3.Religion not stated,2245,1083.0,1083.0,490.0,850.0,271
1123,bihar,gaya,2007.0,157,170,28,0,28,59,55,4,74,15,0,15,0,3473428,1792163,1681265,30.19,2997479,938.0,2945,50.45,63.27,36.66,1277639,994459,283180,2195789,1.Hindus,3063841,2.Muslims,403439,3.Religion not stated,1622,2680.0,2680.0,539.0,1635.0,278
1124,bihar,gopalganj,2007.0,48,79,9,0,9,21,14,7,22,15,0,46,0,2152638,1075710,1076928,26.11,2022048,1001.0,6157,47.48,62.96,32.16,641672,466811,174861,1510966,1.Hindus,1784275,2.Muslims,367219,3.Religion not stated,850,1383.0,1383.0,439.0,866.0,261
1125,bihar,jehanabad,2007.0,40,16,7,0,7,27,18,9,19,7,0,24,0,1514315,784946,729369,28.64,1402703,929.0,1313,55.26,70.07,39.37,580905,422789,158116,933410,1.Hindus,1389053,2.Muslims,124149,3.Religion not stated,743,856.0,856.0,219.0,672.0,123
1126,bihar,katihar,2007.0,71,50,149,0,149,135,90,45,14,25,0,27,0,2392638,1246872,1145766,30.91,2174361,919.0,140418,35.09,45.31,23.8,898326,664259,234067,1494312,1.Hindus,1363523,2.Muslims,1017495,3.Christians,4994,1290.0,1290.0,277.0,785.0,248
1127,bihar,khagaria,2007.0,48,70,21,0,21,44,14,30,14,15,0,12,0,1280354,679267,601087,29.32,1204027,885.0,332,41.35,51.82,29.35,467240,333262,133978,813114,1.Hindus,1147346,2.Muslims,131441,3.Others,546,241.0,241.0,114.0,220.0,124
1128,bihar,kishanganj,2007.0,23,12,53,0,53,65,40,25,8,25,0,18,0,1296348,669552,626796,31.5,1167340,936.0,47116,31.09,42.71,18.63,417151,359819,57332,879197,1.Muslims,876105,2.Hindus,412995,3.Christians,2856,730.0,730.0,116.0,442.0,120
1129,bihar,madhepura,2007.0,65,18,32,0,32,36,21,15,7,3,0,18,4,1526646,797180,729466,29.45,1458679,915.0,9295,36.07,48.8,22.11,683976,498367,185609,842670,1.Hindus,1351978,2.Muslims,173605,3.Religion not stated,494,384.0,384.0,168.0,311.0,141
1130,bihar,madhubani,2007.0,76,176,47,0,47,71,46,25,27,36,0,29,0,3575281,1840997,1734284,26.08,3450736,942.0,1260,41.97,56.79,26.25,1227723,877412,350311,2347558,1.Hindus,2930501,2.Muslims,641579,3.Religion not stated,1477,1034.0,1034.0,437.0,901.0,232
1131,bihar,munger,2007.0,76,63,25,0,25,52,26,26,10,0,0,52,0,1137797,607730,530067,20.34,819950,872.0,18060,59.47,69.89,47.4,331451,233688,97763,806346,1.Hindus,1045233,2.Muslims,89791,3.Christians,1135,525.0,525.0,321.0,382.0,149
1132,bihar,muzaffarpur,2007.0,143,26,77,0,77,169,64,105,93,12,0,87,0,3746714,1951466,1795248,26.74,3398361,920.0,3472,47.95,59.1,35.81,1139830,895830,244000,2606884,1.Hindus,3168225,2.Muslims,573951,3.Religion not stated,2104,1725.0,1725.0,1021.0,1423.0,526
1133,bihar,nalanda,2007.0,102,62,14,0,14,105,51,54,57,33,0,104,0,2370528,1238599,1131929,18.64,2016899,914.0,970,53.19,66.44,38.58,903144,700007,203137,1467384,1.Hindus,2191552,2.Muslims,176871,3.Religion not stated,888,1000.0,1000.0,366.0,879.0,198
1134,bihar,patna,2007.0,317,115,74,0,74,313,65,248,80,19,0,296,0,4718592,2519942,2198650,30.17,2757060,873.0,9236,62.92,73.34,50.83,1425647,1161984,263663,3292945,1.Hindus,4333556,2.Muslims,366164,3.Christians,8951,1288.0,1288.0,615.0,1199.0,390
1135,bihar,rohtas,2007.0,89,207,23,0,23,29,26,3,58,21,0,34,0,2450748,1283485,1167263,27.71,2123942,909.0,25663,61.29,75.31,45.71,744183,544731,199452,1706565,1.Hindus,2199049,2.Muslims,246760,3.Sikhs,2549,1710.0,1710.0,493.0,1185.0,153
1136,bihar,saharsa,2007.0,50,123,17,0,17,35,4,31,14,31,0,22,0,1508182,789432,718750,33.03,1383015,910.0,4642,39.08,51.66,25.27,589467,411566,177901,918715,1.Hindus,1289364,2.Muslims,217922,3.Christians,437,441.0,441.0,127.0,374.0,63
1137,bihar,samastipur,2007.0,78,205,54,0,54,98,29,69,55,11,7,42,25,3394793,1760692,1634101,25.63,3271338,928.0,3362,45.13,57.59,31.67,1071974,843356,228618,2322819,1.Hindus,3035755,2.Muslims,355897,3.Religion not stated,1432,1122.0,1122.0,674.0,878.0,195
1138,bihar,saran,2007.0,112,345,57,0,57,41,30,11,47,4,0,39,0,3248701,1652661,1596040,26.37,2950064,966.0,6667,51.8,67.3,35.82,860940,644618,216322,2387761,1.Hindus,2909213,2.Muslims,337767,3.Religion not stated,758,1566.0,1566.0,544.0,1213.0,342
1139,bihar,sitamarhi,2007.0,55,14,12,0,12,52,43,9,30,13,0,30,22,2682720,1417611,1265109,32.58,2529407,892.0,1786,38.46,49.36,26.13,855156,714136,141020,1827564,1.Hindus,2111476,2.Muslims,568992,3.Religion not stated,1237,802.0,802.0,302.0,709.0,216
1140,bihar,siwan,2007.0,80,61,17,0,17,75,21,54,32,9,2,45,0,2714349,1336283,1378066,24.78,2564860,1031.0,13822,51.65,67.26,36.88,730437,511578,218859,1983912,1.Hindus,2218632,2.Muslims,494176,3.Religion not stated,899,1438.0,1438.0,441.0,1119.0,254
1141,bihar,vaishali,2007.0,120,35,23,0,23,131,74,57,68,46,0,36,0,2718421,1415603,1302818,26.39,2531766,920.0,3068,50.49,63.23,36.58,782717,624452,158265,1935704,1.Hindus,2457636,2.Muslims,259158,3.Religion not stated,922,1414.0,1414.0,970.0,929.0,154
1142,chhattisgarh,bilaspur,2007.0,93,43,61,0,61,22,22,0,26,179,8,129,0,1998355,1013875,984480,17.59,1511661,971.0,397104,63.51,78.43,48.17,857577,630504,227073,1140778,1.Hindus,1904580,2.Muslims,45342,3.Others,19325,1579.0,1545.0,1494.0,1426.0,452
1143,chhattisgarh,durg,2007.0,76,47,119,0,119,35,22,13,14,200,13,101,0,2810436,1417893,1392543,16.88,1738127,982.0,348801,75.62,86.43,64.64,1162833,965624,197209,1647603,1.Hindus,2654202,2.Muslims,70398,3.Sikhs,23399,1776.0,1762.0,1737.0,1698.0,669
1144,chhattisgarh,raigarh,2007.0,62,30,55,0,55,7,7,0,7,86,12,33,0,1265529,634597,630932,18.68,1096073,994.0,447703,70.16,82.7,57.62,601564,430725,170839,663965,1.Hindus,1212180,2.Christians,36098,3.Muslims,12637,1433.0,1410.0,1385.0,1350.0,279
1145,chhattisgarh,raipur,2007.0,110,77,120,0,120,53,39,14,15,253,28,131,0,3016930,1523925,1493005,18.97,2099312,980.0,365273,68.51,81.97,54.81,1264663,961507,303156,1752267,1.Hindus,2881933,2.Muslims,77963,3.Christians,16857,2124.0,2101.0,1955.0,1987.0,696
1146,chhattisgarh,rajnandgaon,2007.0,44,25,54,0,54,16,11,5,8,78,6,59,0,1283224,634342,648882,17.7,1051577,1023.0,341688,77.21,87.17,67.55,649401,558996,90405,633823,1.Hindus,1215492,2.Buddhists,28020,3.Muslims,21035,1605.0,1595.0,1550.0,1484.0,343
1147,gujarat,amreli,2007.0,30,13,7,0,7,49,49,0,0,20,0,162,0,1393918,701593,692325,6.45,1080960,987.0,3256,66.09,76.44,55.78,600819,470043,130776,793099,1.Hindus,1307460,2.Muslims,83077,3.Jains,2309,615.0,614.0,615.0,614.0,383
1148,gujarat,anand,2007.0,26,7,10,0,10,59,53,6,0,22,2,170,0,1856872,972000,884872,13.03,1348901,910.0,22835,74.51,86.09,61.94,784711,617669,167042,1072161,1.Hindus,1616127,2.Muslims,199263,3.Christians,29461,350.0,350.0,350.0,350.0,301
1149,gujarat,bharuch,2007.0,38,10,8,0,8,15,14,1,0,18,4,68,0,1370656,713676,656980,19.32,1018096,921.0,444043,74.41,82.98,65.11,570693,469551,101142,799963,1.Hindus,1059796,2.Muslims,293459,3.Christians,8824,657.0,657.0,656.0,644.0,403
1150,gujarat,bhavnagar,2007.0,43,37,18,0,18,104,90,14,1,94,35,280,0,2469630,1274920,1194710,19.29,1534592,937.0,7298,66.2,78.02,53.73,944559,781166,163393,1525071,1.Hindus,2264062,2.Muslims,172740,3.Jains,28921,790.0,790.0,789.0,786.0,526
1151,gujarat,gandhinagar,2007.0,19,12,12,0,12,24,17,7,1,17,2,170,0,1334455,697999,636456,23.88,867195,912.0,17681,76.59,87.74,64.58,554336,467413,86923,780119,1.Hindus,1269766,2.Muslims,50559,3.Jains,7769,291.0,291.0,291.0,290.0,244
1152,gujarat,jamnagar,2007.0,41,34,11,0,11,22,21,1,0,15,4,245,0,1904278,981320,922958,22.39,1068022,941.0,10459,66.48,76.25,56.18,734382,624057,110325,1169896,1.Hindus,1605941,2.Muslims,270223,3.Jains,21907,698.0,695.0,666.0,666.0,286
1153,gujarat,junagadh,2007.0,46,15,13,0,13,56,46,10,1,42,11,419,0,2448173,1252350,1195823,17.08,1736645,955.0,18832,67.78,78.74,56.43,1000842,785530,215312,1447331,1.Hindus,2165734,2.Muslims,274481,3.Jains,4291,923.0,922.0,901.0,858.0,803
1154,gujarat,narmada,2007.0,15,2,6,0,6,4,4,0,0,8,0,13,0,514404,263986,250418,14.4,462298,949.0,401654,59.86,72.44,46.61,259116,176372,82744,255288,1.Hindus,482552,2.Muslims,20429,3.Christians,5122,552.0,552.0,530.0,515.0,324
1155,gujarat,navsari,2007.0,26,5,2,0,2,14,11,3,0,3,0,23,0,1229463,628988,600475,13.22,893110,955.0,591164,75.83,82.77,68.61,545215,457002,88213,684248,1.Hindus,1135525,2.Muslims,69972,3.Jains,13575,374.0,374.0,374.0,368.0,268
1156,gujarat,patan,2007.0,18,14,6,0,6,43,41,2,0,33,0,178,0,1182709,612100,570609,14.08,944281,932.0,12637,60.36,73.63,46.33,533078,395470,137608,649631,1.Hindus,1057013,2.Muslims,119748,3.Jains,5136,517.0,516.0,517.0,514.0,265
1157,gujarat,porbandar,2007.0,6,2,1,0,1,8,7,1,0,4,0,59,0,536835,275821,261014,14.35,275460,946.0,6456,68.62,78.36,58.42,215134,173594,41540,321701,1.Hindus,507176,2.Muslims,28404,3.Jains,589,182.0,182.0,155.0,156.0,130
1158,gujarat,surendranagar,2007.0,22,16,17,0,17,29,28,1,0,48,5,119,0,1515148,787650,727498,25.34,1112700,924.0,14338,61.61,74.19,48.1,647609,512038,135571,867539,1.Hindus,1392451,2.Muslims,97846,3.Jains,22721,650.0,649.0,650.0,648.0,170
1159,gujarat,valsad,2007.0,39,11,8,0,8,5,2,3,0,6,0,25,0,1410553,734799,675754,29.66,1029392,920.0,772405,69.15,77.9,59.62,650257,503333,146924,760296,1.Hindus,1300005,2.Muslims,66440,3.Christians,15399,450.0,450.0,425.0,449.0,303
1160,haryana,ambala,2007.0,39,12,23,0,23,15,10,5,16,11,15,154,0,1014411,542977,471434,25.69,657383,868.0,-,75.31,82.31,67.39,324521,275648,48873,689890,1.Hindus,856193,2.Sikhs,132463,3.Muslims,17263,482.0,482.0,479.0,432.0,204
1161,haryana,bhiwani,2007.0,62,22,17,0,17,32,23,9,17,23,15,128,0,1425022,758253,666769,22.45,1154629,879.0,-,67.45,80.26,53.0,609320,425210,184110,815702,1.Hindus,1407363,2.Muslims,12740,3.Sikhs,2542,437.0,437.0,437.0,429.0,252
1162,haryana,faridabad,2007.0,65,36,37,0,37,154,117,37,19,23,0,167,0,2194586,1193063,1001523,48.47,973242,839.0,-,70.03,81.52,56.31,785762,609663,176099,1408824,1.Hindus,1896698,2.Muslims,247293,3.Sikhs,36005,413.0,413.0,413.0,376.0,188
1163,haryana,gurgaon,2007.0,93,58,40,0,40,111,75,36,17,36,43,122,0,1660289,886451,773838,44.64,1291285,873.0,-,62.91,76.17,47.78,629658,464644,165014,1030631,1.Hindus,1026542,2.Muslims,617918,3.Sikhs,6672,694.0,694.0,693.0,642.0,203
1164,haryana,jind,2007.0,34,38,19,0,19,24,18,6,12,14,15,95,0,1189827,642282,547545,21.35,948250,852.0,-,62.12,73.82,48.51,521946,372049,149897,667881,1.Hindus,1134539,2.Sikhs,29159,3.Muslims,20618,306.0,306.0,306.0,300.0,247
1165,haryana,kaithal,2007.0,32,15,14,0,14,16,10,6,14,26,0,178,0,946131,510513,435618,20.95,762649,853.0,-,59.02,69.15,47.31,372011,268127,103884,574120,1.Hindus,848765,2.Sikhs,88700,3.Muslims,6777,270.0,270.0,270.0,261.0,160
1166,haryana,karnal,2007.0,53,22,47,0,47,26,13,13,13,28,0,169,0,1274183,683368,590815,23.13,936341,865.0,-,67.74,76.29,57.97,455455,355466,99989,818728,1.Hindus,1125279,2.Sikhs,123160,3.Muslims,22614,422.0,422.0,422.0,385.0,186
1167,haryana,kurukshetra,2007.0,27,19,21,0,21,18,13,5,11,11,16,99,0,825454,442328,383126,23.72,609943,866.0,-,69.88,78.06,60.61,308392,250596,57796,517062,1.Hindus,675381,2.Sikhs,135545,3.Muslims,12028,407.0,402.0,406.0,385.0,179
1168,haryana,mahendragarh,2007.0,28,14,10,0,10,25,22,3,14,17,0,47,0,812521,423578,388943,19.09,702885,918.0,-,69.89,84.72,54.08,351864,204704,147160,460657,1.Hindus,805991,2.Muslims,3434,3.Sikhs,2026,368.0,368.0,368.0,350.0,190
1169,haryana,panipat,2007.0,35,20,34,0,34,33,24,9,11,13,18,63,0,967449,528860,438589,38.57,575369,829.0,-,69.17,78.5,57.97,382801,289013,93788,584648,1.Hindus,873593,2.Muslims,59696,3.Sikhs,27437,179.0,179.0,179.0,168.0,116
1170,haryana,rewari,2007.0,18,17,22,0,22,35,29,6,12,30,1,76,0,765351,403034,362317,25.24,629177,899.0,-,75.25,88.45,60.83,333622,204855,128767,431729,1.Hindus,758328,2.Muslims,3194,3.Sikhs,1668,397.0,397.0,397.0,379.0,175
1171,haryana,rohtak,2007.0,56,49,18,0,18,30,20,10,31,18,32,92,0,940128,509038,431090,20.99,610524,847.0,-,73.72,83.23,62.59,371073,288225,82848,569055,1.Hindus,924541,2.Muslims,5665,3.Sikhs,5079,146.0,146.0,146.0,130.0,118
1172,haryana,sirsa,2007.0,29,22,23,0,23,21,14,7,5,21,0,154,0,1116649,593245,523404,22.96,823184,882.0,-,60.55,70.05,49.93,475571,363946,111625,641078,1.Hindus,801747,2.Sikhs,302942,3.Muslims,7056,321.0,321.0,318.0,312.0,197
1173,haryana,sonipat,2007.0,75,44,24,0,24,42,26,16,16,30,27,149,0,1279175,695723,583452,22.36,957800,839.0,-,72.79,83.06,60.68,523031,383449,139582,756144,1.Hindus,1234225,2.Muslims,31954,3.Jains,6729,323.0,323.0,323.0,316.0,248
1174,haryana,yamunanagar,2007.0,32,23,25,0,25,35,33,2,6,17,0,76,0,1041630,559444,482186,21.84,648608,862.0,-,71.63,78.82,63.39,336533,280728,55805,705097,1.Hindus,849255,2.Muslims,104073,3.Sikhs,83524,613.0,613.0,607.0,483.0,248
1175,jharkhand,deoghar,2007.0,48,29,24,0,24,26,6,20,21,2,1,0,0,1165390,608878,556512,24.46,1005539,914.0,142717,50.09,66.38,31.99,432714,283711,149003,732676,1.Hindus,910409,2.Muslims,221705,3.Others,27263,2356.0,2356.0,289.0,768.0,94
1176,jharkhand,dhanbad,2007.0,80,56,41,0,41,87,68,19,29,32,9,38,0,2397102,1278946,1118156,22.82,1141744,874.0,202729,67.0,79.54,52.43,664058,492501,171557,1733044,1.Hindus,1944757,2.Muslims,364807,3.Others,61505,1121.0,1121.0,503.0,708.0,154
1177,jharkhand,dumka,2007.0,65,27,52,0,52,29,22,7,23,35,0,49,0,1759602,897364,862238,17.31,1644690,961.0,701903,47.94,62.86,32.35,778378,470354,308024,981224,1.Hindus,1323468,2.Muslims,203741,3.Others,170201,3737.0,3737.0,213.0,1732.0,312
1178,jharkhand,giridih,2007.0,59,114,46,0,46,35,30,5,20,61,0,71,0,1904430,960679,943751,27.09,1782066,982.0,184469,44.5,62.09,26.62,644644,340925,303719,1259786,1.Hindus,1475201,2.Muslims,383253,3.Others,30778,2532.0,2532.0,481.0,1232.0,229
1179,jharkhand,godda,2007.0,55,85,30,0,30,39,19,20,7,3,0,42,0,1047939,544043,503896,21.61,1010931,926.0,247538,43.13,57.52,27.39,421941,238694,183247,625998,1.Hindus,745237,2.Muslims,210734,3.Others,68055,1633.0,1633.0,257.0,892.0,141
1180,jharkhand,gumla,2007.0,137,59,60,0,60,34,29,5,1,11,0,9,0,1346767,675769,670998,16.6,1273025,993.0,920597,51.74,63.5,39.95,658921,446953,211968,687846,1.Hindus,440373,2.Christians,425107,3.Others,419004,1393.0,1393.0,92.0,1015.0,365
1181,jharkhand,hazaribagh,2007.0,78,72,41,0,41,28,25,3,45,40,0,86,0,2277475,1167793,1109682,24.02,1748406,950.0,268333,57.74,71.81,42.87,790049,532895,257154,1487426,1.Hindus,1870586,2.Muslims,337117,3.Others,36789,1543.0,1543.0,413.0,962.0,147
1182,jharkhand,palamu,2007.0,67,31,29,0,29,36,28,8,17,6,3,31,0,2098359,1084417,1013942,26.8,1973266,935.0,392325,44.95,58.91,29.88,793658,444921,348737,1304701,1.Hindus,1740948,2.Muslims,242980,3.Others,63100,2465.0,2465.0,410.0,1474.0,349
1183,jharkhand,ranchi,2007.0,203,78,53,0,53,88,64,24,17,27,2,100,0,2785064,1436976,1348088,25.72,1807243,938.0,1164624,64.57,76.56,51.72,1076904,750962,325942,1708160,1.Hindus,1399301,2.Others,767672,3.Muslims,348774,2052.0,2052.0,331.0,1343.0,377
1184,karnataka,belgaum,2007.0,110,84,22,0,22,42,28,14,10,129,2,232,0,4214505,2150090,2064415,17.4,3201814,960.0,243451,64.21,75.7,52.32,1877774,1537645,340129,2336731,1.Hindus,3565153,2.Muslims,440836,3.Christians,169466,1255.0,1254.0,1247.0,1240.0,740
1185,karnataka,bellary,2007.0,62,51,14,0,14,17,15,2,7,71,0,62,0,2027140,1029714,997426,22.3,1320290,969.0,364638,57.4,69.2,45.28,920821,801369,119452,1106319,1.Hindus,1739522,2.Muslims,257806,3.Christians,13226,524.0,523.0,524.0,381.0,260
1186,karnataka,bidar,2007.0,42,46,11,0,11,26,20,6,4,103,1,81,0,1502373,771022,731351,19.56,1157498,949.0,182219,60.94,72.46,48.81,557603,424985,132618,944770,1.Hindus,1020174,2.Muslims,295762,3.Buddhists,122083,599.0,596.0,596.0,591.0,293
1187,karnataka,bijapur,2007.0,49,28,17,0,17,30,13,17,2,80,0,145,0,1806918,926424,880494,17.63,1410829,950.0,30051,57.01,69.94,43.47,718213,551972,166241,1088705,1.Hindus,1495080,2.Muslims,294491,3.Jains,8356,660.0,659.0,657.0,626.0,392
1188,karnataka,chitradurga,2007.0,32,20,10,0,10,21,7,14,9,65,1,51,0,1517896,776221,741675,15.05,1243658,955.0,266235,64.45,74.66,53.78,721835,576035,145800,796061,1.Hindus,1388506,2.Muslims,109412,3.Religion not stated,8411,946.0,916.0,946.0,879.0,197
1189,karnataka,davanagere,2007.0,19,22,10,0,10,16,11,5,5,49,2,102,0,1790952,917705,873247,14.78,1247954,952.0,209701,67.43,76.37,58.04,783781,631726,152055,1007171,1.Hindus,1532714,2.Muslims,226708,3.Religion not stated,10944,810.0,786.0,808.0,727.0,278
1190,karnataka,gulbarga,2007.0,91,90,35,0,35,54,38,16,19,91,0,127,0,3130922,1592789,1538133,21.02,2278301,966.0,154195,50.01,61.77,37.9,1350072,1010430,339642,1780850,1.Hindus,2381497,2.Muslims,551171,3.Buddhists,153619,1360.0,1327.0,1342.0,1337.0,708
1191,karnataka,hassan,2007.0,54,35,13,0,13,15,9,6,11,77,0,83,0,1721669,859086,862583,9.66,1416996,1004.0,26451,68.63,78.37,59.0,864711,702827,161884,856958,1.Hindus,1587287,2.Muslims,104730,3.Christians,15598,2394.0,2330.0,2341.0,1990.0,482
1192,karnataka,kodagu,2007.0,25,28,4,0,4,11,9,2,4,20,1,43,0,548561,274831,273730,11.64,473179,996.0,46115,77.99,83.7,72.26,266378,247574,18804,282183,1.Hindus,450694,2.Muslims,78466,3.Christians,17951,291.0,279.0,286.0,267.0,138
1193,karnataka,kolar,2007.0,66,62,19,0,19,35,24,11,17,44,0,50,0,2536069,1286193,1249876,13.83,1910546,972.0,205711,62.84,73.17,52.23,1235028,1014667,220361,1301041,1.Hindus,2196660,2.Muslims,298767,3.Christians,32547,2919.0,2797.0,2785.0,2342.0,490
1194,karnataka,koppal,2007.0,19,10,6,0,6,5,5,0,1,32,0,48,0,1196089,603312,592777,24.57,997797,983.0,138588,54.1,68.42,39.61,554506,422208,132298,641583,1.Hindus,1042294,2.Muslims,137174,3.Religion not stated,5395,594.0,590.0,594.0,560.0,281
1195,karnataka,mandya,2007.0,48,43,17,0,17,15,14,1,15,66,0,95,0,1763705,888034,875671,7.14,1480990,986.0,17193,61.05,70.5,51.53,840419,682440,157979,923286,1.Hindus,1667640,2.Muslims,69890,3.Buddhists,11093,1369.0,1330.0,1323.0,1185.0,458
1196,karnataka,raichur,2007.0,44,31,19,0,19,23,20,3,3,61,2,97,0,1669762,841840,827922,21.93,1248925,983.0,303042,48.81,61.52,35.93,732762,544347,188415,937000,1.Hindus,1417051,2.Muslims,228652,3.Christians,12390,830.0,806.0,796.0,306.0,338
1197,karnataka,shimoga,2007.0,40,43,23,0,23,26,21,5,3,81,3,158,0,1642545,830559,811986,12.9,1071535,978.0,55997,74.52,82.01,66.88,714671,586832,127839,927874,1.Hindus,1401087,2.Muslims,200979,3.Christians,26474,1443.0,1415.0,1399.0,989.0,311
1198,karnataka,tumkur,2007.0,74,41,17,0,17,25,19,6,10,105,0,77,0,2584711,1313801,1270910,11.87,2077509,967.0,193819,67.01,76.78,56.94,1316939,1050291,266648,1267772,1.Hindus,2349801,2.Muslims,211732,3.Christians,7736,2574.0,2477.0,2573.0,2123.0,382
1199,kerala,idukki,2007.0,24,22,28,0,28,9,7,2,0,155,21,186,0,1129221,566682,562539,6.96,1071628,993.0,50973,88.69,92.33,85.02,487352,400699,86653,641869,1.Hindus,566744,2.Muslims,480108,3.Christians,81222,64.0,64.0,64.0,60.0,62
1200,kerala,kannur,2007.0,14,47,34,0,34,16,10,6,1,123,14,247,0,2408956,1152817,1256139,7.13,1196058,1090.0,19969,92.59,96.13,89.4,767197,626876,140321,1641759,1.Hindus,1480748,2.Muslims,665648,3.Christians,261019,78.0,78.0,78.0,78.0,78
1201,kerala,kollam,2007.0,43,27,46,0,46,22,20,2,4,282,10,447,0,2585208,1249621,1335587,7.33,2119230,1069.0,5190,91.18,94.43,88.18,828566,654823,173743,1756642,1.Hindus,1685044,2.Muslims,474071,3.Christians,423745,93.0,93.0,93.0,93.0,92
1202,kerala,kottayam,2007.0,17,17,25,0,25,20,16,4,1,224,31,185,0,1953646,964926,988720,6.76,1653838,1025.0,18340,95.82,97.34,94.35,642157,539609,102548,1311489,1.Hindus,963497,2.Muslims,871371,3.Christians,116686,89.0,89.0,89.0,89.0,88
1203,kerala,malappuram,2007.0,22,29,41,0,41,13,3,10,0,139,37,503,0,3625471,1754576,1870895,17.22,3269301,1066.0,12267,89.61,93.25,86.26,874476,691848,182628,2750995,1.Hindus,2484576,2.Muslims,1057418,3.Christians,80650,122.0,122.0,122.0,122.0,121
1204,kerala,palakkad,2007.0,41,19,39,0,39,9,4,5,6,82,5,356,0,2617482,1266985,1350497,9.86,2260907,1066.0,39665,84.35,89.52,79.56,945052,768620,176432,1672430,1.Hindus,1802766,2.Muslims,703596,3.Christians,109249,144.0,144.0,144.0,141.0,139
1205,kerala,pathanamthitta,2007.0,21,12,19,0,19,19,18,1,0,153,18,162,0,1234016,589398,644618,3.72,1110218,1094.0,6549,94.84,96.41,93.43,366049,285844,80205,867967,1.Hindus,694560,2.Muslims,481602,3.Christians,56457,65.0,65.0,65.0,64.0,63
1206,kerala,thrissur,2007.0,38,50,48,0,48,27,19,8,0,202,28,332,0,2974232,1422052,1552180,8.7,2134799,1092.0,4826,92.27,95.11,89.71,955300,808965,146335,2018932,1.Hindus,1761842,2.Muslims,720152,3.Christians,488697,204.0,204.0,204.0,196.0,194
1207,maharashtra,akola,2007.0,38,43,22,0,22,17,15,2,3,86,48,165,0,1630239,841253,788986,20.51,1002742,938.0,100088,81.41,88.91,73.43,648243,582264,65979,981996,1.Hindus,1024080,2.Muslims,296272,3.Buddhists,293184,862.0,851.0,840.0,786.0,212
1208,maharashtra,bhandara,2007.0,30,10,19,0,19,7,4,3,2,55,27,68,0,1136146,573445,562701,11.2,960418,981.0,97718,78.47,88.97,67.82,536885,365464,171421,599261,1.Hindus,953507,2.Buddhists,144541,3.Muslims,23324,778.0,772.0,774.0,716.0,442
1209,maharashtra,chandrapur,2007.0,59,23,35,0,35,25,19,6,5,115,109,169,0,2071101,1062993,1008108,17.26,1406034,948.0,375256,73.17,82.94,62.89,930791,683029,247762,1140310,1.Hindus,1680113,2.Buddhists,274067,3.Muslims,76050,1472.0,1462.0,1444.0,1359.0,318
1210,maharashtra,dhule,2007.0,49,23,15,0,15,5,5,0,10,37,14,223,0,1707947,878372,829575,16.01,1262062,944.0,443564,71.65,81.4,61.39,737941,573496,164445,970006,1.Hindus,1522895,2.Muslims,149466,3.Buddhists,14613,678.0,675.0,673.0,669.0,276
1211,maharashtra,gadchiroli,2007.0,53,47,11,0,11,8,7,1,3,31,7,44,0,970294,491101,479193,23.25,903033,976.0,371696,60.1,71.86,48.07,497104,336959,160145,473190,1.Hindus,818640,2.Buddhists,78058,3.Others,44825,1521.0,1509.0,1320.0,1279.0,369
1212,maharashtra,jalgaon,2007.0,94,38,52,0,52,27,27,0,20,75,19,420,0,3682690,1905493,1777197,15.44,2629896,933.0,435951,75.43,85.91,64.3,1563983,1300086,263897,2118707,1.Hindus,3049368,2.Muslims,455288,3.Buddhists,126136,1491.0,1491.0,1486.0,1470.0,934
1213,maharashtra,jalna,2007.0,52,22,17,0,17,17,10,7,31,43,5,266,0,1612980,826903,786077,18.17,1305115,951.0,32103,64.4,79.14,49.04,716900,611998,104902,896080,1.Hindus,1255041,2.Muslims,211531,3.Buddhists,121033,963.0,963.0,959.0,952.0,380
1214,maharashtra,kolhapur,2007.0,65,47,30,0,30,16,8,8,16,51,24,125,0,3523162,1807470,1715692,17.59,2472809,949.0,21387,76.93,87.47,66.02,1652970,1394882,258088,1870192,1.Hindus,3077263,2.Muslims,236875,3.Jains,147285,1196.0,1194.0,1190.0,1185.0,638
1215,maharashtra,latur,2007.0,73,37,17,0,17,26,26,0,66,73,0,107,0,2080285,1075257,1005028,23.95,1590024,935.0,47836,71.54,82.94,59.4,840518,712849,127669,1239767,1.Hindus,1700679,2.Muslims,292996,3.Buddhists,74351,921.0,921.0,919.0,917.0,409
1216,maharashtra,nanded,2007.0,83,82,33,0,33,40,29,11,19,83,7,213,0,2876259,1481358,1394901,23.08,2187195,942.0,253596,67.77,80.44,54.35,1202037,965087,236950,1674222,1.Hindus,2162185,2.Muslims,385081,3.Buddhists,302161,1546.0,1538.0,1531.0,1536.0,209
1217,maharashtra,osmanabad,2007.0,44,24,29,0,29,23,18,5,2,84,7,172,0,1486586,769368,717218,15.35,1253330,932.0,27857,69.02,80.42,56.89,653522,555202,98320,833064,1.Hindus,1297858,2.Muslims,151181,3.Buddhists,28356,729.0,729.0,727.0,726.0,400
1218,maharashtra,parbhani,2007.0,47,39,22,0,22,14,9,5,8,54,6,183,0,1527715,780191,747524,15.31,1042529,958.0,35210,66.07,79.63,52.02,644752,559917,84835,882963,1.Hindus,1121246,2.Muslims,243935,3.Buddhists,153231,830.0,830.0,824.0,821.0,386
1219,maharashtra,ratnagiri,2007.0,19,4,17,0,17,9,4,5,2,33,31,48,0,1696777,794498,902279,9.87,1504568,1136.0,20102,75.05,85.89,65.77,763387,557613,205774,933390,1.Hindus,1391137,2.Muslims,175672,3.Buddhists,120855,1539.0,1538.0,1539.0,1484.0,810
1220,maharashtra,sangli,2007.0,74,24,28,0,28,18,11,7,11,72,3,116,0,2583524,1320088,1263436,17.59,1950306,957.0,17855,76.62,86.26,66.73,1218655,952241,266414,1364869,1.Hindus,2243478,2.Muslims,203524,3.Jains,85160,721.0,721.0,721.0,719.0,567
1221,maharashtra,satara,2007.0,75,26,43,0,43,38,26,12,9,59,13,256,0,2808994,1408326,1400668,14.1,2410873,995.0,21896,78.22,88.2,68.38,1303658,1044989,258669,1505336,1.Hindus,2533359,2.Buddhists,128570,3.Muslims,125661,1716.0,1716.0,1701.0,1680.0,646
1222,maharashtra,sindhudurg,2007.0,17,3,9,0,9,4,2,2,4,13,14,8,0,868825,417890,450935,3.55,786506,1079.0,4952,80.3,90.26,71.23,404985,233827,171158,463840,1.Hindus,802498,2.Buddhists,24320,3.Muslims,23668,743.0,743.0,735.0,722.0,593
1223,maharashtra,wardha,2007.0,49,32,31,0,31,26,25,1,0,107,35,92,0,1236736,638990,597746,15.3,911695,935.0,154415,80.06,87.18,72.45,550351,431330,119021,686385,1.Hindus,1006235,2.Buddhists,169579,3.Muslims,47605,1004.0,998.0,998.0,842.0,392
1224,maharashtra,yavatmal,2007.0,70,50,49,0,49,32,31,1,8,129,27,174,0,2458271,1265681,1192590,18.46,2001060,942.0,473370,73.62,84.09,62.52,1118937,949453,169484,1339334,1.Hindus,1999368,2.Buddhists,221793,3.Muslims,196909,1856.0,1820.0,1795.0,1729.0,723
1225,manipur,bishnupur,2007.0,31,31,4,0,4,9,6,3,0,21,0,0,0,208368,104550,103818,13.9,133627,993.0,6143,67.63,79.61,55.66,89703,55557,34146,118665,1.Hindus,148903,2.Others,38763,3.Muslims,14194,48.0,48.0,46.0,47.0,28
1226,manipur,chandel,2007.0,16,17,0,0,0,2,0,2,0,0,0,0,0,118327,59741,58586,72.8,103365,981.0,108779,56.23,64.34,47.98,54545,39935,14610,63782,1.Christians,109128,2.Hindus,5701,3.Muslims,2318,350.0,323.0,190.0,214.0,25
1227,manipur,churachandpur,2007.0,28,5,1,0,1,6,1,5,0,0,0,0,0,227905,117232,110673,29.81,227905,944.0,212482,70.59,77.67,63.06,99363,71933,27430,128542,1.Christians,213186,2.Hindus,10538,3.Muslims,2573,540.0,539.0,306.0,395.0,66
1228,manipur,tamenglong,2007.0,3,4,0,0,0,2,0,2,0,0,0,0,0,111499,58014,53485,29.23,111499,922.0,106349,59.25,68.72,48.95,50863,43353,7510,60636,1.Christians,105791,2.Hindus,3187,3.Muslims,1431,171.0,171.0,75.0,157.0,42
1229,manipur,thoubal,2007.0,39,74,6,0,6,27,17,10,0,17,0,3,0,364140,182250,181890,24.62,232868,998.0,4274,66.41,80.43,52.46,177343,111486,65857,186797,1.Hindus,221096,2.Muslims,86849,3.Others,50819,90.0,90.0,84.0,88.0,36
1230,manipur,ukhrul,2007.0,4,12,0,0,0,4,1,3,0,0,0,0,0,140778,73465,67313,28.98,140778,916.0,134493,73.12,80.13,65.41,66515,51564,14951,74263,1.Christians,133966,2.Hindus,5687,3.Muslims,881,198.0,198.0,154.0,188.0,47
1231,mizoram,aizawl,2007.0,18,11,35,0,35,3,0,3,0,38,0,2,0,325676,166877,158799,39.24,77531,952.0,303641,96.51,96.75,96.26,162961,125328,37633,162715,1.Christians,303893,2.Hindus,14508,3.Muslims,5185,96.0,96.0,81.0,86.0,46
1232,mizoram,lawngtlai,2007.0,5,2,3,0,3,0,0,0,0,5,0,0,0,73620,38776,34844,34.78,73620,899.0,70234,64.74,70.9,57.81,34093,26188,7905,39527,1.Buddhists,38410,2.Christians,32877,3.Hindus,1910,139.0,139.0,27.0,134.0,24
1233,mizoram,lunglei,2007.0,2,1,9,0,9,0,0,0,0,7,0,0,0,137223,71402,65821,23.1,79267,922.0,130768,84.17,87.44,80.6,71792,60870,10922,65431,1.Christians,109204,2.Buddhists,22429,3.Hindus,4612,160.0,160.0,101.0,130.0,55
1234,nagaland,kohima,2007.0,24,14,4,0,4,4,1,3,0,1,0,0,0,310084,162251,147833,49.96,233054,911.0,280753,74.54,80.3,68.15,135023,114456,20567,175061,1.Christians,278844,2.Hindus,21950,3.Others,5457,180.0,179.0,148.0,164.0,82
1235,nagaland,mokokchung,2007.0,17,3,1,0,1,3,0,3,0,0,0,0,0,232085,120929,111156,43.48,200871,919.0,217653,83.92,86.03,81.61,109260,82160,27100,122825,1.Christians,219282,2.Hindus,10433,3.Muslims,2128,102.0,101.0,97.0,99.0,82
1236,nagaland,mon,2007.0,9,1,0,0,0,0,0,0,0,1,0,0,0,260652,138753,121899,73.42,244062,879.0,244821,41.83,46.56,36.35,130848,108206,22642,129804,1.Christians,248684,2.Hindus,9963,3.Muslims,1748,110.0,110.0,102.0,107.0,69
1237,nagaland,phek,2007.0,5,5,0,0,0,0,0,0,0,1,0,0,0,148195,77141,71054,45.12,135331,921.0,142977,70.65,78.37,62.26,71398,57454,13944,76797,1.Christians,143048,2.Hindus,4095,3.Muslims,517,104.0,104.0,102.0,102.0,54
1238,nagaland,tuensang,2007.0,7,4,0,0,0,1,0,1,0,0,0,0,0,414818,218678,196140,78.1,385046,897.0,398350,50.64,55.12,45.58,184924,156950,27974,229894,1.Christians,406287,2.Hindus,6856,3.Muslims,1329,251.0,251.0,238.0,230.0,123
1239,nagaland,wokha,2007.0,8,7,3,0,3,0,0,0,0,0,0,0,0,161223,83670,77553,95.01,123587,927.0,153983,80.55,85.35,75.32,56254,49679,6575,104969,1.Christians,155009,2.Hindus,4787,3.Muslims,1209,128.0,128.0,105.0,104.0,67
1240,nagaland,zunheboto,2007.0,4,5,0,0,0,0,0,0,0,0,0,0,0,153955,79056,74899,61.0,130874,947.0,147915,69.28,73.74,64.57,56783,47491,9292,97172,1.Christians,150097,2.Hindus,3193,3.Muslims,492,187.0,186.0,187.0,178.0,57
1241,punjab,amritsar,2007.0,43,46,21,0,21,48,46,2,5,20,6,78,0,3096077,1650589,1445488,22.72,1872802,876.0,-,67.27,72.61,61.26,1112200,938100,174100,1983877,1.Sikhs,2383575,2.Hindus,648284,3.Christians,51948,1185.0,1151.0,1185.0,1114.0,696
1242,punjab,faridkot,2007.0,23,29,13,0,13,17,11,6,2,19,0,28,0,550892,292596,258296,21.42,357321,883.0,-,61.95,68.15,55.03,209754,181873,27881,341138,1.Sikhs,427104,2.Hindus,119702,3.Muslims,1739,163.0,163.0,163.0,160.0,107
1243,punjab,gurdaspur,2007.0,19,17,30,0,30,26,21,5,9,15,0,28,0,2104011,1113077,990934,19.33,1568788,890.0,-,73.77,79.78,67.15,700557,568322,132235,1403454,1.Hindus,996246,2.Sikhs,934963,3.Christians,148981,1532.0,1531.0,1532.0,1375.0,517
1244,punjab,hoshiarpur,2007.0,43,39,27,0,27,25,15,10,6,18,0,71,0,1480736,765132,715604,13.81,1188662,935.0,-,81.02,86.45,75.32,513351,415123,98228,967385,1.Hindus,871923,2.Sikhs,574862,3.Muslims,15394,1386.0,1386.0,1386.0,1232.0,382
1245,punjab,jalandhar,2007.0,63,118,54,0,54,113,82,31,12,48,2,120,0,1962700,1040177,922523,18.4,1030717,887.0,-,78.04,82.49,73.08,676835,599324,77511,1285865,1.Hindus,1158868,2.Sikhs,740841,3.Christians,22106,934.0,934.0,934.0,832.0,598
1246,punjab,kapurthala,2007.0,29,33,22,0,22,22,10,12,7,25,0,42,0,754521,399623,354898,16.34,507994,888.0,-,73.93,79.02,68.29,262741,231222,31519,491780,1.Sikhs,448654,2.Hindus,286438,3.Buddhists,7740,618.0,618.0,618.0,478.0,359
1247,punjab,ludhiana,2007.0,63,76,58,0,58,120,93,27,9,25,13,107,0,3032831,1662716,1370115,24.79,1339178,824.0,-,76.5,80.25,71.95,1149638,1041517,108121,1883193,1.Sikhs,1744446,2.Hindus,1205128,3.Muslims,52220,897.0,897.0,897.0,842.0,550
1248,punjab,patiala,2007.0,51,55,22,0,22,25,14,11,17,22,0,109,0,1844934,987390,857544,20.31,1200224,868.0,-,69.78,75.88,62.86,681951,589015,92936,1162983,1.Sikhs,1024546,2.Hindus,778427,3.Muslims,34828,1054.0,1053.0,1054.0,986.0,172
1249,punjab,sangrur,2007.0,36,58,31,0,31,26,17,9,5,31,2,51,0,2000173,1069289,930884,18.57,1415354,871.0,-,59.98,65.81,53.38,814098,714076,100022,1186075,1.Sikhs,1400149,2.Hindus,434873,3.Muslims,157838,697.0,697.0,697.0,684.0,291
1250,rajasthan,ajmer,2007.0,53,71,31,0,31,89,65,24,19,105,3,515,0,2181670,1129920,1051750,26.1,1306994,931.0,52634,64.65,79.37,48.86,856809,690818,165991,1324861,1.Hindus,1869044,2.Muslims,244341,3.Jains,47812,1025.0,1025.0,966.0,970.0,352
1251,rajasthan,alwar,2007.0,89,62,73,0,73,109,65,44,43,141,1,391,0,2992592,1586752,1405840,30.23,2557653,886.0,239905,61.74,78.09,43.28,1458686,947587,511099,1533906,1.Hindus,2535155,2.Muslims,383204,3.Sikhs,55530,1954.0,1954.0,1843.0,1811.0,553
1252,rajasthan,banswara,2007.0,39,13,39,0,39,46,42,4,4,55,1,100,0,1501589,760686,740903,29.84,1394226,974.0,1085272,44.63,60.45,28.43,709412,529393,180019,792177,1.Hindus,1425287,2.Muslims,39079,3.Jains,18406,1476.0,1476.0,853.0,1348.0,450
1253,rajasthan,barmer,2007.0,26,27,19,0,19,29,24,5,9,78,0,103,0,1964835,1038247,926588,36.83,1819431,892.0,118688,58.99,72.76,43.45,919729,680208,239521,1045106,1.Hindus,1695047,2.Muslims,231918,3.Jains,35744,1933.0,1933.0,948.0,1777.0,433
1254,rajasthan,bharatpur,2007.0,69,48,62,0,62,112,83,29,30,41,1,360,0,2101142,1133425,967717,27.05,1692182,854.0,47077,63.57,80.54,43.56,852913,573547,279366,1248229,1.Hindus,1804599,2.Muslims,264709,3.Sikhs,23472,1366.0,1365.0,1238.0,1298.0,481
1255,rajasthan,bhilwara,2007.0,34,46,48,0,48,66,47,19,10,80,1,329,0,2013789,1026650,987139,26.14,1598938,962.0,180556,50.74,67.39,33.48,939848,764916,174932,1073941,1.Hindus,1859972,2.Muslims,112802,3.Jains,37659,1693.0,1693.0,1553.0,1516.0,473
1256,rajasthan,bikaner,2007.0,39,85,32,0,32,36,33,3,18,76,0,307,0,1674271,886075,788196,38.18,1079235,890.0,5945,56.91,70.05,42.03,661457,522482,138975,1012814,1.Hindus,1445088,2.Muslims,172372,3.Jains,31235,712.0,686.0,485.0,611.0,173
1257,rajasthan,bundi,2007.0,28,55,28,0,28,57,47,10,2,87,0,204,0,962620,504818,457802,24.8,783058,907.0,194851,55.57,71.68,37.79,456937,305977,150960,505683,1.Hindus,881956,2.Muslims,56220,3.Jains,13186,839.0,838.0,733.0,764.0,178
1258,rajasthan,churu,2007.0,20,29,27,0,27,27,18,9,11,38,0,244,0,1923878,987781,936097,24.6,1387682,948.0,10063,66.81,79.69,53.35,853899,587431,266468,1069979,1.Hindus,1698106,2.Muslims,210446,3.Jains,13882,946.0,925.0,877.0,909.0,423
1259,rajasthan,dungarpur,2007.0,23,17,10,0,10,42,40,2,2,58,0,66,0,1107643,547791,559852,26.58,1026787,1022.0,721487,48.57,66.04,31.77,531376,272283,259093,576267,1.Hindus,1068319,2.Muslims,23549,3.Jains,12542,854.0,853.0,723.0,819.0,368
1260,rajasthan,ganganagar,2007.0,61,73,66,0,66,56,44,12,11,64,2,625,0,1789423,955378,834045,27.53,1336066,873.0,14744,64.74,75.53,52.44,719792,552559,167233,1069631,1.Hindus,1299812,2.Sikhs,441409,3.Muslims,42442,2830.0,2820.0,1817.0,1653.0,654
1261,rajasthan,jaisalmer,2007.0,5,3,4,0,4,13,7,6,7,9,0,23,0,508247,279101,229146,47.45,431853,821.0,27834,50.97,66.26,32.05,211687,153139,58548,296560,1.Hindus,383638,2.Muslims,120174,3.Sikhs,2086,600.0,576.0,183.0,473.0,144
1262,rajasthan,jhalawar,2007.0,43,105,54,0,54,49,35,14,10,113,0,222,0,1180323,612804,567519,23.34,1012081,926.0,141861,57.32,73.31,40.02,554781,399386,155395,625542,1.Hindus,1087934,2.Muslims,78962,3.Jains,11759,1477.0,1476.0,1185.0,1173.0,214
1263,rajasthan,nagaur,2007.0,42,46,38,0,38,49,37,12,12,119,0,252,0,2775058,1424967,1350091,29.33,2297721,947.0,6497,57.28,74.1,39.67,1129514,844039,285475,1645544,1.Hindus,2399173,2.Muslims,356405,3.Jains,17478,1480.0,1466.0,1417.0,1417.0,580
1264,rajasthan,pali,2007.0,30,36,39,0,39,71,62,9,5,108,0,268,0,1820251,918856,901395,22.39,1429364,981.0,105814,54.39,72.2,36.48,724883,518158,206725,1095368,1.Hindus,1677038,2.Muslims,114088,3.Jains,25599,936.0,936.0,883.0,906.0,451
1265,rajasthan,sikar,2007.0,36,35,34,0,34,59,42,17,19,32,0,183,0,2287788,1172753,1115035,24.11,1815250,951.0,62512,70.47,84.34,56.11,887915,633421,254494,1399873,1.Hindus,2019396,2.Muslims,261714,3.Jains,4957,986.0,985.0,965.0,945.0,470
1266,rajasthan,sirohi,2007.0,22,21,23,0,23,37,32,5,5,51,0,130,0,851107,437949,413158,30.08,700217,943.0,210763,53.94,69.89,37.15,343905,245762,98143,507202,1.Hindus,810765,2.Muslims,25439,3.Jains,12427,455.0,454.0,399.0,423.0,201
1267,rajasthan,tonk,2007.0,23,36,19,0,19,60,50,10,3,20,1,212,0,1211671,626436,585235,24.24,958503,934.0,145891,51.97,70.52,32.15,532682,425230,107452,678989,1.Hindus,1062365,2.Muslims,124440,3.Jains,23644,1032.0,1031.0,818.0,887.0,246
1268,rajasthan,udaipur,2007.0,84,85,94,0,94,135,108,27,10,189,2,297,0,2633312,1336004,1297308,27.37,2142995,971.0,1260432,58.62,73.62,43.26,1100880,724120,376760,1532432,1.Hindus,2449773,2.Muslims,88262,3.Jains,83699,2339.0,2337.0,1647.0,2030.0,619
1269,sikkim,east,2007.0,2,10,8,0,8,5,5,0,0,3,0,3,0,245040,132917,112123,37.17,192188,844.0,45321,74.67,81.2,66.8,116529,92577,23952,128511,1.Hindus,157321,2.Buddhists,64729,3.Christians,14502,131.0,131.0,125.0,112.0,100
1270,sikkim,north,2007.0,0,0,0,0,0,0,0,0,0,0,0,1,0,41030,23414,17616,31.32,39782,752.0,21772,67.21,75.69,55.39,23542,17553,5989,17488,1.Buddhists,22603,2.Hindus,16128,3.Christians,1623,53.0,53.0,46.0,42.0,44
1271,sikkim,south,2007.0,1,2,12,0,12,1,1,0,0,3,0,2,0,131525,68241,63284,33.37,127579,927.0,20483,67.31,74.29,59.72,69693,57367,12326,61832,1.Hindus,84213,2.Buddhists,31109,3.Christians,12757,145.0,145.0,142.0,131.0,99
1272,sikkim,west,2007.0,6,2,4,0,4,3,3,0,0,7,0,1,0,123256,63912,59344,25.48,121432,929.0,23829,58.8,66.82,50.11,53279,45407,7872,69977,1.Hindus,71886,2.Buddhists,33601,3.Others,9567,121.0,121.0,115.0,107.0,86
1273,tripura,dhalai,2007.0,18,3,13,0,13,27,11,16,4,19,0,28,0,307868,159095,148773,10.79,289001,935.0,166326,60.93,70.17,50.99,126761,92570,34191,181107,1.Hindus,257834,2.Buddhists,28180,3.Christians,14848,148.0,148.0,108.0,138.0,58
1274,chandigarh,chandigarh,2007.0,19,26,22,0,22,52,46,6,1,32,11,112,0,900635,506938,393697,40.33,92120,777.0,-,81.94,86.14,76.47,340422,328989,11433,560213,1.Hindus,707978,2.Sikhs,145175,3.Muslims,35548,23.0,23.0,23.0,18.0,18
1275,assam,barpeta,2008.0,54,20,97,0,97,128,117,11,14,34,0,240,0,1647201,848578,798623,18.53,1520333,941.0,123266,56.24,64.83,47.07,517088,408537,108551,1130113,1.Hindus,977943,2.Muslims,662066,3.Christians,5267,1050.0,1050.0,775.0,967.0,430
1276,assam,bongaigaon,2008.0,15,10,51,0,51,60,35,25,5,13,0,106,0,904835,465240,439595,12.23,795053,945.0,110696,59.33,67.67,50.44,293243,233087,60156,611592,1.Hindus,535464,2.Muslims,348573,3.Christians,18728,881.0,881.0,607.0,805.0,112
1277,assam,cachar,2008.0,56,6,72,0,72,128,106,22,13,19,0,216,0,1444921,743042,701879,18.66,1243534,945.0,18631,67.82,75.73,59.41,465734,364814,100920,979187,1.Hindus,886761,2.Muslims,522051,3.Christians,31306,1020.0,1020.0,741.0,902.0,134
1278,assam,darrang,2008.0,38,5,57,0,57,59,57,2,2,162,2,119,0,1504320,773861,730459,15.79,1429492,944.0,249861,55.44,63.91,46.4,527993,404428,123565,976327,1.Hindus,868532,2.Muslims,534658,3.Christians,97306,1319.0,1319.0,1032.0,1246.0,356
1279,assam,dhemaji,2008.0,21,30,88,0,88,66,51,15,0,40,0,165,0,571944,294643,277301,18.93,533112,941.0,270496,64.48,74.41,53.86,250146,155431,94715,321798,1.Hindus,548780,2.Muslims,10533,3.Christians,6390,1236.0,1236.0,253.0,1068.0,83
1280,assam,dhubri,2008.0,44,20,116,0,116,139,126,13,4,88,0,393,0,1637344,841044,796300,23.42,1444901,947.0,32523,48.21,55.91,40.04,470360,399201,71159,1166984,1.Hindus,1216455,2.Muslims,405065,3.Christians,12477,1261.0,1261.0,904.0,1138.0,374
1281,assam,dibrugarh,2008.0,99,21,46,0,46,89,60,29,4,60,0,100,0,1185072,613555,571517,12.43,956634,931.0,88337,68.96,77.3,59.95,472419,342708,129711,712653,1.Hindus,1075878,2.Muslims,53306,3.Christians,45040,1309.0,1309.0,1195.0,1169.0,263
1282,assam,goalpara,2008.0,36,5,66,0,66,76,64,12,4,32,0,117,0,822035,420251,401784,23.07,755133,956.0,131800,58.03,64.86,50.85,273925,209928,63997,548110,1.Hindus,441516,2.Muslims,314157,3.Christians,64662,761.0,761.0,689.0,723.0,243
1283,assam,golaghat,2008.0,65,15,42,0,42,61,50,11,0,46,0,86,0,946279,490286,455993,14.21,865141,930.0,93920,69.38,77.14,60.99,388640,269896,118744,557639,1.Hindus,813263,2.Muslims,74808,3.Christians,52277,1066.0,1066.0,595.0,769.0,87
1284,assam,hailakandi,2008.0,27,0,39,0,39,61,52,9,3,8,0,62,0,542872,280513,262359,20.92,498787,935.0,821,59.64,68.24,50.46,179881,138216,41665,362991,1.Hindus,312849,2.Muslims,223191,3.Christians,5424,327.0,327.0,268.0,308.0,110
1285,assam,jorhat,2008.0,51,24,44,0,44,54,41,13,0,59,0,76,0,999221,517015,482206,15.84,827901,933.0,123134,76.34,83.62,68.49,414348,285092,129256,584873,1.Hindus,927858,2.Muslims,47658,3.Christians,18610,787.0,787.0,650.0,717.0,215
1286,assam,kamrup,2008.0,46,23,36,0,36,113,78,35,3,75,0,101,0,2522324,1326981,1195343,25.75,1614107,901.0,250393,74.16,81.16,66.31,842253,697810,144443,1680071,1.Hindus,1836153,2.Muslims,625002,3.Christians,44257,1342.0,1342.0,1042.0,1190.0,468
1287,assam,karimganj,2008.0,27,13,19,0,19,49,44,5,5,10,0,99,0,1007976,517680,490296,21.35,934126,947.0,2901,66.24,74.69,57.28,303294,235016,68278,704682,1.Hindus,527214,2.Muslims,470708,3.Christians,8746,915.0,915.0,639.0,865.0,224
1288,assam,kokrajhar,2008.0,53,32,55,0,55,51,24,27,4,16,0,58,0,905764,466191,439573,15.05,841823,943.0,304985,51.63,60.32,42.4,334849,234771,100078,570915,1.Hindus,594168,2.Muslims,184441,3.Christians,124270,951.0,951.0,704.0,906.0,211
1289,assam,lakhimpur,2008.0,41,6,52,0,52,91,71,20,1,24,0,160,0,889010,455691,433319,18.34,823857,951.0,208864,68.56,77.06,59.59,497745,288052,209693,391265,1.Hindus,702881,2.Muslims,143505,3.Christians,36667,1139.0,1139.0,680.0,1046.0,211
1290,assam,nagaon,2008.0,83,41,112,0,112,215,209,6,9,200,0,371,0,2314629,1190950,1123679,22.3,2036342,944.0,89394,61.73,68.27,54.74,727641,566195,161446,1586988,1.Hindus,1180267,2.Muslims,1106354,3.Christians,21473,1375.0,1374.0,1190.0,1257.0,480
1291,assam,nalbari,2008.0,31,29,30,0,30,55,47,8,6,42,0,54,0,1148824,592375,556449,11.98,1121338,939.0,202577,67.23,76.56,57.26,383932,291665,92267,764892,1.Hindus,873749,2.Muslims,253842,3.Christians,18495,798.0,798.0,733.0,769.0,179
1292,assam,sibsagar,2008.0,108,7,46,0,46,111,94,17,4,27,0,139,0,1051736,545476,506260,15.95,954557,928.0,41533,74.47,81.53,66.81,430523,287319,143204,621213,1.Hindus,927706,2.Muslims,85761,3.Christians,28488,866.0,866.0,772.0,825.0,317
1293,assam,sonitpur,2008.0,94,31,56,0,56,136,125,11,6,34,0,294,0,1681513,871568,809945,17.8,1505719,929.0,195083,59.0,67.54,49.73,634723,465283,169440,1046790,1.Hindus,1287646,2.Muslims,268078,3.Christians,115623,1784.0,1784.0,1331.0,1372.0,235
1294,assam,tinsukia,2008.0,114,0,60,0,60,87,60,27,2,8,0,84,0,1150062,601099,548963,19.52,926105,913.0,67234,60.95,70.15,50.78,466351,349847,116504,683711,1.Hindus,1029142,2.Muslims,62403,3.Christians,40000,1107.0,1107.0,871.0,936.0,198
1295,bihar,araria,2008.0,50,37,37,0,37,40,30,10,3,35,0,92,2,2158608,1128105,1030503,31.84,2026257,913.0,29423,35.01,46.38,22.37,853445,657446,195999,1305163,1.Hindus,1263766,2.Muslims,887972,3.Jains,2504,713.0,713.0,129.0,552.0,60
1296,bihar,aurangabad,2008.0,92,27,30,0,30,56,38,18,32,13,0,65,0,2013055,1040945,972110,30.19,1842998,934.0,1640,57.03,71.13,41.9,671011,476390,194621,1342044,1.Hindus,1814612,2.Muslims,196030,3.Religion not stated,1161,1739.0,1739.0,527.0,1148.0,270
1297,bihar,begusarai,2008.0,101,170,25,0,25,110,34,76,41,3,0,56,0,2349366,1228874,1120492,29.11,2241743,912.0,1505,47.98,59.13,35.64,746075,571564,174511,1603291,1.Hindus,2033039,2.Muslims,313713,3.Religion not stated,1224,729.0,729.0,457.0,503.0,167
1298,bihar,bhagalpur,2008.0,90,81,35,0,35,133,98,35,27,35,5,120,0,2423172,1291658,1131514,27.24,1970745,876.0,55545,49.5,59.22,38.13,855345,580731,274614,1567827,1.Hindus,1990976,2.Muslims,423246,3.Christians,1853,935.0,935.0,445.0,642.0,229
1299,bihar,bhojpur,2008.0,138,167,18,0,18,72,47,25,57,31,1,122,0,2243144,1179611,1063533,24.58,1930730,902.0,8337,58.96,74.29,41.8,653811,491916,161895,1589333,1.Hindus,2076589,2.Muslims,163193,3.Religion not stated,913,999.0,999.0,247.0,885.0,133
1300,bihar,darbhanga,2008.0,76,154,67,0,67,123,80,43,48,53,0,45,0,3295789,1722189,1573600,30.85,3028441,914.0,841,44.33,56.72,30.78,1028558,761464,267094,2267231,1.Hindus,2543284,2.Muslims,748971,3.Religion not stated,2245,1083.0,1083.0,490.0,850.0,271
1301,bihar,gaya,2008.0,136,60,52,0,52,90,77,13,43,8,0,40,3,3473428,1792163,1681265,30.19,2997479,938.0,2945,50.45,63.27,36.66,1277639,994459,283180,2195789,1.Hindus,3063841,2.Muslims,403439,3.Religion not stated,1622,2680.0,2680.0,539.0,1635.0,278
1302,bihar,gopalganj,2008.0,74,93,23,0,23,80,63,17,36,27,0,110,0,2152638,1075710,1076928,26.11,2022048,1001.0,6157,47.48,62.96,32.16,641672,466811,174861,1510966,1.Hindus,1784275,2.Muslims,367219,3.Religion not stated,850,1383.0,1383.0,439.0,866.0,261
1303,bihar,jehanabad,2008.0,35,10,6,0,6,38,19,19,23,0,0,17,0,1514315,784946,729369,28.64,1402703,929.0,1313,55.26,70.07,39.37,580905,422789,158116,933410,1.Hindus,1389053,2.Muslims,124149,3.Religion not stated,743,856.0,856.0,219.0,672.0,123
1304,bihar,katihar,2008.0,63,13,120,0,120,103,66,37,15,12,0,28,0,2392638,1246872,1145766,30.91,2174361,919.0,140418,35.09,45.31,23.8,898326,664259,234067,1494312,1.Hindus,1363523,2.Muslims,1017495,3.Christians,4994,1290.0,1290.0,277.0,785.0,248
1305,bihar,khagaria,2008.0,55,63,16,0,16,48,17,31,9,2,0,13,0,1280354,679267,601087,29.32,1204027,885.0,332,41.35,51.82,29.35,467240,333262,133978,813114,1.Hindus,1147346,2.Muslims,131441,3.Others,546,241.0,241.0,114.0,220.0,124
1306,bihar,kishanganj,2008.0,32,42,30,0,30,33,26,7,8,0,0,23,0,1296348,669552,626796,31.5,1167340,936.0,47116,31.09,42.71,18.63,417151,359819,57332,879197,1.Muslims,876105,2.Hindus,412995,3.Christians,2856,730.0,730.0,116.0,442.0,120
1307,bihar,madhepura,2008.0,34,7,16,0,16,45,30,15,16,10,0,12,0,1526646,797180,729466,29.45,1458679,915.0,9295,36.07,48.8,22.11,683976,498367,185609,842670,1.Hindus,1351978,2.Muslims,173605,3.Religion not stated,494,384.0,384.0,168.0,311.0,141
1308,bihar,madhubani,2008.0,62,72,24,0,24,51,36,15,24,182,0,51,0,3575281,1840997,1734284,26.08,3450736,942.0,1260,41.97,56.79,26.25,1227723,877412,350311,2347558,1.Hindus,2930501,2.Muslims,641579,3.Religion not stated,1477,1034.0,1034.0,437.0,901.0,232
1309,bihar,munger,2008.0,85,92,20,0,20,61,31,30,14,2,0,40,0,1137797,607730,530067,20.34,819950,872.0,18060,59.47,69.89,47.4,331451,233688,97763,806346,1.Hindus,1045233,2.Muslims,89791,3.Christians,1135,525.0,525.0,321.0,382.0,149
1310,bihar,muzaffarpur,2008.0,138,11,28,0,28,136,97,39,75,15,0,90,0,3746714,1951466,1795248,26.74,3398361,920.0,3472,47.95,59.1,35.81,1139830,895830,244000,2606884,1.Hindus,3168225,2.Muslims,573951,3.Religion not stated,2104,1725.0,1725.0,1021.0,1423.0,526
1311,bihar,nalanda,2008.0,120,53,23,0,23,100,56,44,70,36,0,77,0,2370528,1238599,1131929,18.64,2016899,914.0,970,53.19,66.44,38.58,903144,700007,203137,1467384,1.Hindus,2191552,2.Muslims,176871,3.Religion not stated,888,1000.0,1000.0,366.0,879.0,198
1312,bihar,patna,2008.0,341,189,57,0,57,341,78,263,99,31,1,189,0,4718592,2519942,2198650,30.17,2757060,873.0,9236,62.92,73.34,50.83,1425647,1161984,263663,3292945,1.Hindus,4333556,2.Muslims,366164,3.Christians,8951,1288.0,1288.0,615.0,1199.0,390
1313,bihar,rohtas,2008.0,112,19,21,0,21,63,55,8,36,15,0,42,0,2450748,1283485,1167263,27.71,2123942,909.0,25663,61.29,75.31,45.71,744183,544731,199452,1706565,1.Hindus,2199049,2.Muslims,246760,3.Sikhs,2549,1710.0,1710.0,493.0,1185.0,153
1314,bihar,saharsa,2008.0,30,139,22,0,22,41,20,21,17,75,0,21,0,1508182,789432,718750,33.03,1383015,910.0,4642,39.08,51.66,25.27,589467,411566,177901,918715,1.Hindus,1289364,2.Muslims,217922,3.Christians,437,441.0,441.0,127.0,374.0,63
1315,bihar,samastipur,2008.0,81,292,32,0,32,74,62,12,60,15,5,52,15,3394793,1760692,1634101,25.63,3271338,928.0,3362,45.13,57.59,31.67,1071974,843356,228618,2322819,1.Hindus,3035755,2.Muslims,355897,3.Religion not stated,1432,1122.0,1122.0,674.0,878.0,195
1316,bihar,saran,2008.0,119,137,34,0,34,98,58,40,58,10,0,41,0,3248701,1652661,1596040,26.37,2950064,966.0,6667,51.8,67.3,35.82,860940,644618,216322,2387761,1.Hindus,2909213,2.Muslims,337767,3.Religion not stated,758,1566.0,1566.0,544.0,1213.0,342
1317,bihar,sitamarhi,2008.0,72,37,12,0,12,70,43,27,24,18,0,12,0,2682720,1417611,1265109,32.58,2529407,892.0,1786,38.46,49.36,26.13,855156,714136,141020,1827564,1.Hindus,2111476,2.Muslims,568992,3.Religion not stated,1237,802.0,802.0,302.0,709.0,216
1318,bihar,siwan,2008.0,74,65,24,0,24,67,35,32,31,9,2,54,0,2714349,1336283,1378066,24.78,2564860,1031.0,13822,51.65,67.26,36.88,730437,511578,218859,1983912,1.Hindus,2218632,2.Muslims,494176,3.Religion not stated,899,1438.0,1438.0,441.0,1119.0,254
1319,bihar,vaishali,2008.0,106,29,36,0,36,218,114,104,64,34,0,30,0,2718421,1415603,1302818,26.39,2531766,920.0,3068,50.49,63.23,36.58,782717,624452,158265,1935704,1.Hindus,2457636,2.Muslims,259158,3.Religion not stated,922,1414.0,1414.0,970.0,929.0,154
1320,chhattisgarh,bilaspur,2008.0,112,48,71,0,71,33,25,8,19,171,4,136,0,1998355,1013875,984480,17.59,1511661,971.0,397104,63.51,78.43,48.17,857577,630504,227073,1140778,1.Hindus,1904580,2.Muslims,45342,3.Others,19325,1579.0,1545.0,1494.0,1426.0,452
1321,chhattisgarh,durg,2008.0,83,39,109,0,109,18,12,6,11,218,17,118,0,2810436,1417893,1392543,16.88,1738127,982.0,348801,75.62,86.43,64.64,1162833,965624,197209,1647603,1.Hindus,2654202,2.Muslims,70398,3.Sikhs,23399,1776.0,1762.0,1737.0,1698.0,669
1322,chhattisgarh,raigarh,2008.0,89,24,30,0,30,10,7,3,7,74,8,45,0,1265529,634597,630932,18.68,1096073,994.0,447703,70.16,82.7,57.62,601564,430725,170839,663965,1.Hindus,1212180,2.Christians,36098,3.Muslims,12637,1433.0,1410.0,1385.0,1350.0,279
1323,chhattisgarh,raipur,2008.0,112,91,128,0,128,46,36,10,11,247,34,124,0,3016930,1523925,1493005,18.97,2099312,980.0,365273,68.51,81.97,54.81,1264663,961507,303156,1752267,1.Hindus,2881933,2.Muslims,77963,3.Christians,16857,2124.0,2101.0,1955.0,1987.0,696
1324,chhattisgarh,rajnandgaon,2008.0,47,33,60,0,60,12,12,0,7,72,5,57,0,1283224,634342,648882,17.7,1051577,1023.0,341688,77.21,87.17,67.55,649401,558996,90405,633823,1.Hindus,1215492,2.Buddhists,28020,3.Muslims,21035,1605.0,1595.0,1550.0,1484.0,343
1325,gujarat,amreli,2008.0,22,6,8,0,8,60,58,2,0,31,3,128,0,1393918,701593,692325,6.45,1080960,987.0,3256,66.09,76.44,55.78,600819,470043,130776,793099,1.Hindus,1307460,2.Muslims,83077,3.Jains,2309,615.0,614.0,615.0,614.0,383
1326,gujarat,anand,2008.0,40,10,11,0,11,51,45,6,0,25,2,170,0,1856872,972000,884872,13.03,1348901,910.0,22835,74.51,86.09,61.94,784711,617669,167042,1072161,1.Hindus,1616127,2.Muslims,199263,3.Christians,29461,350.0,350.0,350.0,350.0,301
1327,gujarat,bharuch,2008.0,36,15,13,0,13,34,29,5,0,13,2,114,0,1370656,713676,656980,19.32,1018096,921.0,444043,74.41,82.98,65.11,570693,469551,101142,799963,1.Hindus,1059796,2.Muslims,293459,3.Christians,8824,657.0,657.0,656.0,644.0,403
1328,gujarat,bhavnagar,2008.0,35,33,9,0,9,90,80,10,0,69,51,197,0,2469630,1274920,1194710,19.29,1534592,937.0,7298,66.2,78.02,53.73,944559,781166,163393,1525071,1.Hindus,2264062,2.Muslims,172740,3.Jains,28921,790.0,790.0,789.0,786.0,526
1329,gujarat,gandhinagar,2008.0,32,12,8,0,8,44,35,9,3,18,2,200,0,1334455,697999,636456,23.88,867195,912.0,17681,76.59,87.74,64.58,554336,467413,86923,780119,1.Hindus,1269766,2.Muslims,50559,3.Jains,7769,291.0,291.0,291.0,290.0,244
1330,gujarat,jamnagar,2008.0,34,12,17,0,17,30,25,5,0,14,1,239,0,1904278,981320,922958,22.39,1068022,941.0,10459,66.48,76.25,56.18,734382,624057,110325,1169896,1.Hindus,1605941,2.Muslims,270223,3.Jains,21907,698.0,695.0,666.0,666.0,286
1331,gujarat,junagadh,2008.0,33,20,5,0,5,48,43,5,3,66,3,456,0,2448173,1252350,1195823,17.08,1736645,955.0,18832,67.78,78.74,56.43,1000842,785530,215312,1447331,1.Hindus,2165734,2.Muslims,274481,3.Jains,4291,923.0,922.0,901.0,858.0,803
1332,gujarat,narmada,2008.0,11,3,7,0,7,7,7,0,0,8,1,12,0,514404,263986,250418,14.4,462298,949.0,401654,59.86,72.44,46.61,259116,176372,82744,255288,1.Hindus,482552,2.Muslims,20429,3.Christians,5122,552.0,552.0,530.0,515.0,324
1333,gujarat,navsari,2008.0,25,3,2,0,2,9,4,5,0,1,1,5,0,1229463,628988,600475,13.22,893110,955.0,591164,75.83,82.77,68.61,545215,457002,88213,684248,1.Hindus,1135525,2.Muslims,69972,3.Jains,13575,374.0,374.0,374.0,368.0,268
1334,gujarat,patan,2008.0,14,15,19,0,19,29,24,5,0,29,0,157,0,1182709,612100,570609,14.08,944281,932.0,12637,60.36,73.63,46.33,533078,395470,137608,649631,1.Hindus,1057013,2.Muslims,119748,3.Jains,5136,517.0,516.0,517.0,514.0,265
1335,gujarat,porbandar,2008.0,7,6,3,0,3,12,11,1,0,5,0,48,0,536835,275821,261014,14.35,275460,946.0,6456,68.62,78.36,58.42,215134,173594,41540,321701,1.Hindus,507176,2.Muslims,28404,3.Jains,589,182.0,182.0,155.0,156.0,130
1336,gujarat,surendranagar,2008.0,35,15,21,0,21,44,38,6,0,50,1,133,0,1515148,787650,727498,25.34,1112700,924.0,14338,61.61,74.19,48.1,647609,512038,135571,867539,1.Hindus,1392451,2.Muslims,97846,3.Jains,22721,650.0,649.0,650.0,648.0,170
1337,gujarat,valsad,2008.0,33,5,4,0,4,15,9,6,0,6,0,32,0,1410553,734799,675754,29.66,1029392,920.0,772405,69.15,77.9,59.62,650257,503333,146924,760296,1.Hindus,1300005,2.Muslims,66440,3.Christians,15399,450.0,450.0,425.0,449.0,303
1338,haryana,ambala,2008.0,31,31,35,0,35,55,49,6,11,27,21,172,0,1014411,542977,471434,25.69,657383,868.0,-,75.31,82.31,67.39,324521,275648,48873,689890,1.Hindus,856193,2.Sikhs,132463,3.Muslims,17263,482.0,482.0,479.0,432.0,204
1339,haryana,bhiwani,2008.0,56,27,33,0,33,47,36,11,14,24,20,111,0,1425022,758253,666769,22.45,1154629,879.0,-,67.45,80.26,53.0,609320,425210,184110,815702,1.Hindus,1407363,2.Muslims,12740,3.Sikhs,2542,437.0,437.0,437.0,429.0,252
1340,haryana,faridabad,2008.0,59,24,46,0,46,109,94,15,21,23,97,173,0,2194586,1193063,1001523,48.47,973242,839.0,-,70.03,81.52,56.31,785762,609663,176099,1408824,1.Hindus,1896698,2.Muslims,247293,3.Sikhs,36005,413.0,413.0,413.0,376.0,188
1341,haryana,gurgaon,2008.0,80,59,35,0,35,89,66,23,19,27,32,123,0,1660289,886451,773838,44.64,1291285,873.0,-,62.91,76.17,47.78,629658,464644,165014,1030631,1.Hindus,1026542,2.Muslims,617918,3.Sikhs,6672,694.0,694.0,693.0,642.0,203
1342,haryana,jind,2008.0,39,24,38,0,38,29,23,6,18,21,15,73,0,1189827,642282,547545,21.35,948250,852.0,-,62.12,73.82,48.51,521946,372049,149897,667881,1.Hindus,1134539,2.Sikhs,29159,3.Muslims,20618,306.0,306.0,306.0,300.0,247
1343,haryana,kaithal,2008.0,22,24,14,0,14,16,16,0,13,14,0,150,0,946131,510513,435618,20.95,762649,853.0,-,59.02,69.15,47.31,372011,268127,103884,574120,1.Hindus,848765,2.Sikhs,88700,3.Muslims,6777,270.0,270.0,270.0,261.0,160
1344,haryana,karnal,2008.0,39,46,50,0,50,35,23,12,17,31,21,124,0,1274183,683368,590815,23.13,936341,865.0,-,67.74,76.29,57.97,455455,355466,99989,818728,1.Hindus,1125279,2.Sikhs,123160,3.Muslims,22614,422.0,422.0,422.0,385.0,186
1345,haryana,kurukshetra,2008.0,20,19,41,0,41,30,24,6,12,11,27,72,0,825454,442328,383126,23.72,609943,866.0,-,69.88,78.06,60.61,308392,250596,57796,517062,1.Hindus,675381,2.Sikhs,135545,3.Muslims,12028,407.0,402.0,406.0,385.0,179
1346,haryana,mahendragarh,2008.0,31,6,21,0,21,26,20,6,16,17,0,73,0,812521,423578,388943,19.09,702885,918.0,-,69.89,84.72,54.08,351864,204704,147160,460657,1.Hindus,805991,2.Muslims,3434,3.Sikhs,2026,368.0,368.0,368.0,350.0,190
1347,haryana,panipat,2008.0,46,16,30,0,30,52,34,18,13,16,17,62,0,967449,528860,438589,38.57,575369,829.0,-,69.17,78.5,57.97,382801,289013,93788,584648,1.Hindus,873593,2.Muslims,59696,3.Sikhs,27437,179.0,179.0,179.0,168.0,116
1348,haryana,rewari,2008.0,27,24,23,0,23,27,25,2,13,31,0,72,0,765351,403034,362317,25.24,629177,899.0,-,75.25,88.45,60.83,333622,204855,128767,431729,1.Hindus,758328,2.Muslims,3194,3.Sikhs,1668,397.0,397.0,397.0,379.0,175
1349,haryana,rohtak,2008.0,67,53,39,0,39,32,20,12,17,25,38,106,0,940128,509038,431090,20.99,610524,847.0,-,73.72,83.23,62.59,371073,288225,82848,569055,1.Hindus,924541,2.Muslims,5665,3.Sikhs,5079,146.0,146.0,146.0,130.0,118
1350,haryana,sirsa,2008.0,48,35,31,0,31,25,16,9,9,14,0,127,0,1116649,593245,523404,22.96,823184,882.0,-,60.55,70.05,49.93,475571,363946,111625,641078,1.Hindus,801747,2.Sikhs,302942,3.Muslims,7056,321.0,321.0,318.0,312.0,197
1351,haryana,sonipat,2008.0,84,48,36,0,36,59,43,16,24,31,50,149,0,1279175,695723,583452,22.36,957800,839.0,-,72.79,83.06,60.68,523031,383449,139582,756144,1.Hindus,1234225,2.Muslims,31954,3.Jains,6729,323.0,323.0,323.0,316.0,248
1352,haryana,yamunanagar,2008.0,41,23,28,0,28,43,35,8,9,25,5,101,0,1041630,559444,482186,21.84,648608,862.0,-,71.63,78.82,63.39,336533,280728,55805,705097,1.Hindus,849255,2.Muslims,104073,3.Sikhs,83524,613.0,613.0,607.0,483.0,248
1353,jharkhand,deoghar,2008.0,46,4,33,0,33,11,2,9,6,5,5,29,12,1165390,608878,556512,24.46,1005539,914.0,142717,50.09,66.38,31.99,432714,283711,149003,732676,1.Hindus,910409,2.Muslims,221705,3.Others,27263,2356.0,2356.0,289.0,768.0,94
1354,jharkhand,dhanbad,2008.0,72,41,47,0,47,88,76,12,36,35,10,57,0,2397102,1278946,1118156,22.82,1141744,874.0,202729,67.0,79.54,52.43,664058,492501,171557,1733044,1.Hindus,1944757,2.Muslims,364807,3.Others,61505,1121.0,1121.0,503.0,708.0,154
1355,jharkhand,dumka,2008.0,77,17,60,0,60,26,23,3,17,7,0,66,0,1759602,897364,862238,17.31,1644690,961.0,701903,47.94,62.86,32.35,778378,470354,308024,981224,1.Hindus,1323468,2.Muslims,203741,3.Others,170201,3737.0,3737.0,213.0,1732.0,312
1356,jharkhand,giridih,2008.0,63,30,48,0,48,52,44,8,33,22,1,25,0,1904430,960679,943751,27.09,1782066,982.0,184469,44.5,62.09,26.62,644644,340925,303719,1259786,1.Hindus,1475201,2.Muslims,383253,3.Others,30778,2532.0,2532.0,481.0,1232.0,229
1357,jharkhand,godda,2008.0,61,44,26,0,26,41,6,35,7,16,0,50,0,1047939,544043,503896,21.61,1010931,926.0,247538,43.13,57.52,27.39,421941,238694,183247,625998,1.Hindus,745237,2.Muslims,210734,3.Others,68055,1633.0,1633.0,257.0,892.0,141
1358,jharkhand,gumla,2008.0,158,79,38,0,38,37,11,26,0,11,0,8,0,1346767,675769,670998,16.6,1273025,993.0,920597,51.74,63.5,39.95,658921,446953,211968,687846,1.Hindus,440373,2.Christians,425107,3.Others,419004,1393.0,1393.0,92.0,1015.0,365
1359,jharkhand,hazaribagh,2008.0,80,52,57,0,57,65,61,4,36,31,0,97,0,2277475,1167793,1109682,24.02,1748406,950.0,268333,57.74,71.81,42.87,790049,532895,257154,1487426,1.Hindus,1870586,2.Muslims,337117,3.Others,36789,1543.0,1543.0,413.0,962.0,147
1360,jharkhand,palamu,2008.0,102,174,30,0,30,57,31,26,18,1,0,32,0,2098359,1084417,1013942,26.8,1973266,935.0,392325,44.95,58.91,29.88,793658,444921,348737,1304701,1.Hindus,1740948,2.Muslims,242980,3.Others,63100,2465.0,2465.0,410.0,1474.0,349
1361,jharkhand,ranchi,2008.0,209,72,62,0,62,117,62,55,12,23,0,88,27,2785064,1436976,1348088,25.72,1807243,938.0,1164624,64.57,76.56,51.72,1076904,750962,325942,1708160,1.Hindus,1399301,2.Others,767672,3.Muslims,348774,2052.0,2052.0,331.0,1343.0,377
1362,karnataka,belgaum,2008.0,124,94,30,0,30,59,45,14,9,180,9,233,0,4214505,2150090,2064415,17.4,3201814,960.0,243451,64.21,75.7,52.32,1877774,1537645,340129,2336731,1.Hindus,3565153,2.Muslims,440836,3.Christians,169466,1255.0,1254.0,1247.0,1240.0,740
1363,karnataka,bellary,2008.0,46,47,11,0,11,19,10,9,10,41,0,49,0,2027140,1029714,997426,22.3,1320290,969.0,364638,57.4,69.2,45.28,920821,801369,119452,1106319,1.Hindus,1739522,2.Muslims,257806,3.Christians,13226,524.0,523.0,524.0,381.0,260
1364,karnataka,bidar,2008.0,28,36,7,0,7,23,17,6,11,105,2,55,0,1502373,771022,731351,19.56,1157498,949.0,182219,60.94,72.46,48.81,557603,424985,132618,944770,1.Hindus,1020174,2.Muslims,295762,3.Buddhists,122083,599.0,596.0,596.0,591.0,293
1365,karnataka,bijapur,2008.0,83,73,19,0,19,23,17,6,1,83,0,135,0,1806918,926424,880494,17.63,1410829,950.0,30051,57.01,69.94,43.47,718213,551972,166241,1088705,1.Hindus,1495080,2.Muslims,294491,3.Jains,8356,660.0,659.0,657.0,626.0,392
1366,karnataka,chitradurga,2008.0,42,15,18,0,18,20,15,5,6,82,0,49,0,1517896,776221,741675,15.05,1243658,955.0,266235,64.45,74.66,53.78,721835,576035,145800,796061,1.Hindus,1388506,2.Muslims,109412,3.Religion not stated,8411,946.0,916.0,946.0,879.0,197
1367,karnataka,davanagere,2008.0,26,18,10,0,10,35,31,4,9,60,5,102,0,1790952,917705,873247,14.78,1247954,952.0,209701,67.43,76.37,58.04,783781,631726,152055,1007171,1.Hindus,1532714,2.Muslims,226708,3.Religion not stated,10944,810.0,786.0,808.0,727.0,278
1368,karnataka,gulbarga,2008.0,104,104,25,0,25,47,31,16,7,75,0,169,0,3130922,1592789,1538133,21.02,2278301,966.0,154195,50.01,61.77,37.9,1350072,1010430,339642,1780850,1.Hindus,2381497,2.Muslims,551171,3.Buddhists,153619,1360.0,1327.0,1342.0,1337.0,708
1369,karnataka,hassan,2008.0,72,59,17,0,17,28,24,4,8,76,0,79,1,1721669,859086,862583,9.66,1416996,1004.0,26451,68.63,78.37,59.0,864711,702827,161884,856958,1.Hindus,1587287,2.Muslims,104730,3.Christians,15598,2394.0,2330.0,2341.0,1990.0,482
1370,karnataka,kodagu,2008.0,22,33,20,0,20,6,5,1,2,27,1,41,0,548561,274831,273730,11.64,473179,996.0,46115,77.99,83.7,72.26,266378,247574,18804,282183,1.Hindus,450694,2.Muslims,78466,3.Christians,17951,291.0,279.0,286.0,267.0,138
1371,karnataka,kolar,2008.0,37,22,14,0,14,15,11,4,14,22,0,21,0,2536069,1286193,1249876,13.83,1910546,972.0,205711,62.84,73.17,52.23,1235028,1014667,220361,1301041,1.Hindus,2196660,2.Muslims,298767,3.Christians,32547,2919.0,2797.0,2785.0,2342.0,490
1372,karnataka,koppal,2008.0,22,4,6,0,6,12,12,0,4,26,0,39,0,1196089,603312,592777,24.57,997797,983.0,138588,54.1,68.42,39.61,554506,422208,132298,641583,1.Hindus,1042294,2.Muslims,137174,3.Religion not stated,5395,594.0,590.0,594.0,560.0,281
1373,karnataka,mandya,2008.0,50,41,18,0,18,14,13,1,11,59,0,72,0,1763705,888034,875671,7.14,1480990,986.0,17193,61.05,70.5,51.53,840419,682440,157979,923286,1.Hindus,1667640,2.Muslims,69890,3.Buddhists,11093,1369.0,1330.0,1323.0,1185.0,458
1374,karnataka,raichur,2008.0,53,34,19,0,19,21,21,0,7,86,0,106,0,1669762,841840,827922,21.93,1248925,983.0,303042,48.81,61.52,35.93,732762,544347,188415,937000,1.Hindus,1417051,2.Muslims,228652,3.Christians,12390,830.0,806.0,796.0,306.0,338
1375,karnataka,shimoga,2008.0,45,45,14,0,14,27,23,4,3,101,5,207,0,1642545,830559,811986,12.9,1071535,978.0,55997,74.52,82.01,66.88,714671,586832,127839,927874,1.Hindus,1401087,2.Muslims,200979,3.Christians,26474,1443.0,1415.0,1399.0,989.0,311
1376,karnataka,tumkur,2008.0,69,55,12,0,12,18,10,8,16,90,0,80,0,2584711,1313801,1270910,11.87,2077509,967.0,193819,67.01,76.78,56.94,1316939,1050291,266648,1267772,1.Hindus,2349801,2.Muslims,211732,3.Christians,7736,2574.0,2477.0,2573.0,2123.0,382
1377,kerala,idukki,2008.0,15,28,28,0,28,15,12,3,0,131,3,193,0,1129221,566682,562539,6.96,1071628,993.0,50973,88.69,92.33,85.02,487352,400699,86653,641869,1.Hindus,566744,2.Muslims,480108,3.Christians,81222,64.0,64.0,64.0,60.0,62
1378,kerala,kannur,2008.0,26,38,33,0,33,13,7,6,1,111,13,276,0,2408956,1152817,1256139,7.13,1196058,1090.0,19969,92.59,96.13,89.4,767197,626876,140321,1641759,1.Hindus,1480748,2.Muslims,665648,3.Christians,261019,78.0,78.0,78.0,78.0,78
1379,kerala,kollam,2008.0,26,21,61,0,61,23,20,3,2,273,11,442,0,2585208,1249621,1335587,7.33,2119230,1069.0,5190,91.18,94.43,88.18,828566,654823,173743,1756642,1.Hindus,1685044,2.Muslims,474071,3.Christians,423745,93.0,93.0,93.0,93.0,92
1380,kerala,kottayam,2008.0,26,16,31,0,31,16,11,5,0,221,32,193,0,1953646,964926,988720,6.76,1653838,1025.0,18340,95.82,97.34,94.35,642157,539609,102548,1311489,1.Hindus,963497,2.Muslims,871371,3.Christians,116686,89.0,89.0,89.0,89.0,88
1381,kerala,malappuram,2008.0,29,27,51,0,51,13,7,6,2,149,28,525,0,3625471,1754576,1870895,17.22,3269301,1066.0,12267,89.61,93.25,86.26,874476,691848,182628,2750995,1.Hindus,2484576,2.Muslims,1057418,3.Christians,80650,122.0,122.0,122.0,122.0,121
1382,kerala,palakkad,2008.0,34,19,42,0,42,15,8,7,4,133,4,296,0,2617482,1266985,1350497,9.86,2260907,1066.0,39665,84.35,89.52,79.56,945052,768620,176432,1672430,1.Hindus,1802766,2.Muslims,703596,3.Christians,109249,144.0,144.0,144.0,141.0,139
1383,kerala,pathanamthitta,2008.0,17,18,32,0,32,10,8,2,0,168,12,173,0,1234016,589398,644618,3.72,1110218,1094.0,6549,94.84,96.41,93.43,366049,285844,80205,867967,1.Hindus,694560,2.Muslims,481602,3.Christians,56457,65.0,65.0,65.0,64.0,63
1384,kerala,thrissur,2008.0,38,64,46,0,46,17,12,5,2,214,29,332,0,2974232,1422052,1552180,8.7,2134799,1092.0,4826,92.27,95.11,89.71,955300,808965,146335,2018932,1.Hindus,1761842,2.Muslims,720152,3.Christians,488697,204.0,204.0,204.0,196.0,194
1385,maharashtra,akola,2008.0,54,72,26,0,26,35,33,2,7,111,61,153,0,1630239,841253,788986,20.51,1002742,938.0,100088,81.41,88.91,73.43,648243,582264,65979,981996,1.Hindus,1024080,2.Muslims,296272,3.Buddhists,293184,862.0,851.0,840.0,786.0,212
1386,maharashtra,bhandara,2008.0,28,14,26,0,26,14,13,1,0,69,18,73,0,1136146,573445,562701,11.2,960418,981.0,97718,78.47,88.97,67.82,536885,365464,171421,599261,1.Hindus,953507,2.Buddhists,144541,3.Muslims,23324,778.0,772.0,774.0,716.0,442
1387,maharashtra,chandrapur,2008.0,51,47,37,0,37,34,28,6,14,112,146,221,0,2071101,1062993,1008108,17.26,1406034,948.0,375256,73.17,82.94,62.89,930791,683029,247762,1140310,1.Hindus,1680113,2.Buddhists,274067,3.Muslims,76050,1472.0,1462.0,1444.0,1359.0,318
1388,maharashtra,dhule,2008.0,54,38,10,0,10,8,8,0,3,32,8,196,0,1707947,878372,829575,16.01,1262062,944.0,443564,71.65,81.4,61.39,737941,573496,164445,970006,1.Hindus,1522895,2.Muslims,149466,3.Buddhists,14613,678.0,675.0,673.0,669.0,276
1389,maharashtra,gadchiroli,2008.0,56,33,22,0,22,13,11,2,2,30,7,46,0,970294,491101,479193,23.25,903033,976.0,371696,60.1,71.86,48.07,497104,336959,160145,473190,1.Hindus,818640,2.Buddhists,78058,3.Others,44825,1521.0,1509.0,1320.0,1279.0,369
1390,maharashtra,jalgaon,2008.0,83,57,42,0,42,29,19,10,18,107,29,456,0,3682690,1905493,1777197,15.44,2629896,933.0,435951,75.43,85.91,64.3,1563983,1300086,263897,2118707,1.Hindus,3049368,2.Muslims,455288,3.Buddhists,126136,1491.0,1491.0,1486.0,1470.0,934
1391,maharashtra,jalna,2008.0,58,33,16,0,16,13,10,3,27,53,7,309,0,1612980,826903,786077,18.17,1305115,951.0,32103,64.4,79.14,49.04,716900,611998,104902,896080,1.Hindus,1255041,2.Muslims,211531,3.Buddhists,121033,963.0,963.0,959.0,952.0,380
1392,maharashtra,kolhapur,2008.0,59,26,34,0,34,30,18,12,17,76,13,153,0,3523162,1807470,1715692,17.59,2472809,949.0,21387,76.93,87.47,66.02,1652970,1394882,258088,1870192,1.Hindus,3077263,2.Muslims,236875,3.Jains,147285,1196.0,1194.0,1190.0,1185.0,638
1393,maharashtra,latur,2008.0,74,28,22,0,22,29,29,0,77,74,0,187,0,2080285,1075257,1005028,23.95,1590024,935.0,47836,71.54,82.94,59.4,840518,712849,127669,1239767,1.Hindus,1700679,2.Muslims,292996,3.Buddhists,74351,921.0,921.0,919.0,917.0,409
1394,maharashtra,nanded,2008.0,88,57,23,0,23,29,22,7,8,77,6,252,0,2876259,1481358,1394901,23.08,2187195,942.0,253596,67.77,80.44,54.35,1202037,965087,236950,1674222,1.Hindus,2162185,2.Muslims,385081,3.Buddhists,302161,1546.0,1538.0,1531.0,1536.0,209
1395,maharashtra,osmanabad,2008.0,53,25,22,0,22,22,19,3,2,80,7,183,0,1486586,769368,717218,15.35,1253330,932.0,27857,69.02,80.42,56.89,653522,555202,98320,833064,1.Hindus,1297858,2.Muslims,151181,3.Buddhists,28356,729.0,729.0,727.0,726.0,400
1396,maharashtra,parbhani,2008.0,49,37,12,0,12,17,11,6,15,56,6,204,0,1527715,780191,747524,15.31,1042529,958.0,35210,66.07,79.63,52.02,644752,559917,84835,882963,1.Hindus,1121246,2.Muslims,243935,3.Buddhists,153231,830.0,830.0,824.0,821.0,386
1397,maharashtra,ratnagiri,2008.0,18,15,26,0,26,15,12,3,0,33,27,55,0,1696777,794498,902279,9.87,1504568,1136.0,20102,75.05,85.89,65.77,763387,557613,205774,933390,1.Hindus,1391137,2.Muslims,175672,3.Buddhists,120855,1539.0,1538.0,1539.0,1484.0,810
1398,maharashtra,sangli,2008.0,46,27,42,0,42,21,13,8,12,67,14,140,0,2583524,1320088,1263436,17.59,1950306,957.0,17855,76.62,86.26,66.73,1218655,952241,266414,1364869,1.Hindus,2243478,2.Muslims,203524,3.Jains,85160,721.0,721.0,721.0,719.0,567
1399,maharashtra,satara,2008.0,60,27,30,0,30,21,14,7,3,66,26,164,0,2808994,1408326,1400668,14.1,2410873,995.0,21896,78.22,88.2,68.38,1303658,1044989,258669,1505336,1.Hindus,2533359,2.Buddhists,128570,3.Muslims,125661,1716.0,1716.0,1701.0,1680.0,646
1400,maharashtra,sindhudurg,2008.0,6,7,8,0,8,2,2,0,0,34,15,14,0,868825,417890,450935,3.55,786506,1079.0,4952,80.3,90.26,71.23,404985,233827,171158,463840,1.Hindus,802498,2.Buddhists,24320,3.Muslims,23668,743.0,743.0,735.0,722.0,593
1401,maharashtra,wardha,2008.0,36,27,26,0,26,26,22,4,5,128,36,116,0,1236736,638990,597746,15.3,911695,935.0,154415,80.06,87.18,72.45,550351,431330,119021,686385,1.Hindus,1006235,2.Buddhists,169579,3.Muslims,47605,1004.0,998.0,998.0,842.0,392
1402,maharashtra,yavatmal,2008.0,74,55,43,0,43,34,33,1,6,114,30,171,0,2458271,1265681,1192590,18.46,2001060,942.0,473370,73.62,84.09,62.52,1118937,949453,169484,1339334,1.Hindus,1999368,2.Buddhists,221793,3.Muslims,196909,1856.0,1820.0,1795.0,1729.0,723
1403,manipur,bishnupur,2008.0,16,43,3,0,3,14,11,3,0,16,0,4,0,208368,104550,103818,13.9,133627,993.0,6143,67.63,79.61,55.66,89703,55557,34146,118665,1.Hindus,148903,2.Others,38763,3.Muslims,14194,48.0,48.0,46.0,47.0,28
1404,manipur,chandel,2008.0,13,10,0,0,0,2,0,2,0,0,0,0,0,118327,59741,58586,72.8,103365,981.0,108779,56.23,64.34,47.98,54545,39935,14610,63782,1.Christians,109128,2.Hindus,5701,3.Muslims,2318,350.0,323.0,190.0,214.0,25
1405,manipur,churachandpur,2008.0,18,5,2,0,2,5,0,5,0,0,0,0,0,227905,117232,110673,29.81,227905,944.0,212482,70.59,77.67,63.06,99363,71933,27430,128542,1.Christians,213186,2.Hindus,10538,3.Muslims,2573,540.0,539.0,306.0,395.0,66
1406,manipur,tamenglong,2008.0,3,3,0,0,0,2,0,2,0,0,0,0,0,111499,58014,53485,29.23,111499,922.0,106349,59.25,68.72,48.95,50863,43353,7510,60636,1.Christians,105791,2.Hindus,3187,3.Muslims,1431,171.0,171.0,75.0,157.0,42
1407,manipur,thoubal,2008.0,46,126,9,0,9,44,21,23,0,5,0,12,0,364140,182250,181890,24.62,232868,998.0,4274,66.41,80.43,52.46,177343,111486,65857,186797,1.Hindus,221096,2.Muslims,86849,3.Others,50819,90.0,90.0,84.0,88.0,36
1408,manipur,ukhrul,2008.0,5,10,1,0,1,0,0,0,0,0,0,0,0,140778,73465,67313,28.98,140778,916.0,134493,73.12,80.13,65.41,66515,51564,14951,74263,1.Christians,133966,2.Hindus,5687,3.Muslims,881,198.0,198.0,154.0,188.0,47
1409,mizoram,aizawl,2008.0,12,7,39,0,39,1,0,1,0,36,0,4,0,325676,166877,158799,39.24,77531,952.0,303641,96.51,96.75,96.26,162961,125328,37633,162715,1.Christians,303893,2.Hindus,14508,3.Muslims,5185,96.0,96.0,81.0,86.0,46
1410,mizoram,lawngtlai,2008.0,3,1,8,0,8,0,0,0,0,2,0,0,0,73620,38776,34844,34.78,73620,899.0,70234,64.74,70.9,57.81,34093,26188,7905,39527,1.Buddhists,38410,2.Christians,32877,3.Hindus,1910,139.0,139.0,27.0,134.0,24
1411,mizoram,lunglei,2008.0,8,0,8,0,8,2,0,2,0,13,0,0,0,137223,71402,65821,23.1,79267,922.0,130768,84.17,87.44,80.6,71792,60870,10922,65431,1.Christians,109204,2.Buddhists,22429,3.Hindus,4612,160.0,160.0,101.0,130.0,55
1412,nagaland,kohima,2008.0,27,7,6,0,6,5,0,5,0,1,0,2,0,310084,162251,147833,49.96,233054,911.0,280753,74.54,80.3,68.15,135023,114456,20567,175061,1.Christians,278844,2.Hindus,21950,3.Others,5457,180.0,179.0,148.0,164.0,82
1413,nagaland,mokokchung,2008.0,15,3,1,0,1,3,0,3,0,0,0,0,0,232085,120929,111156,43.48,200871,919.0,217653,83.92,86.03,81.61,109260,82160,27100,122825,1.Christians,219282,2.Hindus,10433,3.Muslims,2128,102.0,101.0,97.0,99.0,82
1414,nagaland,mon,2008.0,12,5,1,0,1,0,0,0,0,1,0,0,0,260652,138753,121899,73.42,244062,879.0,244821,41.83,46.56,36.35,130848,108206,22642,129804,1.Christians,248684,2.Hindus,9963,3.Muslims,1748,110.0,110.0,102.0,107.0,69
1415,nagaland,phek,2008.0,9,8,2,0,2,1,0,1,0,1,0,0,0,148195,77141,71054,45.12,135331,921.0,142977,70.65,78.37,62.26,71398,57454,13944,76797,1.Christians,143048,2.Hindus,4095,3.Muslims,517,104.0,104.0,102.0,102.0,54
1416,nagaland,tuensang,2008.0,3,0,1,0,1,0,0,0,0,0,0,0,0,414818,218678,196140,78.1,385046,897.0,398350,50.64,55.12,45.58,184924,156950,27974,229894,1.Christians,406287,2.Hindus,6856,3.Muslims,1329,251.0,251.0,238.0,230.0,123
1417,nagaland,wokha,2008.0,5,5,0,0,0,4,2,2,0,1,1,0,0,161223,83670,77553,95.01,123587,927.0,153983,80.55,85.35,75.32,56254,49679,6575,104969,1.Christians,155009,2.Hindus,4787,3.Muslims,1209,128.0,128.0,105.0,104.0,67
1418,nagaland,zunheboto,2008.0,0,2,1,0,1,0,0,0,0,0,0,0,0,153955,79056,74899,61.0,130874,947.0,147915,69.28,73.74,64.57,56783,47491,9292,97172,1.Christians,150097,2.Hindus,3193,3.Muslims,492,187.0,186.0,187.0,178.0,57
1419,punjab,amritsar,2008.0,46,71,15,0,15,54,44,10,6,25,11,66,0,3096077,1650589,1445488,22.72,1872802,876.0,-,67.27,72.61,61.26,1112200,938100,174100,1983877,1.Sikhs,2383575,2.Hindus,648284,3.Christians,51948,1185.0,1151.0,1185.0,1114.0,696
1420,punjab,faridkot,2008.0,17,20,15,0,15,13,10,3,1,9,0,16,0,550892,292596,258296,21.42,357321,883.0,-,61.95,68.15,55.03,209754,181873,27881,341138,1.Sikhs,427104,2.Hindus,119702,3.Muslims,1739,163.0,163.0,163.0,160.0,107
1421,punjab,gurdaspur,2008.0,20,21,24,0,24,25,21,4,9,15,0,28,0,2104011,1113077,990934,19.33,1568788,890.0,-,73.77,79.78,67.15,700557,568322,132235,1403454,1.Hindus,996246,2.Sikhs,934963,3.Christians,148981,1532.0,1531.0,1532.0,1375.0,517
1422,punjab,hoshiarpur,2008.0,33,49,35,0,35,22,17,5,13,21,0,73,0,1480736,765132,715604,13.81,1188662,935.0,-,81.02,86.45,75.32,513351,415123,98228,967385,1.Hindus,871923,2.Sikhs,574862,3.Muslims,15394,1386.0,1386.0,1386.0,1232.0,382
1423,punjab,jalandhar,2008.0,72,105,51,0,51,110,83,27,10,52,0,133,0,1962700,1040177,922523,18.4,1030717,887.0,-,78.04,82.49,73.08,676835,599324,77511,1285865,1.Hindus,1158868,2.Sikhs,740841,3.Christians,22106,934.0,934.0,934.0,832.0,598
1424,punjab,kapurthala,2008.0,23,70,24,0,24,23,14,9,4,19,0,27,0,754521,399623,354898,16.34,507994,888.0,-,73.93,79.02,68.29,262741,231222,31519,491780,1.Sikhs,448654,2.Hindus,286438,3.Buddhists,7740,618.0,618.0,618.0,478.0,359
1425,punjab,ludhiana,2008.0,73,69,46,0,46,115,78,37,10,36,21,92,0,3032831,1662716,1370115,24.79,1339178,824.0,-,76.5,80.25,71.95,1149638,1041517,108121,1883193,1.Sikhs,1744446,2.Hindus,1205128,3.Muslims,52220,897.0,897.0,897.0,842.0,550
1426,punjab,patiala,2008.0,42,49,35,0,35,44,37,7,13,17,0,116,0,1844934,987390,857544,20.31,1200224,868.0,-,69.78,75.88,62.86,681951,589015,92936,1162983,1.Sikhs,1024546,2.Hindus,778427,3.Muslims,34828,1054.0,1053.0,1054.0,986.0,172
1427,punjab,sangrur,2008.0,42,53,34,0,34,23,13,10,4,15,3,62,0,2000173,1069289,930884,18.57,1415354,871.0,-,59.98,65.81,53.38,814098,714076,100022,1186075,1.Sikhs,1400149,2.Hindus,434873,3.Muslims,157838,697.0,697.0,697.0,684.0,291
1428,rajasthan,ajmer,2008.0,47,36,45,0,45,102,84,18,17,108,0,516,0,2181670,1129920,1051750,26.1,1306994,931.0,52634,64.65,79.37,48.86,856809,690818,165991,1324861,1.Hindus,1869044,2.Muslims,244341,3.Jains,47812,1025.0,1025.0,966.0,970.0,352
1429,rajasthan,alwar,2008.0,101,59,88,0,88,142,91,51,38,134,0,429,0,2992592,1586752,1405840,30.23,2557653,886.0,239905,61.74,78.09,43.28,1458686,947587,511099,1533906,1.Hindus,2535155,2.Muslims,383204,3.Sikhs,55530,1954.0,1954.0,1843.0,1811.0,553
1430,rajasthan,banswara,2008.0,33,18,42,0,42,50,45,5,8,66,1,85,0,1501589,760686,740903,29.84,1394226,974.0,1085272,44.63,60.45,28.43,709412,529393,180019,792177,1.Hindus,1425287,2.Muslims,39079,3.Jains,18406,1476.0,1476.0,853.0,1348.0,450
1431,rajasthan,barmer,2008.0,18,23,20,0,20,24,21,3,14,82,0,116,0,1964835,1038247,926588,36.83,1819431,892.0,118688,58.99,72.76,43.45,919729,680208,239521,1045106,1.Hindus,1695047,2.Muslims,231918,3.Jains,35744,1933.0,1933.0,948.0,1777.0,433
1432,rajasthan,bharatpur,2008.0,63,53,74,0,74,100,75,25,24,39,0,371,0,2101142,1133425,967717,27.05,1692182,854.0,47077,63.57,80.54,43.56,852913,573547,279366,1248229,1.Hindus,1804599,2.Muslims,264709,3.Sikhs,23472,1366.0,1365.0,1238.0,1298.0,481
1433,rajasthan,bhilwara,2008.0,37,35,42,0,42,68,58,10,13,77,0,370,0,2013789,1026650,987139,26.14,1598938,962.0,180556,50.74,67.39,33.48,939848,764916,174932,1073941,1.Hindus,1859972,2.Muslims,112802,3.Jains,37659,1693.0,1693.0,1553.0,1516.0,473
1434,rajasthan,bikaner,2008.0,38,70,48,0,48,29,28,1,12,74,0,306,0,1674271,886075,788196,38.18,1079235,890.0,5945,56.91,70.05,42.03,661457,522482,138975,1012814,1.Hindus,1445088,2.Muslims,172372,3.Jains,31235,712.0,686.0,485.0,611.0,173
1435,rajasthan,bundi,2008.0,17,67,33,0,33,70,52,18,3,98,0,224,0,962620,504818,457802,24.8,783058,907.0,194851,55.57,71.68,37.79,456937,305977,150960,505683,1.Hindus,881956,2.Muslims,56220,3.Jains,13186,839.0,838.0,733.0,764.0,178
1436,rajasthan,churu,2008.0,16,39,37,0,37,43,22,21,16,16,0,212,0,1923878,987781,936097,24.6,1387682,948.0,10063,66.81,79.69,53.35,853899,587431,266468,1069979,1.Hindus,1698106,2.Muslims,210446,3.Jains,13882,946.0,925.0,877.0,909.0,423
1437,rajasthan,dungarpur,2008.0,23,15,26,0,26,50,48,2,11,66,0,94,0,1107643,547791,559852,26.58,1026787,1022.0,721487,48.57,66.04,31.77,531376,272283,259093,576267,1.Hindus,1068319,2.Muslims,23549,3.Jains,12542,854.0,853.0,723.0,819.0,368
1438,rajasthan,ganganagar,2008.0,39,71,70,0,70,66,43,23,16,59,2,276,0,1789423,955378,834045,27.53,1336066,873.0,14744,64.74,75.53,52.44,719792,552559,167233,1069631,1.Hindus,1299812,2.Sikhs,441409,3.Muslims,42442,2830.0,2820.0,1817.0,1653.0,654
1439,rajasthan,jaisalmer,2008.0,6,1,4,0,4,11,6,5,10,19,0,24,0,508247,279101,229146,47.45,431853,821.0,27834,50.97,66.26,32.05,211687,153139,58548,296560,1.Hindus,383638,2.Muslims,120174,3.Sikhs,2086,600.0,576.0,183.0,473.0,144
1440,rajasthan,jhalawar,2008.0,58,99,44,0,44,66,44,22,6,144,2,262,0,1180323,612804,567519,23.34,1012081,926.0,141861,57.32,73.31,40.02,554781,399386,155395,625542,1.Hindus,1087934,2.Muslims,78962,3.Jains,11759,1477.0,1476.0,1185.0,1173.0,214
1441,rajasthan,nagaur,2008.0,36,42,33,0,33,64,48,16,18,142,0,257,0,2775058,1424967,1350091,29.33,2297721,947.0,6497,57.28,74.1,39.67,1129514,844039,285475,1645544,1.Hindus,2399173,2.Muslims,356405,3.Jains,17478,1480.0,1466.0,1417.0,1417.0,580
1442,rajasthan,pali,2008.0,33,24,43,0,43,96,79,17,13,116,1,323,0,1820251,918856,901395,22.39,1429364,981.0,105814,54.39,72.2,36.48,724883,518158,206725,1095368,1.Hindus,1677038,2.Muslims,114088,3.Jains,25599,936.0,936.0,883.0,906.0,451
1443,rajasthan,sikar,2008.0,43,28,40,0,40,48,38,10,15,18,0,217,0,2287788,1172753,1115035,24.11,1815250,951.0,62512,70.47,84.34,56.11,887915,633421,254494,1399873,1.Hindus,2019396,2.Muslims,261714,3.Jains,4957,986.0,985.0,965.0,945.0,470
1444,rajasthan,sirohi,2008.0,26,21,17,0,17,40,36,4,5,66,0,110,0,851107,437949,413158,30.08,700217,943.0,210763,53.94,69.89,37.15,343905,245762,98143,507202,1.Hindus,810765,2.Muslims,25439,3.Jains,12427,455.0,454.0,399.0,423.0,201
1445,rajasthan,tonk,2008.0,15,28,22,0,22,50,46,4,6,41,3,206,0,1211671,626436,585235,24.24,958503,934.0,145891,51.97,70.52,32.15,532682,425230,107452,678989,1.Hindus,1062365,2.Muslims,124440,3.Jains,23644,1032.0,1031.0,818.0,887.0,246
1446,rajasthan,udaipur,2008.0,65,77,91,0,91,174,148,26,11,159,0,294,0,2633312,1336004,1297308,27.37,2142995,971.0,1260432,58.62,73.62,43.26,1100880,724120,376760,1532432,1.Hindus,2449773,2.Muslims,88262,3.Jains,83699,2339.0,2337.0,1647.0,2030.0,619
1447,sikkim,east,2008.0,5,5,5,0,5,2,2,0,0,5,0,3,0,245040,132917,112123,37.17,192188,844.0,45321,74.67,81.2,66.8,116529,92577,23952,128511,1.Hindus,157321,2.Buddhists,64729,3.Christians,14502,131.0,131.0,125.0,112.0,100
1448,sikkim,north,2008.0,1,2,1,0,1,0,0,0,0,1,0,0,0,41030,23414,17616,31.32,39782,752.0,21772,67.21,75.69,55.39,23542,17553,5989,17488,1.Buddhists,22603,2.Hindus,16128,3.Christians,1623,53.0,53.0,46.0,42.0,44
1449,sikkim,south,2008.0,1,0,9,0,9,1,1,0,0,10,0,0,0,131525,68241,63284,33.37,127579,927.0,20483,67.31,74.29,59.72,69693,57367,12326,61832,1.Hindus,84213,2.Buddhists,31109,3.Christians,12757,145.0,145.0,142.0,131.0,99
1450,sikkim,west,2008.0,2,0,5,0,5,1,1,0,0,3,0,2,0,123256,63912,59344,25.48,121432,929.0,23829,58.8,66.82,50.11,53279,45407,7872,69977,1.Hindus,71886,2.Buddhists,33601,3.Others,9567,121.0,121.0,115.0,107.0,86
1451,tripura,dhalai,2008.0,20,3,32,0,32,18,7,11,2,22,0,34,0,307868,159095,148773,10.79,289001,935.0,166326,60.93,70.17,50.99,126761,92570,34191,181107,1.Hindus,257834,2.Buddhists,28180,3.Christians,14848,148.0,148.0,108.0,138.0,58
1452,chandigarh,chandigarh,2008.0,17,28,20,0,20,50,42,8,3,19,2,49,0,900635,506938,393697,40.33,92120,777.0,-,81.94,86.14,76.47,340422,328989,11433,560213,1.Hindus,707978,2.Sikhs,145175,3.Muslims,35548,23.0,23.0,23.0,18.0,18
1453,assam,barpeta,2009.0,46,20,123,0,123,113,98,15,29,130,0,206,0,1647201,848578,798623,18.53,1520333,941.0,123266,56.24,64.83,47.07,517088,408537,108551,1130113,1.Hindus,977943,2.Muslims,662066,3.Christians,5267,1050.0,1050.0,775.0,967.0,430
1454,assam,bongaigaon,2009.0,13,9,54,0,54,58,53,5,4,5,0,118,0,904835,465240,439595,12.23,795053,945.0,110696,59.33,67.67,50.44,293243,233087,60156,611592,1.Hindus,535464,2.Muslims,348573,3.Christians,18728,881.0,881.0,607.0,805.0,112
1455,assam,cachar,2009.0,56,10,70,0,70,152,131,21,23,29,1,479,0,1444921,743042,701879,18.66,1243534,945.0,18631,67.82,75.73,59.41,465734,364814,100920,979187,1.Hindus,886761,2.Muslims,522051,3.Christians,31306,1020.0,1020.0,741.0,902.0,134
1456,assam,darrang,2009.0,29,8,80,0,80,99,96,3,7,139,0,236,0,1504320,773861,730459,15.79,1429492,944.0,249861,55.44,63.91,46.4,527993,404428,123565,976327,1.Hindus,868532,2.Muslims,534658,3.Christians,97306,1319.0,1319.0,1032.0,1246.0,356
1457,assam,dhemaji,2009.0,20,27,62,0,62,71,63,8,1,42,0,110,0,571944,294643,277301,18.93,533112,941.0,270496,64.48,74.41,53.86,250146,155431,94715,321798,1.Hindus,548780,2.Muslims,10533,3.Christians,6390,1236.0,1236.0,253.0,1068.0,83
1458,assam,dhubri,2009.0,53,16,150,0,150,185,147,38,20,154,2,375,0,1637344,841044,796300,23.42,1444901,947.0,32523,48.21,55.91,40.04,470360,399201,71159,1166984,1.Hindus,1216455,2.Muslims,405065,3.Christians,12477,1261.0,1261.0,904.0,1138.0,374
1459,assam,dibrugarh,2009.0,77,4,46,0,46,110,6,104,3,44,0,92,0,1185072,613555,571517,12.43,956634,931.0,88337,68.96,77.3,59.95,472419,342708,129711,712653,1.Hindus,1075878,2.Muslims,53306,3.Christians,45040,1309.0,1309.0,1195.0,1169.0,263
1460,assam,goalpara,2009.0,51,4,90,0,90,89,89,0,2,2,0,252,0,822035,420251,401784,23.07,755133,956.0,131800,58.03,64.86,50.85,273925,209928,63997,548110,1.Hindus,441516,2.Muslims,314157,3.Christians,64662,761.0,761.0,689.0,723.0,243
1461,assam,golaghat,2009.0,55,22,35,0,35,101,97,4,0,46,0,108,0,946279,490286,455993,14.21,865141,930.0,93920,69.38,77.14,60.99,388640,269896,118744,557639,1.Hindus,813263,2.Muslims,74808,3.Christians,52277,1066.0,1066.0,595.0,769.0,87
1462,assam,hailakandi,2009.0,12,1,45,0,45,59,44,15,8,12,0,81,0,542872,280513,262359,20.92,498787,935.0,821,59.64,68.24,50.46,179881,138216,41665,362991,1.Hindus,312849,2.Muslims,223191,3.Christians,5424,327.0,327.0,268.0,308.0,110
1463,assam,jorhat,2009.0,26,4,36,0,36,54,40,14,1,53,0,116,0,999221,517015,482206,15.84,827901,933.0,123134,76.34,83.62,68.49,414348,285092,129256,584873,1.Hindus,927858,2.Muslims,47658,3.Christians,18610,787.0,787.0,650.0,717.0,215
1464,assam,kamrup,2009.0,43,20,57,0,57,121,108,13,3,35,0,108,0,2522324,1326981,1195343,25.75,1614107,901.0,250393,74.16,81.16,66.31,842253,697810,144443,1680071,1.Hindus,1836153,2.Muslims,625002,3.Christians,44257,1342.0,1342.0,1042.0,1190.0,468
1465,assam,karimganj,2009.0,34,10,26,0,26,39,36,3,12,9,0,106,1,1007976,517680,490296,21.35,934126,947.0,2901,66.24,74.69,57.28,303294,235016,68278,704682,1.Hindus,527214,2.Muslims,470708,3.Christians,8746,915.0,915.0,639.0,865.0,224
1466,assam,kokrajhar,2009.0,69,25,44,0,44,71,35,36,1,26,0,70,0,905764,466191,439573,15.05,841823,943.0,304985,51.63,60.32,42.4,334849,234771,100078,570915,1.Hindus,594168,2.Muslims,184441,3.Christians,124270,951.0,951.0,704.0,906.0,211
1467,assam,lakhimpur,2009.0,31,20,54,0,54,123,97,26,3,42,0,187,0,889010,455691,433319,18.34,823857,951.0,208864,68.56,77.06,59.59,497745,288052,209693,391265,1.Hindus,702881,2.Muslims,143505,3.Christians,36667,1139.0,1139.0,680.0,1046.0,211
1468,assam,nagaon,2009.0,75,67,162,0,162,233,221,12,12,134,7,655,0,2314629,1190950,1123679,22.3,2036342,944.0,89394,61.73,68.27,54.74,727641,566195,161446,1586988,1.Hindus,1180267,2.Muslims,1106354,3.Christians,21473,1375.0,1374.0,1190.0,1257.0,480
1469,assam,nalbari,2009.0,23,22,31,0,31,58,48,10,6,76,0,73,0,1148824,592375,556449,11.98,1121338,939.0,202577,67.23,76.56,57.26,383932,291665,92267,764892,1.Hindus,873749,2.Muslims,253842,3.Christians,18495,798.0,798.0,733.0,769.0,179
1470,assam,sibsagar,2009.0,68,24,71,0,71,120,0,120,4,52,0,149,0,1051736,545476,506260,15.95,954557,928.0,41533,74.47,81.53,66.81,430523,287319,143204,621213,1.Hindus,927706,2.Muslims,85761,3.Christians,28488,866.0,866.0,772.0,825.0,317
1471,assam,sonitpur,2009.0,109,20,89,0,89,174,169,5,11,38,0,246,0,1681513,871568,809945,17.8,1505719,929.0,195083,59.0,67.54,49.73,634723,465283,169440,1046790,1.Hindus,1287646,2.Muslims,268078,3.Christians,115623,1784.0,1784.0,1331.0,1372.0,235
1472,assam,tinsukia,2009.0,85,0,58,0,58,106,87,19,2,8,0,62,0,1150062,601099,548963,19.52,926105,913.0,67234,60.95,70.15,50.78,466351,349847,116504,683711,1.Hindus,1029142,2.Muslims,62403,3.Christians,40000,1107.0,1107.0,871.0,936.0,198
1473,bihar,araria,2009.0,50,21,28,0,28,56,50,6,21,4,0,18,0,2158608,1128105,1030503,31.84,2026257,913.0,29423,35.01,46.38,22.37,853445,657446,195999,1305163,1.Hindus,1263766,2.Muslims,887972,3.Jains,2504,713.0,713.0,129.0,552.0,60
1474,bihar,aurangabad,2009.0,67,6,19,0,19,54,53,1,37,16,0,46,0,2013055,1040945,972110,30.19,1842998,934.0,1640,57.03,71.13,41.9,671011,476390,194621,1342044,1.Hindus,1814612,2.Muslims,196030,3.Religion not stated,1161,1739.0,1739.0,527.0,1148.0,270
1475,bihar,begusarai,2009.0,109,237,12,0,12,79,39,40,46,10,0,47,2,2349366,1228874,1120492,29.11,2241743,912.0,1505,47.98,59.13,35.64,746075,571564,174511,1603291,1.Hindus,2033039,2.Muslims,313713,3.Religion not stated,1224,729.0,729.0,457.0,503.0,167
1476,bihar,bhagalpur,2009.0,73,8,28,0,28,57,44,13,15,2,0,47,0,2423172,1291658,1131514,27.24,1970745,876.0,55545,49.5,59.22,38.13,855345,580731,274614,1567827,1.Hindus,1990976,2.Muslims,423246,3.Christians,1853,935.0,935.0,445.0,642.0,229
1477,bihar,bhojpur,2009.0,94,34,11,0,11,50,37,13,54,0,2,275,0,2243144,1179611,1063533,24.58,1930730,902.0,8337,58.96,74.29,41.8,653811,491916,161895,1589333,1.Hindus,2076589,2.Muslims,163193,3.Religion not stated,913,999.0,999.0,247.0,885.0,133
1478,bihar,darbhanga,2009.0,49,121,27,0,27,83,77,6,33,10,0,247,0,3295789,1722189,1573600,30.85,3028441,914.0,841,44.33,56.72,30.78,1028558,761464,267094,2267231,1.Hindus,2543284,2.Muslims,748971,3.Religion not stated,2245,1083.0,1083.0,490.0,850.0,271
1479,bihar,gaya,2009.0,155,33,20,0,20,108,66,42,46,12,0,106,5,3473428,1792163,1681265,30.19,2997479,938.0,2945,50.45,63.27,36.66,1277639,994459,283180,2195789,1.Hindus,3063841,2.Muslims,403439,3.Religion not stated,1622,2680.0,2680.0,539.0,1635.0,278
1480,bihar,gopalganj,2009.0,81,127,37,0,37,112,71,41,42,39,0,127,0,2152638,1075710,1076928,26.11,2022048,1001.0,6157,47.48,62.96,32.16,641672,466811,174861,1510966,1.Hindus,1784275,2.Muslims,367219,3.Religion not stated,850,1383.0,1383.0,439.0,866.0,261
1481,bihar,jehanabad,2009.0,48,10,8,0,8,40,9,31,43,11,0,42,0,1514315,784946,729369,28.64,1402703,929.0,1313,55.26,70.07,39.37,580905,422789,158116,933410,1.Hindus,1389053,2.Muslims,124149,3.Religion not stated,743,856.0,856.0,219.0,672.0,123
1482,bihar,katihar,2009.0,89,19,120,0,120,130,41,89,17,5,0,55,0,2392638,1246872,1145766,30.91,2174361,919.0,140418,35.09,45.31,23.8,898326,664259,234067,1494312,1.Hindus,1363523,2.Muslims,1017495,3.Christians,4994,1290.0,1290.0,277.0,785.0,248
1483,bihar,khagaria,2009.0,46,114,8,0,8,49,28,21,23,37,0,7,1,1280354,679267,601087,29.32,1204027,885.0,332,41.35,51.82,29.35,467240,333262,133978,813114,1.Hindus,1147346,2.Muslims,131441,3.Others,546,241.0,241.0,114.0,220.0,124
1484,bihar,kishanganj,2009.0,32,0,33,0,33,41,30,11,6,0,0,32,0,1296348,669552,626796,31.5,1167340,936.0,47116,31.09,42.71,18.63,417151,359819,57332,879197,1.Muslims,876105,2.Hindus,412995,3.Christians,2856,730.0,730.0,116.0,442.0,120
1485,bihar,madhepura,2009.0,45,10,11,0,11,50,28,22,19,4,0,11,0,1526646,797180,729466,29.45,1458679,915.0,9295,36.07,48.8,22.11,683976,498367,185609,842670,1.Hindus,1351978,2.Muslims,173605,3.Religion not stated,494,384.0,384.0,168.0,311.0,141
1486,bihar,madhubani,2009.0,66,7,19,0,19,81,78,3,31,20,0,71,0,3575281,1840997,1734284,26.08,3450736,942.0,1260,41.97,56.79,26.25,1227723,877412,350311,2347558,1.Hindus,2930501,2.Muslims,641579,3.Religion not stated,1477,1034.0,1034.0,437.0,901.0,232
1487,bihar,munger,2009.0,79,133,12,0,12,68,48,20,12,0,0,54,0,1137797,607730,530067,20.34,819950,872.0,18060,59.47,69.89,47.4,331451,233688,97763,806346,1.Hindus,1045233,2.Muslims,89791,3.Christians,1135,525.0,525.0,321.0,382.0,149
1488,bihar,muzaffarpur,2009.0,150,19,55,0,55,151,111,40,77,13,0,109,0,3746714,1951466,1795248,26.74,3398361,920.0,3472,47.95,59.1,35.81,1139830,895830,244000,2606884,1.Hindus,3168225,2.Muslims,573951,3.Religion not stated,2104,1725.0,1725.0,1021.0,1423.0,526
1489,bihar,nalanda,2009.0,114,301,33,0,33,99,67,32,74,88,0,33,0,2370528,1238599,1131929,18.64,2016899,914.0,970,53.19,66.44,38.58,903144,700007,203137,1467384,1.Hindus,2191552,2.Muslims,176871,3.Religion not stated,888,1000.0,1000.0,366.0,879.0,198
1490,bihar,patna,2009.0,314,104,46,0,46,351,167,184,95,21,0,341,0,4718592,2519942,2198650,30.17,2757060,873.0,9236,62.92,73.34,50.83,1425647,1161984,263663,3292945,1.Hindus,4333556,2.Muslims,366164,3.Christians,8951,1288.0,1288.0,615.0,1199.0,390
1491,bihar,rohtas,2009.0,110,63,18,0,18,83,11,72,41,38,0,57,23,2450748,1283485,1167263,27.71,2123942,909.0,25663,61.29,75.31,45.71,744183,544731,199452,1706565,1.Hindus,2199049,2.Muslims,246760,3.Sikhs,2549,1710.0,1710.0,493.0,1185.0,153
1492,bihar,saharsa,2009.0,49,123,28,0,28,55,9,46,11,36,0,15,0,1508182,789432,718750,33.03,1383015,910.0,4642,39.08,51.66,25.27,589467,411566,177901,918715,1.Hindus,1289364,2.Muslims,217922,3.Christians,437,441.0,441.0,127.0,374.0,63
1493,bihar,samastipur,2009.0,109,211,26,0,26,130,27,103,68,21,0,64,0,3394793,1760692,1634101,25.63,3271338,928.0,3362,45.13,57.59,31.67,1071974,843356,228618,2322819,1.Hindus,3035755,2.Muslims,355897,3.Religion not stated,1432,1122.0,1122.0,674.0,878.0,195
1494,bihar,saran,2009.0,112,175,11,0,11,91,73,18,57,20,0,132,0,3248701,1652661,1596040,26.37,2950064,966.0,6667,51.8,67.3,35.82,860940,644618,216322,2387761,1.Hindus,2909213,2.Muslims,337767,3.Religion not stated,758,1566.0,1566.0,544.0,1213.0,342
1495,bihar,sitamarhi,2009.0,67,22,8,0,8,104,81,23,27,20,0,14,0,2682720,1417611,1265109,32.58,2529407,892.0,1786,38.46,49.36,26.13,855156,714136,141020,1827564,1.Hindus,2111476,2.Muslims,568992,3.Religion not stated,1237,802.0,802.0,302.0,709.0,216
1496,bihar,siwan,2009.0,82,50,14,0,14,89,72,17,42,6,0,25,0,2714349,1336283,1378066,24.78,2564860,1031.0,13822,51.65,67.26,36.88,730437,511578,218859,1983912,1.Hindus,2218632,2.Muslims,494176,3.Religion not stated,899,1438.0,1438.0,441.0,1119.0,254
1497,bihar,vaishali,2009.0,107,56,45,0,45,208,128,80,73,28,0,83,0,2718421,1415603,1302818,26.39,2531766,920.0,3068,50.49,63.23,36.58,782717,624452,158265,1935704,1.Hindus,2457636,2.Muslims,259158,3.Religion not stated,922,1414.0,1414.0,970.0,929.0,154
1498,chhattisgarh,bilaspur,2009.0,96,52,59,0,59,45,32,13,30,175,17,131,0,1998355,1013875,984480,17.59,1511661,971.0,397104,63.51,78.43,48.17,857577,630504,227073,1140778,1.Hindus,1904580,2.Muslims,45342,3.Others,19325,1579.0,1545.0,1494.0,1426.0,452
1499,chhattisgarh,durg,2009.0,87,45,109,0,109,19,17,2,8,223,20,124,0,2810436,1417893,1392543,16.88,1738127,982.0,348801,75.62,86.43,64.64,1162833,965624,197209,1647603,1.Hindus,2654202,2.Muslims,70398,3.Sikhs,23399,1776.0,1762.0,1737.0,1698.0,669
1500,chhattisgarh,raigarh,2009.0,82,24,43,0,43,18,18,0,9,73,4,36,0,1265529,634597,630932,18.68,1096073,994.0,447703,70.16,82.7,57.62,601564,430725,170839,663965,1.Hindus,1212180,2.Christians,36098,3.Muslims,12637,1433.0,1410.0,1385.0,1350.0,279
1501,chhattisgarh,raipur,2009.0,101,94,145,0,145,42,35,7,26,260,32,120,0,3016930,1523925,1493005,18.97,2099312,980.0,365273,68.51,81.97,54.81,1264663,961507,303156,1752267,1.Hindus,2881933,2.Muslims,77963,3.Christians,16857,2124.0,2101.0,1955.0,1987.0,696
1502,chhattisgarh,rajnandgaon,2009.0,55,31,47,0,47,13,12,1,8,78,5,59,0,1283224,634342,648882,17.7,1051577,1023.0,341688,77.21,87.17,67.55,649401,558996,90405,633823,1.Hindus,1215492,2.Buddhists,28020,3.Muslims,21035,1605.0,1595.0,1550.0,1484.0,343
1503,gujarat,amreli,2009.0,27,8,8,0,8,52,50,2,1,21,4,131,0,1393918,701593,692325,6.45,1080960,987.0,3256,66.09,76.44,55.78,600819,470043,130776,793099,1.Hindus,1307460,2.Muslims,83077,3.Jains,2309,615.0,614.0,615.0,614.0,383
1504,gujarat,anand,2009.0,36,4,13,0,13,43,35,8,0,29,3,231,0,1856872,972000,884872,13.03,1348901,910.0,22835,74.51,86.09,61.94,784711,617669,167042,1072161,1.Hindus,1616127,2.Muslims,199263,3.Christians,29461,350.0,350.0,350.0,350.0,301
1505,gujarat,bharuch,2009.0,26,19,18,0,18,28,25,3,0,22,3,113,0,1370656,713676,656980,19.32,1018096,921.0,444043,74.41,82.98,65.11,570693,469551,101142,799963,1.Hindus,1059796,2.Muslims,293459,3.Christians,8824,657.0,657.0,656.0,644.0,403
1506,gujarat,bhavnagar,2009.0,41,24,9,0,9,71,64,7,0,41,42,157,0,2469630,1274920,1194710,19.29,1534592,937.0,7298,66.2,78.02,53.73,944559,781166,163393,1525071,1.Hindus,2264062,2.Muslims,172740,3.Jains,28921,790.0,790.0,789.0,786.0,526
1507,gujarat,gandhinagar,2009.0,28,8,7,0,7,30,28,2,0,10,3,174,0,1334455,697999,636456,23.88,867195,912.0,17681,76.59,87.74,64.58,554336,467413,86923,780119,1.Hindus,1269766,2.Muslims,50559,3.Jains,7769,291.0,291.0,291.0,290.0,244
1508,gujarat,jamnagar,2009.0,32,19,17,0,17,24,20,4,1,18,3,241,0,1904278,981320,922958,22.39,1068022,941.0,10459,66.48,76.25,56.18,734382,624057,110325,1169896,1.Hindus,1605941,2.Muslims,270223,3.Jains,21907,698.0,695.0,666.0,666.0,286
1509,gujarat,junagadh,2009.0,48,28,14,0,14,69,60,9,1,48,10,473,0,2448173,1252350,1195823,17.08,1736645,955.0,18832,67.78,78.74,56.43,1000842,785530,215312,1447331,1.Hindus,2165734,2.Muslims,274481,3.Jains,4291,923.0,922.0,901.0,858.0,803
1510,gujarat,narmada,2009.0,13,3,6,0,6,3,3,0,0,6,0,10,0,514404,263986,250418,14.4,462298,949.0,401654,59.86,72.44,46.61,259116,176372,82744,255288,1.Hindus,482552,2.Muslims,20429,3.Christians,5122,552.0,552.0,530.0,515.0,324
1511,gujarat,navsari,2009.0,18,5,4,0,4,1,1,0,0,0,1,31,0,1229463,628988,600475,13.22,893110,955.0,591164,75.83,82.77,68.61,545215,457002,88213,684248,1.Hindus,1135525,2.Muslims,69972,3.Jains,13575,374.0,374.0,374.0,368.0,268
1512,gujarat,patan,2009.0,21,11,19,0,19,21,20,1,0,43,0,136,0,1182709,612100,570609,14.08,944281,932.0,12637,60.36,73.63,46.33,533078,395470,137608,649631,1.Hindus,1057013,2.Muslims,119748,3.Jains,5136,517.0,516.0,517.0,514.0,265
1513,gujarat,porbandar,2009.0,11,7,3,0,3,18,17,1,0,2,2,53,0,536835,275821,261014,14.35,275460,946.0,6456,68.62,78.36,58.42,215134,173594,41540,321701,1.Hindus,507176,2.Muslims,28404,3.Jains,589,182.0,182.0,155.0,156.0,130
1514,gujarat,surendranagar,2009.0,40,10,18,0,18,58,54,4,0,39,3,120,0,1515148,787650,727498,25.34,1112700,924.0,14338,61.61,74.19,48.1,647609,512038,135571,867539,1.Hindus,1392451,2.Muslims,97846,3.Jains,22721,650.0,649.0,650.0,648.0,170
1515,gujarat,valsad,2009.0,22,2,10,0,10,12,12,0,0,5,0,27,0,1410553,734799,675754,29.66,1029392,920.0,772405,69.15,77.9,59.62,650257,503333,146924,760296,1.Hindus,1300005,2.Muslims,66440,3.Christians,15399,450.0,450.0,425.0,449.0,303
1516,haryana,ambala,2009.0,35,18,28,0,28,20,16,4,14,18,17,155,0,1014411,542977,471434,25.69,657383,868.0,-,75.31,82.31,67.39,324521,275648,48873,689890,1.Hindus,856193,2.Sikhs,132463,3.Muslims,17263,482.0,482.0,479.0,432.0,204
1517,haryana,bhiwani,2009.0,48,40,37,0,37,74,53,21,17,37,21,88,0,1425022,758253,666769,22.45,1154629,879.0,-,67.45,80.26,53.0,609320,425210,184110,815702,1.Hindus,1407363,2.Muslims,12740,3.Sikhs,2542,437.0,437.0,437.0,429.0,252
1518,haryana,faridabad,2009.0,60,47,35,0,35,86,62,24,17,26,4,179,0,2194586,1193063,1001523,48.47,973242,839.0,-,70.03,81.52,56.31,785762,609663,176099,1408824,1.Hindus,1896698,2.Muslims,247293,3.Sikhs,36005,413.0,413.0,413.0,376.0,188
1519,haryana,gurgaon,2009.0,84,38,29,0,29,59,42,17,24,21,40,128,0,1660289,886451,773838,44.64,1291285,873.0,-,62.91,76.17,47.78,629658,464644,165014,1030631,1.Hindus,1026542,2.Muslims,617918,3.Sikhs,6672,694.0,694.0,693.0,642.0,203
1520,haryana,jind,2009.0,47,39,35,0,35,46,30,16,11,33,49,97,0,1189827,642282,547545,21.35,948250,852.0,-,62.12,73.82,48.51,521946,372049,149897,667881,1.Hindus,1134539,2.Sikhs,29159,3.Muslims,20618,306.0,306.0,306.0,300.0,247
1521,haryana,kaithal,2009.0,21,19,24,0,24,19,16,3,13,20,0,187,0,946131,510513,435618,20.95,762649,853.0,-,59.02,69.15,47.31,372011,268127,103884,574120,1.Hindus,848765,2.Sikhs,88700,3.Muslims,6777,270.0,270.0,270.0,261.0,160
1522,haryana,karnal,2009.0,27,46,48,0,48,51,40,11,17,32,21,225,0,1274183,683368,590815,23.13,936341,865.0,-,67.74,76.29,57.97,455455,355466,99989,818728,1.Hindus,1125279,2.Sikhs,123160,3.Muslims,22614,422.0,422.0,422.0,385.0,186
1523,haryana,kurukshetra,2009.0,29,20,43,0,43,57,47,10,5,20,29,101,0,825454,442328,383126,23.72,609943,866.0,-,69.88,78.06,60.61,308392,250596,57796,517062,1.Hindus,675381,2.Sikhs,135545,3.Muslims,12028,407.0,402.0,406.0,385.0,179
1524,haryana,mahendragarh,2009.0,28,7,10,0,10,21,19,2,10,13,0,58,0,812521,423578,388943,19.09,702885,918.0,-,69.89,84.72,54.08,351864,204704,147160,460657,1.Hindus,805991,2.Muslims,3434,3.Sikhs,2026,368.0,368.0,368.0,350.0,190
1525,haryana,panipat,2009.0,64,30,45,0,45,51,31,20,19,26,44,117,0,967449,528860,438589,38.57,575369,829.0,-,69.17,78.5,57.97,382801,289013,93788,584648,1.Hindus,873593,2.Muslims,59696,3.Sikhs,27437,179.0,179.0,179.0,168.0,116
1526,haryana,rewari,2009.0,34,23,19,0,19,36,29,7,14,19,20,55,0,765351,403034,362317,25.24,629177,899.0,-,75.25,88.45,60.83,333622,204855,128767,431729,1.Hindus,758328,2.Muslims,3194,3.Sikhs,1668,397.0,397.0,397.0,379.0,175
1527,haryana,rohtak,2009.0,65,61,36,0,36,43,30,13,18,30,38,113,0,940128,509038,431090,20.99,610524,847.0,-,73.72,83.23,62.59,371073,288225,82848,569055,1.Hindus,924541,2.Muslims,5665,3.Sikhs,5079,146.0,146.0,146.0,130.0,118
1528,haryana,sirsa,2009.0,36,18,24,0,24,43,28,15,6,10,0,97,0,1116649,593245,523404,22.96,823184,882.0,-,60.55,70.05,49.93,475571,363946,111625,641078,1.Hindus,801747,2.Sikhs,302942,3.Muslims,7056,321.0,321.0,318.0,312.0,197
1529,haryana,sonipat,2009.0,83,70,32,0,32,57,42,15,17,21,46,129,0,1279175,695723,583452,22.36,957800,839.0,-,72.79,83.06,60.68,523031,383449,139582,756144,1.Hindus,1234225,2.Muslims,31954,3.Jains,6729,323.0,323.0,323.0,316.0,248
1530,haryana,yamunanagar,2009.0,36,30,26,0,26,58,51,7,11,20,16,180,0,1041630,559444,482186,21.84,648608,862.0,-,71.63,78.82,63.39,336533,280728,55805,705097,1.Hindus,849255,2.Muslims,104073,3.Sikhs,83524,613.0,613.0,607.0,483.0,248
1531,jharkhand,deoghar,2009.0,51,57,45,0,45,29,15,14,18,4,22,36,0,1165390,608878,556512,24.46,1005539,914.0,142717,50.09,66.38,31.99,432714,283711,149003,732676,1.Hindus,910409,2.Muslims,221705,3.Others,27263,2356.0,2356.0,289.0,768.0,94
1532,jharkhand,dhanbad,2009.0,69,33,36,0,36,81,65,16,45,24,3,59,0,2397102,1278946,1118156,22.82,1141744,874.0,202729,67.0,79.54,52.43,664058,492501,171557,1733044,1.Hindus,1944757,2.Muslims,364807,3.Others,61505,1121.0,1121.0,503.0,708.0,154
1533,jharkhand,dumka,2009.0,68,8,61,0,61,34,21,13,5,2,0,56,0,1759602,897364,862238,17.31,1644690,961.0,701903,47.94,62.86,32.35,778378,470354,308024,981224,1.Hindus,1323468,2.Muslims,203741,3.Others,170201,3737.0,3737.0,213.0,1732.0,312
1534,jharkhand,giridih,2009.0,86,32,28,0,28,36,0,36,45,37,51,3,0,1904430,960679,943751,27.09,1782066,982.0,184469,44.5,62.09,26.62,644644,340925,303719,1259786,1.Hindus,1475201,2.Muslims,383253,3.Others,30778,2532.0,2532.0,481.0,1232.0,229
1535,jharkhand,godda,2009.0,66,41,24,0,24,36,29,7,7,20,0,30,0,1047939,544043,503896,21.61,1010931,926.0,247538,43.13,57.52,27.39,421941,238694,183247,625998,1.Hindus,745237,2.Muslims,210734,3.Others,68055,1633.0,1633.0,257.0,892.0,141
1536,jharkhand,gumla,2009.0,168,37,39,0,39,36,14,22,1,7,0,12,0,1346767,675769,670998,16.6,1273025,993.0,920597,51.74,63.5,39.95,658921,446953,211968,687846,1.Hindus,440373,2.Christians,425107,3.Others,419004,1393.0,1393.0,92.0,1015.0,365
1537,jharkhand,hazaribagh,2009.0,61,93,33,0,33,53,48,5,32,9,0,9,0,2277475,1167793,1109682,24.02,1748406,950.0,268333,57.74,71.81,42.87,790049,532895,257154,1487426,1.Hindus,1870586,2.Muslims,337117,3.Others,36789,1543.0,1543.0,413.0,962.0,147
1538,jharkhand,palamu,2009.0,79,149,37,0,37,61,40,21,18,18,0,34,0,2098359,1084417,1013942,26.8,1973266,935.0,392325,44.95,58.91,29.88,793658,444921,348737,1304701,1.Hindus,1740948,2.Muslims,242980,3.Others,63100,2465.0,2465.0,410.0,1474.0,349
1539,jharkhand,ranchi,2009.0,202,211,63,0,63,113,42,71,19,12,0,68,4,2785064,1436976,1348088,25.72,1807243,938.0,1164624,64.57,76.56,51.72,1076904,750962,325942,1708160,1.Hindus,1399301,2.Others,767672,3.Muslims,348774,2052.0,2052.0,331.0,1343.0,377
1540,karnataka,belgaum,2009.0,106,92,39,0,39,60,43,17,10,220,3,311,0,4214505,2150090,2064415,17.4,3201814,960.0,243451,64.21,75.7,52.32,1877774,1537645,340129,2336731,1.Hindus,3565153,2.Muslims,440836,3.Christians,169466,1255.0,1254.0,1247.0,1240.0,740
1541,karnataka,bellary,2009.0,44,46,11,0,11,25,19,6,7,66,0,75,0,2027140,1029714,997426,22.3,1320290,969.0,364638,57.4,69.2,45.28,920821,801369,119452,1106319,1.Hindus,1739522,2.Muslims,257806,3.Christians,13226,524.0,523.0,524.0,381.0,260
1542,karnataka,bidar,2009.0,22,41,12,0,12,14,4,10,3,38,0,81,0,1502373,771022,731351,19.56,1157498,949.0,182219,60.94,72.46,48.81,557603,424985,132618,944770,1.Hindus,1020174,2.Muslims,295762,3.Buddhists,122083,599.0,596.0,596.0,591.0,293
1543,karnataka,bijapur,2009.0,64,64,19,0,19,28,23,5,0,73,0,139,0,1806918,926424,880494,17.63,1410829,950.0,30051,57.01,69.94,43.47,718213,551972,166241,1088705,1.Hindus,1495080,2.Muslims,294491,3.Jains,8356,660.0,659.0,657.0,626.0,392
1544,karnataka,chitradurga,2009.0,43,27,26,0,26,24,21,3,10,102,0,83,0,1517896,776221,741675,15.05,1243658,955.0,266235,64.45,74.66,53.78,721835,576035,145800,796061,1.Hindus,1388506,2.Muslims,109412,3.Religion not stated,8411,946.0,916.0,946.0,879.0,197
1545,karnataka,davanagere,2009.0,27,24,16,0,16,17,15,2,12,90,0,112,0,1790952,917705,873247,14.78,1247954,952.0,209701,67.43,76.37,58.04,783781,631726,152055,1007171,1.Hindus,1532714,2.Muslims,226708,3.Religion not stated,10944,810.0,786.0,808.0,727.0,278
1546,karnataka,gulbarga,2009.0,145,104,32,0,32,49,41,8,8,68,0,170,0,3130922,1592789,1538133,21.02,2278301,966.0,154195,50.01,61.77,37.9,1350072,1010430,339642,1780850,1.Hindus,2381497,2.Muslims,551171,3.Buddhists,153619,1360.0,1327.0,1342.0,1337.0,708
1547,karnataka,hassan,2009.0,59,48,22,0,22,22,15,7,15,75,0,103,2,1721669,859086,862583,9.66,1416996,1004.0,26451,68.63,78.37,59.0,864711,702827,161884,856958,1.Hindus,1587287,2.Muslims,104730,3.Christians,15598,2394.0,2330.0,2341.0,1990.0,482
1548,karnataka,kodagu,2009.0,31,23,14,0,14,13,8,5,5,24,2,46,0,548561,274831,273730,11.64,473179,996.0,46115,77.99,83.7,72.26,266378,247574,18804,282183,1.Hindus,450694,2.Muslims,78466,3.Christians,17951,291.0,279.0,286.0,267.0,138
1549,karnataka,kolar,2009.0,30,28,10,0,10,15,8,7,11,17,2,18,0,2536069,1286193,1249876,13.83,1910546,972.0,205711,62.84,73.17,52.23,1235028,1014667,220361,1301041,1.Hindus,2196660,2.Muslims,298767,3.Christians,32547,2919.0,2797.0,2785.0,2342.0,490
1550,karnataka,koppal,2009.0,22,20,14,0,14,13,13,0,5,32,0,57,0,1196089,603312,592777,24.57,997797,983.0,138588,54.1,68.42,39.61,554506,422208,132298,641583,1.Hindus,1042294,2.Muslims,137174,3.Religion not stated,5395,594.0,590.0,594.0,560.0,281
1551,karnataka,mandya,2009.0,74,72,16,0,16,27,19,8,8,85,0,125,0,1763705,888034,875671,7.14,1480990,986.0,17193,61.05,70.5,51.53,840419,682440,157979,923286,1.Hindus,1667640,2.Muslims,69890,3.Buddhists,11093,1369.0,1330.0,1323.0,1185.0,458
1552,karnataka,raichur,2009.0,49,27,21,0,21,18,18,0,9,85,4,141,0,1669762,841840,827922,21.93,1248925,983.0,303042,48.81,61.52,35.93,732762,544347,188415,937000,1.Hindus,1417051,2.Muslims,228652,3.Christians,12390,830.0,806.0,796.0,306.0,338
1553,karnataka,shimoga,2009.0,53,54,15,0,15,38,27,11,5,137,3,255,0,1642545,830559,811986,12.9,1071535,978.0,55997,74.52,82.01,66.88,714671,586832,127839,927874,1.Hindus,1401087,2.Muslims,200979,3.Christians,26474,1443.0,1415.0,1399.0,989.0,311
1554,karnataka,tumkur,2009.0,83,54,19,0,19,23,6,17,13,85,0,79,0,2584711,1313801,1270910,11.87,2077509,967.0,193819,67.01,76.78,56.94,1316939,1050291,266648,1267772,1.Hindus,2349801,2.Muslims,211732,3.Christians,7736,2574.0,2477.0,2573.0,2123.0,382
1555,kerala,idukki,2009.0,19,16,23,0,23,3,1,2,1,130,20,199,0,1129221,566682,562539,6.96,1071628,993.0,50973,88.69,92.33,85.02,487352,400699,86653,641869,1.Hindus,566744,2.Muslims,480108,3.Christians,81222,64.0,64.0,64.0,60.0,62
1556,kerala,kannur,2009.0,14,35,37,0,37,10,5,5,0,131,16,280,0,2408956,1152817,1256139,7.13,1196058,1090.0,19969,92.59,96.13,89.4,767197,626876,140321,1641759,1.Hindus,1480748,2.Muslims,665648,3.Christians,261019,78.0,78.0,78.0,78.0,78
1557,kerala,kollam,2009.0,34,29,51,0,51,21,19,2,2,299,11,432,0,2585208,1249621,1335587,7.33,2119230,1069.0,5190,91.18,94.43,88.18,828566,654823,173743,1756642,1.Hindus,1685044,2.Muslims,474071,3.Christians,423745,93.0,93.0,93.0,93.0,92
1558,kerala,kottayam,2009.0,19,18,28,0,28,14,8,6,0,162,34,192,0,1953646,964926,988720,6.76,1653838,1025.0,18340,95.82,97.34,94.35,642157,539609,102548,1311489,1.Hindus,963497,2.Muslims,871371,3.Christians,116686,89.0,89.0,89.0,89.0,88
1559,kerala,malappuram,2009.0,24,31,35,0,35,17,10,7,0,141,33,545,0,3625471,1754576,1870895,17.22,3269301,1066.0,12267,89.61,93.25,86.26,874476,691848,182628,2750995,1.Hindus,2484576,2.Muslims,1057418,3.Christians,80650,122.0,122.0,122.0,122.0,121
1560,kerala,palakkad,2009.0,36,21,49,0,49,13,7,6,3,105,30,315,0,2617482,1266985,1350497,9.86,2260907,1066.0,39665,84.35,89.52,79.56,945052,768620,176432,1672430,1.Hindus,1802766,2.Muslims,703596,3.Christians,109249,144.0,144.0,144.0,141.0,139
1561,kerala,pathanamthitta,2009.0,15,18,24,0,24,11,10,1,0,156,19,120,0,1234016,589398,644618,3.72,1110218,1094.0,6549,94.84,96.41,93.43,366049,285844,80205,867967,1.Hindus,694560,2.Muslims,481602,3.Christians,56457,65.0,65.0,65.0,64.0,63
1562,kerala,thrissur,2009.0,23,38,32,0,32,19,10,9,3,153,29,345,0,2974232,1422052,1552180,8.7,2134799,1092.0,4826,92.27,95.11,89.71,955300,808965,146335,2018932,1.Hindus,1761842,2.Muslims,720152,3.Christians,488697,204.0,204.0,204.0,196.0,194
1563,maharashtra,akola,2009.0,43,68,21,0,21,33,26,7,10,97,63,131,0,1630239,841253,788986,20.51,1002742,938.0,100088,81.41,88.91,73.43,648243,582264,65979,981996,1.Hindus,1024080,2.Muslims,296272,3.Buddhists,293184,862.0,851.0,840.0,786.0,212
1564,maharashtra,bhandara,2009.0,26,8,17,0,17,12,12,0,4,31,13,68,0,1136146,573445,562701,11.2,960418,981.0,97718,78.47,88.97,67.82,536885,365464,171421,599261,1.Hindus,953507,2.Buddhists,144541,3.Muslims,23324,778.0,772.0,774.0,716.0,442
1565,maharashtra,chandrapur,2009.0,49,33,44,0,44,19,17,2,9,132,171,158,0,2071101,1062993,1008108,17.26,1406034,948.0,375256,73.17,82.94,62.89,930791,683029,247762,1140310,1.Hindus,1680113,2.Buddhists,274067,3.Muslims,76050,1472.0,1462.0,1444.0,1359.0,318
1566,maharashtra,dhule,2009.0,45,36,12,0,12,13,9,4,7,34,8,281,0,1707947,878372,829575,16.01,1262062,944.0,443564,71.65,81.4,61.39,737941,573496,164445,970006,1.Hindus,1522895,2.Muslims,149466,3.Buddhists,14613,678.0,675.0,673.0,669.0,276
1567,maharashtra,gadchiroli,2009.0,66,45,12,0,12,14,13,1,1,23,6,27,0,970294,491101,479193,23.25,903033,976.0,371696,60.1,71.86,48.07,497104,336959,160145,473190,1.Hindus,818640,2.Buddhists,78058,3.Others,44825,1521.0,1509.0,1320.0,1279.0,369
1568,maharashtra,jalgaon,2009.0,75,52,30,0,30,25,25,0,10,109,39,423,0,3682690,1905493,1777197,15.44,2629896,933.0,435951,75.43,85.91,64.3,1563983,1300086,263897,2118707,1.Hindus,3049368,2.Muslims,455288,3.Buddhists,126136,1491.0,1491.0,1486.0,1470.0,934
1569,maharashtra,jalna,2009.0,55,38,22,0,22,20,17,3,25,54,14,346,0,1612980,826903,786077,18.17,1305115,951.0,32103,64.4,79.14,49.04,716900,611998,104902,896080,1.Hindus,1255041,2.Muslims,211531,3.Buddhists,121033,963.0,963.0,959.0,952.0,380
1570,maharashtra,kolhapur,2009.0,46,36,35,0,35,22,18,4,18,61,15,130,0,3523162,1807470,1715692,17.59,2472809,949.0,21387,76.93,87.47,66.02,1652970,1394882,258088,1870192,1.Hindus,3077263,2.Muslims,236875,3.Jains,147285,1196.0,1194.0,1190.0,1185.0,638
1571,maharashtra,latur,2009.0,70,36,33,0,33,28,28,0,15,49,0,159,0,2080285,1075257,1005028,23.95,1590024,935.0,47836,71.54,82.94,59.4,840518,712849,127669,1239767,1.Hindus,1700679,2.Muslims,292996,3.Buddhists,74351,921.0,921.0,919.0,917.0,409
1572,maharashtra,nanded,2009.0,102,71,34,0,34,40,29,11,30,62,3,346,0,2876259,1481358,1394901,23.08,2187195,942.0,253596,67.77,80.44,54.35,1202037,965087,236950,1674222,1.Hindus,2162185,2.Muslims,385081,3.Buddhists,302161,1546.0,1538.0,1531.0,1536.0,209
1573,maharashtra,osmanabad,2009.0,33,23,20,0,20,19,16,3,3,64,9,153,0,1486586,769368,717218,15.35,1253330,932.0,27857,69.02,80.42,56.89,653522,555202,98320,833064,1.Hindus,1297858,2.Muslims,151181,3.Buddhists,28356,729.0,729.0,727.0,726.0,400
1574,maharashtra,parbhani,2009.0,52,31,30,0,30,24,14,10,7,49,7,219,0,1527715,780191,747524,15.31,1042529,958.0,35210,66.07,79.63,52.02,644752,559917,84835,882963,1.Hindus,1121246,2.Muslims,243935,3.Buddhists,153231,830.0,830.0,824.0,821.0,386
1575,maharashtra,ratnagiri,2009.0,24,4,14,0,14,12,8,4,0,36,20,51,0,1696777,794498,902279,9.87,1504568,1136.0,20102,75.05,85.89,65.77,763387,557613,205774,933390,1.Hindus,1391137,2.Muslims,175672,3.Buddhists,120855,1539.0,1538.0,1539.0,1484.0,810
1576,maharashtra,sangli,2009.0,67,32,37,0,37,22,9,13,12,45,10,66,0,2583524,1320088,1263436,17.59,1950306,957.0,17855,76.62,86.26,66.73,1218655,952241,266414,1364869,1.Hindus,2243478,2.Muslims,203524,3.Jains,85160,721.0,721.0,721.0,719.0,567
1577,maharashtra,satara,2009.0,47,38,26,0,26,22,18,4,4,57,7,131,0,2808994,1408326,1400668,14.1,2410873,995.0,21896,78.22,88.2,68.38,1303658,1044989,258669,1505336,1.Hindus,2533359,2.Buddhists,128570,3.Muslims,125661,1716.0,1716.0,1701.0,1680.0,646
1578,maharashtra,sindhudurg,2009.0,11,5,8,0,8,4,3,1,1,12,6,11,0,868825,417890,450935,3.55,786506,1079.0,4952,80.3,90.26,71.23,404985,233827,171158,463840,1.Hindus,802498,2.Buddhists,24320,3.Muslims,23668,743.0,743.0,735.0,722.0,593
1579,maharashtra,wardha,2009.0,29,28,41,0,41,18,15,3,1,84,32,100,0,1236736,638990,597746,15.3,911695,935.0,154415,80.06,87.18,72.45,550351,431330,119021,686385,1.Hindus,1006235,2.Buddhists,169579,3.Muslims,47605,1004.0,998.0,998.0,842.0,392
1580,maharashtra,yavatmal,2009.0,77,57,40,0,40,28,25,3,9,128,23,212,0,2458271,1265681,1192590,18.46,2001060,942.0,473370,73.62,84.09,62.52,1118937,949453,169484,1339334,1.Hindus,1999368,2.Buddhists,221793,3.Muslims,196909,1856.0,1820.0,1795.0,1729.0,723
1581,manipur,bishnupur,2009.0,16,35,2,0,2,7,5,2,0,10,0,0,0,208368,104550,103818,13.9,133627,993.0,6143,67.63,79.61,55.66,89703,55557,34146,118665,1.Hindus,148903,2.Others,38763,3.Muslims,14194,48.0,48.0,46.0,47.0,28
1582,manipur,chandel,2009.0,6,31,0,0,0,0,0,0,0,0,0,0,0,118327,59741,58586,72.8,103365,981.0,108779,56.23,64.34,47.98,54545,39935,14610,63782,1.Christians,109128,2.Hindus,5701,3.Muslims,2318,350.0,323.0,190.0,214.0,25
1583,manipur,churachandpur,2009.0,15,10,3,0,3,4,3,1,0,1,0,0,0,227905,117232,110673,29.81,227905,944.0,212482,70.59,77.67,63.06,99363,71933,27430,128542,1.Christians,213186,2.Hindus,10538,3.Muslims,2573,540.0,539.0,306.0,395.0,66
1584,manipur,tamenglong,2009.0,5,5,0,0,0,0,0,0,0,0,0,0,0,111499,58014,53485,29.23,111499,922.0,106349,59.25,68.72,48.95,50863,43353,7510,60636,1.Christians,105791,2.Hindus,3187,3.Muslims,1431,171.0,171.0,75.0,157.0,42
1585,manipur,thoubal,2009.0,15,89,9,0,9,32,23,9,0,6,1,12,0,364140,182250,181890,24.62,232868,998.0,4274,66.41,80.43,52.46,177343,111486,65857,186797,1.Hindus,221096,2.Muslims,86849,3.Others,50819,90.0,90.0,84.0,88.0,36
1586,manipur,ukhrul,2009.0,6,19,1,0,1,2,0,2,0,0,0,0,0,140778,73465,67313,28.98,140778,916.0,134493,73.12,80.13,65.41,66515,51564,14951,74263,1.Christians,133966,2.Hindus,5687,3.Muslims,881,198.0,198.0,154.0,188.0,47
1587,mizoram,aizawl,2009.0,14,8,27,0,27,7,0,7,0,29,0,4,0,325676,166877,158799,39.24,77531,952.0,303641,96.51,96.75,96.26,162961,125328,37633,162715,1.Christians,303893,2.Hindus,14508,3.Muslims,5185,96.0,96.0,81.0,86.0,46
1588,mizoram,lawngtlai,2009.0,3,2,5,0,5,0,0,0,0,0,0,0,0,73620,38776,34844,34.78,73620,899.0,70234,64.74,70.9,57.81,34093,26188,7905,39527,1.Buddhists,38410,2.Christians,32877,3.Hindus,1910,139.0,139.0,27.0,134.0,24
1589,mizoram,lunglei,2009.0,1,0,12,0,12,1,0,1,0,8,1,0,0,137223,71402,65821,23.1,79267,922.0,130768,84.17,87.44,80.6,71792,60870,10922,65431,1.Christians,109204,2.Buddhists,22429,3.Hindus,4612,160.0,160.0,101.0,130.0,55
1590,nagaland,kohima,2009.0,8,3,6,0,6,12,4,8,0,0,0,0,0,310084,162251,147833,49.96,233054,911.0,280753,74.54,80.3,68.15,135023,114456,20567,175061,1.Christians,278844,2.Hindus,21950,3.Others,5457,180.0,179.0,148.0,164.0,82
1591,nagaland,mokokchung,2009.0,3,5,0,0,0,1,0,1,0,0,0,0,0,232085,120929,111156,43.48,200871,919.0,217653,83.92,86.03,81.61,109260,82160,27100,122825,1.Christians,219282,2.Hindus,10433,3.Muslims,2128,102.0,101.0,97.0,99.0,82
1592,nagaland,mon,2009.0,4,2,0,0,0,0,0,0,0,0,0,0,0,260652,138753,121899,73.42,244062,879.0,244821,41.83,46.56,36.35,130848,108206,22642,129804,1.Christians,248684,2.Hindus,9963,3.Muslims,1748,110.0,110.0,102.0,107.0,69
1593,nagaland,phek,2009.0,2,8,0,0,0,0,0,0,0,1,0,0,0,148195,77141,71054,45.12,135331,921.0,142977,70.65,78.37,62.26,71398,57454,13944,76797,1.Christians,143048,2.Hindus,4095,3.Muslims,517,104.0,104.0,102.0,102.0,54
1594,nagaland,tuensang,2009.0,0,1,1,0,1,1,0,1,0,1,0,0,0,414818,218678,196140,78.1,385046,897.0,398350,50.64,55.12,45.58,184924,156950,27974,229894,1.Christians,406287,2.Hindus,6856,3.Muslims,1329,251.0,251.0,238.0,230.0,123
1595,nagaland,wokha,2009.0,6,3,3,0,3,0,0,0,0,1,0,0,0,161223,83670,77553,95.01,123587,927.0,153983,80.55,85.35,75.32,56254,49679,6575,104969,1.Christians,155009,2.Hindus,4787,3.Muslims,1209,128.0,128.0,105.0,104.0,67
1596,nagaland,zunheboto,2009.0,1,1,3,0,3,2,2,0,0,0,0,0,0,153955,79056,74899,61.0,130874,947.0,147915,69.28,73.74,64.57,56783,47491,9292,97172,1.Christians,150097,2.Hindus,3193,3.Muslims,492,187.0,186.0,187.0,178.0,57
1597,punjab,amritsar,2009.0,54,64,15,0,15,46,37,9,7,15,6,85,0,3096077,1650589,1445488,22.72,1872802,876.0,-,67.27,72.61,61.26,1112200,938100,174100,1983877,1.Sikhs,2383575,2.Hindus,648284,3.Christians,51948,1185.0,1151.0,1185.0,1114.0,696
1598,punjab,faridkot,2009.0,24,25,17,0,17,7,6,1,3,9,0,21,0,550892,292596,258296,21.42,357321,883.0,-,61.95,68.15,55.03,209754,181873,27881,341138,1.Sikhs,427104,2.Hindus,119702,3.Muslims,1739,163.0,163.0,163.0,160.0,107
1599,punjab,gurdaspur,2009.0,31,32,14,0,14,32,26,6,2,12,0,40,0,2104011,1113077,990934,19.33,1568788,890.0,-,73.77,79.78,67.15,700557,568322,132235,1403454,1.Hindus,996246,2.Sikhs,934963,3.Christians,148981,1532.0,1531.0,1532.0,1375.0,517
1600,punjab,hoshiarpur,2009.0,39,59,37,0,37,31,24,7,9,12,1,57,0,1480736,765132,715604,13.81,1188662,935.0,-,81.02,86.45,75.32,513351,415123,98228,967385,1.Hindus,871923,2.Sikhs,574862,3.Muslims,15394,1386.0,1386.0,1386.0,1232.0,382
1601,punjab,jalandhar,2009.0,58,133,35,0,35,96,71,25,13,61,0,140,0,1962700,1040177,922523,18.4,1030717,887.0,-,78.04,82.49,73.08,676835,599324,77511,1285865,1.Hindus,1158868,2.Sikhs,740841,3.Christians,22106,934.0,934.0,934.0,832.0,598
1602,punjab,kapurthala,2009.0,25,47,21,0,21,20,14,6,3,5,0,23,0,754521,399623,354898,16.34,507994,888.0,-,73.93,79.02,68.29,262741,231222,31519,491780,1.Sikhs,448654,2.Hindus,286438,3.Buddhists,7740,618.0,618.0,618.0,478.0,359
1603,punjab,ludhiana,2009.0,68,101,39,0,39,95,70,25,10,31,9,92,0,3032831,1662716,1370115,24.79,1339178,824.0,-,76.5,80.25,71.95,1149638,1041517,108121,1883193,1.Sikhs,1744446,2.Hindus,1205128,3.Muslims,52220,897.0,897.0,897.0,842.0,550
1604,punjab,patiala,2009.0,45,61,28,0,28,56,46,10,12,20,0,152,0,1844934,987390,857544,20.31,1200224,868.0,-,69.78,75.88,62.86,681951,589015,92936,1162983,1.Sikhs,1024546,2.Hindus,778427,3.Muslims,34828,1054.0,1053.0,1054.0,986.0,172
1605,punjab,sangrur,2009.0,34,46,25,0,25,26,12,14,9,6,2,60,0,2000173,1069289,930884,18.57,1415354,871.0,-,59.98,65.81,53.38,814098,714076,100022,1186075,1.Sikhs,1400149,2.Hindus,434873,3.Muslims,157838,697.0,697.0,697.0,684.0,291
1606,rajasthan,ajmer,2009.0,42,44,47,0,47,93,69,24,17,64,1,546,0,2181670,1129920,1051750,26.1,1306994,931.0,52634,64.65,79.37,48.86,856809,690818,165991,1324861,1.Hindus,1869044,2.Muslims,244341,3.Jains,47812,1025.0,1025.0,966.0,970.0,352
1607,rajasthan,alwar,2009.0,103,77,101,0,101,184,128,56,35,139,0,516,0,2992592,1586752,1405840,30.23,2557653,886.0,239905,61.74,78.09,43.28,1458686,947587,511099,1533906,1.Hindus,2535155,2.Muslims,383204,3.Sikhs,55530,1954.0,1954.0,1843.0,1811.0,553
1608,rajasthan,banswara,2009.0,33,12,40,0,40,53,49,4,3,43,0,143,0,1501589,760686,740903,29.84,1394226,974.0,1085272,44.63,60.45,28.43,709412,529393,180019,792177,1.Hindus,1425287,2.Muslims,39079,3.Jains,18406,1476.0,1476.0,853.0,1348.0,450
1609,rajasthan,barmer,2009.0,21,29,31,0,31,29,29,0,14,96,0,150,0,1964835,1038247,926588,36.83,1819431,892.0,118688,58.99,72.76,43.45,919729,680208,239521,1045106,1.Hindus,1695047,2.Muslims,231918,3.Jains,35744,1933.0,1933.0,948.0,1777.0,433
1610,rajasthan,bharatpur,2009.0,71,78,82,0,82,188,131,57,35,39,0,437,0,2101142,1133425,967717,27.05,1692182,854.0,47077,63.57,80.54,43.56,852913,573547,279366,1248229,1.Hindus,1804599,2.Muslims,264709,3.Sikhs,23472,1366.0,1365.0,1238.0,1298.0,481
1611,rajasthan,bhilwara,2009.0,36,42,52,0,52,109,87,22,7,97,0,518,0,2013789,1026650,987139,26.14,1598938,962.0,180556,50.74,67.39,33.48,939848,764916,174932,1073941,1.Hindus,1859972,2.Muslims,112802,3.Jains,37659,1693.0,1693.0,1553.0,1516.0,473
1612,rajasthan,bikaner,2009.0,41,77,37,0,37,38,36,2,11,83,0,353,0,1674271,886075,788196,38.18,1079235,890.0,5945,56.91,70.05,42.03,661457,522482,138975,1012814,1.Hindus,1445088,2.Muslims,172372,3.Jains,31235,712.0,686.0,485.0,611.0,173
1613,rajasthan,bundi,2009.0,24,86,37,0,37,115,93,22,5,138,0,270,0,962620,504818,457802,24.8,783058,907.0,194851,55.57,71.68,37.79,456937,305977,150960,505683,1.Hindus,881956,2.Muslims,56220,3.Jains,13186,839.0,838.0,733.0,764.0,178
1614,rajasthan,churu,2009.0,32,26,33,0,33,45,22,23,11,19,0,296,0,1923878,987781,936097,24.6,1387682,948.0,10063,66.81,79.69,53.35,853899,587431,266468,1069979,1.Hindus,1698106,2.Muslims,210446,3.Jains,13882,946.0,925.0,877.0,909.0,423
1615,rajasthan,dungarpur,2009.0,29,15,29,0,29,43,36,7,11,47,0,97,0,1107643,547791,559852,26.58,1026787,1022.0,721487,48.57,66.04,31.77,531376,272283,259093,576267,1.Hindus,1068319,2.Muslims,23549,3.Jains,12542,854.0,853.0,723.0,819.0,368
1616,rajasthan,ganganagar,2009.0,67,66,89,0,89,63,56,7,13,61,1,646,0,1789423,955378,834045,27.53,1336066,873.0,14744,64.74,75.53,52.44,719792,552559,167233,1069631,1.Hindus,1299812,2.Sikhs,441409,3.Muslims,42442,2830.0,2820.0,1817.0,1653.0,654
1617,rajasthan,jaisalmer,2009.0,8,3,5,0,5,13,9,4,5,18,0,23,0,508247,279101,229146,47.45,431853,821.0,27834,50.97,66.26,32.05,211687,153139,58548,296560,1.Hindus,383638,2.Muslims,120174,3.Sikhs,2086,600.0,576.0,183.0,473.0,144
1618,rajasthan,jhalawar,2009.0,47,50,55,0,55,58,45,13,7,215,3,379,0,1180323,612804,567519,23.34,1012081,926.0,141861,57.32,73.31,40.02,554781,399386,155395,625542,1.Hindus,1087934,2.Muslims,78962,3.Jains,11759,1477.0,1476.0,1185.0,1173.0,214
1619,rajasthan,nagaur,2009.0,42,44,53,0,53,89,76,13,6,117,0,302,0,2775058,1424967,1350091,29.33,2297721,947.0,6497,57.28,74.1,39.67,1129514,844039,285475,1645544,1.Hindus,2399173,2.Muslims,356405,3.Jains,17478,1480.0,1466.0,1417.0,1417.0,580
1620,rajasthan,pali,2009.0,48,37,48,0,48,101,92,9,8,77,4,403,0,1820251,918856,901395,22.39,1429364,981.0,105814,54.39,72.2,36.48,724883,518158,206725,1095368,1.Hindus,1677038,2.Muslims,114088,3.Jains,25599,936.0,936.0,883.0,906.0,451
1621,rajasthan,sikar,2009.0,55,28,36,0,36,84,59,25,21,18,0,323,0,2287788,1172753,1115035,24.11,1815250,951.0,62512,70.47,84.34,56.11,887915,633421,254494,1399873,1.Hindus,2019396,2.Muslims,261714,3.Jains,4957,986.0,985.0,965.0,945.0,470
1622,rajasthan,sirohi,2009.0,27,29,18,0,18,28,25,3,4,64,1,132,0,851107,437949,413158,30.08,700217,943.0,210763,53.94,69.89,37.15,343905,245762,98143,507202,1.Hindus,810765,2.Muslims,25439,3.Jains,12427,455.0,454.0,399.0,423.0,201
1623,rajasthan,tonk,2009.0,16,29,20,0,20,47,42,5,4,26,0,252,0,1211671,626436,585235,24.24,958503,934.0,145891,51.97,70.52,32.15,532682,425230,107452,678989,1.Hindus,1062365,2.Muslims,124440,3.Jains,23644,1032.0,1031.0,818.0,887.0,246
1624,rajasthan,udaipur,2009.0,72,71,109,0,109,180,156,24,15,159,4,353,0,2633312,1336004,1297308,27.37,2142995,971.0,1260432,58.62,73.62,43.26,1100880,724120,376760,1532432,1.Hindus,2449773,2.Muslims,88262,3.Jains,83699,2339.0,2337.0,1647.0,2030.0,619
1625,sikkim,east,2009.0,7,4,5,0,5,2,2,0,0,4,0,4,0,245040,132917,112123,37.17,192188,844.0,45321,74.67,81.2,66.8,116529,92577,23952,128511,1.Hindus,157321,2.Buddhists,64729,3.Christians,14502,131.0,131.0,125.0,112.0,100
1626,sikkim,north,2009.0,2,0,0,0,0,0,0,0,0,0,0,0,0,41030,23414,17616,31.32,39782,752.0,21772,67.21,75.69,55.39,23542,17553,5989,17488,1.Buddhists,22603,2.Hindus,16128,3.Christians,1623,53.0,53.0,46.0,42.0,44
1627,sikkim,south,2009.0,5,3,8,0,8,2,2,0,0,5,0,1,0,131525,68241,63284,33.37,127579,927.0,20483,67.31,74.29,59.72,69693,57367,12326,61832,1.Hindus,84213,2.Buddhists,31109,3.Christians,12757,145.0,145.0,142.0,131.0,99
1628,sikkim,west,2009.0,5,0,5,0,5,2,2,0,0,1,0,1,0,123256,63912,59344,25.48,121432,929.0,23829,58.8,66.82,50.11,53279,45407,7872,69977,1.Hindus,71886,2.Buddhists,33601,3.Others,9567,121.0,121.0,115.0,107.0,86
1629,tripura,dhalai,2009.0,20,4,18,0,18,9,4,5,1,16,0,47,0,307868,159095,148773,10.79,289001,935.0,166326,60.93,70.17,50.99,126761,92570,34191,181107,1.Hindus,257834,2.Buddhists,28180,3.Christians,14848,148.0,148.0,108.0,138.0,58
1630,chandigarh,chandigarh,2009.0,22,18,29,0,29,40,36,4,2,26,2,51,0,900635,506938,393697,40.33,92120,777.0,-,81.94,86.14,76.47,340422,328989,11433,560213,1.Hindus,707978,2.Sikhs,145175,3.Muslims,35548,23.0,23.0,23.0,18.0,18
1631,assam,barpeta,2010.0,52,15,109,0,109,177,155,22,12,65,0,197,0,1647201,848578,798623,18.53,1520333,941.0,123266,56.24,64.83,47.07,517088,408537,108551,1130113,1.Hindus,977943,2.Muslims,662066,3.Christians,5267,1050.0,1050.0,775.0,967.0,430
1632,assam,bongaigaon,2010.0,27,15,51,0,51,74,65,9,14,46,0,222,0,904835,465240,439595,12.23,795053,945.0,110696,59.33,67.67,50.44,293243,233087,60156,611592,1.Hindus,535464,2.Muslims,348573,3.Christians,18728,881.0,881.0,607.0,805.0,112
1633,assam,cachar,2010.0,54,6,73,0,73,173,153,20,15,10,0,504,0,1444921,743042,701879,18.66,1243534,945.0,18631,67.82,75.73,59.41,465734,364814,100920,979187,1.Hindus,886761,2.Muslims,522051,3.Christians,31306,1020.0,1020.0,741.0,902.0,134
1634,assam,darrang,2010.0,27,7,97,0,97,139,123,16,4,225,0,378,0,1504320,773861,730459,15.79,1429492,944.0,249861,55.44,63.91,46.4,527993,404428,123565,976327,1.Hindus,868532,2.Muslims,534658,3.Christians,97306,1319.0,1319.0,1032.0,1246.0,356
1635,assam,dhemaji,2010.0,20,14,75,0,75,78,76,2,5,40,0,122,0,571944,294643,277301,18.93,533112,941.0,270496,64.48,74.41,53.86,250146,155431,94715,321798,1.Hindus,548780,2.Muslims,10533,3.Christians,6390,1236.0,1236.0,253.0,1068.0,83
1636,assam,dhubri,2010.0,45,18,181,2,179,241,224,17,16,250,7,719,0,1637344,841044,796300,23.42,1444901,947.0,32523,48.21,55.91,40.04,470360,399201,71159,1166984,1.Hindus,1216455,2.Muslims,405065,3.Christians,12477,1261.0,1261.0,904.0,1138.0,374
1637,assam,dibrugarh,2010.0,85,0,54,0,54,136,31,105,6,51,0,152,0,1185072,613555,571517,12.43,956634,931.0,88337,68.96,77.3,59.95,472419,342708,129711,712653,1.Hindus,1075878,2.Muslims,53306,3.Christians,45040,1309.0,1309.0,1195.0,1169.0,263
1638,assam,goalpara,2010.0,31,0,119,0,119,121,117,4,4,10,0,263,0,822035,420251,401784,23.07,755133,956.0,131800,58.03,64.86,50.85,273925,209928,63997,548110,1.Hindus,441516,2.Muslims,314157,3.Christians,64662,761.0,761.0,689.0,723.0,243
1639,assam,golaghat,2010.0,52,21,40,0,40,86,84,2,9,33,0,148,0,946279,490286,455993,14.21,865141,930.0,93920,69.38,77.14,60.99,388640,269896,118744,557639,1.Hindus,813263,2.Muslims,74808,3.Christians,52277,1066.0,1066.0,595.0,769.0,87
1640,assam,hailakandi,2010.0,22,3,72,0,72,74,54,20,3,16,0,129,0,542872,280513,262359,20.92,498787,935.0,821,59.64,68.24,50.46,179881,138216,41665,362991,1.Hindus,312849,2.Muslims,223191,3.Christians,5424,327.0,327.0,268.0,308.0,110
1641,assam,jorhat,2010.0,50,6,51,0,51,68,51,17,0,60,0,163,0,999221,517015,482206,15.84,827901,933.0,123134,76.34,83.62,68.49,414348,285092,129256,584873,1.Hindus,927858,2.Muslims,47658,3.Christians,18610,787.0,787.0,650.0,717.0,215
1642,assam,kamrup,2010.0,38,21,51,0,51,120,111,9,5,69,0,159,0,2522324,1326981,1195343,25.75,1614107,901.0,250393,74.16,81.16,66.31,842253,697810,144443,1680071,1.Hindus,1836153,2.Muslims,625002,3.Christians,44257,1342.0,1342.0,1042.0,1190.0,468
1643,assam,karimganj,2010.0,38,6,36,0,36,54,47,7,10,7,0,141,0,1007976,517680,490296,21.35,934126,947.0,2901,66.24,74.69,57.28,303294,235016,68278,704682,1.Hindus,527214,2.Muslims,470708,3.Christians,8746,915.0,915.0,639.0,865.0,224
1644,assam,kokrajhar,2010.0,43,28,30,0,30,78,58,20,1,3,0,86,0,905764,466191,439573,15.05,841823,943.0,304985,51.63,60.32,42.4,334849,234771,100078,570915,1.Hindus,594168,2.Muslims,184441,3.Christians,124270,951.0,951.0,704.0,906.0,211
1645,assam,lakhimpur,2010.0,45,17,39,0,39,128,109,19,0,60,0,229,0,889010,455691,433319,18.34,823857,951.0,208864,68.56,77.06,59.59,497745,288052,209693,391265,1.Hindus,702881,2.Muslims,143505,3.Christians,36667,1139.0,1139.0,680.0,1046.0,211
1646,assam,nagaon,2010.0,83,67,148,3,145,302,293,9,15,18,9,769,0,2314629,1190950,1123679,22.3,2036342,944.0,89394,61.73,68.27,54.74,727641,566195,161446,1586988,1.Hindus,1180267,2.Muslims,1106354,3.Christians,21473,1375.0,1374.0,1190.0,1257.0,480
1647,assam,nalbari,2010.0,24,17,24,0,24,56,51,5,0,75,0,51,0,1148824,592375,556449,11.98,1121338,939.0,202577,67.23,76.56,57.26,383932,291665,92267,764892,1.Hindus,873749,2.Muslims,253842,3.Christians,18495,798.0,798.0,733.0,769.0,179
1648,assam,sibsagar,2010.0,60,24,75,0,75,142,127,15,2,85,0,101,0,1051736,545476,506260,15.95,954557,928.0,41533,74.47,81.53,66.81,430523,287319,143204,621213,1.Hindus,927706,2.Muslims,85761,3.Christians,28488,866.0,866.0,772.0,825.0,317
1649,assam,sonitpur,2010.0,81,10,80,0,80,191,169,22,13,30,0,294,0,1681513,871568,809945,17.8,1505719,929.0,195083,59.0,67.54,49.73,634723,465283,169440,1046790,1.Hindus,1287646,2.Muslims,268078,3.Christians,115623,1784.0,1784.0,1331.0,1372.0,235
1650,assam,tinsukia,2010.0,96,17,55,0,55,112,107,5,16,25,0,100,0,1150062,601099,548963,19.52,926105,913.0,67234,60.95,70.15,50.78,466351,349847,116504,683711,1.Hindus,1029142,2.Muslims,62403,3.Christians,40000,1107.0,1107.0,871.0,936.0,198
1651,bihar,araria,2010.0,53,42,42,0,42,84,63,21,26,2,0,26,0,2158608,1128105,1030503,31.84,2026257,913.0,29423,35.01,46.38,22.37,853445,657446,195999,1305163,1.Hindus,1263766,2.Muslims,887972,3.Jains,2504,713.0,713.0,129.0,552.0,60
1652,bihar,aurangabad,2010.0,97,10,12,0,12,58,55,3,24,3,0,97,0,2013055,1040945,972110,30.19,1842998,934.0,1640,57.03,71.13,41.9,671011,476390,194621,1342044,1.Hindus,1814612,2.Muslims,196030,3.Religion not stated,1161,1739.0,1739.0,527.0,1148.0,270
1653,bihar,begusarai,2010.0,126,156,20,0,20,92,45,47,42,10,0,41,0,2349366,1228874,1120492,29.11,2241743,912.0,1505,47.98,59.13,35.64,746075,571564,174511,1603291,1.Hindus,2033039,2.Muslims,313713,3.Religion not stated,1224,729.0,729.0,457.0,503.0,167
1654,bihar,bhagalpur,2010.0,73,135,22,0,22,86,80,6,20,12,0,42,0,2423172,1291658,1131514,27.24,1970745,876.0,55545,49.5,59.22,38.13,855345,580731,274614,1567827,1.Hindus,1990976,2.Muslims,423246,3.Christians,1853,935.0,935.0,445.0,642.0,229
1655,bihar,bhojpur,2010.0,111,36,15,0,15,72,55,17,50,3,0,181,0,2243144,1179611,1063533,24.58,1930730,902.0,8337,58.96,74.29,41.8,653811,491916,161895,1589333,1.Hindus,2076589,2.Muslims,163193,3.Religion not stated,913,999.0,999.0,247.0,885.0,133
1656,bihar,darbhanga,2010.0,59,167,18,0,18,97,87,10,23,68,0,151,2,3295789,1722189,1573600,30.85,3028441,914.0,841,44.33,56.72,30.78,1028558,761464,267094,2267231,1.Hindus,2543284,2.Muslims,748971,3.Religion not stated,2245,1083.0,1083.0,490.0,850.0,271
1657,bihar,gaya,2010.0,139,35,22,0,22,109,82,27,42,3,0,97,0,3473428,1792163,1681265,30.19,2997479,938.0,2945,50.45,63.27,36.66,1277639,994459,283180,2195789,1.Hindus,3063841,2.Muslims,403439,3.Religion not stated,1622,2680.0,2680.0,539.0,1635.0,278
1658,bihar,gopalganj,2010.0,76,53,18,0,18,109,85,24,48,0,0,125,0,2152638,1075710,1076928,26.11,2022048,1001.0,6157,47.48,62.96,32.16,641672,466811,174861,1510966,1.Hindus,1784275,2.Muslims,367219,3.Religion not stated,850,1383.0,1383.0,439.0,866.0,261
1659,bihar,jehanabad,2010.0,43,13,8,0,8,42,11,31,33,10,0,30,0,1514315,784946,729369,28.64,1402703,929.0,1313,55.26,70.07,39.37,580905,422789,158116,933410,1.Hindus,1389053,2.Muslims,124149,3.Religion not stated,743,856.0,856.0,219.0,672.0,123
1660,bihar,katihar,2010.0,90,47,55,0,55,119,87,32,20,6,0,55,3,2392638,1246872,1145766,30.91,2174361,919.0,140418,35.09,45.31,23.8,898326,664259,234067,1494312,1.Hindus,1363523,2.Muslims,1017495,3.Christians,4994,1290.0,1290.0,277.0,785.0,248
1661,bihar,khagaria,2010.0,63,104,5,0,5,36,28,8,22,14,0,20,0,1280354,679267,601087,29.32,1204027,885.0,332,41.35,51.82,29.35,467240,333262,133978,813114,1.Hindus,1147346,2.Muslims,131441,3.Others,546,241.0,241.0,114.0,220.0,124
1662,bihar,kishanganj,2010.0,36,41,24,0,24,50,38,12,4,0,0,41,0,1296348,669552,626796,31.5,1167340,936.0,47116,31.09,42.71,18.63,417151,359819,57332,879197,1.Muslims,876105,2.Hindus,412995,3.Christians,2856,730.0,730.0,116.0,442.0,120
1663,bihar,madhepura,2010.0,54,81,11,0,11,61,52,9,13,9,0,25,0,1526646,797180,729466,29.45,1458679,915.0,9295,36.07,48.8,22.11,683976,498367,185609,842670,1.Hindus,1351978,2.Muslims,173605,3.Religion not stated,494,384.0,384.0,168.0,311.0,141
1664,bihar,madhubani,2010.0,73,10,30,0,30,141,131,10,31,6,0,90,1,3575281,1840997,1734284,26.08,3450736,942.0,1260,41.97,56.79,26.25,1227723,877412,350311,2347558,1.Hindus,2930501,2.Muslims,641579,3.Religion not stated,1477,1034.0,1034.0,437.0,901.0,232
1665,bihar,munger,2010.0,82,98,11,0,11,80,68,12,14,3,0,43,0,1137797,607730,530067,20.34,819950,872.0,18060,59.47,69.89,47.4,331451,233688,97763,806346,1.Hindus,1045233,2.Muslims,89791,3.Christians,1135,525.0,525.0,321.0,382.0,149
1666,bihar,muzaffarpur,2010.0,148,11,52,0,52,229,187,42,64,7,0,56,0,3746714,1951466,1795248,26.74,3398361,920.0,3472,47.95,59.1,35.81,1139830,895830,244000,2606884,1.Hindus,3168225,2.Muslims,573951,3.Religion not stated,2104,1725.0,1725.0,1021.0,1423.0,526
1667,bihar,nalanda,2010.0,117,75,26,0,26,93,74,19,62,30,0,60,0,2370528,1238599,1131929,18.64,2016899,914.0,970,53.19,66.44,38.58,903144,700007,203137,1467384,1.Hindus,2191552,2.Muslims,176871,3.Religion not stated,888,1000.0,1000.0,366.0,879.0,198
1668,bihar,patna,2010.0,304,20,50,0,50,283,148,135,95,12,3,316,0,4718592,2519942,2198650,30.17,2757060,873.0,9236,62.92,73.34,50.83,1425647,1161984,263663,3292945,1.Hindus,4333556,2.Muslims,366164,3.Christians,8951,1288.0,1288.0,615.0,1199.0,390
1669,bihar,rohtas,2010.0,132,82,27,0,27,115,95,20,45,49,11,31,0,2450748,1283485,1167263,27.71,2123942,909.0,25663,61.29,75.31,45.71,744183,544731,199452,1706565,1.Hindus,2199049,2.Muslims,246760,3.Sikhs,2549,1710.0,1710.0,493.0,1185.0,153
1670,bihar,saharsa,2010.0,39,102,7,0,7,51,17,34,9,39,0,22,0,1508182,789432,718750,33.03,1383015,910.0,4642,39.08,51.66,25.27,589467,411566,177901,918715,1.Hindus,1289364,2.Muslims,217922,3.Christians,437,441.0,441.0,127.0,374.0,63
1671,bihar,samastipur,2010.0,119,215,36,0,36,189,9,180,62,7,0,42,0,3394793,1760692,1634101,25.63,3271338,928.0,3362,45.13,57.59,31.67,1071974,843356,228618,2322819,1.Hindus,3035755,2.Muslims,355897,3.Religion not stated,1432,1122.0,1122.0,674.0,878.0,195
1672,bihar,saran,2010.0,112,90,23,0,23,136,107,29,78,24,0,103,0,3248701,1652661,1596040,26.37,2950064,966.0,6667,51.8,67.3,35.82,860940,644618,216322,2387761,1.Hindus,2909213,2.Muslims,337767,3.Religion not stated,758,1566.0,1566.0,544.0,1213.0,342
1673,bihar,sitamarhi,2010.0,68,30,9,0,9,60,40,20,28,18,0,25,0,2682720,1417611,1265109,32.58,2529407,892.0,1786,38.46,49.36,26.13,855156,714136,141020,1827564,1.Hindus,2111476,2.Muslims,568992,3.Religion not stated,1237,802.0,802.0,302.0,709.0,216
1674,bihar,siwan,2010.0,78,69,19,0,19,133,105,28,63,10,0,41,0,2714349,1336283,1378066,24.78,2564860,1031.0,13822,51.65,67.26,36.88,730437,511578,218859,1983912,1.Hindus,2218632,2.Muslims,494176,3.Religion not stated,899,1438.0,1438.0,441.0,1119.0,254
1675,bihar,vaishali,2010.0,128,45,30,0,30,197,145,52,74,15,0,57,0,2718421,1415603,1302818,26.39,2531766,920.0,3068,50.49,63.23,36.58,782717,624452,158265,1935704,1.Hindus,2457636,2.Muslims,259158,3.Religion not stated,922,1414.0,1414.0,970.0,929.0,154
1676,chhattisgarh,bilaspur,2010.0,106,49,69,0,69,38,26,12,20,167,18,130,0,1998355,1013875,984480,17.59,1511661,971.0,397104,63.51,78.43,48.17,857577,630504,227073,1140778,1.Hindus,1904580,2.Muslims,45342,3.Others,19325,1579.0,1545.0,1494.0,1426.0,452
1677,chhattisgarh,durg,2010.0,85,58,106,0,106,39,35,4,14,269,36,118,0,2810436,1417893,1392543,16.88,1738127,982.0,348801,75.62,86.43,64.64,1162833,965624,197209,1647603,1.Hindus,2654202,2.Muslims,70398,3.Sikhs,23399,1776.0,1762.0,1737.0,1698.0,669
1678,chhattisgarh,raigarh,2010.0,67,37,52,0,52,19,19,0,10,89,7,45,0,1265529,634597,630932,18.68,1096073,994.0,447703,70.16,82.7,57.62,601564,430725,170839,663965,1.Hindus,1212180,2.Christians,36098,3.Muslims,12637,1433.0,1410.0,1385.0,1350.0,279
1679,chhattisgarh,raipur,2010.0,102,86,136,0,136,49,39,10,7,268,33,125,2,3016930,1523925,1493005,18.97,2099312,980.0,365273,68.51,81.97,54.81,1264663,961507,303156,1752267,1.Hindus,2881933,2.Muslims,77963,3.Christians,16857,2124.0,2101.0,1955.0,1987.0,696
1680,chhattisgarh,rajnandgaon,2010.0,47,39,43,0,43,18,15,3,9,72,5,41,0,1283224,634342,648882,17.7,1051577,1023.0,341688,77.21,87.17,67.55,649401,558996,90405,633823,1.Hindus,1215492,2.Buddhists,28020,3.Muslims,21035,1605.0,1595.0,1550.0,1484.0,343
1681,gujarat,amreli,2010.0,19,5,10,0,10,65,61,4,0,25,9,162,0,1393918,701593,692325,6.45,1080960,987.0,3256,66.09,76.44,55.78,600819,470043,130776,793099,1.Hindus,1307460,2.Muslims,83077,3.Jains,2309,615.0,614.0,615.0,614.0,383
1682,gujarat,anand,2010.0,24,8,15,0,15,45,39,6,0,27,3,190,0,1856872,972000,884872,13.03,1348901,910.0,22835,74.51,86.09,61.94,784711,617669,167042,1072161,1.Hindus,1616127,2.Muslims,199263,3.Christians,29461,350.0,350.0,350.0,350.0,301
1683,gujarat,bharuch,2010.0,37,15,9,0,9,27,23,4,0,18,4,2,0,1370656,713676,656980,19.32,1018096,921.0,444043,74.41,82.98,65.11,570693,469551,101142,799963,1.Hindus,1059796,2.Muslims,293459,3.Christians,8824,657.0,657.0,656.0,644.0,403
1684,gujarat,bhavnagar,2010.0,50,29,8,0,8,62,58,4,0,32,42,177,0,2469630,1274920,1194710,19.29,1534592,937.0,7298,66.2,78.02,53.73,944559,781166,163393,1525071,1.Hindus,2264062,2.Muslims,172740,3.Jains,28921,790.0,790.0,789.0,786.0,526
1685,gujarat,gandhinagar,2010.0,16,9,13,0,13,29,27,2,1,11,4,152,0,1334455,697999,636456,23.88,867195,912.0,17681,76.59,87.74,64.58,554336,467413,86923,780119,1.Hindus,1269766,2.Muslims,50559,3.Jains,7769,291.0,291.0,291.0,290.0,244
1686,gujarat,jamnagar,2010.0,44,26,14,0,14,32,25,7,0,27,2,232,0,1904278,981320,922958,22.39,1068022,941.0,10459,66.48,76.25,56.18,734382,624057,110325,1169896,1.Hindus,1605941,2.Muslims,270223,3.Jains,21907,698.0,695.0,666.0,666.0,286
1687,gujarat,junagadh,2010.0,48,19,19,0,19,68,63,5,0,37,8,443,0,2448173,1252350,1195823,17.08,1736645,955.0,18832,67.78,78.74,56.43,1000842,785530,215312,1447331,1.Hindus,2165734,2.Muslims,274481,3.Jains,4291,923.0,922.0,901.0,858.0,803
1688,gujarat,narmada,2010.0,17,2,7,0,7,4,4,0,0,8,0,5,0,514404,263986,250418,14.4,462298,949.0,401654,59.86,72.44,46.61,259116,176372,82744,255288,1.Hindus,482552,2.Muslims,20429,3.Christians,5122,552.0,552.0,530.0,515.0,324
1689,gujarat,navsari,2010.0,22,2,6,0,6,19,15,4,0,5,1,34,0,1229463,628988,600475,13.22,893110,955.0,591164,75.83,82.77,68.61,545215,457002,88213,684248,1.Hindus,1135525,2.Muslims,69972,3.Jains,13575,374.0,374.0,374.0,368.0,268
1690,gujarat,patan,2010.0,11,9,11,0,11,38,37,1,0,32,1,101,0,1182709,612100,570609,14.08,944281,932.0,12637,60.36,73.63,46.33,533078,395470,137608,649631,1.Hindus,1057013,2.Muslims,119748,3.Jains,5136,517.0,516.0,517.0,514.0,265
1691,gujarat,porbandar,2010.0,9,7,2,0,2,12,9,3,1,4,3,69,0,536835,275821,261014,14.35,275460,946.0,6456,68.62,78.36,58.42,215134,173594,41540,321701,1.Hindus,507176,2.Muslims,28404,3.Jains,589,182.0,182.0,155.0,156.0,130
1692,gujarat,surendranagar,2010.0,24,12,29,0,29,29,27,2,0,36,2,113,0,1515148,787650,727498,25.34,1112700,924.0,14338,61.61,74.19,48.1,647609,512038,135571,867539,1.Hindus,1392451,2.Muslims,97846,3.Jains,22721,650.0,649.0,650.0,648.0,170
1693,gujarat,valsad,2010.0,29,10,11,0,11,14,8,6,0,4,0,15,0,1410553,734799,675754,29.66,1029392,920.0,772405,69.15,77.9,59.62,650257,503333,146924,760296,1.Hindus,1300005,2.Muslims,66440,3.Christians,15399,450.0,450.0,425.0,449.0,303
1694,haryana,ambala,2010.0,35,30,30,0,30,33,23,10,9,20,14,220,0,1014411,542977,471434,25.69,657383,868.0,-,75.31,82.31,67.39,324521,275648,48873,689890,1.Hindus,856193,2.Sikhs,132463,3.Muslims,17263,482.0,482.0,479.0,432.0,204
1695,haryana,bhiwani,2010.0,61,38,30,0,30,52,36,16,22,45,15,64,0,1425022,758253,666769,22.45,1154629,879.0,-,67.45,80.26,53.0,609320,425210,184110,815702,1.Hindus,1407363,2.Muslims,12740,3.Sikhs,2542,437.0,437.0,437.0,429.0,252
1696,haryana,faridabad,2010.0,70,49,51,0,51,102,86,16,23,27,78,224,0,2194586,1193063,1001523,48.47,973242,839.0,-,70.03,81.52,56.31,785762,609663,176099,1408824,1.Hindus,1896698,2.Muslims,247293,3.Sikhs,36005,413.0,413.0,413.0,376.0,188
1697,haryana,gurgaon,2010.0,84,59,45,0,45,58,42,16,22,30,38,86,0,1660289,886451,773838,44.64,1291285,873.0,-,62.91,76.17,47.78,629658,464644,165014,1030631,1.Hindus,1026542,2.Muslims,617918,3.Sikhs,6672,694.0,694.0,693.0,642.0,203
1698,haryana,jind,2010.0,53,40,29,0,29,35,26,9,17,27,20,88,0,1189827,642282,547545,21.35,948250,852.0,-,62.12,73.82,48.51,521946,372049,149897,667881,1.Hindus,1134539,2.Sikhs,29159,3.Muslims,20618,306.0,306.0,306.0,300.0,247
1699,haryana,kaithal,2010.0,30,24,28,0,28,27,20,7,11,15,0,112,0,946131,510513,435618,20.95,762649,853.0,-,59.02,69.15,47.31,372011,268127,103884,574120,1.Hindus,848765,2.Sikhs,88700,3.Muslims,6777,270.0,270.0,270.0,261.0,160
1700,haryana,karnal,2010.0,49,50,52,0,52,33,20,13,21,29,22,231,0,1274183,683368,590815,23.13,936341,865.0,-,67.74,76.29,57.97,455455,355466,99989,818728,1.Hindus,1125279,2.Sikhs,123160,3.Muslims,22614,422.0,422.0,422.0,385.0,186
1701,haryana,kurukshetra,2010.0,34,21,36,0,36,34,26,8,13,9,24,79,0,825454,442328,383126,23.72,609943,866.0,-,69.88,78.06,60.61,308392,250596,57796,517062,1.Hindus,675381,2.Sikhs,135545,3.Muslims,12028,407.0,402.0,406.0,385.0,179
1702,haryana,mahendragarh,2010.0,31,19,28,0,28,40,36,4,7,25,0,86,0,812521,423578,388943,19.09,702885,918.0,-,69.89,84.72,54.08,351864,204704,147160,460657,1.Hindus,805991,2.Muslims,3434,3.Sikhs,2026,368.0,368.0,368.0,350.0,190
1703,haryana,panipat,2010.0,32,31,55,0,55,65,49,16,13,22,30,175,0,967449,528860,438589,38.57,575369,829.0,-,69.17,78.5,57.97,382801,289013,93788,584648,1.Hindus,873593,2.Muslims,59696,3.Sikhs,27437,179.0,179.0,179.0,168.0,116
1704,haryana,rewari,2010.0,29,29,25,0,25,33,24,9,14,16,27,71,0,765351,403034,362317,25.24,629177,899.0,-,75.25,88.45,60.83,333622,204855,128767,431729,1.Hindus,758328,2.Muslims,3194,3.Sikhs,1668,397.0,397.0,397.0,379.0,175
1705,haryana,rohtak,2010.0,72,53,51,0,51,32,19,13,17,26,57,87,0,940128,509038,431090,20.99,610524,847.0,-,73.72,83.23,62.59,371073,288225,82848,569055,1.Hindus,924541,2.Muslims,5665,3.Sikhs,5079,146.0,146.0,146.0,130.0,118
1706,haryana,sirsa,2010.0,45,33,39,0,39,47,30,17,8,9,0,125,0,1116649,593245,523404,22.96,823184,882.0,-,60.55,70.05,49.93,475571,363946,111625,641078,1.Hindus,801747,2.Sikhs,302942,3.Muslims,7056,321.0,321.0,318.0,312.0,197
1707,haryana,sonipat,2010.0,81,66,27,0,27,75,56,19,26,32,36,123,0,1279175,695723,583452,22.36,957800,839.0,-,72.79,83.06,60.68,523031,383449,139582,756144,1.Hindus,1234225,2.Muslims,31954,3.Jains,6729,323.0,323.0,323.0,316.0,248
1708,haryana,yamunanagar,2010.0,28,47,32,0,32,42,35,7,6,20,13,155,0,1041630,559444,482186,21.84,648608,862.0,-,71.63,78.82,63.39,336533,280728,55805,705097,1.Hindus,849255,2.Muslims,104073,3.Sikhs,83524,613.0,613.0,607.0,483.0,248
1709,jharkhand,deoghar,2010.0,58,17,33,0,33,28,17,11,19,7,2,21,0,1165390,608878,556512,24.46,1005539,914.0,142717,50.09,66.38,31.99,432714,283711,149003,732676,1.Hindus,910409,2.Muslims,221705,3.Others,27263,2356.0,2356.0,289.0,768.0,94
1710,jharkhand,dhanbad,2010.0,58,31,32,0,32,95,83,12,31,30,2,34,0,2397102,1278946,1118156,22.82,1141744,874.0,202729,67.0,79.54,52.43,664058,492501,171557,1733044,1.Hindus,1944757,2.Muslims,364807,3.Others,61505,1121.0,1121.0,503.0,708.0,154
1711,jharkhand,dumka,2010.0,57,16,52,0,52,38,27,11,6,8,0,46,0,1759602,897364,862238,17.31,1644690,961.0,701903,47.94,62.86,32.35,778378,470354,308024,981224,1.Hindus,1323468,2.Muslims,203741,3.Others,170201,3737.0,3737.0,213.0,1732.0,312
1712,jharkhand,giridih,2010.0,59,55,37,0,37,58,18,40,39,9,4,63,0,1904430,960679,943751,27.09,1782066,982.0,184469,44.5,62.09,26.62,644644,340925,303719,1259786,1.Hindus,1475201,2.Muslims,383253,3.Others,30778,2532.0,2532.0,481.0,1232.0,229
1713,jharkhand,godda,2010.0,57,104,26,0,26,42,25,17,7,25,0,11,0,1047939,544043,503896,21.61,1010931,926.0,247538,43.13,57.52,27.39,421941,238694,183247,625998,1.Hindus,745237,2.Muslims,210734,3.Others,68055,1633.0,1633.0,257.0,892.0,141
1714,jharkhand,gumla,2010.0,153,66,57,0,57,44,41,3,2,8,0,7,1,1346767,675769,670998,16.6,1273025,993.0,920597,51.74,63.5,39.95,658921,446953,211968,687846,1.Hindus,440373,2.Christians,425107,3.Others,419004,1393.0,1393.0,92.0,1015.0,365
1715,jharkhand,hazaribagh,2010.0,69,50,30,0,30,53,50,3,27,18,0,42,0,2277475,1167793,1109682,24.02,1748406,950.0,268333,57.74,71.81,42.87,790049,532895,257154,1487426,1.Hindus,1870586,2.Muslims,337117,3.Others,36789,1543.0,1543.0,413.0,962.0,147
1716,jharkhand,palamu,2010.0,89,151,27,0,27,63,15,48,23,21,0,22,0,2098359,1084417,1013942,26.8,1973266,935.0,392325,44.95,58.91,29.88,793658,444921,348737,1304701,1.Hindus,1740948,2.Muslims,242980,3.Others,63100,2465.0,2465.0,410.0,1474.0,349
1717,jharkhand,ranchi,2010.0,183,55,92,0,92,128,113,15,22,14,3,53,2,2785064,1436976,1348088,25.72,1807243,938.0,1164624,64.57,76.56,51.72,1076904,750962,325942,1708160,1.Hindus,1399301,2.Others,767672,3.Muslims,348774,2052.0,2052.0,331.0,1343.0,377
1718,karnataka,belgaum,2010.0,124,106,42,0,42,62,44,18,10,222,8,273,0,4214505,2150090,2064415,17.4,3201814,960.0,243451,64.21,75.7,52.32,1877774,1537645,340129,2336731,1.Hindus,3565153,2.Muslims,440836,3.Christians,169466,1255.0,1254.0,1247.0,1240.0,740
1719,karnataka,bellary,2010.0,58,40,12,0,12,20,15,5,13,80,0,99,0,2027140,1029714,997426,22.3,1320290,969.0,364638,57.4,69.2,45.28,920821,801369,119452,1106319,1.Hindus,1739522,2.Muslims,257806,3.Christians,13226,524.0,523.0,524.0,381.0,260
1720,karnataka,bidar,2010.0,41,39,8,0,8,26,19,7,6,26,1,88,0,1502373,771022,731351,19.56,1157498,949.0,182219,60.94,72.46,48.81,557603,424985,132618,944770,1.Hindus,1020174,2.Muslims,295762,3.Buddhists,122083,599.0,596.0,596.0,591.0,293
1721,karnataka,bijapur,2010.0,59,49,13,0,13,43,27,16,5,58,0,160,0,1806918,926424,880494,17.63,1410829,950.0,30051,57.01,69.94,43.47,718213,551972,166241,1088705,1.Hindus,1495080,2.Muslims,294491,3.Jains,8356,660.0,659.0,657.0,626.0,392
1722,karnataka,chitradurga,2010.0,40,34,26,0,26,39,38,1,7,158,0,99,0,1517896,776221,741675,15.05,1243658,955.0,266235,64.45,74.66,53.78,721835,576035,145800,796061,1.Hindus,1388506,2.Muslims,109412,3.Religion not stated,8411,946.0,916.0,946.0,879.0,197
1723,karnataka,davanagere,2010.0,29,25,16,0,16,20,20,0,9,91,1,120,0,1790952,917705,873247,14.78,1247954,952.0,209701,67.43,76.37,58.04,783781,631726,152055,1007171,1.Hindus,1532714,2.Muslims,226708,3.Religion not stated,10944,810.0,786.0,808.0,727.0,278
1724,karnataka,gulbarga,2010.0,89,103,34,0,34,75,56,19,6,56,0,152,0,3130922,1592789,1538133,21.02,2278301,966.0,154195,50.01,61.77,37.9,1350072,1010430,339642,1780850,1.Hindus,2381497,2.Muslims,551171,3.Buddhists,153619,1360.0,1327.0,1342.0,1337.0,708
1725,karnataka,hassan,2010.0,61,83,23,0,23,34,25,9,14,134,0,180,0,1721669,859086,862583,9.66,1416996,1004.0,26451,68.63,78.37,59.0,864711,702827,161884,856958,1.Hindus,1587287,2.Muslims,104730,3.Christians,15598,2394.0,2330.0,2341.0,1990.0,482
1726,karnataka,kodagu,2010.0,37,30,20,0,20,15,7,8,1,57,0,61,0,548561,274831,273730,11.64,473179,996.0,46115,77.99,83.7,72.26,266378,247574,18804,282183,1.Hindus,450694,2.Muslims,78466,3.Christians,17951,291.0,279.0,286.0,267.0,138
1727,karnataka,kolar,2010.0,40,54,12,0,12,18,5,13,4,29,0,12,0,2536069,1286193,1249876,13.83,1910546,972.0,205711,62.84,73.17,52.23,1235028,1014667,220361,1301041,1.Hindus,2196660,2.Muslims,298767,3.Christians,32547,2919.0,2797.0,2785.0,2342.0,490
1728,karnataka,koppal,2010.0,28,27,10,0,10,21,0,21,2,29,0,46,0,1196089,603312,592777,24.57,997797,983.0,138588,54.1,68.42,39.61,554506,422208,132298,641583,1.Hindus,1042294,2.Muslims,137174,3.Religion not stated,5395,594.0,590.0,594.0,560.0,281
1729,karnataka,mandya,2010.0,83,62,30,0,30,47,35,12,10,117,0,185,0,1763705,888034,875671,7.14,1480990,986.0,17193,61.05,70.5,51.53,840419,682440,157979,923286,1.Hindus,1667640,2.Muslims,69890,3.Buddhists,11093,1369.0,1330.0,1323.0,1185.0,458
1730,karnataka,raichur,2010.0,49,47,31,0,31,38,32,6,3,105,0,195,0,1669762,841840,827922,21.93,1248925,983.0,303042,48.81,61.52,35.93,732762,544347,188415,937000,1.Hindus,1417051,2.Muslims,228652,3.Christians,12390,830.0,806.0,796.0,306.0,338
1731,karnataka,shimoga,2010.0,34,58,17,0,17,31,24,7,4,113,8,277,0,1642545,830559,811986,12.9,1071535,978.0,55997,74.52,82.01,66.88,714671,586832,127839,927874,1.Hindus,1401087,2.Muslims,200979,3.Christians,26474,1443.0,1415.0,1399.0,989.0,311
1732,karnataka,tumkur,2010.0,88,57,25,0,25,29,14,15,14,107,0,78,0,2584711,1313801,1270910,11.87,2077509,967.0,193819,67.01,76.78,56.94,1316939,1050291,266648,1267772,1.Hindus,2349801,2.Muslims,211732,3.Christians,7736,2574.0,2477.0,2573.0,2123.0,382
1733,kerala,idukki,2010.0,15,37,33,0,33,7,4,3,0,177,13,208,0,1129221,566682,562539,6.96,1071628,993.0,50973,88.69,92.33,85.02,487352,400699,86653,641869,1.Hindus,566744,2.Muslims,480108,3.Christians,81222,64.0,64.0,64.0,60.0,62
1734,kerala,kannur,2010.0,26,19,23,0,23,11,6,5,0,131,9,300,0,2408956,1152817,1256139,7.13,1196058,1090.0,19969,92.59,96.13,89.4,767197,626876,140321,1641759,1.Hindus,1480748,2.Muslims,665648,3.Christians,261019,78.0,78.0,78.0,78.0,78
1735,kerala,kollam,2010.0,40,30,55,0,55,36,32,4,4,364,10,581,0,2585208,1249621,1335587,7.33,2119230,1069.0,5190,91.18,94.43,88.18,828566,654823,173743,1756642,1.Hindus,1685044,2.Muslims,474071,3.Christians,423745,93.0,93.0,93.0,93.0,92
1736,kerala,kottayam,2010.0,17,23,46,0,46,11,7,4,0,236,66,257,0,1953646,964926,988720,6.76,1653838,1025.0,18340,95.82,97.34,94.35,642157,539609,102548,1311489,1.Hindus,963497,2.Muslims,871371,3.Christians,116686,89.0,89.0,89.0,89.0,88
1737,kerala,malappuram,2010.0,14,34,49,0,49,21,13,8,0,156,29,658,0,3625471,1754576,1870895,17.22,3269301,1066.0,12267,89.61,93.25,86.26,874476,691848,182628,2750995,1.Hindus,2484576,2.Muslims,1057418,3.Christians,80650,122.0,122.0,122.0,122.0,121
1738,kerala,palakkad,2010.0,42,24,49,0,49,11,9,2,4,96,11,352,0,2617482,1266985,1350497,9.86,2260907,1066.0,39665,84.35,89.52,79.56,945052,768620,176432,1672430,1.Hindus,1802766,2.Muslims,703596,3.Christians,109249,144.0,144.0,144.0,141.0,139
1739,kerala,pathanamthitta,2010.0,19,13,29,0,29,11,10,1,2,132,51,124,0,1234016,589398,644618,3.72,1110218,1094.0,6549,94.84,96.41,93.43,366049,285844,80205,867967,1.Hindus,694560,2.Muslims,481602,3.Christians,56457,65.0,65.0,65.0,64.0,63
1740,kerala,thrissur,2010.0,30,37,49,0,49,16,9,7,1,205,39,400,0,2974232,1422052,1552180,8.7,2134799,1092.0,4826,92.27,95.11,89.71,955300,808965,146335,2018932,1.Hindus,1761842,2.Muslims,720152,3.Christians,488697,204.0,204.0,204.0,196.0,194
1741,maharashtra,akola,2010.0,46,66,25,0,25,25,23,2,12,100,55,149,0,1630239,841253,788986,20.51,1002742,938.0,100088,81.41,88.91,73.43,648243,582264,65979,981996,1.Hindus,1024080,2.Muslims,296272,3.Buddhists,293184,862.0,851.0,840.0,786.0,212
1742,maharashtra,bhandara,2010.0,24,7,24,0,24,15,13,2,3,42,12,61,0,1136146,573445,562701,11.2,960418,981.0,97718,78.47,88.97,67.82,536885,365464,171421,599261,1.Hindus,953507,2.Buddhists,144541,3.Muslims,23324,778.0,772.0,774.0,716.0,442
1743,maharashtra,chandrapur,2010.0,56,29,43,0,43,21,16,5,7,117,116,147,0,2071101,1062993,1008108,17.26,1406034,948.0,375256,73.17,82.94,62.89,930791,683029,247762,1140310,1.Hindus,1680113,2.Buddhists,274067,3.Muslims,76050,1472.0,1462.0,1444.0,1359.0,318
1744,maharashtra,dhule,2010.0,48,54,18,0,18,12,12,0,6,28,9,234,0,1707947,878372,829575,16.01,1262062,944.0,443564,71.65,81.4,61.39,737941,573496,164445,970006,1.Hindus,1522895,2.Muslims,149466,3.Buddhists,14613,678.0,675.0,673.0,669.0,276
1745,maharashtra,gadchiroli,2010.0,58,30,16,0,16,11,9,2,0,28,0,20,0,970294,491101,479193,23.25,903033,976.0,371696,60.1,71.86,48.07,497104,336959,160145,473190,1.Hindus,818640,2.Buddhists,78058,3.Others,44825,1521.0,1509.0,1320.0,1279.0,369
1746,maharashtra,jalgaon,2010.0,94,71,49,0,49,41,32,9,11,143,41,425,0,3682690,1905493,1777197,15.44,2629896,933.0,435951,75.43,85.91,64.3,1563983,1300086,263897,2118707,1.Hindus,3049368,2.Muslims,455288,3.Buddhists,126136,1491.0,1491.0,1486.0,1470.0,934
1747,maharashtra,jalna,2010.0,51,43,11,0,11,13,11,2,40,81,10,315,0,1612980,826903,786077,18.17,1305115,951.0,32103,64.4,79.14,49.04,716900,611998,104902,896080,1.Hindus,1255041,2.Muslims,211531,3.Buddhists,121033,963.0,963.0,959.0,952.0,380
1748,maharashtra,kolhapur,2010.0,52,30,27,0,27,22,13,9,18,71,12,96,0,3523162,1807470,1715692,17.59,2472809,949.0,21387,76.93,87.47,66.02,1652970,1394882,258088,1870192,1.Hindus,3077263,2.Muslims,236875,3.Jains,147285,1196.0,1194.0,1190.0,1185.0,638
1749,maharashtra,latur,2010.0,65,41,28,0,28,31,31,0,3,85,3,229,0,2080285,1075257,1005028,23.95,1590024,935.0,47836,71.54,82.94,59.4,840518,712849,127669,1239767,1.Hindus,1700679,2.Muslims,292996,3.Buddhists,74351,921.0,921.0,919.0,917.0,409
1750,maharashtra,nanded,2010.0,82,67,36,0,36,52,43,9,68,85,5,315,0,2876259,1481358,1394901,23.08,2187195,942.0,253596,67.77,80.44,54.35,1202037,965087,236950,1674222,1.Hindus,2162185,2.Muslims,385081,3.Buddhists,302161,1546.0,1538.0,1531.0,1536.0,209
1751,maharashtra,osmanabad,2010.0,44,31,28,0,28,29,23,6,2,74,11,161,0,1486586,769368,717218,15.35,1253330,932.0,27857,69.02,80.42,56.89,653522,555202,98320,833064,1.Hindus,1297858,2.Muslims,151181,3.Buddhists,28356,729.0,729.0,727.0,726.0,400
1752,maharashtra,parbhani,2010.0,41,49,20,0,20,36,21,15,5,54,6,209,0,1527715,780191,747524,15.31,1042529,958.0,35210,66.07,79.63,52.02,644752,559917,84835,882963,1.Hindus,1121246,2.Muslims,243935,3.Buddhists,153231,830.0,830.0,824.0,821.0,386
1753,maharashtra,ratnagiri,2010.0,23,10,28,0,28,9,7,2,0,37,12,33,0,1696777,794498,902279,9.87,1504568,1136.0,20102,75.05,85.89,65.77,763387,557613,205774,933390,1.Hindus,1391137,2.Muslims,175672,3.Buddhists,120855,1539.0,1538.0,1539.0,1484.0,810
1754,maharashtra,sangli,2010.0,61,33,49,0,49,26,10,16,18,67,10,84,0,2583524,1320088,1263436,17.59,1950306,957.0,17855,76.62,86.26,66.73,1218655,952241,266414,1364869,1.Hindus,2243478,2.Muslims,203524,3.Jains,85160,721.0,721.0,721.0,719.0,567
1755,maharashtra,satara,2010.0,43,59,27,0,27,42,29,13,0,82,19,170,0,2808994,1408326,1400668,14.1,2410873,995.0,21896,78.22,88.2,68.38,1303658,1044989,258669,1505336,1.Hindus,2533359,2.Buddhists,128570,3.Muslims,125661,1716.0,1716.0,1701.0,1680.0,646
1756,maharashtra,sindhudurg,2010.0,14,7,9,0,9,5,4,1,0,10,12,11,0,868825,417890,450935,3.55,786506,1079.0,4952,80.3,90.26,71.23,404985,233827,171158,463840,1.Hindus,802498,2.Buddhists,24320,3.Muslims,23668,743.0,743.0,735.0,722.0,593
1757,maharashtra,wardha,2010.0,41,29,44,0,44,26,22,4,2,119,57,93,0,1236736,638990,597746,15.3,911695,935.0,154415,80.06,87.18,72.45,550351,431330,119021,686385,1.Hindus,1006235,2.Buddhists,169579,3.Muslims,47605,1004.0,998.0,998.0,842.0,392
1758,maharashtra,yavatmal,2010.0,68,43,33,0,33,52,49,3,7,121,38,165,0,2458271,1265681,1192590,18.46,2001060,942.0,473370,73.62,84.09,62.52,1118937,949453,169484,1339334,1.Hindus,1999368,2.Buddhists,221793,3.Muslims,196909,1856.0,1820.0,1795.0,1729.0,723
1759,manipur,bishnupur,2010.0,14,28,6,0,6,20,12,8,0,7,0,4,0,208368,104550,103818,13.9,133627,993.0,6143,67.63,79.61,55.66,89703,55557,34146,118665,1.Hindus,148903,2.Others,38763,3.Muslims,14194,48.0,48.0,46.0,47.0,28
1760,manipur,chandel,2010.0,3,5,0,0,0,1,0,1,0,0,0,0,0,118327,59741,58586,72.8,103365,981.0,108779,56.23,64.34,47.98,54545,39935,14610,63782,1.Christians,109128,2.Hindus,5701,3.Muslims,2318,350.0,323.0,190.0,214.0,25
1761,manipur,churachandpur,2010.0,12,3,1,0,1,4,0,4,0,0,0,0,0,227905,117232,110673,29.81,227905,944.0,212482,70.59,77.67,63.06,99363,71933,27430,128542,1.Christians,213186,2.Hindus,10538,3.Muslims,2573,540.0,539.0,306.0,395.0,66
1762,manipur,tamenglong,2010.0,0,1,0,0,0,1,0,1,0,0,0,0,0,111499,58014,53485,29.23,111499,922.0,106349,59.25,68.72,48.95,50863,43353,7510,60636,1.Christians,105791,2.Hindus,3187,3.Muslims,1431,171.0,171.0,75.0,157.0,42
1763,manipur,thoubal,2010.0,18,43,9,0,9,37,25,12,0,8,0,8,0,364140,182250,181890,24.62,232868,998.0,4274,66.41,80.43,52.46,177343,111486,65857,186797,1.Hindus,221096,2.Muslims,86849,3.Others,50819,90.0,90.0,84.0,88.0,36
1764,manipur,ukhrul,2010.0,3,5,1,0,1,0,0,0,0,0,0,0,0,140778,73465,67313,28.98,140778,916.0,134493,73.12,80.13,65.41,66515,51564,14951,74263,1.Christians,133966,2.Hindus,5687,3.Muslims,881,198.0,198.0,154.0,188.0,47
1765,mizoram,aizawl,2010.0,23,10,34,0,34,3,0,3,0,42,0,2,0,325676,166877,158799,39.24,77531,952.0,303641,96.51,96.75,96.26,162961,125328,37633,162715,1.Christians,303893,2.Hindus,14508,3.Muslims,5185,96.0,96.0,81.0,86.0,46
1766,mizoram,lawngtlai,2010.0,7,1,6,0,6,1,0,1,0,2,0,0,0,73620,38776,34844,34.78,73620,899.0,70234,64.74,70.9,57.81,34093,26188,7905,39527,1.Buddhists,38410,2.Christians,32877,3.Hindus,1910,139.0,139.0,27.0,134.0,24
1767,mizoram,lunglei,2010.0,3,4,9,0,9,0,0,0,0,10,0,0,0,137223,71402,65821,23.1,79267,922.0,130768,84.17,87.44,80.6,71792,60870,10922,65431,1.Christians,109204,2.Buddhists,22429,3.Hindus,4612,160.0,160.0,101.0,130.0,55
1768,nagaland,kohima,2010.0,7,6,3,0,3,6,0,6,0,1,0,0,0,310084,162251,147833,49.96,233054,911.0,280753,74.54,80.3,68.15,135023,114456,20567,175061,1.Christians,278844,2.Hindus,21950,3.Others,5457,180.0,179.0,148.0,164.0,82
1769,nagaland,mokokchung,2010.0,2,4,2,0,2,1,0,1,0,1,0,0,0,232085,120929,111156,43.48,200871,919.0,217653,83.92,86.03,81.61,109260,82160,27100,122825,1.Christians,219282,2.Hindus,10433,3.Muslims,2128,102.0,101.0,97.0,99.0,82
1770,nagaland,mon,2010.0,0,0,0,0,0,0,0,0,0,0,0,0,0,260652,138753,121899,73.42,244062,879.0,244821,41.83,46.56,36.35,130848,108206,22642,129804,1.Christians,248684,2.Hindus,9963,3.Muslims,1748,110.0,110.0,102.0,107.0,69
1771,nagaland,phek,2010.0,4,1,1,0,1,1,0,1,0,1,0,0,0,148195,77141,71054,45.12,135331,921.0,142977,70.65,78.37,62.26,71398,57454,13944,76797,1.Christians,143048,2.Hindus,4095,3.Muslims,517,104.0,104.0,102.0,102.0,54
1772,nagaland,tuensang,2010.0,1,2,1,0,1,0,0,0,0,2,0,0,0,414818,218678,196140,78.1,385046,897.0,398350,50.64,55.12,45.58,184924,156950,27974,229894,1.Christians,406287,2.Hindus,6856,3.Muslims,1329,251.0,251.0,238.0,230.0,123
1773,nagaland,wokha,2010.0,4,6,2,0,2,1,1,0,0,0,0,0,0,161223,83670,77553,95.01,123587,927.0,153983,80.55,85.35,75.32,56254,49679,6575,104969,1.Christians,155009,2.Hindus,4787,3.Muslims,1209,128.0,128.0,105.0,104.0,67
1774,nagaland,zunheboto,2010.0,4,5,3,0,3,0,0,0,0,0,0,0,0,153955,79056,74899,61.0,130874,947.0,147915,69.28,73.74,64.57,56783,47491,9292,97172,1.Christians,150097,2.Hindus,3193,3.Muslims,492,187.0,186.0,187.0,178.0,57
1775,punjab,faridkot,2010.0,21,26,10,0,10,7,5,2,3,2,0,32,0,550892,292596,258296,21.42,357321,883.0,-,61.95,68.15,55.03,209754,181873,27881,341138,1.Sikhs,427104,2.Hindus,119702,3.Muslims,1739,163.0,163.0,163.0,160.0,107
1776,punjab,gurdaspur,2010.0,22,30,30,0,30,41,28,13,11,19,2,42,0,2104011,1113077,990934,19.33,1568788,890.0,-,73.77,79.78,67.15,700557,568322,132235,1403454,1.Hindus,996246,2.Sikhs,934963,3.Christians,148981,1532.0,1531.0,1532.0,1375.0,517
1777,punjab,hoshiarpur,2010.0,51,53,26,0,26,38,36,2,5,17,1,74,0,1480736,765132,715604,13.81,1188662,935.0,-,81.02,86.45,75.32,513351,415123,98228,967385,1.Hindus,871923,2.Sikhs,574862,3.Muslims,15394,1386.0,1386.0,1386.0,1232.0,382
1778,punjab,kapurthala,2010.0,27,54,12,0,12,25,22,3,2,14,0,31,0,754521,399623,354898,16.34,507994,888.0,-,73.93,79.02,68.29,262741,231222,31519,491780,1.Sikhs,448654,2.Hindus,286438,3.Buddhists,7740,618.0,618.0,618.0,478.0,359
1779,punjab,patiala,2010.0,52,42,26,0,26,37,31,6,9,35,1,139,0,1844934,987390,857544,20.31,1200224,868.0,-,69.78,75.88,62.86,681951,589015,92936,1162983,1.Sikhs,1024546,2.Hindus,778427,3.Muslims,34828,1054.0,1053.0,1054.0,986.0,172
1780,punjab,sangrur,2010.0,45,47,31,0,31,19,7,12,8,18,0,51,0,2000173,1069289,930884,18.57,1415354,871.0,-,59.98,65.81,53.38,814098,714076,100022,1186075,1.Sikhs,1400149,2.Hindus,434873,3.Muslims,157838,697.0,697.0,697.0,684.0,291
1781,rajasthan,ajmer,2010.0,46,43,47,0,47,105,86,19,12,81,0,615,0,2181670,1129920,1051750,26.1,1306994,931.0,52634,64.65,79.37,48.86,856809,690818,165991,1324861,1.Hindus,1869044,2.Muslims,244341,3.Jains,47812,1025.0,1025.0,966.0,970.0,352
1782,rajasthan,alwar,2010.0,62,51,105,0,105,164,138,26,42,122,0,588,0,2992592,1586752,1405840,30.23,2557653,886.0,239905,61.74,78.09,43.28,1458686,947587,511099,1533906,1.Hindus,2535155,2.Muslims,383204,3.Sikhs,55530,1954.0,1954.0,1843.0,1811.0,553
1783,rajasthan,banswara,2010.0,34,15,61,0,61,57,53,4,8,47,1,151,0,1501589,760686,740903,29.84,1394226,974.0,1085272,44.63,60.45,28.43,709412,529393,180019,792177,1.Hindus,1425287,2.Muslims,39079,3.Jains,18406,1476.0,1476.0,853.0,1348.0,450
1784,rajasthan,barmer,2010.0,26,27,34,0,34,33,33,0,18,71,0,194,0,1964835,1038247,926588,36.83,1819431,892.0,118688,58.99,72.76,43.45,919729,680208,239521,1045106,1.Hindus,1695047,2.Muslims,231918,3.Jains,35744,1933.0,1933.0,948.0,1777.0,433
1785,rajasthan,bharatpur,2010.0,83,86,83,0,83,203,152,51,33,38,0,437,0,2101142,1133425,967717,27.05,1692182,854.0,47077,63.57,80.54,43.56,852913,573547,279366,1248229,1.Hindus,1804599,2.Muslims,264709,3.Sikhs,23472,1366.0,1365.0,1238.0,1298.0,481
1786,rajasthan,bhilwara,2010.0,32,29,48,0,48,143,130,13,3,74,1,593,0,2013789,1026650,987139,26.14,1598938,962.0,180556,50.74,67.39,33.48,939848,764916,174932,1073941,1.Hindus,1859972,2.Muslims,112802,3.Jains,37659,1693.0,1693.0,1553.0,1516.0,473
1787,rajasthan,bikaner,2010.0,39,65,41,0,41,43,34,9,18,58,0,354,0,1674271,886075,788196,38.18,1079235,890.0,5945,56.91,70.05,42.03,661457,522482,138975,1012814,1.Hindus,1445088,2.Muslims,172372,3.Jains,31235,712.0,686.0,485.0,611.0,173
1788,rajasthan,bundi,2010.0,23,50,31,0,31,93,80,13,3,113,0,285,0,962620,504818,457802,24.8,783058,907.0,194851,55.57,71.68,37.79,456937,305977,150960,505683,1.Hindus,881956,2.Muslims,56220,3.Jains,13186,839.0,838.0,733.0,764.0,178
1789,rajasthan,churu,2010.0,39,35,49,0,49,39,17,22,22,10,0,301,0,1923878,987781,936097,24.6,1387682,948.0,10063,66.81,79.69,53.35,853899,587431,266468,1069979,1.Hindus,1698106,2.Muslims,210446,3.Jains,13882,946.0,925.0,877.0,909.0,423
1790,rajasthan,dungarpur,2010.0,18,16,26,0,26,52,50,2,5,56,0,100,0,1107643,547791,559852,26.58,1026787,1022.0,721487,48.57,66.04,31.77,531376,272283,259093,576267,1.Hindus,1068319,2.Muslims,23549,3.Jains,12542,854.0,853.0,723.0,819.0,368
1791,rajasthan,ganganagar,2010.0,60,59,72,0,72,102,94,8,18,74,2,659,0,1789423,955378,834045,27.53,1336066,873.0,14744,64.74,75.53,52.44,719792,552559,167233,1069631,1.Hindus,1299812,2.Sikhs,441409,3.Muslims,42442,2830.0,2820.0,1817.0,1653.0,654
1792,rajasthan,jaisalmer,2010.0,7,2,3,0,3,11,7,4,5,25,0,29,0,508247,279101,229146,47.45,431853,821.0,27834,50.97,66.26,32.05,211687,153139,58548,296560,1.Hindus,383638,2.Muslims,120174,3.Sikhs,2086,600.0,576.0,183.0,473.0,144
1793,rajasthan,jhalawar,2010.0,44,67,62,0,62,62,48,14,6,187,4,303,0,1180323,612804,567519,23.34,1012081,926.0,141861,57.32,73.31,40.02,554781,399386,155395,625542,1.Hindus,1087934,2.Muslims,78962,3.Jains,11759,1477.0,1476.0,1185.0,1173.0,214
1794,rajasthan,nagaur,2010.0,54,31,60,0,60,69,57,12,22,86,0,348,0,2775058,1424967,1350091,29.33,2297721,947.0,6497,57.28,74.1,39.67,1129514,844039,285475,1645544,1.Hindus,2399173,2.Muslims,356405,3.Jains,17478,1480.0,1466.0,1417.0,1417.0,580
1795,rajasthan,pali,2010.0,41,34,53,0,53,102,98,4,9,75,0,442,0,1820251,918856,901395,22.39,1429364,981.0,105814,54.39,72.2,36.48,724883,518158,206725,1095368,1.Hindus,1677038,2.Muslims,114088,3.Jains,25599,936.0,936.0,883.0,906.0,451
1796,rajasthan,sikar,2010.0,58,35,52,0,52,114,86,28,12,11,0,313,0,2287788,1172753,1115035,24.11,1815250,951.0,62512,70.47,84.34,56.11,887915,633421,254494,1399873,1.Hindus,2019396,2.Muslims,261714,3.Jains,4957,986.0,985.0,965.0,945.0,470
1797,rajasthan,sirohi,2010.0,28,37,20,0,20,34,27,7,6,63,0,175,0,851107,437949,413158,30.08,700217,943.0,210763,53.94,69.89,37.15,343905,245762,98143,507202,1.Hindus,810765,2.Muslims,25439,3.Jains,12427,455.0,454.0,399.0,423.0,201
1798,rajasthan,tonk,2010.0,21,21,18,0,18,50,44,6,4,19,1,338,0,1211671,626436,585235,24.24,958503,934.0,145891,51.97,70.52,32.15,532682,425230,107452,678989,1.Hindus,1062365,2.Muslims,124440,3.Jains,23644,1032.0,1031.0,818.0,887.0,246
1799,rajasthan,udaipur,2010.0,77,107,111,0,111,186,151,35,14,192,6,327,0,2633312,1336004,1297308,27.37,2142995,971.0,1260432,58.62,73.62,43.26,1100880,724120,376760,1532432,1.Hindus,2449773,2.Muslims,88262,3.Jains,83699,2339.0,2337.0,1647.0,2030.0,619
1800,sikkim,east,2010.0,6,3,5,0,5,4,4,0,0,1,0,0,0,245040,132917,112123,37.17,192188,844.0,45321,74.67,81.2,66.8,116529,92577,23952,128511,1.Hindus,157321,2.Buddhists,64729,3.Christians,14502,131.0,131.0,125.0,112.0,100
1801,sikkim,north,2010.0,2,0,0,0,0,0,0,0,0,0,0,0,0,41030,23414,17616,31.32,39782,752.0,21772,67.21,75.69,55.39,23542,17553,5989,17488,1.Buddhists,22603,2.Hindus,16128,3.Christians,1623,53.0,53.0,46.0,42.0,44
1802,sikkim,south,2010.0,7,3,9,0,9,1,1,0,0,5,0,2,0,131525,68241,63284,33.37,127579,927.0,20483,67.31,74.29,59.72,69693,57367,12326,61832,1.Hindus,84213,2.Buddhists,31109,3.Christians,12757,145.0,145.0,142.0,131.0,99
1803,sikkim,west,2010.0,2,0,4,0,4,1,1,0,1,5,0,1,0,123256,63912,59344,25.48,121432,929.0,23829,58.8,66.82,50.11,53279,45407,7872,69977,1.Hindus,71886,2.Buddhists,33601,3.Others,9567,121.0,121.0,115.0,107.0,86
1804,tripura,dhalai,2010.0,19,4,33,0,33,14,6,8,3,26,1,65,0,307868,159095,148773,10.79,289001,935.0,166326,60.93,70.17,50.99,126761,92570,34191,181107,1.Hindus,257834,2.Buddhists,28180,3.Christians,14848,148.0,148.0,108.0,138.0,58
1805,chandigarh,chandigarh,2010.0,21,30,31,0,31,38,28,10,5,29,4,41,0,900635,506938,393697,40.33,92120,777.0,-,81.94,86.14,76.47,340422,328989,11433,560213,1.Hindus,707978,2.Sikhs,145175,3.Muslims,35548,23.0,23.0,23.0,18.0,18
1806,assam,barpeta,2011.0,45,26,92,0,92,168,156,12,5,25,0,336,0,1647201,848578,798623,18.53,1520333,941.0,123266,56.24,64.83,47.07,517088,408537,108551,1130113,1.Hindus,977943,2.Muslims,662066,3.Christians,5267,1050.0,1050.0,775.0,967.0,430
1807,assam,bongaigaon,2011.0,22,8,72,0,72,74,64,10,5,2,0,126,0,904835,465240,439595,12.23,795053,945.0,110696,59.33,67.67,50.44,293243,233087,60156,611592,1.Hindus,535464,2.Muslims,348573,3.Christians,18728,881.0,881.0,607.0,805.0,112
1808,assam,cachar,2011.0,64,7,74,0,74,178,167,11,4,7,0,498,0,1444921,743042,701879,18.66,1243534,945.0,18631,67.82,75.73,59.41,465734,364814,100920,979187,1.Hindus,886761,2.Muslims,522051,3.Christians,31306,1020.0,1020.0,741.0,902.0,134
1809,assam,darrang,2011.0,34,3,95,0,95,200,192,8,2,109,2,164,0,1504320,773861,730459,15.79,1429492,944.0,249861,55.44,63.91,46.4,527993,404428,123565,976327,1.Hindus,868532,2.Muslims,534658,3.Christians,97306,1319.0,1319.0,1032.0,1246.0,356
1810,assam,dhemaji,2011.0,23,14,62,0,62,63,59,4,5,40,0,122,0,571944,294643,277301,18.93,533112,941.0,270496,64.48,74.41,53.86,250146,155431,94715,321798,1.Hindus,548780,2.Muslims,10533,3.Christians,6390,1236.0,1236.0,253.0,1068.0,83
1811,assam,dhubri,2011.0,61,19,157,0,157,307,276,31,12,210,2,693,0,1637344,841044,796300,23.42,1444901,947.0,32523,48.21,55.91,40.04,470360,399201,71159,1166984,1.Hindus,1216455,2.Muslims,405065,3.Christians,12477,1261.0,1261.0,904.0,1138.0,374
1812,assam,dibrugarh,2011.0,89,0,54,0,54,135,29,106,0,7,0,135,0,1185072,613555,571517,12.43,956634,931.0,88337,68.96,77.3,59.95,472419,342708,129711,712653,1.Hindus,1075878,2.Muslims,53306,3.Christians,45040,1309.0,1309.0,1195.0,1169.0,263
1813,assam,goalpara,2011.0,39,5,99,0,99,100,89,11,3,2,0,142,2,822035,420251,401784,23.07,755133,956.0,131800,58.03,64.86,50.85,273925,209928,63997,548110,1.Hindus,441516,2.Muslims,314157,3.Christians,64662,761.0,761.0,689.0,723.0,243
1814,assam,golaghat,2011.0,56,56,54,0,54,159,146,13,1,66,0,194,0,946279,490286,455993,14.21,865141,930.0,93920,69.38,77.14,60.99,388640,269896,118744,557639,1.Hindus,813263,2.Muslims,74808,3.Christians,52277,1066.0,1066.0,595.0,769.0,87
1815,assam,hailakandi,2011.0,20,2,61,0,61,78,63,15,4,27,0,126,0,542872,280513,262359,20.92,498787,935.0,821,59.64,68.24,50.46,179881,138216,41665,362991,1.Hindus,312849,2.Muslims,223191,3.Christians,5424,327.0,327.0,268.0,308.0,110
1816,assam,jorhat,2011.0,48,9,49,0,49,85,11,74,2,49,0,172,0,999221,517015,482206,15.84,827901,933.0,123134,76.34,83.62,68.49,414348,285092,129256,584873,1.Hindus,927858,2.Muslims,47658,3.Christians,18610,787.0,787.0,650.0,717.0,215
1817,assam,kamrup,2011.0,44,4,63,0,63,156,139,17,6,61,0,147,0,2522324,1326981,1195343,25.75,1614107,901.0,250393,74.16,81.16,66.31,842253,697810,144443,1680071,1.Hindus,1836153,2.Muslims,625002,3.Christians,44257,1342.0,1342.0,1042.0,1190.0,468
1818,assam,karimganj,2011.0,45,25,46,0,46,79,68,11,4,15,0,194,0,1007976,517680,490296,21.35,934126,947.0,2901,66.24,74.69,57.28,303294,235016,68278,704682,1.Hindus,527214,2.Muslims,470708,3.Christians,8746,915.0,915.0,639.0,865.0,224
1819,assam,kokrajhar,2011.0,51,27,52,0,52,105,79,26,1,31,0,120,0,905764,466191,439573,15.05,841823,943.0,304985,51.63,60.32,42.4,334849,234771,100078,570915,1.Hindus,594168,2.Muslims,184441,3.Christians,124270,951.0,951.0,704.0,906.0,211
1820,assam,lakhimpur,2011.0,38,16,52,0,52,143,120,23,0,57,0,119,0,889010,455691,433319,18.34,823857,951.0,208864,68.56,77.06,59.59,497745,288052,209693,391265,1.Hindus,702881,2.Muslims,143505,3.Christians,36667,1139.0,1139.0,680.0,1046.0,211
1821,assam,nagaon,2011.0,91,70,165,0,165,374,358,16,20,82,4,772,0,2314629,1190950,1123679,22.3,2036342,944.0,89394,61.73,68.27,54.74,727641,566195,161446,1586988,1.Hindus,1180267,2.Muslims,1106354,3.Christians,21473,1375.0,1374.0,1190.0,1257.0,480
1822,assam,nalbari,2011.0,20,10,28,0,28,95,83,12,4,95,0,140,0,1148824,592375,556449,11.98,1121338,939.0,202577,67.23,76.56,57.26,383932,291665,92267,764892,1.Hindus,873749,2.Muslims,253842,3.Christians,18495,798.0,798.0,733.0,769.0,179
1823,assam,sibsagar,2011.0,61,30,49,0,49,132,118,14,8,78,0,99,0,1051736,545476,506260,15.95,954557,928.0,41533,74.47,81.53,66.81,430523,287319,143204,621213,1.Hindus,927706,2.Muslims,85761,3.Christians,28488,866.0,866.0,772.0,825.0,317
1824,assam,sonitpur,2011.0,84,14,96,0,96,262,231,31,12,34,0,346,0,1681513,871568,809945,17.8,1505719,929.0,195083,59.0,67.54,49.73,634723,465283,169440,1046790,1.Hindus,1287646,2.Muslims,268078,3.Christians,115623,1784.0,1784.0,1331.0,1372.0,235
1825,assam,tinsukia,2011.0,98,49,61,0,61,153,135,18,1,27,0,121,0,1150062,601099,548963,19.52,926105,913.0,67234,60.95,70.15,50.78,466351,349847,116504,683711,1.Hindus,1029142,2.Muslims,62403,3.Christians,40000,1107.0,1107.0,871.0,936.0,198
1826,bihar,araria,2011.0,69,44,69,0,69,115,91,24,26,14,0,24,0,2158608,1128105,1030503,31.84,2026257,913.0,29423,35.01,46.38,22.37,853445,657446,195999,1305163,1.Hindus,1263766,2.Muslims,887972,3.Jains,2504,713.0,713.0,129.0,552.0,60
1827,bihar,aurangabad,2011.0,88,105,18,0,18,62,60,2,30,32,0,152,0,2013055,1040945,972110,30.19,1842998,934.0,1640,57.03,71.13,41.9,671011,476390,194621,1342044,1.Hindus,1814612,2.Muslims,196030,3.Religion not stated,1161,1739.0,1739.0,527.0,1148.0,270
1828,bihar,begusarai,2011.0,100,40,17,0,17,119,94,25,39,12,0,39,0,2349366,1228874,1120492,29.11,2241743,912.0,1505,47.98,59.13,35.64,746075,571564,174511,1603291,1.Hindus,2033039,2.Muslims,313713,3.Religion not stated,1224,729.0,729.0,457.0,503.0,167
1829,bihar,bhagalpur,2011.0,85,51,23,0,23,106,94,12,12,10,0,17,0,2423172,1291658,1131514,27.24,1970745,876.0,55545,49.5,59.22,38.13,855345,580731,274614,1567827,1.Hindus,1990976,2.Muslims,423246,3.Christians,1853,935.0,935.0,445.0,642.0,229
1830,bihar,bhojpur,2011.0,96,41,16,0,16,64,48,16,40,2,0,72,0,2243144,1179611,1063533,24.58,1930730,902.0,8337,58.96,74.29,41.8,653811,491916,161895,1589333,1.Hindus,2076589,2.Muslims,163193,3.Religion not stated,913,999.0,999.0,247.0,885.0,133
1831,bihar,darbhanga,2011.0,71,92,34,0,34,128,97,31,38,202,0,284,0,3295789,1722189,1573600,30.85,3028441,914.0,841,44.33,56.72,30.78,1028558,761464,267094,2267231,1.Hindus,2543284,2.Muslims,748971,3.Religion not stated,2245,1083.0,1083.0,490.0,850.0,271
1832,bihar,gaya,2011.0,155,22,23,0,23,155,63,92,56,7,0,47,0,3473428,1792163,1681265,30.19,2997479,938.0,2945,50.45,63.27,36.66,1277639,994459,283180,2195789,1.Hindus,3063841,2.Muslims,403439,3.Religion not stated,1622,2680.0,2680.0,539.0,1635.0,278
1833,bihar,gopalganj,2011.0,77,169,17,0,17,139,106,33,35,30,0,56,0,2152638,1075710,1076928,26.11,2022048,1001.0,6157,47.48,62.96,32.16,641672,466811,174861,1510966,1.Hindus,1784275,2.Muslims,367219,3.Religion not stated,850,1383.0,1383.0,439.0,866.0,261
1834,bihar,jehanabad,2011.0,51,10,10,0,10,31,14,17,20,8,0,22,0,1514315,784946,729369,28.64,1402703,929.0,1313,55.26,70.07,39.37,580905,422789,158116,933410,1.Hindus,1389053,2.Muslims,124149,3.Religion not stated,743,856.0,856.0,219.0,672.0,123
1835,bihar,katihar,2011.0,83,82,103,0,103,126,102,24,29,10,0,25,1,2392638,1246872,1145766,30.91,2174361,919.0,140418,35.09,45.31,23.8,898326,664259,234067,1494312,1.Hindus,1363523,2.Muslims,1017495,3.Christians,4994,1290.0,1290.0,277.0,785.0,248
1836,bihar,khagaria,2011.0,55,45,14,0,14,53,42,11,15,0,0,26,0,1280354,679267,601087,29.32,1204027,885.0,332,41.35,51.82,29.35,467240,333262,133978,813114,1.Hindus,1147346,2.Muslims,131441,3.Others,546,241.0,241.0,114.0,220.0,124
1837,bihar,kishanganj,2011.0,34,5,30,0,30,63,60,3,13,20,0,50,0,1296348,669552,626796,31.5,1167340,936.0,47116,31.09,42.71,18.63,417151,359819,57332,879197,1.Muslims,876105,2.Hindus,412995,3.Christians,2856,730.0,730.0,116.0,442.0,120
1838,bihar,madhepura,2011.0,44,12,8,0,8,78,67,11,11,0,0,21,0,1526646,797180,729466,29.45,1458679,915.0,9295,36.07,48.8,22.11,683976,498367,185609,842670,1.Hindus,1351978,2.Muslims,173605,3.Religion not stated,494,384.0,384.0,168.0,311.0,141
1839,bihar,madhubani,2011.0,81,8,44,0,44,182,148,34,35,0,0,138,0,3575281,1840997,1734284,26.08,3450736,942.0,1260,41.97,56.79,26.25,1227723,877412,350311,2347558,1.Hindus,2930501,2.Muslims,641579,3.Religion not stated,1477,1034.0,1034.0,437.0,901.0,232
1840,bihar,munger,2011.0,68,49,7,0,7,72,56,16,10,2,0,49,0,1137797,607730,530067,20.34,819950,872.0,18060,59.47,69.89,47.4,331451,233688,97763,806346,1.Hindus,1045233,2.Muslims,89791,3.Christians,1135,525.0,525.0,321.0,382.0,149
1841,bihar,muzaffarpur,2011.0,154,24,56,0,56,255,219,36,76,4,0,91,2,3746714,1951466,1795248,26.74,3398361,920.0,3472,47.95,59.1,35.81,1139830,895830,244000,2606884,1.Hindus,3168225,2.Muslims,573951,3.Religion not stated,2104,1725.0,1725.0,1021.0,1423.0,526
1842,bihar,nalanda,2011.0,84,61,15,0,15,81,72,9,55,29,0,96,0,2370528,1238599,1131929,18.64,2016899,914.0,970,53.19,66.44,38.58,903144,700007,203137,1467384,1.Hindus,2191552,2.Muslims,176871,3.Religion not stated,888,1000.0,1000.0,366.0,879.0,198
1843,bihar,patna,2011.0,248,25,41,0,41,364,167,197,112,1,2,317,0,4718592,2519942,2198650,30.17,2757060,873.0,9236,62.92,73.34,50.83,1425647,1161984,263663,3292945,1.Hindus,4333556,2.Muslims,366164,3.Christians,8951,1288.0,1288.0,615.0,1199.0,390
1844,bihar,rohtas,2011.0,126,95,20,0,20,106,84,22,32,46,0,57,0,2450748,1283485,1167263,27.71,2123942,909.0,25663,61.29,75.31,45.71,744183,544731,199452,1706565,1.Hindus,2199049,2.Muslims,246760,3.Sikhs,2549,1710.0,1710.0,493.0,1185.0,153
1845,bihar,saharsa,2011.0,34,109,8,0,8,63,41,22,17,35,0,27,1,1508182,789432,718750,33.03,1383015,910.0,4642,39.08,51.66,25.27,589467,411566,177901,918715,1.Hindus,1289364,2.Muslims,217922,3.Christians,437,441.0,441.0,127.0,374.0,63
1846,bihar,samastipur,2011.0,107,221,40,0,40,166,105,61,46,9,2,66,0,3394793,1760692,1634101,25.63,3271338,928.0,3362,45.13,57.59,31.67,1071974,843356,228618,2322819,1.Hindus,3035755,2.Muslims,355897,3.Religion not stated,1432,1122.0,1122.0,674.0,878.0,195
1847,bihar,saran,2011.0,123,408,10,0,10,146,137,9,74,46,0,131,1,3248701,1652661,1596040,26.37,2950064,966.0,6667,51.8,67.3,35.82,860940,644618,216322,2387761,1.Hindus,2909213,2.Muslims,337767,3.Religion not stated,758,1566.0,1566.0,544.0,1213.0,342
1848,bihar,sitamarhi,2011.0,71,33,8,0,8,58,49,9,29,14,0,33,0,2682720,1417611,1265109,32.58,2529407,892.0,1786,38.46,49.36,26.13,855156,714136,141020,1827564,1.Hindus,2111476,2.Muslims,568992,3.Religion not stated,1237,802.0,802.0,302.0,709.0,216
1849,bihar,siwan,2011.0,85,180,16,0,16,196,150,46,139,4,3,53,5,2714349,1336283,1378066,24.78,2564860,1031.0,13822,51.65,67.26,36.88,730437,511578,218859,1983912,1.Hindus,2218632,2.Muslims,494176,3.Religion not stated,899,1438.0,1438.0,441.0,1119.0,254
1850,bihar,vaishali,2011.0,110,77,18,0,18,233,147,86,76,26,0,59,0,2718421,1415603,1302818,26.39,2531766,920.0,3068,50.49,63.23,36.58,782717,624452,158265,1935704,1.Hindus,2457636,2.Muslims,259158,3.Religion not stated,922,1414.0,1414.0,970.0,929.0,154
1851,chhattisgarh,bilaspur,2011.0,112,43,70,0,70,24,16,8,17,146,4,72,0,1998355,1013875,984480,17.59,1511661,971.0,397104,63.51,78.43,48.17,857577,630504,227073,1140778,1.Hindus,1904580,2.Muslims,45342,3.Others,19325,1579.0,1545.0,1494.0,1426.0,452
1852,chhattisgarh,durg,2011.0,93,91,115,0,115,115,86,29,13,291,43,131,1,2810436,1417893,1392543,16.88,1738127,982.0,348801,75.62,86.43,64.64,1162833,965624,197209,1647603,1.Hindus,2654202,2.Muslims,70398,3.Sikhs,23399,1776.0,1762.0,1737.0,1698.0,669
1853,chhattisgarh,raigarh,2011.0,87,51,62,0,62,15,10,5,11,84,6,32,0,1265529,634597,630932,18.68,1096073,994.0,447703,70.16,82.7,57.62,601564,430725,170839,663965,1.Hindus,1212180,2.Christians,36098,3.Muslims,12637,1433.0,1410.0,1385.0,1350.0,279
1854,chhattisgarh,raipur,2011.0,95,84,133,0,133,55,35,20,11,232,53,100,0,3016930,1523925,1493005,18.97,2099312,980.0,365273,68.51,81.97,54.81,1264663,961507,303156,1752267,1.Hindus,2881933,2.Muslims,77963,3.Christians,16857,2124.0,2101.0,1955.0,1987.0,696
1855,chhattisgarh,rajnandgaon,2011.0,43,34,38,0,38,22,21,1,4,70,3,23,0,1283224,634342,648882,17.7,1051577,1023.0,341688,77.21,87.17,67.55,649401,558996,90405,633823,1.Hindus,1215492,2.Buddhists,28020,3.Muslims,21035,1605.0,1595.0,1550.0,1484.0,343
1856,gujarat,amreli,2011.0,26,3,10,0,10,79,77,2,0,28,1,143,0,1393918,701593,692325,6.45,1080960,987.0,3256,66.09,76.44,55.78,600819,470043,130776,793099,1.Hindus,1307460,2.Muslims,83077,3.Jains,2309,615.0,614.0,615.0,614.0,383
1857,gujarat,anand,2011.0,19,4,10,0,10,45,42,3,0,20,0,196,0,1856872,972000,884872,13.03,1348901,910.0,22835,74.51,86.09,61.94,784711,617669,167042,1072161,1.Hindus,1616127,2.Muslims,199263,3.Christians,29461,350.0,350.0,350.0,350.0,301
1858,gujarat,bharuch,2011.0,34,10,13,0,13,28,27,1,0,9,0,4,0,1370656,713676,656980,19.32,1018096,921.0,444043,74.41,82.98,65.11,570693,469551,101142,799963,1.Hindus,1059796,2.Muslims,293459,3.Christians,8824,657.0,657.0,656.0,644.0,403
1859,gujarat,bhavnagar,2011.0,55,26,8,0,8,88,88,0,0,35,33,181,0,2469630,1274920,1194710,19.29,1534592,937.0,7298,66.2,78.02,53.73,944559,781166,163393,1525071,1.Hindus,2264062,2.Muslims,172740,3.Jains,28921,790.0,790.0,789.0,786.0,526
1860,gujarat,gandhinagar,2011.0,27,9,14,0,14,21,16,5,0,16,1,132,0,1334455,697999,636456,23.88,867195,912.0,17681,76.59,87.74,64.58,554336,467413,86923,780119,1.Hindus,1269766,2.Muslims,50559,3.Jains,7769,291.0,291.0,291.0,290.0,244
1861,gujarat,jamnagar,2011.0,40,25,21,0,21,65,51,14,0,34,8,356,0,1904278,981320,922958,22.39,1068022,941.0,10459,66.48,76.25,56.18,734382,624057,110325,1169896,1.Hindus,1605941,2.Muslims,270223,3.Jains,21907,698.0,695.0,666.0,666.0,286
1862,gujarat,junagadh,2011.0,31,13,11,0,11,69,68,1,1,26,4,423,0,2448173,1252350,1195823,17.08,1736645,955.0,18832,67.78,78.74,56.43,1000842,785530,215312,1447331,1.Hindus,2165734,2.Muslims,274481,3.Jains,4291,923.0,922.0,901.0,858.0,803
1863,gujarat,narmada,2011.0,14,2,7,0,7,4,4,0,0,3,0,5,0,514404,263986,250418,14.4,462298,949.0,401654,59.86,72.44,46.61,259116,176372,82744,255288,1.Hindus,482552,2.Muslims,20429,3.Christians,5122,552.0,552.0,530.0,515.0,324
1864,gujarat,navsari,2011.0,21,9,2,0,2,10,10,0,0,6,2,31,0,1229463,628988,600475,13.22,893110,955.0,591164,75.83,82.77,68.61,545215,457002,88213,684248,1.Hindus,1135525,2.Muslims,69972,3.Jains,13575,374.0,374.0,374.0,368.0,268
1865,gujarat,patan,2011.0,16,15,16,0,16,47,44,3,0,43,1,156,0,1182709,612100,570609,14.08,944281,932.0,12637,60.36,73.63,46.33,533078,395470,137608,649631,1.Hindus,1057013,2.Muslims,119748,3.Jains,5136,517.0,516.0,517.0,514.0,265
1866,gujarat,porbandar,2011.0,10,9,6,0,6,12,9,3,0,1,1,84,0,536835,275821,261014,14.35,275460,946.0,6456,68.62,78.36,58.42,215134,173594,41540,321701,1.Hindus,507176,2.Muslims,28404,3.Jains,589,182.0,182.0,155.0,156.0,130
1867,gujarat,surendranagar,2011.0,32,15,19,0,19,44,41,3,0,28,4,129,0,1515148,787650,727498,25.34,1112700,924.0,14338,61.61,74.19,48.1,647609,512038,135571,867539,1.Hindus,1392451,2.Muslims,97846,3.Jains,22721,650.0,649.0,650.0,648.0,170
1868,gujarat,valsad,2011.0,35,11,9,0,9,19,19,0,0,6,0,23,0,1410553,734799,675754,29.66,1029392,920.0,772405,69.15,77.9,59.62,650257,503333,146924,760296,1.Hindus,1300005,2.Muslims,66440,3.Christians,15399,450.0,450.0,425.0,449.0,303
1869,haryana,ambala,2011.0,42,33,37,0,37,34,23,11,5,28,20,191,0,1014411,542977,471434,25.69,657383,868.0,-,75.31,82.31,67.39,324521,275648,48873,689890,1.Hindus,856193,2.Sikhs,132463,3.Muslims,17263,482.0,482.0,479.0,432.0,204
1870,haryana,bhiwani,2011.0,74,42,41,0,41,43,30,13,18,26,12,97,0,1425022,758253,666769,22.45,1154629,879.0,-,67.45,80.26,53.0,609320,425210,184110,815702,1.Hindus,1407363,2.Muslims,12740,3.Sikhs,2542,437.0,437.0,437.0,429.0,252
1871,haryana,faridabad,2011.0,60,59,54,0,54,105,82,23,10,31,59,218,0,2194586,1193063,1001523,48.47,973242,839.0,-,70.03,81.52,56.31,785762,609663,176099,1408824,1.Hindus,1896698,2.Muslims,247293,3.Sikhs,36005,413.0,413.0,413.0,376.0,188
1872,haryana,gurgaon,2011.0,89,57,40,0,40,49,37,12,25,27,29,107,0,1660289,886451,773838,44.64,1291285,873.0,-,62.91,76.17,47.78,629658,464644,165014,1030631,1.Hindus,1026542,2.Muslims,617918,3.Sikhs,6672,694.0,694.0,693.0,642.0,203
1873,haryana,jind,2011.0,50,34,37,0,37,32,28,4,15,15,13,91,0,1189827,642282,547545,21.35,948250,852.0,-,62.12,73.82,48.51,521946,372049,149897,667881,1.Hindus,1134539,2.Sikhs,29159,3.Muslims,20618,306.0,306.0,306.0,300.0,247
1874,haryana,kaithal,2011.0,36,23,20,0,20,23,17,6,8,18,0,119,0,946131,510513,435618,20.95,762649,853.0,-,59.02,69.15,47.31,372011,268127,103884,574120,1.Hindus,848765,2.Sikhs,88700,3.Muslims,6777,270.0,270.0,270.0,261.0,160
1875,haryana,karnal,2011.0,46,48,62,0,62,22,18,4,18,25,26,166,0,1274183,683368,590815,23.13,936341,865.0,-,67.74,76.29,57.97,455455,355466,99989,818728,1.Hindus,1125279,2.Sikhs,123160,3.Muslims,22614,422.0,422.0,422.0,385.0,186
1876,haryana,kurukshetra,2011.0,29,21,29,0,29,34,30,4,7,22,20,68,0,825454,442328,383126,23.72,609943,866.0,-,69.88,78.06,60.61,308392,250596,57796,517062,1.Hindus,675381,2.Sikhs,135545,3.Muslims,12028,407.0,402.0,406.0,385.0,179
1877,haryana,mahendragarh,2011.0,33,22,26,0,26,46,38,8,11,22,0,85,0,812521,423578,388943,19.09,702885,918.0,-,69.89,84.72,54.08,351864,204704,147160,460657,1.Hindus,805991,2.Muslims,3434,3.Sikhs,2026,368.0,368.0,368.0,350.0,190
1878,haryana,panipat,2011.0,49,26,47,0,47,90,70,20,11,29,19,163,0,967449,528860,438589,38.57,575369,829.0,-,69.17,78.5,57.97,382801,289013,93788,584648,1.Hindus,873593,2.Muslims,59696,3.Sikhs,27437,179.0,179.0,179.0,168.0,116
1879,haryana,rewari,2011.0,41,28,17,0,17,26,19,7,7,19,34,94,0,765351,403034,362317,25.24,629177,899.0,-,75.25,88.45,60.83,333622,204855,128767,431729,1.Hindus,758328,2.Muslims,3194,3.Sikhs,1668,397.0,397.0,397.0,379.0,175
1880,haryana,rohtak,2011.0,77,50,57,0,57,47,32,15,9,38,52,124,0,940128,509038,431090,20.99,610524,847.0,-,73.72,83.23,62.59,371073,288225,82848,569055,1.Hindus,924541,2.Muslims,5665,3.Sikhs,5079,146.0,146.0,146.0,130.0,118
1881,haryana,sirsa,2011.0,42,31,21,0,21,60,49,11,16,26,0,170,0,1116649,593245,523404,22.96,823184,882.0,-,60.55,70.05,49.93,475571,363946,111625,641078,1.Hindus,801747,2.Sikhs,302942,3.Muslims,7056,321.0,321.0,318.0,312.0,197
1882,haryana,sonipat,2011.0,78,65,27,0,27,54,42,12,23,19,15,156,0,1279175,695723,583452,22.36,957800,839.0,-,72.79,83.06,60.68,523031,383449,139582,756144,1.Hindus,1234225,2.Muslims,31954,3.Jains,6729,323.0,323.0,323.0,316.0,248
1883,haryana,yamunanagar,2011.0,50,56,36,0,36,50,36,14,13,14,6,169,0,1041630,559444,482186,21.84,648608,862.0,-,71.63,78.82,63.39,336533,280728,55805,705097,1.Hindus,849255,2.Muslims,104073,3.Sikhs,83524,613.0,613.0,607.0,483.0,248
1884,jharkhand,deoghar,2011.0,48,66,34,0,34,24,10,14,18,16,1,24,0,1165390,608878,556512,24.46,1005539,914.0,142717,50.09,66.38,31.99,432714,283711,149003,732676,1.Hindus,910409,2.Muslims,221705,3.Others,27263,2356.0,2356.0,289.0,768.0,94
1885,jharkhand,dhanbad,2011.0,79,18,32,0,32,99,83,16,39,34,0,39,0,2397102,1278946,1118156,22.82,1141744,874.0,202729,67.0,79.54,52.43,664058,492501,171557,1733044,1.Hindus,1944757,2.Muslims,364807,3.Others,61505,1121.0,1121.0,503.0,708.0,154
1886,jharkhand,dumka,2011.0,59,29,34,0,34,28,18,10,7,19,0,40,0,1759602,897364,862238,17.31,1644690,961.0,701903,47.94,62.86,32.35,778378,470354,308024,981224,1.Hindus,1323468,2.Muslims,203741,3.Others,170201,3737.0,3737.0,213.0,1732.0,312
1887,jharkhand,giridih,2011.0,60,8,47,0,47,63,41,22,30,40,2,35,5,1904430,960679,943751,27.09,1782066,982.0,184469,44.5,62.09,26.62,644644,340925,303719,1259786,1.Hindus,1475201,2.Muslims,383253,3.Others,30778,2532.0,2532.0,481.0,1232.0,229
1888,jharkhand,godda,2011.0,61,0,29,0,29,38,8,30,0,21,0,10,0,1047939,544043,503896,21.61,1010931,926.0,247538,43.13,57.52,27.39,421941,238694,183247,625998,1.Hindus,745237,2.Muslims,210734,3.Others,68055,1633.0,1633.0,257.0,892.0,141
1889,jharkhand,gumla,2011.0,201,52,46,0,46,52,27,25,1,10,0,17,0,1346767,675769,670998,16.6,1273025,993.0,920597,51.74,63.5,39.95,658921,446953,211968,687846,1.Hindus,440373,2.Christians,425107,3.Others,419004,1393.0,1393.0,92.0,1015.0,365
1890,jharkhand,hazaribagh,2011.0,72,41,22,0,22,58,52,6,26,25,0,22,0,2277475,1167793,1109682,24.02,1748406,950.0,268333,57.74,71.81,42.87,790049,532895,257154,1487426,1.Hindus,1870586,2.Muslims,337117,3.Others,36789,1543.0,1543.0,413.0,962.0,147
1891,jharkhand,palamu,2011.0,93,72,28,0,28,63,34,29,28,6,0,12,0,2098359,1084417,1013942,26.8,1973266,935.0,392325,44.95,58.91,29.88,793658,444921,348737,1304701,1.Hindus,1740948,2.Muslims,242980,3.Others,63100,2465.0,2465.0,410.0,1474.0,349
1892,jharkhand,ranchi,2011.0,151,38,50,0,50,66,54,12,8,9,2,14,0,2785064,1436976,1348088,25.72,1807243,938.0,1164624,64.57,76.56,51.72,1076904,750962,325942,1708160,1.Hindus,1399301,2.Others,767672,3.Muslims,348774,2052.0,2052.0,331.0,1343.0,377
1893,karnataka,belgaum,2011.0,136,121,45,0,45,53,32,21,11,221,4,297,0,4214505,2150090,2064415,17.4,3201814,960.0,243451,64.21,75.7,52.32,1877774,1537645,340129,2336731,1.Hindus,3565153,2.Muslims,440836,3.Christians,169466,1255.0,1254.0,1247.0,1240.0,740
1894,karnataka,bellary,2011.0,58,57,6,0,6,21,15,6,15,65,1,103,1,2027140,1029714,997426,22.3,1320290,969.0,364638,57.4,69.2,45.28,920821,801369,119452,1106319,1.Hindus,1739522,2.Muslims,257806,3.Christians,13226,524.0,523.0,524.0,381.0,260
1895,karnataka,bidar,2011.0,51,33,14,0,14,13,11,2,7,27,2,77,0,1502373,771022,731351,19.56,1157498,949.0,182219,60.94,72.46,48.81,557603,424985,132618,944770,1.Hindus,1020174,2.Muslims,295762,3.Buddhists,122083,599.0,596.0,596.0,591.0,293
1896,karnataka,bijapur,2011.0,66,58,7,0,7,43,21,22,8,66,0,116,1,1806918,926424,880494,17.63,1410829,950.0,30051,57.01,69.94,43.47,718213,551972,166241,1088705,1.Hindus,1495080,2.Muslims,294491,3.Jains,8356,660.0,659.0,657.0,626.0,392
1897,karnataka,chitradurga,2011.0,38,21,27,0,27,30,24,6,5,93,0,96,0,1517896,776221,741675,15.05,1243658,955.0,266235,64.45,74.66,53.78,721835,576035,145800,796061,1.Hindus,1388506,2.Muslims,109412,3.Religion not stated,8411,946.0,916.0,946.0,879.0,197
1898,karnataka,davanagere,2011.0,35,18,11,0,11,17,15,2,6,65,0,93,0,1790952,917705,873247,14.78,1247954,952.0,209701,67.43,76.37,58.04,783781,631726,152055,1007171,1.Hindus,1532714,2.Muslims,226708,3.Religion not stated,10944,810.0,786.0,808.0,727.0,278
1899,karnataka,gulbarga,2011.0,93,114,36,0,36,85,73,12,2,111,0,153,0,3130922,1592789,1538133,21.02,2278301,966.0,154195,50.01,61.77,37.9,1350072,1010430,339642,1780850,1.Hindus,2381497,2.Muslims,551171,3.Buddhists,153619,1360.0,1327.0,1342.0,1337.0,708
1900,karnataka,hassan,2011.0,56,87,27,0,27,27,25,2,32,106,0,264,0,1721669,859086,862583,9.66,1416996,1004.0,26451,68.63,78.37,59.0,864711,702827,161884,856958,1.Hindus,1587287,2.Muslims,104730,3.Christians,15598,2394.0,2330.0,2341.0,1990.0,482
1901,karnataka,kodagu,2011.0,33,25,16,0,16,11,5,6,5,25,1,57,0,548561,274831,273730,11.64,473179,996.0,46115,77.99,83.7,72.26,266378,247574,18804,282183,1.Hindus,450694,2.Muslims,78466,3.Christians,17951,291.0,279.0,286.0,267.0,138
1902,karnataka,kolar,2011.0,37,45,17,0,17,18,13,5,3,21,0,23,0,2536069,1286193,1249876,13.83,1910546,972.0,205711,62.84,73.17,52.23,1235028,1014667,220361,1301041,1.Hindus,2196660,2.Muslims,298767,3.Christians,32547,2919.0,2797.0,2785.0,2342.0,490
1903,karnataka,koppal,2011.0,25,15,13,0,13,21,0,21,0,23,0,70,0,1196089,603312,592777,24.57,997797,983.0,138588,54.1,68.42,39.61,554506,422208,132298,641583,1.Hindus,1042294,2.Muslims,137174,3.Religion not stated,5395,594.0,590.0,594.0,560.0,281
1904,karnataka,mandya,2011.0,71,57,31,0,31,34,31,3,12,98,0,230,0,1763705,888034,875671,7.14,1480990,986.0,17193,61.05,70.5,51.53,840419,682440,157979,923286,1.Hindus,1667640,2.Muslims,69890,3.Buddhists,11093,1369.0,1330.0,1323.0,1185.0,458
1905,karnataka,raichur,2011.0,53,32,29,0,29,37,14,23,10,149,0,174,0,1669762,841840,827922,21.93,1248925,983.0,303042,48.81,61.52,35.93,732762,544347,188415,937000,1.Hindus,1417051,2.Muslims,228652,3.Christians,12390,830.0,806.0,796.0,306.0,338
1906,karnataka,shimoga,2011.0,54,76,23,0,23,25,18,7,6,123,10,278,0,1642545,830559,811986,12.9,1071535,978.0,55997,74.52,82.01,66.88,714671,586832,127839,927874,1.Hindus,1401087,2.Muslims,200979,3.Christians,26474,1443.0,1415.0,1399.0,989.0,311
1907,karnataka,tumkur,2011.0,101,94,31,0,31,40,14,26,17,135,0,124,0,2584711,1313801,1270910,11.87,2077509,967.0,193819,67.01,76.78,56.94,1316939,1050291,266648,1267772,1.Hindus,2349801,2.Muslims,211732,3.Christians,7736,2574.0,2477.0,2573.0,2123.0,382
1908,kerala,idukki,2011.0,20,31,54,0,54,10,8,2,0,169,18,237,0,1129221,566682,562539,6.96,1071628,993.0,50973,88.69,92.33,85.02,487352,400699,86653,641869,1.Hindus,566744,2.Muslims,480108,3.Christians,81222,64.0,64.0,64.0,60.0,62
1909,kerala,kannur,2011.0,20,45,55,0,55,14,11,3,0,161,23,373,0,2408956,1152817,1256139,7.13,1196058,1090.0,19969,92.59,96.13,89.4,767197,626876,140321,1641759,1.Hindus,1480748,2.Muslims,665648,3.Christians,261019,78.0,78.0,78.0,78.0,78
1910,kerala,kottayam,2011.0,22,50,51,0,51,24,21,3,2,258,31,285,0,1953646,964926,988720,6.76,1653838,1025.0,18340,95.82,97.34,94.35,642157,539609,102548,1311489,1.Hindus,963497,2.Muslims,871371,3.Christians,116686,89.0,89.0,89.0,89.0,88
1911,kerala,malappuram,2011.0,13,17,83,0,83,24,12,12,0,232,27,661,0,3625471,1754576,1870895,17.22,3269301,1066.0,12267,89.61,93.25,86.26,874476,691848,182628,2750995,1.Hindus,2484576,2.Muslims,1057418,3.Christians,80650,122.0,122.0,122.0,122.0,121
1912,kerala,palakkad,2011.0,41,43,85,0,85,13,9,4,2,156,18,404,0,2617482,1266985,1350497,9.86,2260907,1066.0,39665,84.35,89.52,79.56,945052,768620,176432,1672430,1.Hindus,1802766,2.Muslims,703596,3.Christians,109249,144.0,144.0,144.0,141.0,139
1913,kerala,pathanamthitta,2011.0,20,19,33,0,33,17,15,2,0,157,14,158,0,1234016,589398,644618,3.72,1110218,1094.0,6549,94.84,96.41,93.43,366049,285844,80205,867967,1.Hindus,694560,2.Muslims,481602,3.Christians,56457,65.0,65.0,65.0,64.0,63
1914,maharashtra,akola,2011.0,46,43,30,0,30,40,37,3,13,93,24,140,0,1630239,841253,788986,20.51,1002742,938.0,100088,81.41,88.91,73.43,648243,582264,65979,981996,1.Hindus,1024080,2.Muslims,296272,3.Buddhists,293184,862.0,851.0,840.0,786.0,212
1915,maharashtra,bhandara,2011.0,33,15,23,0,23,12,9,3,1,30,14,50,0,1136146,573445,562701,11.2,960418,981.0,97718,78.47,88.97,67.82,536885,365464,171421,599261,1.Hindus,953507,2.Buddhists,144541,3.Muslims,23324,778.0,772.0,774.0,716.0,442
1916,maharashtra,chandrapur,2011.0,50,39,56,0,56,30,25,5,4,108,77,109,0,2071101,1062993,1008108,17.26,1406034,948.0,375256,73.17,82.94,62.89,930791,683029,247762,1140310,1.Hindus,1680113,2.Buddhists,274067,3.Muslims,76050,1472.0,1462.0,1444.0,1359.0,318
1917,maharashtra,dhule,2011.0,49,31,16,0,16,27,27,0,4,52,7,203,0,1707947,878372,829575,16.01,1262062,944.0,443564,71.65,81.4,61.39,737941,573496,164445,970006,1.Hindus,1522895,2.Muslims,149466,3.Buddhists,14613,678.0,675.0,673.0,669.0,276
1918,maharashtra,gadchiroli,2011.0,82,27,20,0,20,5,3,2,0,24,3,23,0,970294,491101,479193,23.25,903033,976.0,371696,60.1,71.86,48.07,497104,336959,160145,473190,1.Hindus,818640,2.Buddhists,78058,3.Others,44825,1521.0,1509.0,1320.0,1279.0,369
1919,maharashtra,jalgaon,2011.0,81,72,48,0,48,57,25,32,8,146,51,364,0,3682690,1905493,1777197,15.44,2629896,933.0,435951,75.43,85.91,64.3,1563983,1300086,263897,2118707,1.Hindus,3049368,2.Muslims,455288,3.Buddhists,126136,1491.0,1491.0,1486.0,1470.0,934
1920,maharashtra,jalna,2011.0,47,40,15,0,15,20,17,3,23,73,10,289,0,1612980,826903,786077,18.17,1305115,951.0,32103,64.4,79.14,49.04,716900,611998,104902,896080,1.Hindus,1255041,2.Muslims,211531,3.Buddhists,121033,963.0,963.0,959.0,952.0,380
1921,maharashtra,kolhapur,2011.0,65,41,42,0,42,38,35,3,19,59,18,121,0,3523162,1807470,1715692,17.59,2472809,949.0,21387,76.93,87.47,66.02,1652970,1394882,258088,1870192,1.Hindus,3077263,2.Muslims,236875,3.Jains,147285,1196.0,1194.0,1190.0,1185.0,638
1922,maharashtra,latur,2011.0,68,48,17,0,17,37,37,0,4,57,0,156,0,2080285,1075257,1005028,23.95,1590024,935.0,47836,71.54,82.94,59.4,840518,712849,127669,1239767,1.Hindus,1700679,2.Muslims,292996,3.Buddhists,74351,921.0,921.0,919.0,917.0,409
1923,maharashtra,nanded,2011.0,90,76,32,0,32,52,43,9,29,93,3,325,0,2876259,1481358,1394901,23.08,2187195,942.0,253596,67.77,80.44,54.35,1202037,965087,236950,1674222,1.Hindus,2162185,2.Muslims,385081,3.Buddhists,302161,1546.0,1538.0,1531.0,1536.0,209
1924,maharashtra,osmanabad,2011.0,42,35,30,0,30,28,18,10,2,88,11,186,0,1486586,769368,717218,15.35,1253330,932.0,27857,69.02,80.42,56.89,653522,555202,98320,833064,1.Hindus,1297858,2.Muslims,151181,3.Buddhists,28356,729.0,729.0,727.0,726.0,400
1925,maharashtra,parbhani,2011.0,58,64,26,0,26,36,16,20,5,80,6,215,0,1527715,780191,747524,15.31,1042529,958.0,35210,66.07,79.63,52.02,644752,559917,84835,882963,1.Hindus,1121246,2.Muslims,243935,3.Buddhists,153231,830.0,830.0,824.0,821.0,386
1926,maharashtra,ratnagiri,2011.0,15,12,30,0,30,12,10,2,1,35,18,49,0,1696777,794498,902279,9.87,1504568,1136.0,20102,75.05,85.89,65.77,763387,557613,205774,933390,1.Hindus,1391137,2.Muslims,175672,3.Buddhists,120855,1539.0,1538.0,1539.0,1484.0,810
1927,maharashtra,sangli,2011.0,53,29,40,0,40,22,13,9,5,51,8,98,0,2583524,1320088,1263436,17.59,1950306,957.0,17855,76.62,86.26,66.73,1218655,952241,266414,1364869,1.Hindus,2243478,2.Muslims,203524,3.Jains,85160,721.0,721.0,721.0,719.0,567
1928,maharashtra,satara,2011.0,55,40,34,0,34,41,36,5,2,80,16,179,0,2808994,1408326,1400668,14.1,2410873,995.0,21896,78.22,88.2,68.38,1303658,1044989,258669,1505336,1.Hindus,2533359,2.Buddhists,128570,3.Muslims,125661,1716.0,1716.0,1701.0,1680.0,646
1929,maharashtra,sindhudurg,2011.0,12,7,11,0,11,10,7,3,0,8,12,5,0,868825,417890,450935,3.55,786506,1079.0,4952,80.3,90.26,71.23,404985,233827,171158,463840,1.Hindus,802498,2.Buddhists,24320,3.Muslims,23668,743.0,743.0,735.0,722.0,593
1930,maharashtra,wardha,2011.0,37,33,34,0,34,26,23,3,3,88,45,62,0,1236736,638990,597746,15.3,911695,935.0,154415,80.06,87.18,72.45,550351,431330,119021,686385,1.Hindus,1006235,2.Buddhists,169579,3.Muslims,47605,1004.0,998.0,998.0,842.0,392
1931,maharashtra,yavatmal,2011.0,84,47,44,0,44,54,46,8,8,118,37,198,0,2458271,1265681,1192590,18.46,2001060,942.0,473370,73.62,84.09,62.52,1118937,949453,169484,1339334,1.Hindus,1999368,2.Buddhists,221793,3.Muslims,196909,1856.0,1820.0,1795.0,1729.0,723
1932,manipur,bishnupur,2011.0,5,24,2,0,2,18,11,7,0,11,0,3,0,208368,104550,103818,13.9,133627,993.0,6143,67.63,79.61,55.66,89703,55557,34146,118665,1.Hindus,148903,2.Others,38763,3.Muslims,14194,48.0,48.0,46.0,47.0,28
1933,manipur,chandel,2011.0,2,8,1,0,1,0,0,0,0,0,0,0,0,118327,59741,58586,72.8,103365,981.0,108779,56.23,64.34,47.98,54545,39935,14610,63782,1.Christians,109128,2.Hindus,5701,3.Muslims,2318,350.0,323.0,190.0,214.0,25
1934,manipur,churachandpur,2011.0,7,1,0,0,0,7,3,4,0,0,0,1,0,227905,117232,110673,29.81,227905,944.0,212482,70.59,77.67,63.06,99363,71933,27430,128542,1.Christians,213186,2.Hindus,10538,3.Muslims,2573,540.0,539.0,306.0,395.0,66
1935,manipur,tamenglong,2011.0,4,0,0,0,0,0,0,0,0,1,0,0,0,111499,58014,53485,29.23,111499,922.0,106349,59.25,68.72,48.95,50863,43353,7510,60636,1.Christians,105791,2.Hindus,3187,3.Muslims,1431,171.0,171.0,75.0,157.0,42
1936,manipur,thoubal,2011.0,9,38,21,0,21,39,28,11,0,8,0,19,0,364140,182250,181890,24.62,232868,998.0,4274,66.41,80.43,52.46,177343,111486,65857,186797,1.Hindus,221096,2.Muslims,86849,3.Others,50819,90.0,90.0,84.0,88.0,36
1937,manipur,ukhrul,2011.0,7,8,1,0,1,3,0,3,0,0,0,0,0,140778,73465,67313,28.98,140778,916.0,134493,73.12,80.13,65.41,66515,51564,14951,74263,1.Christians,133966,2.Hindus,5687,3.Muslims,881,198.0,198.0,154.0,188.0,47
1938,mizoram,aizawl,2011.0,10,10,35,0,35,1,0,1,0,43,0,9,0,325676,166877,158799,39.24,77531,952.0,303641,96.51,96.75,96.26,162961,125328,37633,162715,1.Christians,303893,2.Hindus,14508,3.Muslims,5185,96.0,96.0,81.0,86.0,46
1939,mizoram,lawngtlai,2011.0,1,1,2,0,2,1,0,1,0,0,0,0,0,73620,38776,34844,34.78,73620,899.0,70234,64.74,70.9,57.81,34093,26188,7905,39527,1.Buddhists,38410,2.Christians,32877,3.Hindus,1910,139.0,139.0,27.0,134.0,24
1940,mizoram,lunglei,2011.0,2,3,13,0,13,2,0,2,0,3,0,0,0,137223,71402,65821,23.1,79267,922.0,130768,84.17,87.44,80.6,71792,60870,10922,65431,1.Christians,109204,2.Buddhists,22429,3.Hindus,4612,160.0,160.0,101.0,130.0,55
1941,nagaland,kohima,2011.0,7,6,0,0,0,0,0,0,0,0,0,0,0,310084,162251,147833,49.96,233054,911.0,280753,74.54,80.3,68.15,135023,114456,20567,175061,1.Christians,278844,2.Hindus,21950,3.Others,5457,180.0,179.0,148.0,164.0,82
1942,nagaland,mokokchung,2011.0,3,0,2,0,2,2,1,1,0,0,0,0,0,232085,120929,111156,43.48,200871,919.0,217653,83.92,86.03,81.61,109260,82160,27100,122825,1.Christians,219282,2.Hindus,10433,3.Muslims,2128,102.0,101.0,97.0,99.0,82
1943,nagaland,mon,2011.0,6,3,2,0,2,0,0,0,0,0,0,0,0,260652,138753,121899,73.42,244062,879.0,244821,41.83,46.56,36.35,130848,108206,22642,129804,1.Christians,248684,2.Hindus,9963,3.Muslims,1748,110.0,110.0,102.0,107.0,69
1944,nagaland,phek,2011.0,4,8,3,0,3,0,0,0,0,2,0,0,0,148195,77141,71054,45.12,135331,921.0,142977,70.65,78.37,62.26,71398,57454,13944,76797,1.Christians,143048,2.Hindus,4095,3.Muslims,517,104.0,104.0,102.0,102.0,54
1945,nagaland,tuensang,2011.0,1,2,2,0,2,4,0,4,0,0,0,0,0,414818,218678,196140,78.1,385046,897.0,398350,50.64,55.12,45.58,184924,156950,27974,229894,1.Christians,406287,2.Hindus,6856,3.Muslims,1329,251.0,251.0,238.0,230.0,123
1946,nagaland,wokha,2011.0,2,7,1,0,1,2,0,2,0,0,0,0,0,161223,83670,77553,95.01,123587,927.0,153983,80.55,85.35,75.32,56254,49679,6575,104969,1.Christians,155009,2.Hindus,4787,3.Muslims,1209,128.0,128.0,105.0,104.0,67
1947,nagaland,zunheboto,2011.0,4,4,3,0,3,1,1,0,0,0,0,0,0,153955,79056,74899,61.0,130874,947.0,147915,69.28,73.74,64.57,56783,47491,9292,97172,1.Christians,150097,2.Hindus,3193,3.Muslims,492,187.0,186.0,187.0,178.0,57
1948,punjab,amritsar,2011.0,52,41,16,0,16,21,20,1,1,16,0,58,0,3096077,1650589,1445488,22.72,1872802,876.0,-,67.27,72.61,61.26,1112200,938100,174100,1983877,1.Sikhs,2383575,2.Hindus,648284,3.Christians,51948,1185.0,1151.0,1185.0,1114.0,696
1949,punjab,faridkot,2011.0,17,18,8,0,8,7,6,1,1,10,0,20,0,550892,292596,258296,21.42,357321,883.0,-,61.95,68.15,55.03,209754,181873,27881,341138,1.Sikhs,427104,2.Hindus,119702,3.Muslims,1739,163.0,163.0,163.0,160.0,107
1950,punjab,gurdaspur,2011.0,22,29,12,0,12,26,22,4,6,17,0,38,0,2104011,1113077,990934,19.33,1568788,890.0,-,73.77,79.78,67.15,700557,568322,132235,1403454,1.Hindus,996246,2.Sikhs,934963,3.Christians,148981,1532.0,1531.0,1532.0,1375.0,517
1951,punjab,hoshiarpur,2011.0,51,43,28,0,28,31,23,8,11,13,2,72,0,1480736,765132,715604,13.81,1188662,935.0,-,81.02,86.45,75.32,513351,415123,98228,967385,1.Hindus,871923,2.Sikhs,574862,3.Muslims,15394,1386.0,1386.0,1386.0,1232.0,382
1952,punjab,jalandhar,2011.0,41,51,31,0,31,32,26,6,6,22,0,57,0,1962700,1040177,922523,18.4,1030717,887.0,-,78.04,82.49,73.08,676835,599324,77511,1285865,1.Hindus,1158868,2.Sikhs,740841,3.Christians,22106,934.0,934.0,934.0,832.0,598
1953,punjab,kapurthala,2011.0,33,39,16,0,16,20,17,3,2,10,0,39,0,754521,399623,354898,16.34,507994,888.0,-,73.93,79.02,68.29,262741,231222,31519,491780,1.Sikhs,448654,2.Hindus,286438,3.Buddhists,7740,618.0,618.0,618.0,478.0,359
1954,punjab,ludhiana,2011.0,16,30,8,0,8,15,10,5,4,4,4,22,0,3032831,1662716,1370115,24.79,1339178,824.0,-,76.5,80.25,71.95,1149638,1041517,108121,1883193,1.Sikhs,1744446,2.Hindus,1205128,3.Muslims,52220,897.0,897.0,897.0,842.0,550
1955,punjab,patiala,2011.0,47,43,25,0,25,31,26,5,13,22,0,95,0,1844934,987390,857544,20.31,1200224,868.0,-,69.78,75.88,62.86,681951,589015,92936,1162983,1.Sikhs,1024546,2.Hindus,778427,3.Muslims,34828,1054.0,1053.0,1054.0,986.0,172
1956,punjab,sangrur,2011.0,38,52,30,0,30,25,11,14,14,10,0,36,0,2000173,1069289,930884,18.57,1415354,871.0,-,59.98,65.81,53.38,814098,714076,100022,1186075,1.Sikhs,1400149,2.Hindus,434873,3.Muslims,157838,697.0,697.0,697.0,684.0,291
1957,rajasthan,ajmer,2011.0,50,41,70,0,70,123,108,15,15,105,0,709,0,2181670,1129920,1051750,26.1,1306994,931.0,52634,64.65,79.37,48.86,856809,690818,165991,1324861,1.Hindus,1869044,2.Muslims,244341,3.Jains,47812,1025.0,1025.0,966.0,970.0,352
1958,rajasthan,alwar,2011.0,104,51,99,0,99,161,143,18,53,136,0,556,0,2992592,1586752,1405840,30.23,2557653,886.0,239905,61.74,78.09,43.28,1458686,947587,511099,1533906,1.Hindus,2535155,2.Muslims,383204,3.Sikhs,55530,1954.0,1954.0,1843.0,1811.0,553
1959,rajasthan,banswara,2011.0,34,14,55,0,55,102,95,7,6,59,2,190,0,1501589,760686,740903,29.84,1394226,974.0,1085272,44.63,60.45,28.43,709412,529393,180019,792177,1.Hindus,1425287,2.Muslims,39079,3.Jains,18406,1476.0,1476.0,853.0,1348.0,450
1960,rajasthan,barmer,2011.0,29,27,21,0,21,34,34,0,27,36,0,201,0,1964835,1038247,926588,36.83,1819431,892.0,118688,58.99,72.76,43.45,919729,680208,239521,1045106,1.Hindus,1695047,2.Muslims,231918,3.Jains,35744,1933.0,1933.0,948.0,1777.0,433
1961,rajasthan,bharatpur,2011.0,95,83,69,0,69,193,139,54,29,85,0,478,0,2101142,1133425,967717,27.05,1692182,854.0,47077,63.57,80.54,43.56,852913,573547,279366,1248229,1.Hindus,1804599,2.Muslims,264709,3.Sikhs,23472,1366.0,1365.0,1238.0,1298.0,481
1962,rajasthan,bhilwara,2011.0,34,30,52,0,52,85,74,11,16,90,0,558,0,2013789,1026650,987139,26.14,1598938,962.0,180556,50.74,67.39,33.48,939848,764916,174932,1073941,1.Hindus,1859972,2.Muslims,112802,3.Jains,37659,1693.0,1693.0,1553.0,1516.0,473
1963,rajasthan,bikaner,2011.0,39,47,55,0,55,31,25,6,17,54,0,446,0,1674271,886075,788196,38.18,1079235,890.0,5945,56.91,70.05,42.03,661457,522482,138975,1012814,1.Hindus,1445088,2.Muslims,172372,3.Jains,31235,712.0,686.0,485.0,611.0,173
1964,rajasthan,bundi,2011.0,22,44,40,0,40,110,99,11,6,114,0,298,0,962620,504818,457802,24.8,783058,907.0,194851,55.57,71.68,37.79,456937,305977,150960,505683,1.Hindus,881956,2.Muslims,56220,3.Jains,13186,839.0,838.0,733.0,764.0,178
1965,rajasthan,churu,2011.0,40,46,37,0,37,33,26,7,10,11,0,342,0,1923878,987781,936097,24.6,1387682,948.0,10063,66.81,79.69,53.35,853899,587431,266468,1069979,1.Hindus,1698106,2.Muslims,210446,3.Jains,13882,946.0,925.0,877.0,909.0,423
1966,rajasthan,dungarpur,2011.0,24,11,39,0,39,89,87,2,5,57,0,134,0,1107643,547791,559852,26.58,1026787,1022.0,721487,48.57,66.04,31.77,531376,272283,259093,576267,1.Hindus,1068319,2.Muslims,23549,3.Jains,12542,854.0,853.0,723.0,819.0,368
1967,rajasthan,ganganagar,2011.0,56,76,99,0,99,76,68,8,19,73,1,653,0,1789423,955378,834045,27.53,1336066,873.0,14744,64.74,75.53,52.44,719792,552559,167233,1069631,1.Hindus,1299812,2.Sikhs,441409,3.Muslims,42442,2830.0,2820.0,1817.0,1653.0,654
1968,rajasthan,jaisalmer,2011.0,11,8,4,0,4,7,5,2,5,17,0,20,0,508247,279101,229146,47.45,431853,821.0,27834,50.97,66.26,32.05,211687,153139,58548,296560,1.Hindus,383638,2.Muslims,120174,3.Sikhs,2086,600.0,576.0,183.0,473.0,144
1969,rajasthan,jhalawar,2011.0,33,64,67,0,67,70,55,15,14,201,3,385,0,1180323,612804,567519,23.34,1012081,926.0,141861,57.32,73.31,40.02,554781,399386,155395,625542,1.Hindus,1087934,2.Muslims,78962,3.Jains,11759,1477.0,1476.0,1185.0,1173.0,214
1970,rajasthan,nagaur,2011.0,44,62,70,0,70,68,60,8,14,66,0,398,0,2775058,1424967,1350091,29.33,2297721,947.0,6497,57.28,74.1,39.67,1129514,844039,285475,1645544,1.Hindus,2399173,2.Muslims,356405,3.Jains,17478,1480.0,1466.0,1417.0,1417.0,580
1971,rajasthan,pali,2011.0,31,80,64,0,64,106,88,18,11,84,0,451,0,1820251,918856,901395,22.39,1429364,981.0,105814,54.39,72.2,36.48,724883,518158,206725,1095368,1.Hindus,1677038,2.Muslims,114088,3.Jains,25599,936.0,936.0,883.0,906.0,451
1972,rajasthan,sikar,2011.0,49,32,50,0,50,91,69,22,26,11,0,232,0,2287788,1172753,1115035,24.11,1815250,951.0,62512,70.47,84.34,56.11,887915,633421,254494,1399873,1.Hindus,2019396,2.Muslims,261714,3.Jains,4957,986.0,985.0,965.0,945.0,470
1973,rajasthan,sirohi,2011.0,19,28,27,0,27,60,52,8,5,76,0,156,0,851107,437949,413158,30.08,700217,943.0,210763,53.94,69.89,37.15,343905,245762,98143,507202,1.Hindus,810765,2.Muslims,25439,3.Jains,12427,455.0,454.0,399.0,423.0,201
1974,rajasthan,tonk,2011.0,28,14,25,0,25,79,75,4,5,23,0,315,0,1211671,626436,585235,24.24,958503,934.0,145891,51.97,70.52,32.15,532682,425230,107452,678989,1.Hindus,1062365,2.Muslims,124440,3.Jains,23644,1032.0,1031.0,818.0,887.0,246
1975,rajasthan,udaipur,2011.0,83,90,110,0,110,198,162,36,14,150,0,444,0,2633312,1336004,1297308,27.37,2142995,971.0,1260432,58.62,73.62,43.26,1100880,724120,376760,1532432,1.Hindus,2449773,2.Muslims,88262,3.Jains,83699,2339.0,2337.0,1647.0,2030.0,619
1976,sikkim,east,2011.0,8,3,7,0,7,5,5,0,0,6,0,2,0,245040,132917,112123,37.17,192188,844.0,45321,74.67,81.2,66.8,116529,92577,23952,128511,1.Hindus,157321,2.Buddhists,64729,3.Christians,14502,131.0,131.0,125.0,112.0,100
1977,sikkim,north,2011.0,1,0,0,0,0,0,0,0,0,1,0,0,0,41030,23414,17616,31.32,39782,752.0,21772,67.21,75.69,55.39,23542,17553,5989,17488,1.Buddhists,22603,2.Hindus,16128,3.Christians,1623,53.0,53.0,46.0,42.0,44
1978,sikkim,south,2011.0,2,3,4,0,4,4,4,0,0,11,0,1,0,131525,68241,63284,33.37,127579,927.0,20483,67.31,74.29,59.72,69693,57367,12326,61832,1.Hindus,84213,2.Buddhists,31109,3.Christians,12757,145.0,145.0,142.0,131.0,99
1979,sikkim,west,2011.0,3,1,5,0,5,1,1,0,0,6,0,1,0,123256,63912,59344,25.48,121432,929.0,23829,58.8,66.82,50.11,53279,45407,7872,69977,1.Hindus,71886,2.Buddhists,33601,3.Others,9567,121.0,121.0,115.0,107.0,86
1980,tripura,dhalai,2011.0,24,13,21,0,21,16,9,7,1,38,0,52,0,307868,159095,148773,10.79,289001,935.0,166326,60.93,70.17,50.99,126761,92570,34191,181107,1.Hindus,257834,2.Buddhists,28180,3.Christians,14848,148.0,148.0,108.0,138.0,58
1981,chandigarh,chandigarh,2011.0,24,40,27,0,27,58,46,12,2,21,12,46,0,900635,506938,393697,40.33,92120,777.0,-,81.94,86.14,76.47,340422,328989,11433,560213,1.Hindus,707978,2.Sikhs,145175,3.Muslims,35548,23.0,23.0,23.0,18.0,18
1982,assam,barpeta,2012.0,34,21,98,0,98,225,224,1,5,67,0,638,0,1647201,848578,798623,18.53,1520333,941.0,123266,56.24,64.83,47.07,517088,408537,108551,1130113,1.Hindus,977943,2.Muslims,662066,3.Christians,5267,1050.0,1050.0,775.0,967.0,430
1983,assam,bongaigaon,2012.0,17,9,50,0,50,73,59,14,6,15,0,169,0,904835,465240,439595,12.23,795053,945.0,110696,59.33,67.67,50.44,293243,233087,60156,611592,1.Hindus,535464,2.Muslims,348573,3.Christians,18728,881.0,881.0,607.0,805.0,112
1984,assam,cachar,2012.0,72,0,94,0,94,175,163,12,19,11,0,551,0,1444921,743042,701879,18.66,1243534,945.0,18631,67.82,75.73,59.41,465734,364814,100920,979187,1.Hindus,886761,2.Muslims,522051,3.Christians,31306,1020.0,1020.0,741.0,902.0,134
1985,assam,darrang,2012.0,36,3,88,0,88,191,168,23,9,246,0,387,0,1504320,773861,730459,15.79,1429492,944.0,249861,55.44,63.91,46.4,527993,404428,123565,976327,1.Hindus,868532,2.Muslims,534658,3.Christians,97306,1319.0,1319.0,1032.0,1246.0,356
1986,assam,dhemaji,2012.0,24,10,74,0,74,87,61,26,2,17,0,82,0,571944,294643,277301,18.93,533112,941.0,270496,64.48,74.41,53.86,250146,155431,94715,321798,1.Hindus,548780,2.Muslims,10533,3.Christians,6390,1236.0,1236.0,253.0,1068.0,83
1987,assam,dhubri,2012.0,65,46,159,0,159,315,305,10,13,218,1,729,0,1637344,841044,796300,23.42,1444901,947.0,32523,48.21,55.91,40.04,470360,399201,71159,1166984,1.Hindus,1216455,2.Muslims,405065,3.Christians,12477,1261.0,1261.0,904.0,1138.0,374
1988,assam,dibrugarh,2012.0,81,33,50,0,50,134,75,59,0,138,0,316,0,1185072,613555,571517,12.43,956634,931.0,88337,68.96,77.3,59.95,472419,342708,129711,712653,1.Hindus,1075878,2.Muslims,53306,3.Christians,45040,1309.0,1309.0,1195.0,1169.0,263
1989,assam,goalpara,2012.0,55,44,65,0,65,84,68,16,3,97,0,323,0,822035,420251,401784,23.07,755133,956.0,131800,58.03,64.86,50.85,273925,209928,63997,548110,1.Hindus,441516,2.Muslims,314157,3.Christians,64662,761.0,761.0,689.0,723.0,243
1990,assam,golaghat,2012.0,58,34,60,0,60,181,154,27,1,72,0,226,0,946279,490286,455993,14.21,865141,930.0,93920,69.38,77.14,60.99,388640,269896,118744,557639,1.Hindus,813263,2.Muslims,74808,3.Christians,52277,1066.0,1066.0,595.0,769.0,87
1991,assam,hailakandi,2012.0,24,13,56,0,56,96,65,31,6,52,0,125,0,542872,280513,262359,20.92,498787,935.0,821,59.64,68.24,50.46,179881,138216,41665,362991,1.Hindus,312849,2.Muslims,223191,3.Christians,5424,327.0,327.0,268.0,308.0,110
1992,assam,jorhat,2012.0,36,36,42,0,42,106,95,11,1,53,0,254,0,999221,517015,482206,15.84,827901,933.0,123134,76.34,83.62,68.49,414348,285092,129256,584873,1.Hindus,927858,2.Muslims,47658,3.Christians,18610,787.0,787.0,650.0,717.0,215
1993,assam,kamrup,2012.0,48,11,54,0,54,121,107,14,5,70,0,172,0,2522324,1326981,1195343,25.75,1614107,901.0,250393,74.16,81.16,66.31,842253,697810,144443,1680071,1.Hindus,1836153,2.Muslims,625002,3.Christians,44257,1342.0,1342.0,1042.0,1190.0,468
1994,assam,karimganj,2012.0,36,22,32,0,32,85,85,0,11,4,0,262,0,1007976,517680,490296,21.35,934126,947.0,2901,66.24,74.69,57.28,303294,235016,68278,704682,1.Hindus,527214,2.Muslims,470708,3.Christians,8746,915.0,915.0,639.0,865.0,224
1995,assam,kokrajhar,2012.0,110,42,27,0,27,90,65,25,3,31,0,84,2,905764,466191,439573,15.05,841823,943.0,304985,51.63,60.32,42.4,334849,234771,100078,570915,1.Hindus,594168,2.Muslims,184441,3.Christians,124270,951.0,951.0,704.0,906.0,211
1996,assam,lakhimpur,2012.0,37,10,62,0,62,128,97,31,0,25,0,19,0,889010,455691,433319,18.34,823857,951.0,208864,68.56,77.06,59.59,497745,288052,209693,391265,1.Hindus,702881,2.Muslims,143505,3.Christians,36667,1139.0,1139.0,680.0,1046.0,211
1997,assam,nagaon,2012.0,74,86,173,0,173,351,348,3,10,245,3,875,0,2314629,1190950,1123679,22.3,2036342,944.0,89394,61.73,68.27,54.74,727641,566195,161446,1586988,1.Hindus,1180267,2.Muslims,1106354,3.Christians,21473,1375.0,1374.0,1190.0,1257.0,480
1998,assam,nalbari,2012.0,22,3,34,0,34,101,89,12,3,83,0,131,0,1148824,592375,556449,11.98,1121338,939.0,202577,67.23,76.56,57.26,383932,291665,92267,764892,1.Hindus,873749,2.Muslims,253842,3.Christians,18495,798.0,798.0,733.0,769.0,179
1999,assam,sibsagar,2012.0,71,60,78,0,78,168,153,15,5,134,0,269,0,1051736,545476,506260,15.95,954557,928.0,41533,74.47,81.53,66.81,430523,287319,143204,621213,1.Hindus,927706,2.Muslims,85761,3.Christians,28488,866.0,866.0,772.0,825.0,317
2000,assam,sonitpur,2012.0,91,41,97,0,97,241,220,21,11,39,0,124,0,1681513,871568,809945,17.8,1505719,929.0,195083,59.0,67.54,49.73,634723,465283,169440,1046790,1.Hindus,1287646,2.Muslims,268078,3.Christians,115623,1784.0,1784.0,1331.0,1372.0,235
2001,assam,tinsukia,2012.0,86,32,64,0,64,160,142,18,1,43,0,137,0,1150062,601099,548963,19.52,926105,913.0,67234,60.95,70.15,50.78,466351,349847,116504,683711,1.Hindus,1029142,2.Muslims,62403,3.Christians,40000,1107.0,1107.0,871.0,936.0,198
2002,bihar,araria,2012.0,81,107,53,0,53,122,78,44,21,8,7,32,0,2158608,1128105,1030503,31.84,2026257,913.0,29423,35.01,46.38,22.37,853445,657446,195999,1305163,1.Hindus,1263766,2.Muslims,887972,3.Jains,2504,713.0,713.0,129.0,552.0,60
2003,bihar,aurangabad,2012.0,89,192,22,0,22,71,58,13,27,2,0,110,0,2013055,1040945,972110,30.19,1842998,934.0,1640,57.03,71.13,41.9,671011,476390,194621,1342044,1.Hindus,1814612,2.Muslims,196030,3.Religion not stated,1161,1739.0,1739.0,527.0,1148.0,270
2004,bihar,begusarai,2012.0,120,261,11,0,11,143,113,30,27,0,0,79,0,2349366,1228874,1120492,29.11,2241743,912.0,1505,47.98,59.13,35.64,746075,571564,174511,1603291,1.Hindus,2033039,2.Muslims,313713,3.Religion not stated,1224,729.0,729.0,457.0,503.0,167
2005,bihar,bhagalpur,2012.0,99,77,31,0,31,132,106,26,24,0,4,119,0,2423172,1291658,1131514,27.24,1970745,876.0,55545,49.5,59.22,38.13,855345,580731,274614,1567827,1.Hindus,1990976,2.Muslims,423246,3.Christians,1853,935.0,935.0,445.0,642.0,229
2006,bihar,bhojpur,2012.0,71,121,9,0,9,74,69,5,38,0,0,56,0,2243144,1179611,1063533,24.58,1930730,902.0,8337,58.96,74.29,41.8,653811,491916,161895,1589333,1.Hindus,2076589,2.Muslims,163193,3.Religion not stated,913,999.0,999.0,247.0,885.0,133
2007,bihar,darbhanga,2012.0,78,407,44,0,44,207,150,57,34,0,1,377,0,3295789,1722189,1573600,30.85,3028441,914.0,841,44.33,56.72,30.78,1028558,761464,267094,2267231,1.Hindus,2543284,2.Muslims,748971,3.Religion not stated,2245,1083.0,1083.0,490.0,850.0,271
2008,bihar,gaya,2012.0,153,39,35,0,35,154,120,34,53,0,0,92,0,3473428,1792163,1681265,30.19,2997479,938.0,2945,50.45,63.27,36.66,1277639,994459,283180,2195789,1.Hindus,3063841,2.Muslims,403439,3.Religion not stated,1622,2680.0,2680.0,539.0,1635.0,278
2009,bihar,gopalganj,2012.0,103,37,20,0,20,135,89,46,43,0,0,190,0,2152638,1075710,1076928,26.11,2022048,1001.0,6157,47.48,62.96,32.16,641672,466811,174861,1510966,1.Hindus,1784275,2.Muslims,367219,3.Religion not stated,850,1383.0,1383.0,439.0,866.0,261
2010,bihar,jehanabad,2012.0,46,12,8,0,8,47,41,6,24,0,0,37,0,1514315,784946,729369,28.64,1402703,929.0,1313,55.26,70.07,39.37,580905,422789,158116,933410,1.Hindus,1389053,2.Muslims,124149,3.Religion not stated,743,856.0,856.0,219.0,672.0,123
2011,bihar,katihar,2012.0,91,94,73,0,73,137,112,25,24,1,1,111,0,2392638,1246872,1145766,30.91,2174361,919.0,140418,35.09,45.31,23.8,898326,664259,234067,1494312,1.Hindus,1363523,2.Muslims,1017495,3.Christians,4994,1290.0,1290.0,277.0,785.0,248
2012,bihar,khagaria,2012.0,65,72,18,0,18,53,34,19,12,0,0,41,0,1280354,679267,601087,29.32,1204027,885.0,332,41.35,51.82,29.35,467240,333262,133978,813114,1.Hindus,1147346,2.Muslims,131441,3.Others,546,241.0,241.0,114.0,220.0,124
2013,bihar,kishanganj,2012.0,39,0,32,0,32,72,71,1,19,0,0,50,0,1296348,669552,626796,31.5,1167340,936.0,47116,31.09,42.71,18.63,417151,359819,57332,879197,1.Muslims,876105,2.Hindus,412995,3.Christians,2856,730.0,730.0,116.0,442.0,120
2014,bihar,madhepura,2012.0,56,130,31,0,31,77,56,21,15,0,2,46,0,1526646,797180,729466,29.45,1458679,915.0,9295,36.07,48.8,22.11,683976,498367,185609,842670,1.Hindus,1351978,2.Muslims,173605,3.Religion not stated,494,384.0,384.0,168.0,311.0,141
2015,bihar,madhubani,2012.0,77,71,31,0,31,191,163,28,27,0,0,195,0,3575281,1840997,1734284,26.08,3450736,942.0,1260,41.97,56.79,26.25,1227723,877412,350311,2347558,1.Hindus,2930501,2.Muslims,641579,3.Religion not stated,1477,1034.0,1034.0,437.0,901.0,232
2016,bihar,munger,2012.0,68,32,9,0,9,65,49,16,8,1,0,40,0,1137797,607730,530067,20.34,819950,872.0,18060,59.47,69.89,47.4,331451,233688,97763,806346,1.Hindus,1045233,2.Muslims,89791,3.Christians,1135,525.0,525.0,321.0,382.0,149
2017,bihar,muzaffarpur,2012.0,198,611,34,0,34,279,220,59,83,0,0,80,3,3746714,1951466,1795248,26.74,3398361,920.0,3472,47.95,59.1,35.81,1139830,895830,244000,2606884,1.Hindus,3168225,2.Muslims,573951,3.Religion not stated,2104,1725.0,1725.0,1021.0,1423.0,526
2018,bihar,nalanda,2012.0,114,75,11,0,11,113,85,28,79,7,1,116,0,2370528,1238599,1131929,18.64,2016899,914.0,970,53.19,66.44,38.58,903144,700007,203137,1467384,1.Hindus,2191552,2.Muslims,176871,3.Religion not stated,888,1000.0,1000.0,366.0,879.0,198
2019,bihar,patna,2012.0,356,86,49,0,49,376,300,76,97,19,1,377,0,4718592,2519942,2198650,30.17,2757060,873.0,9236,62.92,73.34,50.83,1425647,1161984,263663,3292945,1.Hindus,4333556,2.Muslims,366164,3.Christians,8951,1288.0,1288.0,615.0,1199.0,390
2020,bihar,rohtas,2012.0,132,214,26,0,26,130,94,36,44,15,0,92,0,2450748,1283485,1167263,27.71,2123942,909.0,25663,61.29,75.31,45.71,744183,544731,199452,1706565,1.Hindus,2199049,2.Muslims,246760,3.Sikhs,2549,1710.0,1710.0,493.0,1185.0,153
2021,bihar,saharsa,2012.0,53,198,16,0,16,95,76,19,10,0,0,72,0,1508182,789432,718750,33.03,1383015,910.0,4642,39.08,51.66,25.27,589467,411566,177901,918715,1.Hindus,1289364,2.Muslims,217922,3.Christians,437,441.0,441.0,127.0,374.0,63
2022,bihar,samastipur,2012.0,99,241,24,0,24,131,112,19,34,0,0,114,0,3394793,1760692,1634101,25.63,3271338,928.0,3362,45.13,57.59,31.67,1071974,843356,228618,2322819,1.Hindus,3035755,2.Muslims,355897,3.Religion not stated,1432,1122.0,1122.0,674.0,878.0,195
2023,bihar,saran,2012.0,128,289,23,0,23,178,137,41,74,0,0,138,0,3248701,1652661,1596040,26.37,2950064,966.0,6667,51.8,67.3,35.82,860940,644618,216322,2387761,1.Hindus,2909213,2.Muslims,337767,3.Religion not stated,758,1566.0,1566.0,544.0,1213.0,342
2024,bihar,sitamarhi,2012.0,97,35,20,0,20,167,143,24,30,0,0,100,0,2682720,1417611,1265109,32.58,2529407,892.0,1786,38.46,49.36,26.13,855156,714136,141020,1827564,1.Hindus,2111476,2.Muslims,568992,3.Religion not stated,1237,802.0,802.0,302.0,709.0,216
2025,bihar,siwan,2012.0,112,55,20,0,20,193,166,27,64,2,0,101,0,2714349,1336283,1378066,24.78,2564860,1031.0,13822,51.65,67.26,36.88,730437,511578,218859,1983912,1.Hindus,2218632,2.Muslims,494176,3.Religion not stated,899,1438.0,1438.0,441.0,1119.0,254
2026,bihar,vaishali,2012.0,122,153,20,0,20,223,171,52,62,1,0,196,0,2718421,1415603,1302818,26.39,2531766,920.0,3068,50.49,63.23,36.58,782717,624452,158265,1935704,1.Hindus,2457636,2.Muslims,259158,3.Religion not stated,922,1414.0,1414.0,970.0,929.0,154
2027,chhattisgarh,bilaspur,2012.0,74,42,47,0,47,33,28,5,10,169,11,95,0,1998355,1013875,984480,17.59,1511661,971.0,397104,63.51,78.43,48.17,857577,630504,227073,1140778,1.Hindus,1904580,2.Muslims,45342,3.Others,19325,1579.0,1545.0,1494.0,1426.0,452
2028,chhattisgarh,durg,2012.0,52,44,91,0,91,55,47,8,9,178,25,111,0,2810436,1417893,1392543,16.88,1738127,982.0,348801,75.62,86.43,64.64,1162833,965624,197209,1647603,1.Hindus,2654202,2.Muslims,70398,3.Sikhs,23399,1776.0,1762.0,1737.0,1698.0,669
2029,chhattisgarh,raigarh,2012.0,61,41,69,0,69,15,14,1,6,81,8,55,0,1265529,634597,630932,18.68,1096073,994.0,447703,70.16,82.7,57.62,601564,430725,170839,663965,1.Hindus,1212180,2.Christians,36098,3.Muslims,12637,1433.0,1410.0,1385.0,1350.0,279
2030,chhattisgarh,raipur,2012.0,56,46,111,0,111,22,14,8,8,148,38,109,0,3016930,1523925,1493005,18.97,2099312,980.0,365273,68.51,81.97,54.81,1264663,961507,303156,1752267,1.Hindus,2881933,2.Muslims,77963,3.Christians,16857,2124.0,2101.0,1955.0,1987.0,696
2031,chhattisgarh,rajnandgaon,2012.0,45,29,31,0,31,9,7,2,3,52,7,17,0,1283224,634342,648882,17.7,1051577,1023.0,341688,77.21,87.17,67.55,649401,558996,90405,633823,1.Hindus,1215492,2.Buddhists,28020,3.Muslims,21035,1605.0,1595.0,1550.0,1484.0,343
2032,gujarat,amreli,2012.0,18,19,10,0,10,80,75,5,0,20,7,146,0,1393918,701593,692325,6.45,1080960,987.0,3256,66.09,76.44,55.78,600819,470043,130776,793099,1.Hindus,1307460,2.Muslims,83077,3.Jains,2309,615.0,614.0,615.0,614.0,383
2033,gujarat,anand,2012.0,25,24,9,0,9,56,53,3,0,22,1,188,0,1856872,972000,884872,13.03,1348901,910.0,22835,74.51,86.09,61.94,784711,617669,167042,1072161,1.Hindus,1616127,2.Muslims,199263,3.Christians,29461,350.0,350.0,350.0,350.0,301
2034,gujarat,bharuch,2012.0,42,12,12,0,12,28,22,6,0,19,1,0,0,1370656,713676,656980,19.32,1018096,921.0,444043,74.41,82.98,65.11,570693,469551,101142,799963,1.Hindus,1059796,2.Muslims,293459,3.Christians,8824,657.0,657.0,656.0,644.0,403
2035,gujarat,bhavnagar,2012.0,46,23,13,0,13,105,96,9,0,30,42,221,0,2469630,1274920,1194710,19.29,1534592,937.0,7298,66.2,78.02,53.73,944559,781166,163393,1525071,1.Hindus,2264062,2.Muslims,172740,3.Jains,28921,790.0,790.0,789.0,786.0,526
2036,gujarat,gandhinagar,2012.0,23,4,20,0,20,29,26,3,0,10,1,159,0,1334455,697999,636456,23.88,867195,912.0,17681,76.59,87.74,64.58,554336,467413,86923,780119,1.Hindus,1269766,2.Muslims,50559,3.Jains,7769,291.0,291.0,291.0,290.0,244
2037,gujarat,jamnagar,2012.0,43,40,22,0,22,41,37,4,0,40,4,439,0,1904278,981320,922958,22.39,1068022,941.0,10459,66.48,76.25,56.18,734382,624057,110325,1169896,1.Hindus,1605941,2.Muslims,270223,3.Jains,21907,698.0,695.0,666.0,666.0,286
2038,gujarat,junagadh,2012.0,40,17,15,0,15,63,53,10,1,37,5,411,0,2448173,1252350,1195823,17.08,1736645,955.0,18832,67.78,78.74,56.43,1000842,785530,215312,1447331,1.Hindus,2165734,2.Muslims,274481,3.Jains,4291,923.0,922.0,901.0,858.0,803
2039,gujarat,narmada,2012.0,17,3,7,0,7,6,5,1,0,3,0,13,0,514404,263986,250418,14.4,462298,949.0,401654,59.86,72.44,46.61,259116,176372,82744,255288,1.Hindus,482552,2.Muslims,20429,3.Christians,5122,552.0,552.0,530.0,515.0,324
2040,gujarat,navsari,2012.0,19,9,4,0,4,15,15,0,0,4,0,114,0,1229463,628988,600475,13.22,893110,955.0,591164,75.83,82.77,68.61,545215,457002,88213,684248,1.Hindus,1135525,2.Muslims,69972,3.Jains,13575,374.0,374.0,374.0,368.0,268
2041,gujarat,patan,2012.0,18,15,7,0,7,31,31,0,0,32,1,151,0,1182709,612100,570609,14.08,944281,932.0,12637,60.36,73.63,46.33,533078,395470,137608,649631,1.Hindus,1057013,2.Muslims,119748,3.Jains,5136,517.0,516.0,517.0,514.0,265
2042,gujarat,porbandar,2012.0,18,8,10,0,10,8,7,1,1,8,0,73,0,536835,275821,261014,14.35,275460,946.0,6456,68.62,78.36,58.42,215134,173594,41540,321701,1.Hindus,507176,2.Muslims,28404,3.Jains,589,182.0,182.0,155.0,156.0,130
2043,gujarat,surendranagar,2012.0,40,26,19,0,19,51,46,5,0,51,5,124,0,1515148,787650,727498,25.34,1112700,924.0,14338,61.61,74.19,48.1,647609,512038,135571,867539,1.Hindus,1392451,2.Muslims,97846,3.Jains,22721,650.0,649.0,650.0,648.0,170
2044,gujarat,valsad,2012.0,21,14,12,0,12,25,19,6,0,9,0,15,0,1410553,734799,675754,29.66,1029392,920.0,772405,69.15,77.9,59.62,650257,503333,146924,760296,1.Hindus,1300005,2.Muslims,66440,3.Christians,15399,450.0,450.0,425.0,449.0,303
2045,haryana,bhiwani,2012.0,81,48,28,0,28,109,69,40,19,45,23,179,0,1425022,758253,666769,22.45,1154629,879.0,-,67.45,80.26,53.0,609320,425210,184110,815702,1.Hindus,1407363,2.Muslims,12740,3.Sikhs,2542,437.0,437.0,437.0,429.0,252
2046,haryana,faridabad,2012.0,72,50,47,0,47,103,87,16,8,31,84,197,0,2194586,1193063,1001523,48.47,973242,839.0,-,70.03,81.52,56.31,785762,609663,176099,1408824,1.Hindus,1896698,2.Muslims,247293,3.Sikhs,36005,413.0,413.0,413.0,376.0,188
2047,haryana,gurgaon,2012.0,82,66,44,0,44,56,47,9,15,18,31,150,0,1660289,886451,773838,44.64,1291285,873.0,-,62.91,76.17,47.78,629658,464644,165014,1030631,1.Hindus,1026542,2.Muslims,617918,3.Sikhs,6672,694.0,694.0,693.0,642.0,203
2048,haryana,jind,2012.0,50,36,34,0,34,58,40,18,17,27,0,114,0,1189827,642282,547545,21.35,948250,852.0,-,62.12,73.82,48.51,521946,372049,149897,667881,1.Hindus,1134539,2.Sikhs,29159,3.Muslims,20618,306.0,306.0,306.0,300.0,247
2049,haryana,kaithal,2012.0,31,20,18,0,18,38,20,18,6,15,0,127,0,946131,510513,435618,20.95,762649,853.0,-,59.02,69.15,47.31,372011,268127,103884,574120,1.Hindus,848765,2.Sikhs,88700,3.Muslims,6777,270.0,270.0,270.0,261.0,160
2050,haryana,karnal,2012.0,59,60,63,0,63,103,41,62,23,50,28,204,0,1274183,683368,590815,23.13,936341,865.0,-,67.74,76.29,57.97,455455,355466,99989,818728,1.Hindus,1125279,2.Sikhs,123160,3.Muslims,22614,422.0,422.0,422.0,385.0,186
2051,haryana,kurukshetra,2012.0,26,38,25,0,25,37,30,7,11,20,27,110,0,825454,442328,383126,23.72,609943,866.0,-,69.88,78.06,60.61,308392,250596,57796,517062,1.Hindus,675381,2.Sikhs,135545,3.Muslims,12028,407.0,402.0,406.0,385.0,179
2052,haryana,mahendragarh,2012.0,39,28,14,0,14,25,18,7,10,26,0,78,0,812521,423578,388943,19.09,702885,918.0,-,69.89,84.72,54.08,351864,204704,147160,460657,1.Hindus,805991,2.Muslims,3434,3.Sikhs,2026,368.0,368.0,368.0,350.0,190
2053,haryana,panipat,2012.0,47,28,35,0,35,87,67,20,15,23,12,136,0,967449,528860,438589,38.57,575369,829.0,-,69.17,78.5,57.97,382801,289013,93788,584648,1.Hindus,873593,2.Muslims,59696,3.Sikhs,27437,179.0,179.0,179.0,168.0,116
2054,haryana,rewari,2012.0,31,40,24,0,24,26,20,6,12,16,1,102,0,765351,403034,362317,25.24,629177,899.0,-,75.25,88.45,60.83,333622,204855,128767,431729,1.Hindus,758328,2.Muslims,3194,3.Sikhs,1668,397.0,397.0,397.0,379.0,175
2055,haryana,rohtak,2012.0,60,63,37,0,37,35,23,12,12,24,40,143,0,940128,509038,431090,20.99,610524,847.0,-,73.72,83.23,62.59,371073,288225,82848,569055,1.Hindus,924541,2.Muslims,5665,3.Sikhs,5079,146.0,146.0,146.0,130.0,118
2056,haryana,sirsa,2012.0,27,26,30,0,30,90,55,35,6,25,1,159,0,1116649,593245,523404,22.96,823184,882.0,-,60.55,70.05,49.93,475571,363946,111625,641078,1.Hindus,801747,2.Sikhs,302942,3.Muslims,7056,321.0,321.0,318.0,312.0,197
2057,haryana,sonipat,2012.0,86,67,32,0,32,62,49,13,30,26,25,185,0,1279175,695723,583452,22.36,957800,839.0,-,72.79,83.06,60.68,523031,383449,139582,756144,1.Hindus,1234225,2.Muslims,31954,3.Jains,6729,323.0,323.0,323.0,316.0,248
2058,haryana,yamunanagar,2012.0,24,34,25,0,25,83,46,37,7,15,9,122,0,1041630,559444,482186,21.84,648608,862.0,-,71.63,78.82,63.39,336533,280728,55805,705097,1.Hindus,849255,2.Muslims,104073,3.Sikhs,83524,613.0,613.0,607.0,483.0,248
2059,jharkhand,deoghar,2012.0,58,101,38,0,38,48,3,45,18,35,0,159,0,1165390,608878,556512,24.46,1005539,914.0,142717,50.09,66.38,31.99,432714,283711,149003,732676,1.Hindus,910409,2.Muslims,221705,3.Others,27263,2356.0,2356.0,289.0,768.0,94
2060,jharkhand,dhanbad,2012.0,69,18,41,0,41,121,101,20,49,4,2,89,0,2397102,1278946,1118156,22.82,1141744,874.0,202729,67.0,79.54,52.43,664058,492501,171557,1733044,1.Hindus,1944757,2.Muslims,364807,3.Others,61505,1121.0,1121.0,503.0,708.0,154
2061,jharkhand,dumka,2012.0,66,34,29,0,29,34,26,8,8,12,0,43,0,1759602,897364,862238,17.31,1644690,961.0,701903,47.94,62.86,32.35,778378,470354,308024,981224,1.Hindus,1323468,2.Muslims,203741,3.Others,170201,3737.0,3737.0,213.0,1732.0,312
2062,jharkhand,giridih,2012.0,72,92,37,0,37,53,36,17,32,46,0,104,0,1904430,960679,943751,27.09,1782066,982.0,184469,44.5,62.09,26.62,644644,340925,303719,1259786,1.Hindus,1475201,2.Muslims,383253,3.Others,30778,2532.0,2532.0,481.0,1232.0,229
2063,jharkhand,godda,2012.0,49,0,22,0,22,63,42,21,11,2,0,0,0,1047939,544043,503896,21.61,1010931,926.0,247538,43.13,57.52,27.39,421941,238694,183247,625998,1.Hindus,745237,2.Muslims,210734,3.Others,68055,1633.0,1633.0,257.0,892.0,141
2064,jharkhand,gumla,2012.0,192,45,36,0,36,55,44,11,2,9,0,6,0,1346767,675769,670998,16.6,1273025,993.0,920597,51.74,63.5,39.95,658921,446953,211968,687846,1.Hindus,440373,2.Christians,425107,3.Others,419004,1393.0,1393.0,92.0,1015.0,365
2065,jharkhand,hazaribagh,2012.0,68,31,42,0,42,53,49,4,24,9,0,54,0,2277475,1167793,1109682,24.02,1748406,950.0,268333,57.74,71.81,42.87,790049,532895,257154,1487426,1.Hindus,1870586,2.Muslims,337117,3.Others,36789,1543.0,1543.0,413.0,962.0,147
2066,jharkhand,palamu,2012.0,70,61,26,0,26,57,30,27,28,10,0,20,0,2098359,1084417,1013942,26.8,1973266,935.0,392325,44.95,58.91,29.88,793658,444921,348737,1304701,1.Hindus,1740948,2.Muslims,242980,3.Others,63100,2465.0,2465.0,410.0,1474.0,349
2067,jharkhand,ranchi,2012.0,145,77,52,0,52,76,53,23,11,22,1,45,0,2785064,1436976,1348088,25.72,1807243,938.0,1164624,64.57,76.56,51.72,1076904,750962,325942,1708160,1.Hindus,1399301,2.Others,767672,3.Muslims,348774,2052.0,2052.0,331.0,1343.0,377
2068,karnataka,belgaum,2012.0,142,120,37,0,37,54,34,20,5,205,9,307,0,4214505,2150090,2064415,17.4,3201814,960.0,243451,64.21,75.7,52.32,1877774,1537645,340129,2336731,1.Hindus,3565153,2.Muslims,440836,3.Christians,169466,1255.0,1254.0,1247.0,1240.0,740
2069,karnataka,bellary,2012.0,54,46,18,0,18,31,24,7,9,48,0,104,0,2027140,1029714,997426,22.3,1320290,969.0,364638,57.4,69.2,45.28,920821,801369,119452,1106319,1.Hindus,1739522,2.Muslims,257806,3.Christians,13226,524.0,523.0,524.0,381.0,260
2070,karnataka,bidar,2012.0,38,39,11,0,11,30,24,6,10,40,2,99,0,1502373,771022,731351,19.56,1157498,949.0,182219,60.94,72.46,48.81,557603,424985,132618,944770,1.Hindus,1020174,2.Muslims,295762,3.Buddhists,122083,599.0,596.0,596.0,591.0,293
2071,karnataka,bijapur,2012.0,69,64,18,0,18,30,24,6,4,41,0,128,9,1806918,926424,880494,17.63,1410829,950.0,30051,57.01,69.94,43.47,718213,551972,166241,1088705,1.Hindus,1495080,2.Muslims,294491,3.Jains,8356,660.0,659.0,657.0,626.0,392
2072,karnataka,chitradurga,2012.0,43,38,26,0,26,34,34,0,6,140,0,75,0,1517896,776221,741675,15.05,1243658,955.0,266235,64.45,74.66,53.78,721835,576035,145800,796061,1.Hindus,1388506,2.Muslims,109412,3.Religion not stated,8411,946.0,916.0,946.0,879.0,197
2073,karnataka,davanagere,2012.0,42,35,17,0,17,23,20,3,8,117,0,119,0,1790952,917705,873247,14.78,1247954,952.0,209701,67.43,76.37,58.04,783781,631726,152055,1007171,1.Hindus,1532714,2.Muslims,226708,3.Religion not stated,10944,810.0,786.0,808.0,727.0,278
2074,karnataka,gulbarga,2012.0,82,87,29,0,29,53,39,14,10,132,0,151,0,3130922,1592789,1538133,21.02,2278301,966.0,154195,50.01,61.77,37.9,1350072,1010430,339642,1780850,1.Hindus,2381497,2.Muslims,551171,3.Buddhists,153619,1360.0,1327.0,1342.0,1337.0,708
2075,karnataka,hassan,2012.0,77,80,21,0,21,26,19,7,5,120,1,155,0,1721669,859086,862583,9.66,1416996,1004.0,26451,68.63,78.37,59.0,864711,702827,161884,856958,1.Hindus,1587287,2.Muslims,104730,3.Christians,15598,2394.0,2330.0,2341.0,1990.0,482
2076,karnataka,kodagu,2012.0,29,36,12,0,12,5,3,2,2,25,0,43,0,548561,274831,273730,11.64,473179,996.0,46115,77.99,83.7,72.26,266378,247574,18804,282183,1.Hindus,450694,2.Muslims,78466,3.Christians,17951,291.0,279.0,286.0,267.0,138
2077,karnataka,kolar,2012.0,46,58,18,0,18,20,14,6,1,37,0,34,0,2536069,1286193,1249876,13.83,1910546,972.0,205711,62.84,73.17,52.23,1235028,1014667,220361,1301041,1.Hindus,2196660,2.Muslims,298767,3.Christians,32547,2919.0,2797.0,2785.0,2342.0,490
2078,karnataka,koppal,2012.0,24,11,7,0,7,27,0,27,0,17,0,87,0,1196089,603312,592777,24.57,997797,983.0,138588,54.1,68.42,39.61,554506,422208,132298,641583,1.Hindus,1042294,2.Muslims,137174,3.Religion not stated,5395,594.0,590.0,594.0,560.0,281
2079,karnataka,mandya,2012.0,86,95,35,0,35,46,39,7,9,149,1,204,1,1763705,888034,875671,7.14,1480990,986.0,17193,61.05,70.5,51.53,840419,682440,157979,923286,1.Hindus,1667640,2.Muslims,69890,3.Buddhists,11093,1369.0,1330.0,1323.0,1185.0,458
2080,karnataka,raichur,2012.0,42,31,19,0,19,34,25,9,1,141,0,190,0,1669762,841840,827922,21.93,1248925,983.0,303042,48.81,61.52,35.93,732762,544347,188415,937000,1.Hindus,1417051,2.Muslims,228652,3.Christians,12390,830.0,806.0,796.0,306.0,338
2081,karnataka,shimoga,2012.0,50,78,14,0,14,32,24,8,6,158,3,222,0,1642545,830559,811986,12.9,1071535,978.0,55997,74.52,82.01,66.88,714671,586832,127839,927874,1.Hindus,1401087,2.Muslims,200979,3.Christians,26474,1443.0,1415.0,1399.0,989.0,311
2082,karnataka,tumkur,2012.0,91,80,33,0,33,38,10,28,18,171,0,132,0,2584711,1313801,1270910,11.87,2077509,967.0,193819,67.01,76.78,56.94,1316939,1050291,266648,1267772,1.Hindus,2349801,2.Muslims,211732,3.Christians,7736,2574.0,2477.0,2573.0,2123.0,382
2083,kerala,idukki,2012.0,22,29,53,0,53,10,10,0,2,189,10,219,0,1129221,566682,562539,6.96,1071628,993.0,50973,88.69,92.33,85.02,487352,400699,86653,641869,1.Hindus,566744,2.Muslims,480108,3.Christians,81222,64.0,64.0,64.0,60.0,62
2084,kerala,kannur,2012.0,32,27,66,0,66,23,18,5,0,183,12,391,0,2408956,1152817,1256139,7.13,1196058,1090.0,19969,92.59,96.13,89.4,767197,626876,140321,1641759,1.Hindus,1480748,2.Muslims,665648,3.Christians,261019,78.0,78.0,78.0,78.0,78
2085,kerala,kottayam,2012.0,20,29,55,0,55,19,17,2,1,265,55,255,0,1953646,964926,988720,6.76,1653838,1025.0,18340,95.82,97.34,94.35,642157,539609,102548,1311489,1.Hindus,963497,2.Muslims,871371,3.Christians,116686,89.0,89.0,89.0,89.0,88
2086,kerala,malappuram,2012.0,16,26,97,0,97,10,3,7,2,221,21,668,0,3625471,1754576,1870895,17.22,3269301,1066.0,12267,89.61,93.25,86.26,874476,691848,182628,2750995,1.Hindus,2484576,2.Muslims,1057418,3.Christians,80650,122.0,122.0,122.0,122.0,121
2087,kerala,palakkad,2012.0,32,42,68,0,68,13,9,4,5,146,11,401,0,2617482,1266985,1350497,9.86,2260907,1066.0,39665,84.35,89.52,79.56,945052,768620,176432,1672430,1.Hindus,1802766,2.Muslims,703596,3.Christians,109249,144.0,144.0,144.0,141.0,139
2088,kerala,pathanamthitta,2012.0,28,24,32,0,32,17,16,1,2,137,8,162,0,1234016,589398,644618,3.72,1110218,1094.0,6549,94.84,96.41,93.43,366049,285844,80205,867967,1.Hindus,694560,2.Muslims,481602,3.Christians,56457,65.0,65.0,65.0,64.0,63
2089,maharashtra,akola,2012.0,42,34,19,0,19,22,19,3,4,92,40,87,0,1630239,841253,788986,20.51,1002742,938.0,100088,81.41,88.91,73.43,648243,582264,65979,981996,1.Hindus,1024080,2.Muslims,296272,3.Buddhists,293184,862.0,851.0,840.0,786.0,212
2090,maharashtra,bhandara,2012.0,20,11,26,0,26,11,8,3,3,36,33,59,0,1136146,573445,562701,11.2,960418,981.0,97718,78.47,88.97,67.82,536885,365464,171421,599261,1.Hindus,953507,2.Buddhists,144541,3.Muslims,23324,778.0,772.0,774.0,716.0,442
2091,maharashtra,chandrapur,2012.0,44,33,44,0,44,34,29,5,4,119,79,125,0,2071101,1062993,1008108,17.26,1406034,948.0,375256,73.17,82.94,62.89,930791,683029,247762,1140310,1.Hindus,1680113,2.Buddhists,274067,3.Muslims,76050,1472.0,1462.0,1444.0,1359.0,318
2092,maharashtra,dhule,2012.0,50,39,30,0,30,18,14,4,4,39,2,207,0,1707947,878372,829575,16.01,1262062,944.0,443564,71.65,81.4,61.39,737941,573496,164445,970006,1.Hindus,1522895,2.Muslims,149466,3.Buddhists,14613,678.0,675.0,673.0,669.0,276
2093,maharashtra,gadchiroli,2012.0,57,69,18,0,18,9,6,3,0,30,5,12,0,970294,491101,479193,23.25,903033,976.0,371696,60.1,71.86,48.07,497104,336959,160145,473190,1.Hindus,818640,2.Buddhists,78058,3.Others,44825,1521.0,1509.0,1320.0,1279.0,369
2094,maharashtra,jalgaon,2012.0,102,77,45,0,45,43,39,4,1,134,51,409,0,3682690,1905493,1777197,15.44,2629896,933.0,435951,75.43,85.91,64.3,1563983,1300086,263897,2118707,1.Hindus,3049368,2.Muslims,455288,3.Buddhists,126136,1491.0,1491.0,1486.0,1470.0,934
2095,maharashtra,jalna,2012.0,45,69,25,0,25,25,18,7,36,89,9,303,0,1612980,826903,786077,18.17,1305115,951.0,32103,64.4,79.14,49.04,716900,611998,104902,896080,1.Hindus,1255041,2.Muslims,211531,3.Buddhists,121033,963.0,963.0,959.0,952.0,380
2096,maharashtra,kolhapur,2012.0,63,39,48,0,48,45,22,23,17,66,32,148,0,3523162,1807470,1715692,17.59,2472809,949.0,21387,76.93,87.47,66.02,1652970,1394882,258088,1870192,1.Hindus,3077263,2.Muslims,236875,3.Jains,147285,1196.0,1194.0,1190.0,1185.0,638
2097,maharashtra,latur,2012.0,67,63,21,0,21,32,32,0,4,61,0,212,0,2080285,1075257,1005028,23.95,1590024,935.0,47836,71.54,82.94,59.4,840518,712849,127669,1239767,1.Hindus,1700679,2.Muslims,292996,3.Buddhists,74351,921.0,921.0,919.0,917.0,409
2098,maharashtra,nanded,2012.0,81,57,48,0,48,37,32,5,25,71,5,421,0,2876259,1481358,1394901,23.08,2187195,942.0,253596,67.77,80.44,54.35,1202037,965087,236950,1674222,1.Hindus,2162185,2.Muslims,385081,3.Buddhists,302161,1546.0,1538.0,1531.0,1536.0,209
2099,maharashtra,osmanabad,2012.0,54,31,38,0,38,31,21,10,2,86,12,175,0,1486586,769368,717218,15.35,1253330,932.0,27857,69.02,80.42,56.89,653522,555202,98320,833064,1.Hindus,1297858,2.Muslims,151181,3.Buddhists,28356,729.0,729.0,727.0,726.0,400
2100,maharashtra,parbhani,2012.0,34,63,28,0,28,31,13,18,3,68,9,242,0,1527715,780191,747524,15.31,1042529,958.0,35210,66.07,79.63,52.02,644752,559917,84835,882963,1.Hindus,1121246,2.Muslims,243935,3.Buddhists,153231,830.0,830.0,824.0,821.0,386
2101,maharashtra,ratnagiri,2012.0,10,12,11,0,11,4,3,1,2,31,17,38,0,1696777,794498,902279,9.87,1504568,1136.0,20102,75.05,85.89,65.77,763387,557613,205774,933390,1.Hindus,1391137,2.Muslims,175672,3.Buddhists,120855,1539.0,1538.0,1539.0,1484.0,810
2102,maharashtra,sangli,2012.0,47,41,33,0,33,35,23,12,8,57,15,64,0,2583524,1320088,1263436,17.59,1950306,957.0,17855,76.62,86.26,66.73,1218655,952241,266414,1364869,1.Hindus,2243478,2.Muslims,203524,3.Jains,85160,721.0,721.0,721.0,719.0,567
2103,maharashtra,satara,2012.0,65,48,43,0,43,36,25,11,0,78,29,166,0,2808994,1408326,1400668,14.1,2410873,995.0,21896,78.22,88.2,68.38,1303658,1044989,258669,1505336,1.Hindus,2533359,2.Buddhists,128570,3.Muslims,125661,1716.0,1716.0,1701.0,1680.0,646
2104,maharashtra,sindhudurg,2012.0,8,7,9,0,9,8,5,3,0,20,17,11,0,868825,417890,450935,3.55,786506,1079.0,4952,80.3,90.26,71.23,404985,233827,171158,463840,1.Hindus,802498,2.Buddhists,24320,3.Muslims,23668,743.0,743.0,735.0,722.0,593
2105,maharashtra,wardha,2012.0,30,32,40,0,40,26,25,1,0,93,30,59,0,1236736,638990,597746,15.3,911695,935.0,154415,80.06,87.18,72.45,550351,431330,119021,686385,1.Hindus,1006235,2.Buddhists,169579,3.Muslims,47605,1004.0,998.0,998.0,842.0,392
2106,maharashtra,yavatmal,2012.0,71,71,64,0,64,65,60,5,18,143,66,247,0,2458271,1265681,1192590,18.46,2001060,942.0,473370,73.62,84.09,62.52,1118937,949453,169484,1339334,1.Hindus,1999368,2.Buddhists,221793,3.Muslims,196909,1856.0,1820.0,1795.0,1729.0,723
2107,manipur,bishnupur,2012.0,10,36,11,0,11,12,7,5,0,3,0,4,0,208368,104550,103818,13.9,133627,993.0,6143,67.63,79.61,55.66,89703,55557,34146,118665,1.Hindus,148903,2.Others,38763,3.Muslims,14194,48.0,48.0,46.0,47.0,28
2108,manipur,chandel,2012.0,7,12,0,0,0,5,1,4,0,1,0,0,0,118327,59741,58586,72.8,103365,981.0,108779,56.23,64.34,47.98,54545,39935,14610,63782,1.Christians,109128,2.Hindus,5701,3.Muslims,2318,350.0,323.0,190.0,214.0,25
2109,manipur,churachandpur,2012.0,8,6,1,0,1,6,1,5,0,1,0,1,0,227905,117232,110673,29.81,227905,944.0,212482,70.59,77.67,63.06,99363,71933,27430,128542,1.Christians,213186,2.Hindus,10538,3.Muslims,2573,540.0,539.0,306.0,395.0,66
2110,manipur,tamenglong,2012.0,11,5,1,0,1,7,1,6,0,0,0,0,0,111499,58014,53485,29.23,111499,922.0,106349,59.25,68.72,48.95,50863,43353,7510,60636,1.Christians,105791,2.Hindus,3187,3.Muslims,1431,171.0,171.0,75.0,157.0,42
2111,manipur,thoubal,2012.0,16,73,20,0,20,44,37,7,0,12,1,17,0,364140,182250,181890,24.62,232868,998.0,4274,66.41,80.43,52.46,177343,111486,65857,186797,1.Hindus,221096,2.Muslims,86849,3.Others,50819,90.0,90.0,84.0,88.0,36
2112,manipur,ukhrul,2012.0,5,18,0,0,0,9,0,9,0,0,0,1,0,140778,73465,67313,28.98,140778,916.0,134493,73.12,80.13,65.41,66515,51564,14951,74263,1.Christians,133966,2.Hindus,5687,3.Muslims,881,198.0,198.0,154.0,188.0,47
2113,mizoram,aizawl,2012.0,12,13,42,0,42,2,0,2,0,44,0,8,0,325676,166877,158799,39.24,77531,952.0,303641,96.51,96.75,96.26,162961,125328,37633,162715,1.Christians,303893,2.Hindus,14508,3.Muslims,5185,96.0,96.0,81.0,86.0,46
2114,mizoram,lawngtlai,2012.0,3,0,7,0,7,1,1,0,0,0,0,0,0,73620,38776,34844,34.78,73620,899.0,70234,64.74,70.9,57.81,34093,26188,7905,39527,1.Buddhists,38410,2.Christians,32877,3.Hindus,1910,139.0,139.0,27.0,134.0,24
2115,mizoram,lunglei,2012.0,0,6,16,0,16,1,0,1,0,4,0,0,0,137223,71402,65821,23.1,79267,922.0,130768,84.17,87.44,80.6,71792,60870,10922,65431,1.Christians,109204,2.Buddhists,22429,3.Hindus,4612,160.0,160.0,101.0,130.0,55
2116,nagaland,kohima,2012.0,11,10,1,0,1,3,0,3,0,2,0,0,0,310084,162251,147833,49.96,233054,911.0,280753,74.54,80.3,68.15,135023,114456,20567,175061,1.Christians,278844,2.Hindus,21950,3.Others,5457,180.0,179.0,148.0,164.0,82
2117,nagaland,mokokchung,2012.0,5,6,3,0,3,0,0,0,0,3,0,0,0,232085,120929,111156,43.48,200871,919.0,217653,83.92,86.03,81.61,109260,82160,27100,122825,1.Christians,219282,2.Hindus,10433,3.Muslims,2128,102.0,101.0,97.0,99.0,82
2118,nagaland,mon,2012.0,6,3,3,0,3,4,2,2,0,0,0,0,0,260652,138753,121899,73.42,244062,879.0,244821,41.83,46.56,36.35,130848,108206,22642,129804,1.Christians,248684,2.Hindus,9963,3.Muslims,1748,110.0,110.0,102.0,107.0,69
2119,nagaland,phek,2012.0,2,2,1,0,1,0,0,0,0,2,0,0,0,148195,77141,71054,45.12,135331,921.0,142977,70.65,78.37,62.26,71398,57454,13944,76797,1.Christians,143048,2.Hindus,4095,3.Muslims,517,104.0,104.0,102.0,102.0,54
2120,nagaland,tuensang,2012.0,4,2,1,0,1,0,0,0,0,0,0,0,0,414818,218678,196140,78.1,385046,897.0,398350,50.64,55.12,45.58,184924,156950,27974,229894,1.Christians,406287,2.Hindus,6856,3.Muslims,1329,251.0,251.0,238.0,230.0,123
2121,nagaland,wokha,2012.0,1,4,2,0,2,0,0,0,0,0,0,0,0,161223,83670,77553,95.01,123587,927.0,153983,80.55,85.35,75.32,56254,49679,6575,104969,1.Christians,155009,2.Hindus,4787,3.Muslims,1209,128.0,128.0,105.0,104.0,67
2122,nagaland,zunheboto,2012.0,10,3,1,0,1,3,3,0,0,0,0,0,0,153955,79056,74899,61.0,130874,947.0,147915,69.28,73.74,64.57,56783,47491,9292,97172,1.Christians,150097,2.Hindus,3193,3.Muslims,492,187.0,186.0,187.0,178.0,57
2123,punjab,faridkot,2012.0,22,26,17,0,17,24,18,6,2,11,1,20,0,550892,292596,258296,21.42,357321,883.0,-,61.95,68.15,55.03,209754,181873,27881,341138,1.Sikhs,427104,2.Hindus,119702,3.Muslims,1739,163.0,163.0,163.0,160.0,107
2124,punjab,gurdaspur,2012.0,19,27,14,0,14,37,34,3,10,11,0,45,0,2104011,1113077,990934,19.33,1568788,890.0,-,73.77,79.78,67.15,700557,568322,132235,1403454,1.Hindus,996246,2.Sikhs,934963,3.Christians,148981,1532.0,1531.0,1532.0,1375.0,517
2125,punjab,hoshiarpur,2012.0,45,31,33,0,33,41,28,13,8,14,0,70,0,1480736,765132,715604,13.81,1188662,935.0,-,81.02,86.45,75.32,513351,415123,98228,967385,1.Hindus,871923,2.Sikhs,574862,3.Muslims,15394,1386.0,1386.0,1386.0,1232.0,382
2126,punjab,kapurthala,2012.0,24,45,16,0,16,43,34,9,3,8,0,46,0,754521,399623,354898,16.34,507994,888.0,-,73.93,79.02,68.29,262741,231222,31519,491780,1.Sikhs,448654,2.Hindus,286438,3.Buddhists,7740,618.0,618.0,618.0,478.0,359
2127,punjab,patiala,2012.0,53,53,44,0,44,45,32,13,4,24,0,86,0,1844934,987390,857544,20.31,1200224,868.0,-,69.78,75.88,62.86,681951,589015,92936,1162983,1.Sikhs,1024546,2.Hindus,778427,3.Muslims,34828,1054.0,1053.0,1054.0,986.0,172
2128,punjab,sangrur,2012.0,41,45,34,0,34,39,31,8,7,24,3,40,0,2000173,1069289,930884,18.57,1415354,871.0,-,59.98,65.81,53.38,814098,714076,100022,1186075,1.Sikhs,1400149,2.Hindus,434873,3.Muslims,157838,697.0,697.0,697.0,684.0,291
2129,rajasthan,ajmer,2012.0,38,36,70,0,70,107,76,31,13,72,0,668,0,2181670,1129920,1051750,26.1,1306994,931.0,52634,64.65,79.37,48.86,856809,690818,165991,1324861,1.Hindus,1869044,2.Muslims,244341,3.Jains,47812,1025.0,1025.0,966.0,970.0,352
2130,rajasthan,alwar,2012.0,100,88,129,0,129,243,154,89,47,135,0,655,0,2992592,1586752,1405840,30.23,2557653,886.0,239905,61.74,78.09,43.28,1458686,947587,511099,1533906,1.Hindus,2535155,2.Muslims,383204,3.Sikhs,55530,1954.0,1954.0,1843.0,1811.0,553
2131,rajasthan,banswara,2012.0,34,16,56,0,56,96,87,9,4,49,3,237,0,1501589,760686,740903,29.84,1394226,974.0,1085272,44.63,60.45,28.43,709412,529393,180019,792177,1.Hindus,1425287,2.Muslims,39079,3.Jains,18406,1476.0,1476.0,853.0,1348.0,450
2132,rajasthan,barmer,2012.0,29,30,21,0,21,35,35,0,20,59,0,237,0,1964835,1038247,926588,36.83,1819431,892.0,118688,58.99,72.76,43.45,919729,680208,239521,1045106,1.Hindus,1695047,2.Muslims,231918,3.Jains,35744,1933.0,1933.0,948.0,1777.0,433
2133,rajasthan,bharatpur,2012.0,91,77,108,0,108,212,168,44,32,79,0,567,0,2101142,1133425,967717,27.05,1692182,854.0,47077,63.57,80.54,43.56,852913,573547,279366,1248229,1.Hindus,1804599,2.Muslims,264709,3.Sikhs,23472,1366.0,1365.0,1238.0,1298.0,481
2134,rajasthan,bhilwara,2012.0,29,42,59,0,59,78,70,8,10,98,0,609,0,2013789,1026650,987139,26.14,1598938,962.0,180556,50.74,67.39,33.48,939848,764916,174932,1073941,1.Hindus,1859972,2.Muslims,112802,3.Jains,37659,1693.0,1693.0,1553.0,1516.0,473
2135,rajasthan,bikaner,2012.0,45,73,67,0,67,41,35,6,16,31,0,546,0,1674271,886075,788196,38.18,1079235,890.0,5945,56.91,70.05,42.03,661457,522482,138975,1012814,1.Hindus,1445088,2.Muslims,172372,3.Jains,31235,712.0,686.0,485.0,611.0,173
2136,rajasthan,bundi,2012.0,18,32,43,0,43,81,77,4,5,90,1,304,0,962620,504818,457802,24.8,783058,907.0,194851,55.57,71.68,37.79,456937,305977,150960,505683,1.Hindus,881956,2.Muslims,56220,3.Jains,13186,839.0,838.0,733.0,764.0,178
2137,rajasthan,churu,2012.0,42,38,59,0,59,37,26,11,8,5,0,405,0,1923878,987781,936097,24.6,1387682,948.0,10063,66.81,79.69,53.35,853899,587431,266468,1069979,1.Hindus,1698106,2.Muslims,210446,3.Jains,13882,946.0,925.0,877.0,909.0,423
2138,rajasthan,dungarpur,2012.0,26,12,32,0,32,67,65,2,5,48,0,119,0,1107643,547791,559852,26.58,1026787,1022.0,721487,48.57,66.04,31.77,531376,272283,259093,576267,1.Hindus,1068319,2.Muslims,23549,3.Jains,12542,854.0,853.0,723.0,819.0,368
2139,rajasthan,ganganagar,2012.0,51,66,77,0,77,79,73,6,21,58,2,803,0,1789423,955378,834045,27.53,1336066,873.0,14744,64.74,75.53,52.44,719792,552559,167233,1069631,1.Hindus,1299812,2.Sikhs,441409,3.Muslims,42442,2830.0,2820.0,1817.0,1653.0,654
2140,rajasthan,jaisalmer,2012.0,9,8,12,0,12,9,5,4,11,20,0,22,0,508247,279101,229146,47.45,431853,821.0,27834,50.97,66.26,32.05,211687,153139,58548,296560,1.Hindus,383638,2.Muslims,120174,3.Sikhs,2086,600.0,576.0,183.0,473.0,144
2141,rajasthan,jhalawar,2012.0,47,44,81,0,81,91,76,15,5,205,2,434,0,1180323,612804,567519,23.34,1012081,926.0,141861,57.32,73.31,40.02,554781,399386,155395,625542,1.Hindus,1087934,2.Muslims,78962,3.Jains,11759,1477.0,1476.0,1185.0,1173.0,214
2142,rajasthan,nagaur,2012.0,49,58,53,0,53,129,106,23,11,66,0,416,0,2775058,1424967,1350091,29.33,2297721,947.0,6497,57.28,74.1,39.67,1129514,844039,285475,1645544,1.Hindus,2399173,2.Muslims,356405,3.Jains,17478,1480.0,1466.0,1417.0,1417.0,580
2143,rajasthan,pali,2012.0,56,56,61,0,61,107,104,3,9,75,1,464,0,1820251,918856,901395,22.39,1429364,981.0,105814,54.39,72.2,36.48,724883,518158,206725,1095368,1.Hindus,1677038,2.Muslims,114088,3.Jains,25599,936.0,936.0,883.0,906.0,451
2144,rajasthan,sikar,2012.0,51,34,55,0,55,96,62,34,18,22,0,322,0,2287788,1172753,1115035,24.11,1815250,951.0,62512,70.47,84.34,56.11,887915,633421,254494,1399873,1.Hindus,2019396,2.Muslims,261714,3.Jains,4957,986.0,985.0,965.0,945.0,470
2145,rajasthan,sirohi,2012.0,29,16,29,0,29,69,64,5,4,74,1,180,0,851107,437949,413158,30.08,700217,943.0,210763,53.94,69.89,37.15,343905,245762,98143,507202,1.Hindus,810765,2.Muslims,25439,3.Jains,12427,455.0,454.0,399.0,423.0,201
2146,rajasthan,tonk,2012.0,21,24,19,0,19,69,66,3,3,24,2,309,0,1211671,626436,585235,24.24,958503,934.0,145891,51.97,70.52,32.15,532682,425230,107452,678989,1.Hindus,1062365,2.Muslims,124440,3.Jains,23644,1032.0,1031.0,818.0,887.0,246
2147,rajasthan,udaipur,2012.0,76,80,149,0,149,190,163,27,9,174,0,499,0,2633312,1336004,1297308,27.37,2142995,971.0,1260432,58.62,73.62,43.26,1100880,724120,376760,1532432,1.Hindus,2449773,2.Muslims,88262,3.Jains,83699,2339.0,2337.0,1647.0,2030.0,619
2148,sikkim,east,2012.0,3,4,13,0,13,6,6,0,1,7,0,2,0,245040,132917,112123,37.17,192188,844.0,45321,74.67,81.2,66.8,116529,92577,23952,128511,1.Hindus,157321,2.Buddhists,64729,3.Christians,14502,131.0,131.0,125.0,112.0,100
2149,sikkim,north,2012.0,1,1,0,0,0,0,0,0,0,0,0,0,0,41030,23414,17616,31.32,39782,752.0,21772,67.21,75.69,55.39,23542,17553,5989,17488,1.Buddhists,22603,2.Hindus,16128,3.Christians,1623,53.0,53.0,46.0,42.0,44
2150,sikkim,south,2012.0,1,2,12,0,12,3,3,0,0,6,0,1,0,131525,68241,63284,33.37,127579,927.0,20483,67.31,74.29,59.72,69693,57367,12326,61832,1.Hindus,84213,2.Buddhists,31109,3.Christians,12757,145.0,145.0,142.0,131.0,99
2151,sikkim,west,2012.0,2,0,9,0,9,1,1,0,0,6,0,1,0,123256,63912,59344,25.48,121432,929.0,23829,58.8,66.82,50.11,53279,45407,7872,69977,1.Hindus,71886,2.Buddhists,33601,3.Others,9567,121.0,121.0,115.0,107.0,86
2152,tripura,dhalai,2012.0,20,8,35,0,35,11,8,3,5,30,0,56,0,307868,159095,148773,10.79,289001,935.0,166326,60.93,70.17,50.99,126761,92570,34191,181107,1.Hindus,257834,2.Buddhists,28180,3.Christians,14848,148.0,148.0,108.0,138.0,58
2153,chandigarh,chandigarh,2012.0,21,44,27,0,27,87,66,21,5,45,25,73,0,900635,506938,393697,40.33,92120,777.0,-,81.94,86.14,76.47,340422,328989,11433,560213,1.Hindus,707978,2.Sikhs,145175,3.Muslims,35548,23.0,23.0,23.0,18.0,18
2154,assam,barpeta,2015.0,,176,124,0,,0,373,0,22,461,20,1503,0,1647201,848578,798623,18.53,1520333,941.0,123266,56.24,64.83,47.07,517088,408537,108551,1130113,1.Hindus,977943,2.Muslims,662066,3.Christians,5267,1050.0,1050.0,775.0,967.0,430
2155,assam,bongaigaon,2015.0,,0,37,0,,0,131,12,14,15,0,175,0,904835,465240,439595,12.23,795053,945.0,110696,59.33,67.67,50.44,293243,233087,60156,611592,1.Hindus,535464,2.Muslims,348573,3.Christians,18728,881.0,881.0,607.0,805.0,112
2156,assam,cachar,2015.0,,9,59,0,,0,234,0,8,70,0,597,0,1444921,743042,701879,18.66,1243534,945.0,18631,67.82,75.73,59.41,465734,364814,100920,979187,1.Hindus,886761,2.Muslims,522051,3.Christians,31306,1020.0,1020.0,741.0,902.0,134
2157,assam,darrang,2015.0,,13,77,0,,0,198,127,10,502,0,432,0,1504320,773861,730459,15.79,1429492,944.0,249861,55.44,63.91,46.4,527993,404428,123565,976327,1.Hindus,868532,2.Muslims,534658,3.Christians,97306,1319.0,1319.0,1032.0,1246.0,356
2158,assam,dhemaji,2015.0,,13,34,0,,0,44,0,6,94,3,139,0,571944,294643,277301,18.93,533112,941.0,270496,64.48,74.41,53.86,250146,155431,94715,321798,1.Hindus,548780,2.Muslims,10533,3.Christians,6390,1236.0,1236.0,253.0,1068.0,83
2159,assam,dhubri,2015.0,,67,158,0,,19,399,0,19,434,1,911,0,1637344,841044,796300,23.42,1444901,947.0,32523,48.21,55.91,40.04,470360,399201,71159,1166984,1.Hindus,1216455,2.Muslims,405065,3.Christians,12477,1261.0,1261.0,904.0,1138.0,374
2160,assam,dibrugarh,2015.0,,0,29,0,,0,184,33,3,84,0,380,0,1185072,613555,571517,12.43,956634,931.0,88337,68.96,77.3,59.95,472419,342708,129711,712653,1.Hindus,1075878,2.Muslims,53306,3.Christians,45040,1309.0,1309.0,1195.0,1169.0,263
2161,assam,goalpara,2015.0,,18,84,0,,0,62,0,3,238,0,691,0,822035,420251,401784,23.07,755133,956.0,131800,58.03,64.86,50.85,273925,209928,63997,548110,1.Hindus,441516,2.Muslims,314157,3.Christians,64662,761.0,761.0,689.0,723.0,243
2162,assam,golaghat,2015.0,,11,56,0,,0,167,0,5,120,0,292,0,946279,490286,455993,14.21,865141,930.0,93920,69.38,77.14,60.99,388640,269896,118744,557639,1.Hindus,813263,2.Muslims,74808,3.Christians,52277,1066.0,1066.0,595.0,769.0,87
2163,assam,hailakandi,2015.0,,0,90,0,,0,89,40,4,203,3,279,0,542872,280513,262359,20.92,498787,935.0,821,59.64,68.24,50.46,179881,138216,41665,362991,1.Hindus,312849,2.Muslims,223191,3.Christians,5424,327.0,327.0,268.0,308.0,110
2164,assam,jorhat,2015.0,,10,53,0,,18,176,43,5,161,13,292,0,999221,517015,482206,15.84,827901,933.0,123134,76.34,83.62,68.49,414348,285092,129256,584873,1.Hindus,927858,2.Muslims,47658,3.Christians,18610,787.0,787.0,650.0,717.0,215
2165,assam,kamrup,2015.0,,6,82,0,,0,207,0,12,139,0,416,0,2522324,1326981,1195343,25.75,1614107,901.0,250393,74.16,81.16,66.31,842253,697810,144443,1680071,1.Hindus,1836153,2.Muslims,625002,3.Christians,44257,1342.0,1342.0,1042.0,1190.0,468
2166,assam,karimganj,2015.0,,0,65,0,,0,136,66,13,246,0,242,0,1007976,517680,490296,21.35,934126,947.0,2901,66.24,74.69,57.28,303294,235016,68278,704682,1.Hindus,527214,2.Muslims,470708,3.Christians,8746,915.0,915.0,639.0,865.0,224
2167,assam,kokrajhar,2015.0,,0,32,0,,0,98,0,2,122,0,223,0,905764,466191,439573,15.05,841823,943.0,304985,51.63,60.32,42.4,334849,234771,100078,570915,1.Hindus,594168,2.Muslims,184441,3.Christians,124270,951.0,951.0,704.0,906.0,211
2168,assam,lakhimpur,2015.0,,23,69,0,,0,182,35,10,74,0,377,0,889010,455691,433319,18.34,823857,951.0,208864,68.56,77.06,59.59,497745,288052,209693,391265,1.Hindus,702881,2.Muslims,143505,3.Christians,36667,1139.0,1139.0,680.0,1046.0,211
2169,assam,nagaon,2015.0,,45,95,0,,9,328,166,19,105,0,890,0,2314629,1190950,1123679,22.3,2036342,944.0,89394,61.73,68.27,54.74,727641,566195,161446,1586988,1.Hindus,1180267,2.Muslims,1106354,3.Christians,21473,1375.0,1374.0,1190.0,1257.0,480
2170,assam,nalbari,2015.0,,0,36,0,,0,102,18,3,43,1,188,0,1148824,592375,556449,11.98,1121338,939.0,202577,67.23,76.56,57.26,383932,291665,92267,764892,1.Hindus,873749,2.Muslims,253842,3.Christians,18495,798.0,798.0,733.0,769.0,179
2171,assam,sibsagar,2015.0,,6,35,0,,0,290,32,2,249,0,331,0,1051736,545476,506260,15.95,954557,928.0,41533,74.47,81.53,66.81,430523,287319,143204,621213,1.Hindus,927706,2.Muslims,85761,3.Christians,28488,866.0,866.0,772.0,825.0,317
2172,assam,sonitpur,2015.0,,25,43,0,,0,136,8,10,28,0,503,0,1681513,871568,809945,17.8,1505719,929.0,195083,59.0,67.54,49.73,634723,465283,169440,1046790,1.Hindus,1287646,2.Muslims,268078,3.Christians,115623,1784.0,1784.0,1331.0,1372.0,235
2173,assam,tinsukia,2015.0,,14,27,0,,0,14,0,2,42,0,185,0,1150062,601099,548963,19.52,926105,913.0,67234,60.95,70.15,50.78,466351,349847,116504,683711,1.Hindus,1029142,2.Muslims,62403,3.Christians,40000,1107.0,1107.0,871.0,936.0,198
2174,assam,nalbari,2015.0,,0,5,0,,0,6,0,0,14,0,19,0,1148824,592375,556449,11.98,1121338,939.0,202577,67.23,76.56,57.26,383932,291665,92267,764892,1.Hindus,873749,2.Muslims,253842,3.Christians,18495,798.0,798.0,733.0,769.0,179
2175,bihar,araria,2015.0,,4,50,0,,18,81,0,23,0,0,60,0,2158608,1128105,1030503,31.84,2026257,913.0,29423,35.01,46.38,22.37,853445,657446,195999,1305163,1.Hindus,1263766,2.Muslims,887972,3.Jains,2504,713.0,713.0,129.0,552.0,60
2176,bihar,aurangabad,2015.0,,6,21,0,,0,46,0,45,1,0,95,0,2013055,1040945,972110,30.19,1842998,934.0,1640,57.03,71.13,41.9,671011,476390,194621,1342044,1.Hindus,1814612,2.Muslims,196030,3.Religion not stated,1161,1739.0,1739.0,527.0,1148.0,270
2177,bihar,begusarai,2015.0,,34,24,0,,4,134,0,30,0,0,71,0,2349366,1228874,1120492,29.11,2241743,912.0,1505,47.98,59.13,35.64,746075,571564,174511,1603291,1.Hindus,2033039,2.Muslims,313713,3.Religion not stated,1224,729.0,729.0,457.0,503.0,167
2178,bihar,bhagalpur,2015.0,,7,33,0,,0,185,0,23,30,0,117,0,2423172,1291658,1131514,27.24,1970745,876.0,55545,49.5,59.22,38.13,855345,580731,274614,1567827,1.Hindus,1990976,2.Muslims,423246,3.Christians,1853,935.0,935.0,445.0,642.0,229
2179,bihar,bhojpur,2015.0,,18,12,0,,8,89,8,43,6,0,0,0,2243144,1179611,1063533,24.58,1930730,902.0,8337,58.96,74.29,41.8,653811,491916,161895,1589333,1.Hindus,2076589,2.Muslims,163193,3.Religion not stated,913,999.0,999.0,247.0,885.0,133
2180,bihar,darbhanga,2015.0,,19,35,0,,0,217,99,26,0,8,201,0,3295789,1722189,1573600,30.85,3028441,914.0,841,44.33,56.72,30.78,1028558,761464,267094,2267231,1.Hindus,2543284,2.Muslims,748971,3.Religion not stated,2245,1083.0,1083.0,490.0,850.0,271
2181,bihar,gopalganj,2015.0,,11,13,0,,10,135,0,34,0,0,168,0,2152638,1075710,1076928,26.11,2022048,1001.0,6157,47.48,62.96,32.16,641672,466811,174861,1510966,1.Hindus,1784275,2.Muslims,367219,3.Religion not stated,850,1383.0,1383.0,439.0,866.0,261
2182,bihar,jehanabad,2015.0,,8,15,0,,10,54,18,23,1,0,34,0,1514315,784946,729369,28.64,1402703,929.0,1313,55.26,70.07,39.37,580905,422789,158116,933410,1.Hindus,1389053,2.Muslims,124149,3.Religion not stated,743,856.0,856.0,219.0,672.0,123
2183,bihar,katihar,2015.0,,22,66,0,,0,147,34,10,0,0,76,0,2392638,1246872,1145766,30.91,2174361,919.0,140418,35.09,45.31,23.8,898326,664259,234067,1494312,1.Hindus,1363523,2.Muslims,1017495,3.Christians,4994,1290.0,1290.0,277.0,785.0,248
2184,bihar,khagaria,2015.0,,13,18,0,,12,80,2,16,2,0,74,0,1280354,679267,601087,29.32,1204027,885.0,332,41.35,51.82,29.35,467240,333262,133978,813114,1.Hindus,1147346,2.Muslims,131441,3.Others,546,241.0,241.0,114.0,220.0,124
2185,bihar,kishanganj,2015.0,,3,59,0,,0,89,0,11,8,0,73,0,1296348,669552,626796,31.5,1167340,936.0,47116,31.09,42.71,18.63,417151,359819,57332,879197,1.Muslims,876105,2.Hindus,412995,3.Christians,2856,730.0,730.0,116.0,442.0,120
2186,bihar,madhepura,2015.0,,3,20,0,,2,79,0,12,0,0,42,0,1526646,797180,729466,29.45,1458679,915.0,9295,36.07,48.8,22.11,683976,498367,185609,842670,1.Hindus,1351978,2.Muslims,173605,3.Religion not stated,494,384.0,384.0,168.0,311.0,141
2187,bihar,madhubani,2015.0,,0,47,0,,0,202,0,31,1,0,217,0,3575281,1840997,1734284,26.08,3450736,942.0,1260,41.97,56.79,26.25,1227723,877412,350311,2347558,1.Hindus,2930501,2.Muslims,641579,3.Religion not stated,1477,1034.0,1034.0,437.0,901.0,232
2188,bihar,munger,2015.0,,3,8,0,,0,43,0,7,6,0,43,0,1137797,607730,530067,20.34,819950,872.0,18060,59.47,69.89,47.4,331451,233688,97763,806346,1.Hindus,1045233,2.Muslims,89791,3.Christians,1135,525.0,525.0,321.0,382.0,149
2189,bihar,muzaffarpur,2015.0,,52,37,0,,0,208,0,53,5,0,244,0,3746714,1951466,1795248,26.74,3398361,920.0,3472,47.95,59.1,35.81,1139830,895830,244000,2606884,1.Hindus,3168225,2.Muslims,573951,3.Religion not stated,2104,1725.0,1725.0,1021.0,1423.0,526
2190,bihar,nalanda,2015.0,,0,29,0,,0,193,0,54,2,0,195,0,2370528,1238599,1131929,18.64,2016899,914.0,970,53.19,66.44,38.58,903144,700007,203137,1467384,1.Hindus,2191552,2.Muslims,176871,3.Religion not stated,888,1000.0,1000.0,366.0,879.0,198
2191,bihar,patna,2015.0,,29,82,0,,0,644,238,104,11,83,474,0,4718592,2519942,2198650,30.17,2757060,873.0,9236,62.92,73.34,50.83,1425647,1161984,263663,3292945,1.Hindus,4333556,2.Muslims,366164,3.Christians,8951,1288.0,1288.0,615.0,1199.0,390
2192,bihar,rohtas,2015.0,,10,29,0,,0,108,0,41,3,0,68,0,2450748,1283485,1167263,27.71,2123942,909.0,25663,61.29,75.31,45.71,744183,544731,199452,1706565,1.Hindus,2199049,2.Muslims,246760,3.Sikhs,2549,1710.0,1710.0,493.0,1185.0,153
2193,bihar,saharsa,2015.0,,0,19,0,,0,86,4,3,0,0,49,0,1508182,789432,718750,33.03,1383015,910.0,4642,39.08,51.66,25.27,589467,411566,177901,918715,1.Hindus,1289364,2.Muslims,217922,3.Christians,437,441.0,441.0,127.0,374.0,63
2194,bihar,samastipur,2015.0,,0,34,0,,0,183,108,34,0,0,102,0,3394793,1760692,1634101,25.63,3271338,928.0,3362,45.13,57.59,31.67,1071974,843356,228618,2322819,1.Hindus,3035755,2.Muslims,355897,3.Religion not stated,1432,1122.0,1122.0,674.0,878.0,195
2195,bihar,saran,2015.0,,10,29,0,,0,222,4,73,1,0,58,0,3248701,1652661,1596040,26.37,2950064,966.0,6667,51.8,67.3,35.82,860940,644618,216322,2387761,1.Hindus,2909213,2.Muslims,337767,3.Religion not stated,758,1566.0,1566.0,544.0,1213.0,342
2196,bihar,sitamarhi,2015.0,,12,22,0,,0,180,0,14,0,0,196,0,2682720,1417611,1265109,32.58,2529407,892.0,1786,38.46,49.36,26.13,855156,714136,141020,1827564,1.Hindus,2111476,2.Muslims,568992,3.Religion not stated,1237,802.0,802.0,302.0,709.0,216
2197,bihar,siwan,2015.0,,0,21,0,,0,136,0,41,0,0,38,0,2714349,1336283,1378066,24.78,2564860,1031.0,13822,51.65,67.26,36.88,730437,511578,218859,1983912,1.Hindus,2218632,2.Muslims,494176,3.Religion not stated,899,1438.0,1438.0,441.0,1119.0,254
2198,bihar,vaishali,2015.0,,0,36,0,,0,229,0,62,0,0,137,0,2718421,1415603,1302818,26.39,2531766,920.0,3068,50.49,63.23,36.58,782717,624452,158265,1935704,1.Hindus,2457636,2.Muslims,259158,3.Religion not stated,922,1414.0,1414.0,970.0,929.0,154
2199,chhattisgarh,bilaspur,2015.0,,0,93,0,,128,144,0,6,204,1,47,0,1998355,1013875,984480,17.59,1511661,971.0,397104,63.51,78.43,48.17,857577,630504,227073,1140778,1.Hindus,1904580,2.Muslims,45342,3.Others,19325,1579.0,1545.0,1494.0,1426.0,452
2200,chhattisgarh,durg,2015.0,,7,112,0,,109,125,0,1,226,8,84,0,2810436,1417893,1392543,16.88,1738127,982.0,348801,75.62,86.43,64.64,1162833,965624,197209,1647603,1.Hindus,2654202,2.Muslims,70398,3.Sikhs,23399,1776.0,1762.0,1737.0,1698.0,669
2201,chhattisgarh,raigarh,2015.0,,0,122,0,,0,75,75,16,98,6,48,0,1265529,634597,630932,18.68,1096073,994.0,447703,70.16,82.7,57.62,601564,430725,170839,663965,1.Hindus,1212180,2.Christians,36098,3.Muslims,12637,1433.0,1410.0,1385.0,1350.0,279
2202,chhattisgarh,raipur,2015.0,,3,198,0,,187,205,0,8,205,7,70,0,3016930,1523925,1493005,18.97,2099312,980.0,365273,68.51,81.97,54.81,1264663,961507,303156,1752267,1.Hindus,2881933,2.Muslims,77963,3.Christians,16857,2124.0,2101.0,1955.0,1987.0,696
2203,chhattisgarh,rajnandgaon,2015.0,,0,49,0,,41,73,0,4,87,1,28,0,1283224,634342,648882,17.7,1051577,1023.0,341688,77.21,87.17,67.55,649401,558996,90405,633823,1.Hindus,1215492,2.Buddhists,28020,3.Muslims,21035,1605.0,1595.0,1550.0,1484.0,343
2204,gujarat,amreli,2015.0,,0,8,0,,37,48,0,0,17,2,131,0,1393918,701593,692325,6.45,1080960,987.0,3256,66.09,76.44,55.78,600819,470043,130776,793099,1.Hindus,1307460,2.Muslims,83077,3.Jains,2309,615.0,614.0,615.0,614.0,383
2205,gujarat,anand,2015.0,,1,22,0,,2,96,1,0,41,3,99,0,1856872,972000,884872,13.03,1348901,910.0,22835,74.51,86.09,61.94,784711,617669,167042,1072161,1.Hindus,1616127,2.Muslims,199263,3.Christians,29461,350.0,350.0,350.0,350.0,301
2206,gujarat,bharuch,2015.0,,0,12,0,,7,24,4,0,41,0,93,0,1370656,713676,656980,19.32,1018096,921.0,444043,74.41,82.98,65.11,570693,469551,101142,799963,1.Hindus,1059796,2.Muslims,293459,3.Christians,8824,657.0,657.0,656.0,644.0,403
2207,gujarat,bhavnagar,2015.0,,0,8,0,,1,27,0,1,34,4,104,0,2469630,1274920,1194710,19.29,1534592,937.0,7298,66.2,78.02,53.73,944559,781166,163393,1525071,1.Hindus,2264062,2.Muslims,172740,3.Jains,28921,790.0,790.0,789.0,786.0,526
2208,gujarat,gandhinagar,2015.0,,1,7,0,,6,22,2,0,26,16,123,0,1334455,697999,636456,23.88,867195,912.0,17681,76.59,87.74,64.58,554336,467413,86923,780119,1.Hindus,1269766,2.Muslims,50559,3.Jains,7769,291.0,291.0,291.0,290.0,244
2209,gujarat,jamnagar,2015.0,,0,11,0,,0,36,1,1,20,1,169,0,1904278,981320,922958,22.39,1068022,941.0,10459,66.48,76.25,56.18,734382,624057,110325,1169896,1.Hindus,1605941,2.Muslims,270223,3.Jains,21907,698.0,695.0,666.0,666.0,286
2210,gujarat,junagadh,2015.0,,0,6,0,,15,25,3,0,19,3,212,0,2448173,1252350,1195823,17.08,1736645,955.0,18832,67.78,78.74,56.43,1000842,785530,215312,1447331,1.Hindus,2165734,2.Muslims,274481,3.Jains,4291,923.0,922.0,901.0,858.0,803
2211,gujarat,kheda,2015.0,,0,11,0,,44,73,2,0,22,1,73,0,2024216,1052823,971393,13.24,1617766,923.0,32394,71.96,85.99,56.9,908180,694400,213780,1116036,1.Hindus,1775214,2.Muslims,218660,3.Christians,23178,612.0,612.0,612.0,612.0,432
2212,gujarat,narmada,2015.0,,0,1,0,,0,5,0,0,9,0,13,0,514404,263986,250418,14.4,462298,949.0,401654,59.86,72.44,46.61,259116,176372,82744,255288,1.Hindus,482552,2.Muslims,20429,3.Christians,5122,552.0,552.0,530.0,515.0,324
2213,gujarat,navsari,2015.0,,0,4,0,,5,25,2,0,13,0,42,0,1229463,628988,600475,13.22,893110,955.0,591164,75.83,82.77,68.61,545215,457002,88213,684248,1.Hindus,1135525,2.Muslims,69972,3.Jains,13575,374.0,374.0,374.0,368.0,268
2214,gujarat,patan,2015.0,,1,16,0,,13,16,0,0,42,0,72,0,1182709,612100,570609,14.08,944281,932.0,12637,60.36,73.63,46.33,533078,395470,137608,649631,1.Hindus,1057013,2.Muslims,119748,3.Jains,5136,517.0,516.0,517.0,514.0,265
2215,gujarat,porbandar,2015.0,,0,3,0,,10,11,0,0,12,0,72,0,536835,275821,261014,14.35,275460,946.0,6456,68.62,78.36,58.42,215134,173594,41540,321701,1.Hindus,507176,2.Muslims,28404,3.Jains,589,182.0,182.0,155.0,156.0,130
2216,gujarat,surendranagar,2015.0,,0,21,0,,0,36,0,2,26,1,57,0,1515148,787650,727498,25.34,1112700,924.0,14338,61.61,74.19,48.1,647609,512038,135571,867539,1.Hindus,1392451,2.Muslims,97846,3.Jains,22721,650.0,649.0,650.0,648.0,170
2217,gujarat,valsad,2015.0,,0,11,0,,34,69,0,0,37,0,31,0,1410553,734799,675754,29.66,1029392,920.0,772405,69.15,77.9,59.62,650257,503333,146924,760296,1.Hindus,1300005,2.Muslims,66440,3.Christians,15399,450.0,450.0,425.0,449.0,303
2218,haryana,bhiwani,2015.0,,7,44,0,,0,36,4,18,94,0,147,0,1425022,758253,666769,22.45,1154629,879.0,-,67.45,80.26,53.0,609320,425210,184110,815702,1.Hindus,1407363,2.Muslims,12740,3.Sikhs,2542,437.0,437.0,437.0,429.0,252
2219,haryana,faridabad,2015.0,,9,128,0,,16,313,131,24,123,0,371,0,2194586,1193063,1001523,48.47,973242,839.0,-,70.03,81.52,56.31,785762,609663,176099,1408824,1.Hindus,1896698,2.Muslims,247293,3.Sikhs,36005,413.0,413.0,413.0,376.0,188
2220,haryana,gurgaon,2015.0,,12,130,0,,37,295,174,12,183,37,268,0,1660289,886451,773838,44.64,1291285,873.0,-,62.91,76.17,47.78,629658,464644,165014,1030631,1.Hindus,1026542,2.Muslims,617918,3.Sikhs,6672,694.0,694.0,693.0,642.0,203
2221,haryana,jind,2015.0,,1,31,0,,2,52,46,13,73,1,116,0,1189827,642282,547545,21.35,948250,852.0,-,62.12,73.82,48.51,521946,372049,149897,667881,1.Hindus,1134539,2.Sikhs,29159,3.Muslims,20618,306.0,306.0,306.0,300.0,247
2222,haryana,kaithal,2015.0,,4,29,0,,0,97,50,11,61,0,102,0,946131,510513,435618,20.95,762649,853.0,-,59.02,69.15,47.31,372011,268127,103884,574120,1.Hindus,848765,2.Sikhs,88700,3.Muslims,6777,270.0,270.0,270.0,261.0,160
2223,haryana,karnal,2015.0,,9,54,0,,0,248,152,15,94,1,235,0,1274183,683368,590815,23.13,936341,865.0,-,67.74,76.29,57.97,455455,355466,99989,818728,1.Hindus,1125279,2.Sikhs,123160,3.Muslims,22614,422.0,422.0,422.0,385.0,186
2224,haryana,kurukshetra,2015.0,,4,26,0,,0,53,11,9,88,1,145,0,825454,442328,383126,23.72,609943,866.0,-,69.88,78.06,60.61,308392,250596,57796,517062,1.Hindus,675381,2.Sikhs,135545,3.Muslims,12028,407.0,402.0,406.0,385.0,179
2225,haryana,panipat,2015.0,,10,47,0,,0,86,7,9,95,2,195,0,967449,528860,438589,38.57,575369,829.0,-,69.17,78.5,57.97,382801,289013,93788,584648,1.Hindus,873593,2.Muslims,59696,3.Sikhs,27437,179.0,179.0,179.0,168.0,116
2226,haryana,rewari,2015.0,,9,56,0,,0,49,0,9,71,17,119,0,765351,403034,362317,25.24,629177,899.0,-,75.25,88.45,60.83,333622,204855,128767,431729,1.Hindus,758328,2.Muslims,3194,3.Sikhs,1668,397.0,397.0,397.0,379.0,175
2227,haryana,rohtak,2015.0,,6,54,0,,0,277,202,14,190,2,193,0,940128,509038,431090,20.99,610524,847.0,-,73.72,83.23,62.59,371073,288225,82848,569055,1.Hindus,924541,2.Muslims,5665,3.Sikhs,5079,146.0,146.0,146.0,130.0,118
2228,haryana,sirsa,2015.0,,2,52,0,,47,48,0,5,58,3,168,0,1116649,593245,523404,22.96,823184,882.0,-,60.55,70.05,49.93,475571,363946,111625,641078,1.Hindus,801747,2.Sikhs,302942,3.Muslims,7056,321.0,321.0,318.0,312.0,197
2229,haryana,sonipat,2015.0,,6,62,0,,0,57,0,20,94,3,168,0,1279175,695723,583452,22.36,957800,839.0,-,72.79,83.06,60.68,523031,383449,139582,756144,1.Hindus,1234225,2.Muslims,31954,3.Jains,6729,323.0,323.0,323.0,316.0,248
2230,haryana,yamunanagar,2015.0,,7,44,0,,0,265,202,7,72,0,156,0,1041630,559444,482186,21.84,648608,862.0,-,71.63,78.82,63.39,336533,280728,55805,705097,1.Hindus,849255,2.Muslims,104073,3.Sikhs,83524,613.0,613.0,607.0,483.0,248
2231,jharkhand,deoghar,2015.0,,0,44,0,,0,78,0,25,40,5,195,0,1165390,608878,556512,24.46,1005539,914.0,142717,50.09,66.38,31.99,432714,283711,149003,732676,1.Hindus,910409,2.Muslims,221705,3.Others,27263,2356.0,2356.0,289.0,768.0,94
2232,jharkhand,dhanbad,2015.0,,24,40,0,,0,80,0,9,128,0,45,0,2397102,1278946,1118156,22.82,1141744,874.0,202729,67.0,79.54,52.43,664058,492501,171557,1733044,1.Hindus,1944757,2.Muslims,364807,3.Others,61505,1121.0,1121.0,503.0,708.0,154
2233,jharkhand,dumka,2015.0,,3,46,0,,0,34,0,13,26,4,48,0,1759602,897364,862238,17.31,1644690,961.0,701903,47.94,62.86,32.35,778378,470354,308024,981224,1.Hindus,1323468,2.Muslims,203741,3.Others,170201,3737.0,3737.0,213.0,1732.0,312
2234,jharkhand,giridih,2015.0,,31,45,0,,0,57,0,35,238,0,116,0,1904430,960679,943751,27.09,1782066,982.0,184469,44.5,62.09,26.62,644644,340925,303719,1259786,1.Hindus,1475201,2.Muslims,383253,3.Others,30778,2532.0,2532.0,481.0,1232.0,229
2235,jharkhand,godda,2015.0,,0,30,0,,0,17,0,6,0,0,82,0,1047939,544043,503896,21.61,1010931,926.0,247538,43.13,57.52,27.39,421941,238694,183247,625998,1.Hindus,745237,2.Muslims,210734,3.Others,68055,1633.0,1633.0,257.0,892.0,141
2236,jharkhand,gumla,2015.0,,2,56,0,,10,29,0,2,16,0,21,0,1346767,675769,670998,16.6,1273025,993.0,920597,51.74,63.5,39.95,658921,446953,211968,687846,1.Hindus,440373,2.Christians,425107,3.Others,419004,1393.0,1393.0,92.0,1015.0,365
2237,jharkhand,hazaribagh,2015.0,,36,57,0,,0,53,8,22,62,0,53,0,2277475,1167793,1109682,24.02,1748406,950.0,268333,57.74,71.81,42.87,790049,532895,257154,1487426,1.Hindus,1870586,2.Muslims,337117,3.Others,36789,1543.0,1543.0,413.0,962.0,147
2238,jharkhand,palamu,2015.0,,6,45,0,,0,39,0,21,19,0,31,0,2098359,1084417,1013942,26.8,1973266,935.0,392325,44.95,58.91,29.88,793658,444921,348737,1304701,1.Hindus,1740948,2.Muslims,242980,3.Others,63100,2465.0,2465.0,410.0,1474.0,349
2239,jharkhand,ranchi,2015.0,,0,89,0,,0,65,0,8,0,0,58,0,2785064,1436976,1348088,25.72,1807243,938.0,1164624,64.57,76.56,51.72,1076904,750962,325942,1708160,1.Hindus,1399301,2.Others,767672,3.Muslims,348774,2052.0,2052.0,331.0,1343.0,377
2240,karnataka,bidar,2015.0,,0,9,0,,6,15,6,10,88,14,126,0,1502373,771022,731351,19.56,1157498,949.0,182219,60.94,72.46,48.81,557603,424985,132618,944770,1.Hindus,1020174,2.Muslims,295762,3.Buddhists,122083,599.0,596.0,596.0,591.0,293
2241,karnataka,chitradurga,2015.0,,0,6,0,,45,66,17,3,250,0,55,0,1517896,776221,741675,15.05,1243658,955.0,266235,64.45,74.66,53.78,721835,576035,145800,796061,1.Hindus,1388506,2.Muslims,109412,3.Religion not stated,8411,946.0,916.0,946.0,879.0,197
2242,karnataka,davanagere,2015.0,,2,14,0,,35,45,6,4,182,2,77,0,1790952,917705,873247,14.78,1247954,952.0,209701,67.43,76.37,58.04,783781,631726,152055,1007171,1.Hindus,1532714,2.Muslims,226708,3.Religion not stated,10944,810.0,786.0,808.0,727.0,278
2243,karnataka,dharwad,2015.0,,0,16,0,,9,21,12,2,34,0,34,0,1604253,823204,781049,16.65,722336,949.0,70442,71.61,80.82,61.92,684492,587018,97474,919761,1.Hindus,1221335,2.Muslims,315177,3.Christians,27634,361.0,358.0,359.0,313.0,201
2244,karnataka,hassan,2015.0,,0,24,0,,47,54,6,14,194,2,63,0,1721669,859086,862583,9.66,1416996,1004.0,26451,68.63,78.37,59.0,864711,702827,161884,856958,1.Hindus,1587287,2.Muslims,104730,3.Christians,15598,2394.0,2330.0,2341.0,1990.0,482
2245,karnataka,kodagu,2015.0,,0,36,0,,2,7,2,1,48,1,33,0,548561,274831,273730,11.64,473179,996.0,46115,77.99,83.7,72.26,266378,247574,18804,282183,1.Hindus,450694,2.Muslims,78466,3.Christians,17951,291.0,279.0,286.0,267.0,138
2246,karnataka,kolar,2015.0,,0,2,0,,7,18,9,3,40,0,14,0,2536069,1286193,1249876,13.83,1910546,972.0,205711,62.84,73.17,52.23,1235028,1014667,220361,1301041,1.Hindus,2196660,2.Muslims,298767,3.Christians,32547,2919.0,2797.0,2785.0,2342.0,490
2247,karnataka,koppal,2015.0,,0,12,0,,18,25,7,3,52,0,39,0,1196089,603312,592777,24.57,997797,983.0,138588,54.1,68.42,39.61,554506,422208,132298,641583,1.Hindus,1042294,2.Muslims,137174,3.Religion not stated,5395,594.0,590.0,594.0,560.0,281
2248,karnataka,mandya,2015.0,,1,13,0,,40,56,15,9,432,10,148,0,1763705,888034,875671,7.14,1480990,986.0,17193,61.05,70.5,51.53,840419,682440,157979,923286,1.Hindus,1667640,2.Muslims,69890,3.Buddhists,11093,1369.0,1330.0,1323.0,1185.0,458
2249,karnataka,raichur,2015.0,,2,17,0,,4,11,1,8,223,2,150,0,1669762,841840,827922,21.93,1248925,983.0,303042,48.81,61.52,35.93,732762,544347,188415,937000,1.Hindus,1417051,2.Muslims,228652,3.Christians,12390,830.0,806.0,796.0,306.0,338
2250,karnataka,shimoga,2015.0,,0,27,0,,42,55,10,10,368,2,187,0,1642545,830559,811986,12.9,1071535,978.0,55997,74.52,82.01,66.88,714671,586832,127839,927874,1.Hindus,1401087,2.Muslims,200979,3.Christians,26474,1443.0,1415.0,1399.0,989.0,311
2251,kerala,idukki,2015.0,,0,85,0,,0,12,8,0,181,13,108,0,1129221,566682,562539,6.96,1071628,993.0,50973,88.69,92.33,85.02,487352,400699,86653,641869,1.Hindus,566744,2.Muslims,480108,3.Christians,81222,64.0,64.0,64.0,60.0,62
2252,kerala,kannur,2015.0,,4,56,0,,2,13,10,1,219,11,235,0,2408956,1152817,1256139,7.13,1196058,1090.0,19969,92.59,96.13,89.4,767197,626876,140321,1641759,1.Hindus,1480748,2.Muslims,665648,3.Christians,261019,78.0,78.0,78.0,78.0,78
2253,kerala,kottayam,2015.0,,0,48,0,,0,9,9,0,153,23,135,0,1953646,964926,988720,6.76,1653838,1025.0,18340,95.82,97.34,94.35,642157,539609,102548,1311489,1.Hindus,963497,2.Muslims,871371,3.Christians,116686,89.0,89.0,89.0,89.0,88
2254,kerala,malappuram,2015.0,,2,129,0,,0,3,0,0,321,30,494,0,3625471,1754576,1870895,17.22,3269301,1066.0,12267,89.61,93.25,86.26,874476,691848,182628,2750995,1.Hindus,2484576,2.Muslims,1057418,3.Christians,80650,122.0,122.0,122.0,122.0,121
2255,kerala,palakkad,2015.0,,0,72,0,,4,17,6,1,144,21,363,0,2617482,1266985,1350497,9.86,2260907,1066.0,39665,84.35,89.52,79.56,945052,768620,176432,1672430,1.Hindus,1802766,2.Muslims,703596,3.Christians,109249,144.0,144.0,144.0,141.0,139
2256,kerala,pathanamthitta,2015.0,,0,62,0,,0,7,0,0,178,8,75,0,1234016,589398,644618,3.72,1110218,1094.0,6549,94.84,96.41,93.43,366049,285844,80205,867967,1.Hindus,694560,2.Muslims,481602,3.Christians,56457,65.0,65.0,65.0,64.0,63
2257,maharashtra,akola,2015.0,,0,44,0,,34,47,1,4,222,6,144,0,1630239,841253,788986,20.51,1002742,938.0,100088,81.41,88.91,73.43,648243,582264,65979,981996,1.Hindus,1024080,2.Muslims,296272,3.Buddhists,293184,862.0,851.0,840.0,786.0,212
2258,maharashtra,bhandara,2015.0,,0,25,0,,41,52,1,0,92,8,41,0,1136146,573445,562701,11.2,960418,981.0,97718,78.47,88.97,67.82,536885,365464,171421,599261,1.Hindus,953507,2.Buddhists,144541,3.Muslims,23324,778.0,772.0,774.0,716.0,442
2259,maharashtra,chandrapur,2015.0,,1,126,0,,0,99,49,10,269,11,201,0,2071101,1062993,1008108,17.26,1406034,948.0,375256,73.17,82.94,62.89,930791,683029,247762,1140310,1.Hindus,1680113,2.Buddhists,274067,3.Muslims,76050,1472.0,1462.0,1444.0,1359.0,318
2260,maharashtra,dhule,2015.0,,0,35,0,,0,24,14,6,69,7,200,0,1707947,878372,829575,16.01,1262062,944.0,443564,71.65,81.4,61.39,737941,573496,164445,970006,1.Hindus,1522895,2.Muslims,149466,3.Buddhists,14613,678.0,675.0,673.0,669.0,276
2261,maharashtra,gadchiroli,2015.0,,1,41,0,,2,18,1,1,40,6,13,0,970294,491101,479193,23.25,903033,976.0,371696,60.1,71.86,48.07,497104,336959,160145,473190,1.Hindus,818640,2.Buddhists,78058,3.Others,44825,1521.0,1509.0,1320.0,1279.0,369
2262,maharashtra,jalgaon,2015.0,,1,66,0,,0,88,0,1,288,21,276,0,3682690,1905493,1777197,15.44,2629896,933.0,435951,75.43,85.91,64.3,1563983,1300086,263897,2118707,1.Hindus,3049368,2.Muslims,455288,3.Buddhists,126136,1491.0,1491.0,1486.0,1470.0,934
2263,maharashtra,jalna,2015.0,,0,47,0,,13,69,27,11,191,12,263,0,1612980,826903,786077,18.17,1305115,951.0,32103,64.4,79.14,49.04,716900,611998,104902,896080,1.Hindus,1255041,2.Muslims,211531,3.Buddhists,121033,963.0,963.0,959.0,952.0,380
2264,maharashtra,kolhapur,2015.0,,0,93,0,,9,158,59,7,219,2,128,0,3523162,1807470,1715692,17.59,2472809,949.0,21387,76.93,87.47,66.02,1652970,1394882,258088,1870192,1.Hindus,3077263,2.Muslims,236875,3.Jains,147285,1196.0,1194.0,1190.0,1185.0,638
2265,maharashtra,latur,2015.0,,0,54,0,,0,68,10,8,155,1,205,0,2080285,1075257,1005028,23.95,1590024,935.0,47836,71.54,82.94,59.4,840518,712849,127669,1239767,1.Hindus,1700679,2.Muslims,292996,3.Buddhists,74351,921.0,921.0,919.0,917.0,409
2266,maharashtra,nanded,2015.0,,0,70,0,,0,61,13,12,165,4,213,0,2876259,1481358,1394901,23.08,2187195,942.0,253596,67.77,80.44,54.35,1202037,965087,236950,1674222,1.Hindus,2162185,2.Muslims,385081,3.Buddhists,302161,1546.0,1538.0,1531.0,1536.0,209
2267,maharashtra,osmanabad,2015.0,,0,54,0,,15,46,3,6,106,1,109,0,1486586,769368,717218,15.35,1253330,932.0,27857,69.02,80.42,56.89,653522,555202,98320,833064,1.Hindus,1297858,2.Muslims,151181,3.Buddhists,28356,729.0,729.0,727.0,726.0,400
2268,maharashtra,parbhani,2015.0,,0,44,0,,26,40,2,11,153,1,205,0,1527715,780191,747524,15.31,1042529,958.0,35210,66.07,79.63,52.02,644752,559917,84835,882963,1.Hindus,1121246,2.Muslims,243935,3.Buddhists,153231,830.0,830.0,824.0,821.0,386
2269,maharashtra,ratnagiri,2015.0,,0,48,0,,27,28,1,1,60,16,18,0,1696777,794498,902279,9.87,1504568,1136.0,20102,75.05,85.89,65.77,763387,557613,205774,933390,1.Hindus,1391137,2.Muslims,175672,3.Buddhists,120855,1539.0,1538.0,1539.0,1484.0,810
2270,maharashtra,sangli,2015.0,,0,67,0,,37,95,13,16,171,4,103,0,2583524,1320088,1263436,17.59,1950306,957.0,17855,76.62,86.26,66.73,1218655,952241,266414,1364869,1.Hindus,2243478,2.Muslims,203524,3.Jains,85160,721.0,721.0,721.0,719.0,567
2271,maharashtra,satara,2015.0,,1,114,0,,104,150,1,2,274,18,155,0,2808994,1408326,1400668,14.1,2410873,995.0,21896,78.22,88.2,68.38,1303658,1044989,258669,1505336,1.Hindus,2533359,2.Buddhists,128570,3.Muslims,125661,1716.0,1716.0,1701.0,1680.0,646
2272,maharashtra,sindhudurg,2015.0,,0,28,0,,2,13,5,0,38,2,10,0,868825,417890,450935,3.55,786506,1079.0,4952,80.3,90.26,71.23,404985,233827,171158,463840,1.Hindus,802498,2.Buddhists,24320,3.Muslims,23668,743.0,743.0,735.0,722.0,593
2273,maharashtra,wardha,2015.0,,0,60,0,,30,56,0,0,243,4,67,0,1236736,638990,597746,15.3,911695,935.0,154415,80.06,87.18,72.45,550351,431330,119021,686385,1.Hindus,1006235,2.Buddhists,169579,3.Muslims,47605,1004.0,998.0,998.0,842.0,392
2274,maharashtra,yavatmal,2015.0,,2,98,0,,38,115,1,15,458,140,262,0,2458271,1265681,1192590,18.46,2001060,942.0,473370,73.62,84.09,62.52,1118937,949453,169484,1339334,1.Hindus,1999368,2.Buddhists,221793,3.Muslims,196909,1856.0,1820.0,1795.0,1729.0,723
2275,manipur,bishnupur,2015.0,,0,10,0,,0,12,0,0,9,0,10,0,208368,104550,103818,13.9,133627,993.0,6143,67.63,79.61,55.66,89703,55557,34146,118665,1.Hindus,148903,2.Others,38763,3.Muslims,14194,48.0,48.0,46.0,47.0,28
2276,manipur,chandel,2015.0,,0,0,0,,1,1,0,0,0,0,1,0,118327,59741,58586,72.8,103365,981.0,108779,56.23,64.34,47.98,54545,39935,14610,63782,1.Christians,109128,2.Hindus,5701,3.Muslims,2318,350.0,323.0,190.0,214.0,25
2277,manipur,churachandpur,2015.0,,0,2,0,,0,0,0,0,0,0,0,0,227905,117232,110673,29.81,227905,944.0,212482,70.59,77.67,63.06,99363,71933,27430,128542,1.Christians,213186,2.Hindus,10538,3.Muslims,2573,540.0,539.0,306.0,395.0,66
2278,manipur,tamenglong,2015.0,,0,0,0,,0,0,0,0,0,0,0,0,111499,58014,53485,29.23,111499,922.0,106349,59.25,68.72,48.95,50863,43353,7510,60636,1.Christians,105791,2.Hindus,3187,3.Muslims,1431,171.0,171.0,75.0,157.0,42
2279,manipur,thoubal,2015.0,,0,9,0,,0,28,0,0,9,0,10,0,364140,182250,181890,24.62,232868,998.0,4274,66.41,80.43,52.46,177343,111486,65857,186797,1.Hindus,221096,2.Muslims,86849,3.Others,50819,90.0,90.0,84.0,88.0,36
2280,manipur,ukhrul,2015.0,,0,1,0,,0,0,0,0,0,0,0,0,140778,73465,67313,28.98,140778,916.0,134493,73.12,80.13,65.41,66515,51564,14951,74263,1.Christians,133966,2.Hindus,5687,3.Muslims,881,198.0,198.0,154.0,188.0,47
2281,mizoram,aizawl,2015.0,,2,17,0,,2,3,1,0,30,1,3,0,325676,166877,158799,39.24,77531,952.0,303641,96.51,96.75,96.26,162961,125328,37633,162715,1.Christians,303893,2.Hindus,14508,3.Muslims,5185,96.0,96.0,81.0,86.0,46
2282,mizoram,lawngtlai,2015.0,,4,7,0,,0,1,0,0,3,0,0,0,73620,38776,34844,34.78,73620,899.0,70234,64.74,70.9,57.81,34093,26188,7905,39527,1.Buddhists,38410,2.Christians,32877,3.Hindus,1910,139.0,139.0,27.0,134.0,24
2283,mizoram,lunglei,2015.0,,0,9,0,,0,0,0,0,16,1,0,0,137223,71402,65821,23.1,79267,922.0,130768,84.17,87.44,80.6,71792,60870,10922,65431,1.Christians,109204,2.Buddhists,22429,3.Hindus,4612,160.0,160.0,101.0,130.0,55
2284,nagaland,kohima,2015.0,,0,10,0,,0,0,0,0,0,8,1,0,310084,162251,147833,49.96,233054,911.0,280753,74.54,80.3,68.15,135023,114456,20567,175061,1.Christians,278844,2.Hindus,21950,3.Others,5457,180.0,179.0,148.0,164.0,82
2285,nagaland,mokokchung,2015.0,,0,1,0,,0,0,0,0,0,0,0,0,232085,120929,111156,43.48,200871,919.0,217653,83.92,86.03,81.61,109260,82160,27100,122825,1.Christians,219282,2.Hindus,10433,3.Muslims,2128,102.0,101.0,97.0,99.0,82
2286,nagaland,mon,2015.0,,0,2,0,,0,0,0,0,2,0,1,0,260652,138753,121899,73.42,244062,879.0,244821,41.83,46.56,36.35,130848,108206,22642,129804,1.Christians,248684,2.Hindus,9963,3.Muslims,1748,110.0,110.0,102.0,107.0,69
2287,nagaland,phek,2015.0,,0,2,0,,0,0,0,0,0,0,0,0,148195,77141,71054,45.12,135331,921.0,142977,70.65,78.37,62.26,71398,57454,13944,76797,1.Christians,143048,2.Hindus,4095,3.Muslims,517,104.0,104.0,102.0,102.0,54
2288,nagaland,tuensang,2015.0,,0,0,0,,1,1,0,0,0,0,0,0,414818,218678,196140,78.1,385046,897.0,398350,50.64,55.12,45.58,184924,156950,27974,229894,1.Christians,406287,2.Hindus,6856,3.Muslims,1329,251.0,251.0,238.0,230.0,123
2289,nagaland,wokha,2015.0,,0,2,0,,0,0,0,0,0,0,0,0,161223,83670,77553,95.01,123587,927.0,153983,80.55,85.35,75.32,56254,49679,6575,104969,1.Christians,155009,2.Hindus,4787,3.Muslims,1209,128.0,128.0,105.0,104.0,67
2290,nagaland,zunheboto,2015.0,,0,1,0,,0,0,0,0,0,0,0,0,153955,79056,74899,61.0,130874,947.0,147915,69.28,73.74,64.57,56783,47491,9292,97172,1.Christians,150097,2.Hindus,3193,3.Muslims,492,187.0,186.0,187.0,178.0,57
2291,punjab,bathinda,2015.0,,4,57,0,,1,47,6,7,55,2,48,0,1183295,632809,550486,19.89,831541,870.0,-,61.18,67.78,53.7,500667,408924,91743,682628,1.Hindus,876426,2.Muslims,292984,3.Christians,9847,280.0,280.0,280.0,280.0,181
2292,punjab,faridkot,2015.0,,3,24,0,,0,8,0,1,36,0,13,0,550892,292596,258296,21.42,357321,883.0,-,61.95,68.15,55.03,209754,181873,27881,341138,1.Sikhs,427104,2.Hindus,119702,3.Muslims,1739,163.0,163.0,163.0,160.0,107
2293,punjab,gurdaspur,2015.0,,0,17,0,,0,25,4,3,16,0,36,0,2104011,1113077,990934,19.33,1568788,890.0,-,73.77,79.78,67.15,700557,568322,132235,1403454,1.Hindus,996246,2.Sikhs,934963,3.Christians,148981,1532.0,1531.0,1532.0,1375.0,517
2294,punjab,hoshiarpur,2015.0,,7,45,0,,4,47,1,10,53,0,115,0,1480736,765132,715604,13.81,1188662,935.0,-,81.02,86.45,75.32,513351,415123,98228,967385,1.Hindus,871923,2.Sikhs,574862,3.Muslims,15394,1386.0,1386.0,1386.0,1232.0,382
2295,punjab,kapurthala,2015.0,,2,21,0,,2,32,2,5,33,1,46,0,754521,399623,354898,16.34,507994,888.0,-,73.93,79.02,68.29,262741,231222,31519,491780,1.Sikhs,448654,2.Hindus,286438,3.Buddhists,7740,618.0,618.0,618.0,478.0,359
2296,punjab,patiala,2015.0,,6,57,0,,0,87,87,7,83,0,152,0,1844934,987390,857544,20.31,1200224,868.0,-,69.78,75.88,62.86,681951,589015,92936,1162983,1.Sikhs,1024546,2.Hindus,778427,3.Muslims,34828,1054.0,1053.0,1054.0,986.0,172
2297,punjab,sangrur,2015.0,,2,45,0,,0,48,4,9,51,0,64,0,2000173,1069289,930884,18.57,1415354,871.0,-,59.98,65.81,53.38,814098,714076,100022,1186075,1.Sikhs,1400149,2.Hindus,434873,3.Muslims,157838,697.0,697.0,697.0,684.0,291
2298,rajasthan,ajmer,2015.0,,18,123,0,,43,167,113,9,184,1,792,0,2181670,1129920,1051750,26.1,1306994,931.0,52634,64.65,79.37,48.86,856809,690818,165991,1324861,1.Hindus,1869044,2.Muslims,244341,3.Jains,47812,1025.0,1025.0,966.0,970.0,352
2299,rajasthan,alwar,2015.0,,77,254,0,,111,224,113,44,205,0,717,0,2992592,1586752,1405840,30.23,2557653,886.0,239905,61.74,78.09,43.28,1458686,947587,511099,1533906,1.Hindus,2535155,2.Muslims,383204,3.Sikhs,55530,1954.0,1954.0,1843.0,1811.0,553
2300,rajasthan,banswara,2015.0,,3,100,0,,0,128,123,13,70,0,212,0,1501589,760686,740903,29.84,1394226,974.0,1085272,44.63,60.45,28.43,709412,529393,180019,792177,1.Hindus,1425287,2.Muslims,39079,3.Jains,18406,1476.0,1476.0,853.0,1348.0,450
2301,rajasthan,barmer,2015.0,,5,120,0,,0,47,0,39,268,0,278,0,1964835,1038247,926588,36.83,1819431,892.0,118688,58.99,72.76,43.45,919729,680208,239521,1045106,1.Hindus,1695047,2.Muslims,231918,3.Jains,35744,1933.0,1933.0,948.0,1777.0,433
2302,rajasthan,bharatpur,2015.0,,64,244,0,,28,196,31,31,74,0,594,0,2101142,1133425,967717,27.05,1692182,854.0,47077,63.57,80.54,43.56,852913,573547,279366,1248229,1.Hindus,1804599,2.Muslims,264709,3.Sikhs,23472,1366.0,1365.0,1238.0,1298.0,481
2303,rajasthan,bhilwara,2015.0,,0,90,0,,0,212,0,9,160,1,711,0,2013789,1026650,987139,26.14,1598938,962.0,180556,50.74,67.39,33.48,939848,764916,174932,1073941,1.Hindus,1859972,2.Muslims,112802,3.Jains,37659,1693.0,1693.0,1553.0,1516.0,473
2304,rajasthan,bikaner,2015.0,,0,91,0,,0,65,0,22,68,0,475,0,1674271,886075,788196,38.18,1079235,890.0,5945,56.91,70.05,42.03,661457,522482,138975,1012814,1.Hindus,1445088,2.Muslims,172372,3.Jains,31235,712.0,686.0,485.0,611.0,173
2305,rajasthan,bundi,2015.0,,0,60,0,,0,128,0,3,143,0,293,0,962620,504818,457802,24.8,783058,907.0,194851,55.57,71.68,37.79,456937,305977,150960,505683,1.Hindus,881956,2.Muslims,56220,3.Jains,13186,839.0,838.0,733.0,764.0,178
2306,rajasthan,churu,2015.0,,6,81,0,,42,42,0,14,44,0,237,0,1923878,987781,936097,24.6,1387682,948.0,10063,66.81,79.69,53.35,853899,587431,266468,1069979,1.Hindus,1698106,2.Muslims,210446,3.Jains,13882,946.0,925.0,877.0,909.0,423
2307,rajasthan,dungarpur,2015.0,,1,117,0,,0,121,0,10,90,0,172,0,1107643,547791,559852,26.58,1026787,1022.0,721487,48.57,66.04,31.77,531376,272283,259093,576267,1.Hindus,1068319,2.Muslims,23549,3.Jains,12542,854.0,853.0,723.0,819.0,368
2308,rajasthan,ganganagar,2015.0,,9,160,0,,21,108,62,13,147,0,812,0,1789423,955378,834045,27.53,1336066,873.0,14744,64.74,75.53,52.44,719792,552559,167233,1069631,1.Hindus,1299812,2.Sikhs,441409,3.Muslims,42442,2830.0,2820.0,1817.0,1653.0,654
2309,rajasthan,jaisalmer,2015.0,,0,9,0,,0,13,0,4,53,0,39,0,508247,279101,229146,47.45,431853,821.0,27834,50.97,66.26,32.05,211687,153139,58548,296560,1.Hindus,383638,2.Muslims,120174,3.Sikhs,2086,600.0,576.0,183.0,473.0,144
2310,rajasthan,jhalawar,2015.0,,11,130,0,,10,124,0,8,266,0,444,0,1180323,612804,567519,23.34,1012081,926.0,141861,57.32,73.31,40.02,554781,399386,155395,625542,1.Hindus,1087934,2.Muslims,78962,3.Jains,11759,1477.0,1476.0,1185.0,1173.0,214
2311,rajasthan,nagaur,2015.0,,0,96,0,,0,146,0,10,108,0,512,0,2775058,1424967,1350091,29.33,2297721,947.0,6497,57.28,74.1,39.67,1129514,844039,285475,1645544,1.Hindus,2399173,2.Muslims,356405,3.Jains,17478,1480.0,1466.0,1417.0,1417.0,580
2312,rajasthan,pali,2015.0,,5,79,0,,0,139,0,10,229,0,489,0,1820251,918856,901395,22.39,1429364,981.0,105814,54.39,72.2,36.48,724883,518158,206725,1095368,1.Hindus,1677038,2.Muslims,114088,3.Jains,25599,936.0,936.0,883.0,906.0,451
2313,rajasthan,sikar,2015.0,,6,92,0,,0,105,61,15,55,0,420,0,2287788,1172753,1115035,24.11,1815250,951.0,62512,70.47,84.34,56.11,887915,633421,254494,1399873,1.Hindus,2019396,2.Muslims,261714,3.Jains,4957,986.0,985.0,965.0,945.0,470
2314,rajasthan,sirohi,2015.0,,10,60,0,,16,72,1,4,83,1,216,0,851107,437949,413158,30.08,700217,943.0,210763,53.94,69.89,37.15,343905,245762,98143,507202,1.Hindus,810765,2.Muslims,25439,3.Jains,12427,455.0,454.0,399.0,423.0,201
2315,rajasthan,tonk,2015.0,,21,36,0,,0,74,0,1,72,0,332,0,1211671,626436,585235,24.24,958503,934.0,145891,51.97,70.52,32.15,532682,425230,107452,678989,1.Hindus,1062365,2.Muslims,124440,3.Jains,23644,1032.0,1031.0,818.0,887.0,246
2316,rajasthan,udaipur,2015.0,,27,191,0,,47,234,39,3,344,0,617,0,2633312,1336004,1297308,27.37,2142995,971.0,1260432,58.62,73.62,43.26,1100880,724120,376760,1532432,1.Hindus,2449773,2.Muslims,88262,3.Jains,83699,2339.0,2337.0,1647.0,2030.0,619
2317,sikkim,east,2015.0,,1,0,0,,18,18,0,1,14,2,2,0,245040,132917,112123,37.17,192188,844.0,45321,74.67,81.2,66.8,116529,92577,23952,128511,1.Hindus,157321,2.Buddhists,64729,3.Christians,14502,131.0,131.0,125.0,112.0,100
2318,sikkim,north,2015.0,,0,0,0,,0,0,0,0,1,0,0,0,41030,23414,17616,31.32,39782,752.0,21772,67.21,75.69,55.39,23542,17553,5989,17488,1.Buddhists,22603,2.Hindus,16128,3.Christians,1623,53.0,53.0,46.0,42.0,44
2319,sikkim,south,2015.0,,0,2,0,,2,3,0,0,3,0,0,0,131525,68241,63284,33.37,127579,927.0,20483,67.31,74.29,59.72,69693,57367,12326,61832,1.Hindus,84213,2.Buddhists,31109,3.Christians,12757,145.0,145.0,142.0,131.0,99
2320,sikkim,west,2015.0,,0,3,0,,0,0,0,0,3,0,0,0,123256,63912,59344,25.48,121432,929.0,23829,58.8,66.82,50.11,53279,45407,7872,69977,1.Hindus,71886,2.Buddhists,33601,3.Others,9567,121.0,121.0,115.0,107.0,86
2321,tripura,dhalai,2015.0,,5,26,0,,0,10,8,3,38,0,38,0,307868,159095,148773,10.79,289001,935.0,166326,60.93,70.17,50.99,126761,92570,34191,181107,1.Hindus,257834,2.Buddhists,28180,3.Christians,14848,148.0,148.0,108.0,138.0,58
2322,chandigarh,chandigarh,2015.0,,6,72,0,,97,165,12,5,76,10,126,0,900635,506938,393697,40.33,92120,777.0,-,81.94,86.14,76.47,340422,328989,11433,560213,1.Hindus,707978,2.Sikhs,145175,3.Muslims,35548,23.0,23.0,23.0,18.0,18
2323,assam,barpeta,2019.0,0,0,137,0,0,0,463,0,15,557,0,0,0,1647201,848578,798623,18.53,1520333,941.0,123266,56.24,64.83,47.07,517088,408537,108551,1130113,1.Hindus,977943,2.Muslims,662066,3.Christians,5267,1050.0,1050.0,775.0,967.0,430
2324,assam,bongaigaon,2019.0,0,25,61,0,0,13,190,0,3,135,0,319,0,904835,465240,439595,12.23,795053,945.0,110696,59.33,67.67,50.44,293243,233087,60156,611592,1.Hindus,535464,2.Muslims,348573,3.Christians,18728,881.0,881.0,607.0,805.0,112
2325,assam,cachar,2019.0,0,1,58,0,0,21,317,0,20,49,0,664,0,1444921,743042,701879,18.66,1243534,945.0,18631,67.82,75.73,59.41,465734,364814,100920,979187,1.Hindus,886761,2.Muslims,522051,3.Christians,31306,1020.0,1020.0,741.0,902.0,134
2326,assam,darrang,2019.0,0,33,97,0,0,45,340,49,15,248,0,664,0,1504320,773861,730459,15.79,1429492,944.0,249861,55.44,63.91,46.4,527993,404428,123565,976327,1.Hindus,868532,2.Muslims,534658,3.Christians,97306,1319.0,1319.0,1032.0,1246.0,356
2327,assam,dhemaji,2019.0,0,3,27,0,0,3,105,6,6,83,1,139,0,571944,294643,277301,18.93,533112,941.0,270496,64.48,74.41,53.86,250146,155431,94715,321798,1.Hindus,548780,2.Muslims,10533,3.Christians,6390,1236.0,1236.0,253.0,1068.0,83
2328,assam,dhubri,2019.0,0,98,111,0,0,29,449,151,12,716,10,1230,0,1637344,841044,796300,23.42,1444901,947.0,32523,48.21,55.91,40.04,470360,399201,71159,1166984,1.Hindus,1216455,2.Muslims,405065,3.Christians,12477,1261.0,1261.0,904.0,1138.0,374
2329,assam,dibrugarh,2019.0,0,4,41,0,0,0,196,0,6,81,0,396,0,1185072,613555,571517,12.43,956634,931.0,88337,68.96,77.3,59.95,472419,342708,129711,712653,1.Hindus,1075878,2.Muslims,53306,3.Christians,45040,1309.0,1309.0,1195.0,1169.0,263
2330,assam,goalpara,2019.0,0,19,40,,0,0,213,80,6,123,0,394,0,822035,420251,401784,23.07,755133,956.0,131800,58.03,64.86,50.85,273925,209928,63997,548110,1.Hindus,441516,2.Muslims,314157,3.Christians,64662,761.0,761.0,689.0,723.0,243
2331,assam,golaghat,2019.0,0,6,34,0,0,55,302,19,5,64,0,406,0,946279,490286,455993,14.21,865141,930.0,93920,69.38,77.14,60.99,388640,269896,118744,557639,1.Hindus,813263,2.Muslims,74808,3.Christians,52277,1066.0,1066.0,595.0,769.0,87
2332,assam,hailakandi,2019.0,0,23,145,,0,0,127,0,6,214,0,436,0,542872,280513,262359,20.92,498787,935.0,821,59.64,68.24,50.46,179881,138216,41665,362991,1.Hindus,312849,2.Muslims,223191,3.Christians,5424,327.0,327.0,268.0,308.0,110
2333,assam,jorhat,2019.0,0,20,30,0,0,0,209,0,0,191,0,618,0,999221,517015,482206,15.84,827901,933.0,123134,76.34,83.62,68.49,414348,285092,129256,584873,1.Hindus,927858,2.Muslims,47658,3.Christians,18610,787.0,787.0,650.0,717.0,215
2334,assam,kamrup,2019.0,5,17,130,0,0,59,398,167,10,282,330,553,0,2522324,1326981,1195343,25.75,1614107,901.0,250393,74.16,81.16,66.31,842253,697810,144443,1680071,1.Hindus,1836153,2.Muslims,625002,3.Christians,44257,1342.0,1342.0,1042.0,1190.0,468
2335,assam,karimganj,2019.0,0,17,53,0,0,11,96,0,8,105,4,298,0,1007976,517680,490296,21.35,934126,947.0,2901,66.24,74.69,57.28,303294,235016,68278,704682,1.Hindus,527214,2.Muslims,470708,3.Christians,8746,915.0,915.0,639.0,865.0,224
2336,assam,kokrajhar,2019.0,3,0,36,0,0,0,121,0,3,84,0,179,0,905764,466191,439573,15.05,841823,943.0,304985,51.63,60.32,42.4,334849,234771,100078,570915,1.Hindus,594168,2.Muslims,184441,3.Christians,124270,951.0,951.0,704.0,906.0,211
2337,assam,lakhimpur,2019.0,0,10,52,0,0,22,126,3,3,63,1,558,0,889010,455691,433319,18.34,823857,951.0,208864,68.56,77.06,59.59,497745,288052,209693,391265,1.Hindus,702881,2.Muslims,143505,3.Christians,36667,1139.0,1139.0,680.0,1046.0,211
2338,assam,nagaon,2019.0,0,23,110,0,0,103,620,216,0,233,0,972,0,2314629,1190950,1123679,22.3,2036342,944.0,89394,61.73,68.27,54.74,727641,566195,161446,1586988,1.Hindus,1180267,2.Muslims,1106354,3.Christians,21473,1375.0,1374.0,1190.0,1257.0,480
2339,assam,nalbari,2019.0,0,0,46,0,0,0,112,0,1,77,15,268,0,1148824,592375,556449,11.98,1121338,939.0,202577,67.23,76.56,57.26,383932,291665,92267,764892,1.Hindus,873749,2.Muslims,253842,3.Christians,18495,798.0,798.0,733.0,769.0,179
2340,assam,sibsagar,2019.0,0,10,20,0,0,153,488,0,1,131,9,345,0,1051736,545476,506260,15.95,954557,928.0,41533,74.47,81.53,66.81,430523,287319,143204,621213,1.Hindus,927706,2.Muslims,85761,3.Christians,28488,866.0,866.0,772.0,825.0,317
2341,assam,sonitpur,2019.0,0,0,36,0,0,82,292,0,0,50,0,462,0,1681513,871568,809945,17.8,1505719,929.0,195083,59.0,67.54,49.73,634723,465283,169440,1046790,1.Hindus,1287646,2.Muslims,268078,3.Christians,115623,1784.0,1784.0,1331.0,1372.0,235
2342,assam,tinsukia,2019.0,0,13,72,0,0,0,217,0,5,107,5,292,0,1150062,601099,548963,19.52,926105,913.0,67234,60.95,70.15,50.78,466351,349847,116504,683711,1.Hindus,1029142,2.Muslims,62403,3.Christians,40000,1107.0,1107.0,871.0,936.0,198
2343,bihar,araria,2019.0,1,0,25,0,0,27,230,19,12,3,0,60,0,2158608,1128105,1030503,31.84,2026257,913.0,29423,35.01,46.38,22.37,853445,657446,195999,1305163,1.Hindus,1263766,2.Muslims,887972,3.Jains,2504,713.0,713.0,129.0,552.0,60
2344,bihar,aurangabad,2019.0,0,0,15,0,0,17,113,2,27,0,0,32,0,2013055,1040945,972110,30.19,1842998,934.0,1640,57.03,71.13,41.9,671011,476390,194621,1342044,1.Hindus,1814612,2.Muslims,196030,3.Religion not stated,1161,1739.0,1739.0,527.0,1148.0,270
2345,bihar,begusarai,2019.0,0,17,10,0,0,8,138,8,20,12,3,20,0,2349366,1228874,1120492,29.11,2241743,912.0,1505,47.98,59.13,35.64,746075,571564,174511,1603291,1.Hindus,2033039,2.Muslims,313713,3.Religion not stated,1224,729.0,729.0,457.0,503.0,167
2346,bihar,bhagalpur,2019.0,0,11,33,0,0,24,330,63,16,6,0,99,0,2423172,1291658,1131514,27.24,1970745,876.0,55545,49.5,59.22,38.13,855345,580731,274614,1567827,1.Hindus,1990976,2.Muslims,423246,3.Christians,1853,935.0,935.0,445.0,642.0,229
2347,bihar,bhojpur,2019.0,0,11,8,0,0,5,171,13,35,2,0,51,0,2243144,1179611,1063533,24.58,1930730,902.0,8337,58.96,74.29,41.8,653811,491916,161895,1589333,1.Hindus,2076589,2.Muslims,163193,3.Religion not stated,913,999.0,999.0,247.0,885.0,133
2348,bihar,darbhanga,2019.0,0,10,33,0,0,22,273,16,35,22,0,39,0,3295789,1722189,1573600,30.85,3028441,914.0,841,44.33,56.72,30.78,1028558,761464,267094,2267231,1.Hindus,2543284,2.Muslims,748971,3.Religion not stated,2245,1083.0,1083.0,490.0,850.0,271
2349,bihar,gaya,2019.0,0,0,49,0,0,0,361,0,42,5,0,106,0,3473428,1792163,1681265,30.19,2997479,938.0,2945,50.45,63.27,36.66,1277639,994459,283180,2195789,1.Hindus,3063841,2.Muslims,403439,3.Religion not stated,1622,2680.0,2680.0,539.0,1635.0,278
2350,bihar,gopalganj,2019.0,0,0,2,0,0,33,149,0,29,1,0,55,0,2152638,1075710,1076928,26.11,2022048,1001.0,6157,47.48,62.96,32.16,641672,466811,174861,1510966,1.Hindus,1784275,2.Muslims,367219,3.Religion not stated,850,1383.0,1383.0,439.0,866.0,261
2351,bihar,jehanabad,2019.0,0,3,9,0,0,2,101,38,22,15,0,19,0,1514315,784946,729369,28.64,1402703,929.0,1313,55.26,70.07,39.37,580905,422789,158116,933410,1.Hindus,1389053,2.Muslims,124149,3.Religion not stated,743,856.0,856.0,219.0,672.0,123
2352,bihar,katihar,2019.0,0,0,60,0,0,4,234,11,14,15,0,71,0,2392638,1246872,1145766,30.91,2174361,919.0,140418,35.09,45.31,23.8,898326,664259,234067,1494312,1.Hindus,1363523,2.Muslims,1017495,3.Christians,4994,1290.0,1290.0,277.0,785.0,248
2353,bihar,khagaria,2019.0,0,6,13,0,0,0,170,0,15,0,0,31,0,1280354,679267,601087,29.32,1204027,885.0,332,41.35,51.82,29.35,467240,333262,133978,813114,1.Hindus,1147346,2.Muslims,131441,3.Others,546,241.0,241.0,114.0,220.0,124
2354,bihar,kishanganj,2019.0,0,1,18,0,0,6,38,0,5,0,0,20,0,1296348,669552,626796,31.5,1167340,936.0,47116,31.09,42.71,18.63,417151,359819,57332,879197,1.Muslims,876105,2.Hindus,412995,3.Christians,2856,730.0,730.0,116.0,442.0,120
2355,bihar,madhepura,2019.0,0,6,11,0,0,29,176,0,7,0,0,28,0,1526646,797180,729466,29.45,1458679,915.0,9295,36.07,48.8,22.11,683976,498367,185609,842670,1.Hindus,1351978,2.Muslims,173605,3.Religion not stated,494,384.0,384.0,168.0,311.0,141
2356,bihar,madhubani,2019.0,0,0,19,0,0,0,202,0,26,4,0,75,0,3575281,1840997,1734284,26.08,3450736,942.0,1260,41.97,56.79,26.25,1227723,877412,350311,2347558,1.Hindus,2930501,2.Muslims,641579,3.Religion not stated,1477,1034.0,1034.0,437.0,901.0,232
2357,bihar,munger,2019.0,0,0,10,0,0,11,188,20,15,0,0,91,0,1137797,607730,530067,20.34,819950,872.0,18060,59.47,69.89,47.4,331451,233688,97763,806346,1.Hindus,1045233,2.Muslims,89791,3.Christians,1135,525.0,525.0,321.0,382.0,149
2358,bihar,muzaffarpur,2019.0,0,2,34,0,0,64,554,0,79,7,0,192,0,3746714,1951466,1795248,26.74,3398361,920.0,3472,47.95,59.1,35.81,1139830,895830,244000,2606884,1.Hindus,3168225,2.Muslims,573951,3.Religion not stated,2104,1725.0,1725.0,1021.0,1423.0,526
2359,bihar,nalanda,2019.0,0,3,37,0,0,65,365,51,64,15,0,84,0,2370528,1238599,1131929,18.64,2016899,914.0,970,53.19,66.44,38.58,903144,700007,203137,1467384,1.Hindus,2191552,2.Muslims,176871,3.Religion not stated,888,1000.0,1000.0,366.0,879.0,198
2360,bihar,patna,2019.0,0,23,69,0,0,40,1091,475,86,91,7,295,0,4718592,2519942,2198650,30.17,2757060,873.0,9236,62.92,73.34,50.83,1425647,1161984,263663,3292945,1.Hindus,4333556,2.Muslims,366164,3.Christians,8951,1288.0,1288.0,615.0,1199.0,390
2361,bihar,rohtas,2019.0,0,2,5,0,0,19,255,22,36,0,0,68,0,2450748,1283485,1167263,27.71,2123942,909.0,25663,61.29,75.31,45.71,744183,544731,199452,1706565,1.Hindus,2199049,2.Muslims,246760,3.Sikhs,2549,1710.0,1710.0,493.0,1185.0,153
2362,bihar,saharsa,2019.0,0,0,14,0,0,0,113,0,17,0,0,31,0,1508182,789432,718750,33.03,1383015,910.0,4642,39.08,51.66,25.27,589467,411566,177901,918715,1.Hindus,1289364,2.Muslims,217922,3.Christians,437,441.0,441.0,127.0,374.0,63
2363,bihar,samastipur,2019.0,0,0,14,0,0,30,293,28,34,0,0,58,0,3394793,1760692,1634101,25.63,3271338,928.0,3362,45.13,57.59,31.67,1071974,843356,228618,2322819,1.Hindus,3035755,2.Muslims,355897,3.Religion not stated,1432,1122.0,1122.0,674.0,878.0,195
2364,bihar,saran,2019.0,0,0,26,0,0,89,437,0,54,0,0,121,0,3248701,1652661,1596040,26.37,2950064,966.0,6667,51.8,67.3,35.82,860940,644618,216322,2387761,1.Hindus,2909213,2.Muslims,337767,3.Religion not stated,758,1566.0,1566.0,544.0,1213.0,342
2365,bihar,sitamarhi,2019.0,0,0,9,0,0,49,346,3,37,3,0,154,0,2682720,1417611,1265109,32.58,2529407,892.0,1786,38.46,49.36,26.13,855156,714136,141020,1827564,1.Hindus,2111476,2.Muslims,568992,3.Religion not stated,1237,802.0,802.0,302.0,709.0,216
2366,bihar,siwan,2019.0,0,0,8,0,0,18,214,1,42,0,0,41,0,2714349,1336283,1378066,24.78,2564860,1031.0,13822,51.65,67.26,36.88,730437,511578,218859,1983912,1.Hindus,2218632,2.Muslims,494176,3.Religion not stated,899,1438.0,1438.0,441.0,1119.0,254
2367,bihar,vaishali,2019.0,0,0,0,0,0,82,349,70,64,13,0,53,0,2718421,1415603,1302818,26.39,2531766,920.0,3068,50.49,63.23,36.58,782717,624452,158265,1935704,1.Hindus,2457636,2.Muslims,259158,3.Religion not stated,922,1414.0,1414.0,970.0,929.0,154
2368,chhattisgarh,bilaspur,2019.0,0,0,110,0,0,0,321,0,8,134,22,89,0,1998355,1013875,984480,17.59,1511661,971.0,397104,63.51,78.43,48.17,857577,630504,227073,1140778,1.Hindus,1904580,2.Muslims,45342,3.Others,19325,1579.0,1545.0,1494.0,1426.0,452
2369,chhattisgarh,durg,2019.0,0,1,68,0,0,184,207,17,4,144,13,115,0,2810436,1417893,1392543,16.88,1738127,982.0,348801,75.62,86.43,64.64,1162833,965624,197209,1647603,1.Hindus,2654202,2.Muslims,70398,3.Sikhs,23399,1776.0,1762.0,1737.0,1698.0,669
2370,chhattisgarh,raigarh,2019.0,0,0,124,0,0,106,112,0,7,94,19,36,0,1265529,634597,630932,18.68,1096073,994.0,447703,70.16,82.7,57.62,601564,430725,170839,663965,1.Hindus,1212180,2.Christians,36098,3.Muslims,12637,1433.0,1410.0,1385.0,1350.0,279
2371,chhattisgarh,raipur,2019.0,1,0,116,0,0,306,317,1,6,126,56,93,0,3016930,1523925,1493005,18.97,2099312,980.0,365273,68.51,81.97,54.81,1264663,961507,303156,1752267,1.Hindus,2881933,2.Muslims,77963,3.Christians,16857,2124.0,2101.0,1955.0,1987.0,696
2372,chhattisgarh,rajnandgaon,2019.0,0,0,30,0,0,130,159,2,4,60,20,35,0,1283224,634342,648882,17.7,1051577,1023.0,341688,77.21,87.17,67.55,649401,558996,90405,633823,1.Hindus,1215492,2.Buddhists,28020,3.Muslims,21035,1605.0,1595.0,1550.0,1484.0,343
2373,gujarat,amreli,2019.0,0,0,13,0,0,2,25,0,0,51,1,125,0,1393918,701593,692325,6.45,1080960,987.0,3256,66.09,76.44,55.78,600819,470043,130776,793099,1.Hindus,1307460,2.Muslims,83077,3.Jains,2309,615.0,614.0,615.0,614.0,383
2374,gujarat,anand,2019.0,3,0,6,0,0,10,17,0,0,22,0,44,0,1856872,972000,884872,13.03,1348901,910.0,22835,74.51,86.09,61.94,784711,617669,167042,1072161,1.Hindus,1616127,2.Muslims,199263,3.Christians,29461,350.0,350.0,350.0,350.0,301
2375,gujarat,bharuch,2019.0,0,0,2,0,0,1,2,0,1,30,0,31,0,1370656,713676,656980,19.32,1018096,921.0,444043,74.41,82.98,65.11,570693,469551,101142,799963,1.Hindus,1059796,2.Muslims,293459,3.Christians,8824,657.0,657.0,656.0,644.0,403
2376,gujarat,bhavnagar,2019.0,0,0,18,0,0,0,12,0,0,47,2,150,0,2469630,1274920,1194710,19.29,1534592,937.0,7298,66.2,78.02,53.73,944559,781166,163393,1525071,1.Hindus,2264062,2.Muslims,172740,3.Jains,28921,790.0,790.0,789.0,786.0,526
2377,gujarat,gandhinagar,2019.0,0,0,6,0,0,0,13,0,0,19,0,80,0,1334455,697999,636456,23.88,867195,912.0,17681,76.59,87.74,64.58,554336,467413,86923,780119,1.Hindus,1269766,2.Muslims,50559,3.Jains,7769,291.0,291.0,291.0,290.0,244
2378,gujarat,jamnagar,2019.0,0,0,6,0,0,0,22,0,0,16,0,57,0,1904278,981320,922958,22.39,1068022,941.0,10459,66.48,76.25,56.18,734382,624057,110325,1169896,1.Hindus,1605941,2.Muslims,270223,3.Jains,21907,698.0,695.0,666.0,666.0,286
2379,gujarat,junagadh,2019.0,0,0,25,0,0,0,57,1,0,50,0,163,0,2448173,1252350,1195823,17.08,1736645,955.0,18832,67.78,78.74,56.43,1000842,785530,215312,1447331,1.Hindus,2165734,2.Muslims,274481,3.Jains,4291,923.0,922.0,901.0,858.0,803
2380,gujarat,kheda,2019.0,0,1,11,0,0,0,96,0,0,26,1,65,0,2024216,1052823,971393,13.24,1617766,923.0,32394,71.96,85.99,56.9,908180,694400,213780,1116036,1.Hindus,1775214,2.Muslims,218660,3.Christians,23178,612.0,612.0,612.0,612.0,432
2381,gujarat,narmada,2019.0,0,0,5,0,0,0,5,0,0,10,0,15,0,514404,263986,250418,14.4,462298,949.0,401654,59.86,72.44,46.61,259116,176372,82744,255288,1.Hindus,482552,2.Muslims,20429,3.Christians,5122,552.0,552.0,530.0,515.0,324
2382,gujarat,navsari,2019.0,0,0,5,0,0,6,9,0,0,13,0,32,0,1229463,628988,600475,13.22,893110,955.0,591164,75.83,82.77,68.61,545215,457002,88213,684248,1.Hindus,1135525,2.Muslims,69972,3.Jains,13575,374.0,374.0,374.0,368.0,268
2383,gujarat,patan,2019.0,0,0,14,0,0,5,24,2,0,22,0,66,0,1182709,612100,570609,14.08,944281,932.0,12637,60.36,73.63,46.33,533078,395470,137608,649631,1.Hindus,1057013,2.Muslims,119748,3.Jains,5136,517.0,516.0,517.0,514.0,265
2384,gujarat,porbandar,2019.0,0,0,3,0,0,2,10,1,1,20,0,34,0,536835,275821,261014,14.35,275460,946.0,6456,68.62,78.36,58.42,215134,173594,41540,321701,1.Hindus,507176,2.Muslims,28404,3.Jains,589,182.0,182.0,155.0,156.0,130
2385,gujarat,surendranagar,2019.0,0,0,6,0,0,0,0,0,0,17,1,36,0,1515148,787650,727498,25.34,1112700,924.0,14338,61.61,74.19,48.1,647609,512038,135571,867539,1.Hindus,1392451,2.Muslims,97846,3.Jains,22721,650.0,649.0,650.0,648.0,170
2386,gujarat,valsad,2019.0,0,0,10,0,0,14,30,1,0,17,0,37,0,1410553,734799,675754,29.66,1029392,920.0,772405,69.15,77.9,59.62,650257,503333,146924,760296,1.Hindus,1300005,2.Muslims,66440,3.Christians,15399,450.0,450.0,425.0,449.0,303
2387,haryana,ambala,2019.0,0,0,45,0,0,0,147,40,5,70,7,256,0,1014411,542977,471434,25.69,657383,868.0,-,75.31,82.31,67.39,324521,275648,48873,689890,1.Hindus,856193,2.Sikhs,132463,3.Muslims,17263,482.0,482.0,479.0,432.0,204
2388,haryana,bhiwani,2019.0,0,10,73,0,0,0,46,5,8,221,6,278,0,1425022,758253,666769,22.45,1154629,879.0,-,67.45,80.26,53.0,609320,425210,184110,815702,1.Hindus,1407363,2.Muslims,12740,3.Sikhs,2542,437.0,437.0,437.0,429.0,252
2389,haryana,faridabad,2019.0,0,23,159,0,0,10,249,13,22,220,18,548,0,2194586,1193063,1001523,48.47,973242,839.0,-,70.03,81.52,56.31,785762,609663,176099,1408824,1.Hindus,1896698,2.Muslims,247293,3.Sikhs,36005,413.0,413.0,413.0,376.0,188
2390,haryana,jind,2019.0,0,4,48,0,0,0,86,50,10,56,4,156,0,1189827,642282,547545,21.35,948250,852.0,-,62.12,73.82,48.51,521946,372049,149897,667881,1.Hindus,1134539,2.Sikhs,29159,3.Muslims,20618,306.0,306.0,306.0,300.0,247
2391,haryana,kaithal,2019.0,2,6,35,0,0,0,214,83,7,86,4,118,0,946131,510513,435618,20.95,762649,853.0,-,59.02,69.15,47.31,372011,268127,103884,574120,1.Hindus,848765,2.Sikhs,88700,3.Muslims,6777,270.0,270.0,270.0,261.0,160
2392,haryana,karnal,2019.0,0,41,69,0,0,0,161,22,14,177,6,259,0,1274183,683368,590815,23.13,936341,865.0,-,67.74,76.29,57.97,455455,355466,99989,818728,1.Hindus,1125279,2.Sikhs,123160,3.Muslims,22614,422.0,422.0,422.0,385.0,186
2393,haryana,kurukshetra,2019.0,0,12,50,0,0,0,118,43,7,93,1,296,0,825454,442328,383126,23.72,609943,866.0,-,69.88,78.06,60.61,308392,250596,57796,517062,1.Hindus,675381,2.Sikhs,135545,3.Muslims,12028,407.0,402.0,406.0,385.0,179
2394,haryana,panipat,2019.0,1,14,103,0,0,1,310,123,14,167,17,306,0,967449,528860,438589,38.57,575369,829.0,-,69.17,78.5,57.97,382801,289013,93788,584648,1.Hindus,873593,2.Muslims,59696,3.Sikhs,27437,179.0,179.0,179.0,168.0,116
2395,haryana,rewari,2019.0,0,8,52,0,0,0,60,0,11,119,0,198,0,765351,403034,362317,25.24,629177,899.0,-,75.25,88.45,60.83,333622,204855,128767,431729,1.Hindus,758328,2.Muslims,3194,3.Sikhs,1668,397.0,397.0,397.0,379.0,175
2396,haryana,rohtak,2019.0,1,13,65,0,0,0,192,80,13,171,4,288,0,940128,509038,431090,20.99,610524,847.0,-,73.72,83.23,62.59,371073,288225,82848,569055,1.Hindus,924541,2.Muslims,5665,3.Sikhs,5079,146.0,146.0,146.0,130.0,118
2397,haryana,sirsa,2019.0,0,9,85,0,0,0,91,2,11,84,3,158,0,1116649,593245,523404,22.96,823184,882.0,-,60.55,70.05,49.93,475571,363946,111625,641078,1.Hindus,801747,2.Sikhs,302942,3.Muslims,7056,321.0,321.0,318.0,312.0,197
2398,haryana,sonipat,2019.0,0,0,76,0,0,0,241,105,18,118,0,299,0,1279175,695723,583452,22.36,957800,839.0,-,72.79,83.06,60.68,523031,383449,139582,756144,1.Hindus,1234225,2.Muslims,31954,3.Jains,6729,323.0,323.0,323.0,316.0,248
2399,haryana,yamunanagar,2019.0,0,6,54,0,0,0,182,63,8,48,1,238,0,1041630,559444,482186,21.84,648608,862.0,-,71.63,78.82,63.39,336533,280728,55805,705097,1.Hindus,849255,2.Muslims,104073,3.Sikhs,83524,613.0,613.0,607.0,483.0,248
2400,jharkhand,deoghar,2019.0,0,21,42,0,0,10,71,1,22,314,1,93,0,1165390,608878,556512,24.46,1005539,914.0,142717,50.09,66.38,31.99,432714,283711,149003,732676,1.Hindus,910409,2.Muslims,221705,3.Others,27263,2356.0,2356.0,289.0,768.0,94
2401,jharkhand,dhanbad,2019.0,0,54,61,0,0,0,113,0,31,61,0,51,0,2397102,1278946,1118156,22.82,1141744,874.0,202729,67.0,79.54,52.43,664058,492501,171557,1733044,1.Hindus,1944757,2.Muslims,364807,3.Others,61505,1121.0,1121.0,503.0,708.0,154
2402,jharkhand,dumka,2019.0,0,0,27,0,0,0,0,0,11,26,0,27,0,1759602,897364,862238,17.31,1644690,961.0,701903,47.94,62.86,32.35,778378,470354,308024,981224,1.Hindus,1323468,2.Muslims,203741,3.Others,170201,3737.0,3737.0,213.0,1732.0,312
2403,jharkhand,giridih,2019.0,1,32,93,0,0,0,83,5,44,357,0,118,0,1904430,960679,943751,27.09,1782066,982.0,184469,44.5,62.09,26.62,644644,340925,303719,1259786,1.Hindus,1475201,2.Muslims,383253,3.Others,30778,2532.0,2532.0,481.0,1232.0,229
2404,jharkhand,godda,2019.0,0,20,64,0,0,0,22,1,12,33,0,57,0,1047939,544043,503896,21.61,1010931,926.0,247538,43.13,57.52,27.39,421941,238694,183247,625998,1.Hindus,745237,2.Muslims,210734,3.Others,68055,1633.0,1633.0,257.0,892.0,141
2405,jharkhand,gumla,2019.0,1,3,81,0,0,12,30,0,3,10,0,34,0,1346767,675769,670998,16.6,1273025,993.0,920597,51.74,63.5,39.95,658921,446953,211968,687846,1.Hindus,440373,2.Christians,425107,3.Others,419004,1393.0,1393.0,92.0,1015.0,365
2406,jharkhand,hazaribagh,2019.0,1,2,99,0,0,0,46,0,23,17,0,79,0,2277475,1167793,1109682,24.02,1748406,950.0,268333,57.74,71.81,42.87,790049,532895,257154,1487426,1.Hindus,1870586,2.Muslims,337117,3.Others,36789,1543.0,1543.0,413.0,962.0,147
2407,jharkhand,palamu,2019.0,0,9,59,0,0,14,105,0,14,47,4,95,0,2098359,1084417,1013942,26.8,1973266,935.0,392325,44.95,58.91,29.88,793658,444921,348737,1304701,1.Hindus,1740948,2.Muslims,242980,3.Others,63100,2465.0,2465.0,410.0,1474.0,349
2408,jharkhand,ranchi,2019.0,0,0,114,0,0,0,17,0,12,75,0,115,0,2785064,1436976,1348088,25.72,1807243,938.0,1164624,64.57,76.56,51.72,1076904,750962,325942,1708160,1.Hindus,1399301,2.Others,767672,3.Muslims,348774,2052.0,2052.0,331.0,1343.0,377
2409,karnataka,bidar,2019.0,0,2,14,0,0,12,22,0,8,84,5,111,0,1502373,771022,731351,19.56,1157498,949.0,182219,60.94,72.46,48.81,557603,424985,132618,944770,1.Hindus,1020174,2.Muslims,295762,3.Buddhists,122083,599.0,596.0,596.0,591.0,293
2410,karnataka,chitradurga,2019.0,9,0,13,0,0,5,10,0,10,245,1,49,0,1517896,776221,741675,15.05,1243658,955.0,266235,64.45,74.66,53.78,721835,576035,145800,796061,1.Hindus,1388506,2.Muslims,109412,3.Religion not stated,8411,946.0,916.0,946.0,879.0,197
2411,karnataka,davanagere,2019.0,0,0,13,0,0,0,2,0,10,165,1,58,0,1790952,917705,873247,14.78,1247954,952.0,209701,67.43,76.37,58.04,783781,631726,152055,1007171,1.Hindus,1532714,2.Muslims,226708,3.Religion not stated,10944,810.0,786.0,808.0,727.0,278
2412,karnataka,dharwad,2019.0,1,0,5,0,0,1,1,0,0,25,0,3,0,1604253,823204,781049,16.65,722336,949.0,70442,71.61,80.82,61.92,684492,587018,97474,919761,1.Hindus,1221335,2.Muslims,315177,3.Christians,27634,361.0,358.0,359.0,313.0,201
2413,karnataka,hassan,2019.0,1,0,14,0,0,0,66,64,13,200,2,84,0,1721669,859086,862583,9.66,1416996,1004.0,26451,68.63,78.37,59.0,864711,702827,161884,856958,1.Hindus,1587287,2.Muslims,104730,3.Christians,15598,2394.0,2330.0,2341.0,1990.0,482
2414,karnataka,kodagu,2019.0,1,0,8,0,0,21,23,0,2,34,0,35,0,548561,274831,273730,11.64,473179,996.0,46115,77.99,83.7,72.26,266378,247574,18804,282183,1.Hindus,450694,2.Muslims,78466,3.Christians,17951,291.0,279.0,286.0,267.0,138
2415,karnataka,kolar,2019.0,3,0,4,0,0,0,0,0,2,77,0,30,0,2536069,1286193,1249876,13.83,1910546,972.0,205711,62.84,73.17,52.23,1235028,1014667,220361,1301041,1.Hindus,2196660,2.Muslims,298767,3.Christians,32547,2919.0,2797.0,2785.0,2342.0,490
2416,karnataka,koppal,2019.0,0,0,14,0,0,0,4,0,5,86,2,60,0,1196089,603312,592777,24.57,997797,983.0,138588,54.1,68.42,39.61,554506,422208,132298,641583,1.Hindus,1042294,2.Muslims,137174,3.Religion not stated,5395,594.0,590.0,594.0,560.0,281
2417,karnataka,mandya,2019.0,0,0,7,0,0,41,45,0,5,193,5,71,0,1763705,888034,875671,7.14,1480990,986.0,17193,61.05,70.5,51.53,840419,682440,157979,923286,1.Hindus,1667640,2.Muslims,69890,3.Buddhists,11093,1369.0,1330.0,1323.0,1185.0,458
2418,karnataka,raichur,2019.0,1,1,9,0,0,0,1,0,6,137,0,93,0,1669762,841840,827922,21.93,1248925,983.0,303042,48.81,61.52,35.93,732762,544347,188415,937000,1.Hindus,1417051,2.Muslims,228652,3.Christians,12390,830.0,806.0,796.0,306.0,338
2419,karnataka,shimoga,2019.0,0,0,11,0,0,31,34,1,8,331,4,80,0,1642545,830559,811986,12.9,1071535,978.0,55997,74.52,82.01,66.88,714671,586832,127839,927874,1.Hindus,1401087,2.Muslims,200979,3.Christians,26474,1443.0,1415.0,1399.0,989.0,311
2420,kerala,idukki,2019.0,0,4,82,0,0,0,4,1,0,228,13,83,0,1129221,566682,562539,6.96,1071628,993.0,50973,88.69,92.33,85.02,487352,400699,86653,641869,1.Hindus,566744,2.Muslims,480108,3.Christians,81222,64.0,64.0,64.0,60.0,62
2421,kerala,kannur,2019.0,0,5,98,0,0,5,6,0,0,230,23,232,0,2408956,1152817,1256139,7.13,1196058,1090.0,19969,92.59,96.13,89.4,767197,626876,140321,1641759,1.Hindus,1480748,2.Muslims,665648,3.Christians,261019,78.0,78.0,78.0,78.0,78
2422,kerala,kottayam,2019.0,1,4,104,0,0,9,14,1,0,247,41,83,0,1953646,964926,988720,6.76,1653838,1025.0,18340,95.82,97.34,94.35,642157,539609,102548,1311489,1.Hindus,963497,2.Muslims,871371,3.Christians,116686,89.0,89.0,89.0,89.0,88
2423,kerala,malappuram,2019.0,0,0,206,0,0,11,13,0,0,370,31,428,0,3625471,1754576,1870895,17.22,3269301,1066.0,12267,89.61,93.25,86.26,874476,691848,182628,2750995,1.Hindus,2484576,2.Muslims,1057418,3.Christians,80650,122.0,122.0,122.0,122.0,121
2424,kerala,palakkad,2019.0,2,0,145,0,0,20,25,0,0,241,14,207,0,2617482,1266985,1350497,9.86,2260907,1066.0,39665,84.35,89.52,79.56,945052,768620,176432,1672430,1.Hindus,1802766,2.Muslims,703596,3.Christians,109249,144.0,144.0,144.0,141.0,139
2425,kerala,pathanamthitta,2019.0,0,2,91,0,0,4,5,0,0,150,21,69,0,1234016,589398,644618,3.72,1110218,1094.0,6549,94.84,96.41,93.43,366049,285844,80205,867967,1.Hindus,694560,2.Muslims,481602,3.Christians,56457,65.0,65.0,65.0,64.0,63
2426,maharashtra,akola,2019.0,0,0,31,0,0,83,95,0,3,197,3,254,0,1630239,841253,788986,20.51,1002742,938.0,100088,81.41,88.91,73.43,648243,582264,65979,981996,1.Hindus,1024080,2.Muslims,296272,3.Buddhists,293184,862.0,851.0,840.0,786.0,212
2427,maharashtra,bhandara,2019.0,0,0,33,0,0,71,73,1,2,85,12,45,0,1136146,573445,562701,11.2,960418,981.0,97718,78.47,88.97,67.82,536885,365464,171421,599261,1.Hindus,953507,2.Buddhists,144541,3.Muslims,23324,778.0,772.0,774.0,716.0,442
2428,maharashtra,chandrapur,2019.0,0,0,41,0,0,95,172,0,3,159,22,113,0,2071101,1062993,1008108,17.26,1406034,948.0,375256,73.17,82.94,62.89,930791,683029,247762,1140310,1.Hindus,1680113,2.Buddhists,274067,3.Muslims,76050,1472.0,1462.0,1444.0,1359.0,318
2429,maharashtra,dhule,2019.0,0,0,12,0,0,4,31,0,2,104,3,293,0,1707947,878372,829575,16.01,1262062,944.0,443564,71.65,81.4,61.39,737941,573496,164445,970006,1.Hindus,1522895,2.Muslims,149466,3.Buddhists,14613,678.0,675.0,673.0,669.0,276
2430,maharashtra,gadchiroli,2019.0,0,0,17,0,0,41,41,0,0,47,12,20,0,970294,491101,479193,23.25,903033,976.0,371696,60.1,71.86,48.07,497104,336959,160145,473190,1.Hindus,818640,2.Buddhists,78058,3.Others,44825,1521.0,1509.0,1320.0,1279.0,369
2431,maharashtra,jalgaon,2019.0,0,0,37,0,0,0,139,11,4,241,6,265,0,3682690,1905493,1777197,15.44,2629896,933.0,435951,75.43,85.91,64.3,1563983,1300086,263897,2118707,1.Hindus,3049368,2.Muslims,455288,3.Buddhists,126136,1491.0,1491.0,1486.0,1470.0,934
2432,maharashtra,jalna,2019.0,0,0,39,0,0,0,45,11,2,280,0,396,0,1612980,826903,786077,18.17,1305115,951.0,32103,64.4,79.14,49.04,716900,611998,104902,896080,1.Hindus,1255041,2.Muslims,211531,3.Buddhists,121033,963.0,963.0,959.0,952.0,380
2433,maharashtra,kolhapur,2019.0,0,0,49,0,0,175,217,2,7,184,8,139,0,3523162,1807470,1715692,17.59,2472809,949.0,21387,76.93,87.47,66.02,1652970,1394882,258088,1870192,1.Hindus,3077263,2.Muslims,236875,3.Jains,147285,1196.0,1194.0,1190.0,1185.0,638
2434,maharashtra,latur,2019.0,13,0,37,0,0,84,96,0,5,145,0,210,0,2080285,1075257,1005028,23.95,1590024,935.0,47836,71.54,82.94,59.4,840518,712849,127669,1239767,1.Hindus,1700679,2.Muslims,292996,3.Buddhists,74351,921.0,921.0,919.0,917.0,409
2435,maharashtra,nanded,2019.0,0,0,47,0,0,74,110,6,9,167,11,314,0,2876259,1481358,1394901,23.08,2187195,942.0,253596,67.77,80.44,54.35,1202037,965087,236950,1674222,1.Hindus,2162185,2.Muslims,385081,3.Buddhists,302161,1546.0,1538.0,1531.0,1536.0,209
2436,maharashtra,osmanabad,2019.0,0,0,24,0,0,29,51,5,3,144,5,73,0,1486586,769368,717218,15.35,1253330,932.0,27857,69.02,80.42,56.89,653522,555202,98320,833064,1.Hindus,1297858,2.Muslims,151181,3.Buddhists,28356,729.0,729.0,727.0,726.0,400
2437,maharashtra,parbhani,2019.0,0,0,28,0,0,50,61,1,6,93,1,208,0,1527715,780191,747524,15.31,1042529,958.0,35210,66.07,79.63,52.02,644752,559917,84835,882963,1.Hindus,1121246,2.Muslims,243935,3.Buddhists,153231,830.0,830.0,824.0,821.0,386
2438,maharashtra,ratnagiri,2019.0,0,0,11,0,0,56,56,0,1,62,24,15,0,1696777,794498,902279,9.87,1504568,1136.0,20102,75.05,85.89,65.77,763387,557613,205774,933390,1.Hindus,1391137,2.Muslims,175672,3.Buddhists,120855,1539.0,1538.0,1539.0,1484.0,810
2439,maharashtra,sangli,2019.0,0,0,40,0,0,174,202,7,8,214,7,86,0,2583524,1320088,1263436,17.59,1950306,957.0,17855,76.62,86.26,66.73,1218655,952241,266414,1364869,1.Hindus,2243478,2.Muslims,203524,3.Jains,85160,721.0,721.0,721.0,719.0,567
2440,maharashtra,satara,2019.0,0,0,49,0,0,172,187,0,1,268,14,170,0,2808994,1408326,1400668,14.1,2410873,995.0,21896,78.22,88.2,68.38,1303658,1044989,258669,1505336,1.Hindus,2533359,2.Buddhists,128570,3.Muslims,125661,1716.0,1716.0,1701.0,1680.0,646
2441,maharashtra,sindhudurg,2019.0,0,0,7,0,0,16,16,0,0,43,11,3,0,868825,417890,450935,3.55,786506,1079.0,4952,80.3,90.26,71.23,404985,233827,171158,463840,1.Hindus,802498,2.Buddhists,24320,3.Muslims,23668,743.0,743.0,735.0,722.0,593
2442,maharashtra,wardha,2019.0,0,0,14,0,0,98,106,0,3,137,14,45,0,1236736,638990,597746,15.3,911695,935.0,154415,80.06,87.18,72.45,550351,431330,119021,686385,1.Hindus,1006235,2.Buddhists,169579,3.Muslims,47605,1004.0,998.0,998.0,842.0,392
2443,maharashtra,yavatmal,2019.0,0,0,67,0,0,119,163,0,3,250,12,243,0,2458271,1265681,1192590,18.46,2001060,942.0,473370,73.62,84.09,62.52,1118937,949453,169484,1339334,1.Hindus,1999368,2.Buddhists,221793,3.Muslims,196909,1856.0,1820.0,1795.0,1729.0,723
2444,manipur,bishnupur,2019.0,0,0,6,0,0,0,7,0,0,5,0,0,0,208368,104550,103818,13.9,133627,993.0,6143,67.63,79.61,55.66,89703,55557,34146,118665,1.Hindus,148903,2.Others,38763,3.Muslims,14194,48.0,48.0,46.0,47.0,28
2445,manipur,chandel,2019.0,0,0,0,0,0,0,0,0,0,0,0,0,0,118327,59741,58586,72.8,103365,981.0,108779,56.23,64.34,47.98,54545,39935,14610,63782,1.Christians,109128,2.Hindus,5701,3.Muslims,2318,350.0,323.0,190.0,214.0,25
2446,manipur,churachandpur,2019.0,0,0,0,0,0,0,1,1,0,1,0,0,0,227905,117232,110673,29.81,227905,944.0,212482,70.59,77.67,63.06,99363,71933,27430,128542,1.Christians,213186,2.Hindus,10538,3.Muslims,2573,540.0,539.0,306.0,395.0,66
2447,manipur,tamenglong,2019.0,0,0,0,0,0,0,0,0,0,0,0,0,0,111499,58014,53485,29.23,111499,922.0,106349,59.25,68.72,48.95,50863,43353,7510,60636,1.Christians,105791,2.Hindus,3187,3.Muslims,1431,171.0,171.0,75.0,157.0,42
2448,manipur,thoubal,2019.0,0,1,2,0,0,0,25,0,0,4,0,4,0,364140,182250,181890,24.62,232868,998.0,4274,66.41,80.43,52.46,177343,111486,65857,186797,1.Hindus,221096,2.Muslims,86849,3.Others,50819,90.0,90.0,84.0,88.0,36
2449,manipur,ukhrul,2019.0,0,0,2,0,0,0,1,0,0,0,0,0,0,140778,73465,67313,28.98,140778,916.0,134493,73.12,80.13,65.41,66515,51564,14951,74263,1.Christians,133966,2.Hindus,5687,3.Muslims,881,198.0,198.0,154.0,188.0,47
2450,mizoram,aizawl,2019.0,0,0,15,0,0,0,1,0,0,18,0,0,0,325676,166877,158799,39.24,77531,952.0,303641,96.51,96.75,96.26,162961,125328,37633,162715,1.Christians,303893,2.Hindus,14508,3.Muslims,5185,96.0,96.0,81.0,86.0,46
2451,mizoram,lawngtlai,2019.0,0,0,4,0,0,0,0,0,0,3,0,0,0,73620,38776,34844,34.78,73620,899.0,70234,64.74,70.9,57.81,34093,26188,7905,39527,1.Buddhists,38410,2.Christians,32877,3.Hindus,1910,139.0,139.0,27.0,134.0,24
2452,mizoram,lunglei,2019.0,0,0,5,0,0,0,0,0,0,5,0,0,0,137223,71402,65821,23.1,79267,922.0,130768,84.17,87.44,80.6,71792,60870,10922,65431,1.Christians,109204,2.Buddhists,22429,3.Hindus,4612,160.0,160.0,101.0,130.0,55
2453,nagaland,kohima,2019.0,0,0,2,0,0,0,0,0,0,5,0,0,0,310084,162251,147833,49.96,233054,911.0,280753,74.54,80.3,68.15,135023,114456,20567,175061,1.Christians,278844,2.Hindus,21950,3.Others,5457,180.0,179.0,148.0,164.0,82
2454,nagaland,mokokchung,2019.0,0,0,1,0,0,0,0,0,0,0,0,0,0,232085,120929,111156,43.48,200871,919.0,217653,83.92,86.03,81.61,109260,82160,27100,122825,1.Christians,219282,2.Hindus,10433,3.Muslims,2128,102.0,101.0,97.0,99.0,82
2455,nagaland,mon,2019.0,0,0,1,0,0,1,2,1,0,0,0,0,0,260652,138753,121899,73.42,244062,879.0,244821,41.83,46.56,36.35,130848,108206,22642,129804,1.Christians,248684,2.Hindus,9963,3.Muslims,1748,110.0,110.0,102.0,107.0,69
2456,nagaland,phek,2019.0,0,0,0,0,0,0,0,0,0,0,0,0,0,148195,77141,71054,45.12,135331,921.0,142977,70.65,78.37,62.26,71398,57454,13944,76797,1.Christians,143048,2.Hindus,4095,3.Muslims,517,104.0,104.0,102.0,102.0,54
2457,nagaland,tuensang,2019.0,0,0,2,0,0,0,0,0,0,0,0,0,0,414818,218678,196140,78.1,385046,897.0,398350,50.64,55.12,45.58,184924,156950,27974,229894,1.Christians,406287,2.Hindus,6856,3.Muslims,1329,251.0,251.0,238.0,230.0,123
2458,nagaland,wokha,2019.0,0,0,0,0,0,0,0,0,0,0,0,0,0,161223,83670,77553,95.01,123587,927.0,153983,80.55,85.35,75.32,56254,49679,6575,104969,1.Christians,155009,2.Hindus,4787,3.Muslims,1209,128.0,128.0,105.0,104.0,67
2459,nagaland,zunheboto,2019.0,0,0,0,0,0,0,0,0,0,0,0,0,0,153955,79056,74899,61.0,130874,947.0,147915,69.28,73.74,64.57,56783,47491,9292,97172,1.Christians,150097,2.Hindus,3193,3.Muslims,492,187.0,186.0,187.0,178.0,57
2460,punjab,bathinda,2019.0,0,4,92,0,0,1,66,9,4,52,0,79,0,1183295,632809,550486,19.89,831541,870.0,-,61.18,67.78,53.7,500667,408924,91743,682628,1.Hindus,876426,2.Muslims,292984,3.Christians,9847,280.0,280.0,280.0,280.0,181
2461,punjab,faridkot,2019.0,0,2,17,0,0,0,31,0,2,28,1,25,0,550892,292596,258296,21.42,357321,883.0,-,61.95,68.15,55.03,209754,181873,27881,341138,1.Sikhs,427104,2.Hindus,119702,3.Muslims,1739,163.0,163.0,163.0,160.0,107
2462,punjab,gurdaspur,2019.0,0,5,14,0,0,0,33,0,2,16,0,58,0,2104011,1113077,990934,19.33,1568788,890.0,-,73.77,79.78,67.15,700557,568322,132235,1403454,1.Hindus,996246,2.Sikhs,934963,3.Christians,148981,1532.0,1531.0,1532.0,1375.0,517
2463,punjab,hoshiarpur,2019.0,0,2,21,0,0,3,56,8,4,41,1,98,0,1480736,765132,715604,13.81,1188662,935.0,-,81.02,86.45,75.32,513351,415123,98228,967385,1.Hindus,871923,2.Sikhs,574862,3.Muslims,15394,1386.0,1386.0,1386.0,1232.0,382
2464,punjab,kapurthala,2019.0,0,6,37,0,0,0,104,13,1,46,0,33,0,754521,399623,354898,16.34,507994,888.0,-,73.93,79.02,68.29,262741,231222,31519,491780,1.Sikhs,448654,2.Hindus,286438,3.Buddhists,7740,618.0,618.0,618.0,478.0,359
2465,punjab,patiala,2019.0,0,7,49,0,0,0,109,12,9,80,1,153,0,1844934,987390,857544,20.31,1200224,868.0,-,69.78,75.88,62.86,681951,589015,92936,1162983,1.Sikhs,1024546,2.Hindus,778427,3.Muslims,34828,1054.0,1053.0,1054.0,986.0,172
2466,punjab,sangrur,2019.0,0,5,77,0,0,0,71,0,2,55,6,75,0,2000173,1069289,930884,18.57,1415354,871.0,-,59.98,65.81,53.38,814098,714076,100022,1186075,1.Sikhs,1400149,2.Hindus,434873,3.Muslims,157838,697.0,697.0,697.0,684.0,291
2467,rajasthan,ajmer,2019.0,0,34,252,0,0,215,268,20,12,471,16,971,0,2181670,1129920,1051750,26.1,1306994,931.0,52634,64.65,79.37,48.86,856809,690818,165991,1324861,1.Hindus,1869044,2.Muslims,244341,3.Jains,47812,1025.0,1025.0,966.0,970.0,352
2468,rajasthan,alwar,2019.0,0,104,236,0,0,48,174,68,24,324,0,685,0,2992592,1586752,1405840,30.23,2557653,886.0,239905,61.74,78.09,43.28,1458686,947587,511099,1533906,1.Hindus,2535155,2.Muslims,383204,3.Sikhs,55530,1954.0,1954.0,1843.0,1811.0,553
2469,rajasthan,banswara,2019.0,0,5,223,0,0,0,214,46,10,170,0,308,0,1501589,760686,740903,29.84,1394226,974.0,1085272,44.63,60.45,28.43,709412,529393,180019,792177,1.Hindus,1425287,2.Muslims,39079,3.Jains,18406,1476.0,1476.0,853.0,1348.0,450
2470,rajasthan,barmer,2019.0,0,64,183,0,0,1,84,1,17,397,0,402,0,1964835,1038247,926588,36.83,1819431,892.0,118688,58.99,72.76,43.45,919729,680208,239521,1045106,1.Hindus,1695047,2.Muslims,231918,3.Jains,35744,1933.0,1933.0,948.0,1777.0,433
2471,rajasthan,bharatpur,2019.0,0,98,290,0,0,39,245,135,37,94,0,835,0,2101142,1133425,967717,27.05,1692182,854.0,47077,63.57,80.54,43.56,852913,573547,279366,1248229,1.Hindus,1804599,2.Muslims,264709,3.Sikhs,23472,1366.0,1365.0,1238.0,1298.0,481
2472,rajasthan,bhilwara,2019.0,0,14,206,0,0,71,251,134,8,408,0,777,0,2013789,1026650,987139,26.14,1598938,962.0,180556,50.74,67.39,33.48,939848,764916,174932,1073941,1.Hindus,1859972,2.Muslims,112802,3.Jains,37659,1693.0,1693.0,1553.0,1516.0,473
2473,rajasthan,bikaner,2019.0,0,37,227,0,0,48,106,28,10,200,0,607,0,1674271,886075,788196,38.18,1079235,890.0,5945,56.91,70.05,42.03,661457,522482,138975,1012814,1.Hindus,1445088,2.Muslims,172372,3.Jains,31235,712.0,686.0,485.0,611.0,173
2474,rajasthan,bundi,2019.0,0,12,121,0,0,24,160,127,4,261,0,390,0,962620,504818,457802,24.8,783058,907.0,194851,55.57,71.68,37.79,456937,305977,150960,505683,1.Hindus,881956,2.Muslims,56220,3.Jains,13186,839.0,838.0,733.0,764.0,178
2475,rajasthan,churu,2019.0,0,10,159,0,0,1,80,71,13,71,1,464,0,1923878,987781,936097,24.6,1387682,948.0,10063,66.81,79.69,53.35,853899,587431,266468,1069979,1.Hindus,1698106,2.Muslims,210446,3.Jains,13882,946.0,925.0,877.0,909.0,423
2476,rajasthan,dungarpur,2019.0,0,2,103,0,0,0,181,0,10,103,0,135,0,1107643,547791,559852,26.58,1026787,1022.0,721487,48.57,66.04,31.77,531376,272283,259093,576267,1.Hindus,1068319,2.Muslims,23549,3.Jains,12542,854.0,853.0,723.0,819.0,368
2477,rajasthan,ganganagar,2019.0,0,51,248,0,0,47,167,86,13,251,3,914,0,1789423,955378,834045,27.53,1336066,873.0,14744,64.74,75.53,52.44,719792,552559,167233,1069631,1.Hindus,1299812,2.Sikhs,441409,3.Muslims,42442,2830.0,2820.0,1817.0,1653.0,654
2478,rajasthan,jaisalmer,2019.0,0,8,48,0,0,4,21,1,9,142,0,71,0,508247,279101,229146,47.45,431853,821.0,27834,50.97,66.26,32.05,211687,153139,58548,296560,1.Hindus,383638,2.Muslims,120174,3.Sikhs,2086,600.0,576.0,183.0,473.0,144
2479,rajasthan,jhalawar,2019.0,0,12,164,0,0,156,199,7,6,440,4,610,0,1180323,612804,567519,23.34,1012081,926.0,141861,57.32,73.31,40.02,554781,399386,155395,625542,1.Hindus,1087934,2.Muslims,78962,3.Jains,11759,1477.0,1476.0,1185.0,1173.0,214
2480,rajasthan,nagaur,2019.0,0,38,170,0,0,62,141,35,17,279,1,625,0,2775058,1424967,1350091,29.33,2297721,947.0,6497,57.28,74.1,39.67,1129514,844039,285475,1645544,1.Hindus,2399173,2.Muslims,356405,3.Jains,17478,1480.0,1466.0,1417.0,1417.0,580
2481,rajasthan,pali,2019.0,0,29,143,0,0,47,171,65,8,393,4,613,0,1820251,918856,901395,22.39,1429364,981.0,105814,54.39,72.2,36.48,724883,518158,206725,1095368,1.Hindus,1677038,2.Muslims,114088,3.Jains,25599,936.0,936.0,883.0,906.0,451
2482,rajasthan,sikar,2019.0,0,43,164,0,0,36,171,96,7,210,1,678,0,2287788,1172753,1115035,24.11,1815250,951.0,62512,70.47,84.34,56.11,887915,633421,254494,1399873,1.Hindus,2019396,2.Muslims,261714,3.Jains,4957,986.0,985.0,965.0,945.0,470
2483,rajasthan,sirohi,2019.0,2,14,86,0,0,25,61,11,4,148,0,265,0,851107,437949,413158,30.08,700217,943.0,210763,53.94,69.89,37.15,343905,245762,98143,507202,1.Hindus,810765,2.Muslims,25439,3.Jains,12427,455.0,454.0,399.0,423.0,201
2484,rajasthan,tonk,2019.0,1,32,120,0,0,34,177,129,6,188,0,305,0,1211671,626436,585235,24.24,958503,934.0,145891,51.97,70.52,32.15,532682,425230,107452,678989,1.Hindus,1062365,2.Muslims,124440,3.Jains,23644,1032.0,1031.0,818.0,887.0,246
2485,rajasthan,udaipur,2019.0,0,35,220,0,0,212,359,21,12,278,2,616,0,2633312,1336004,1297308,27.37,2142995,971.0,1260432,58.62,73.62,43.26,1100880,724120,376760,1532432,1.Hindus,2449773,2.Muslims,88262,3.Jains,83699,2339.0,2337.0,1647.0,2030.0,619
2486,sikkim,east,2019.0,0,2,5,0,0,0,0,0,0,11,1,1,0,245040,132917,112123,37.17,192188,844.0,45321,74.67,81.2,66.8,116529,92577,23952,128511,1.Hindus,157321,2.Buddhists,64729,3.Christians,14502,131.0,131.0,125.0,112.0,100
2487,sikkim,north,2019.0,0,1,1,0,0,0,0,0,0,0,0,0,0,41030,23414,17616,31.32,39782,752.0,21772,67.21,75.69,55.39,23542,17553,5989,17488,1.Buddhists,22603,2.Hindus,16128,3.Christians,1623,53.0,53.0,46.0,42.0,44
2488,sikkim,south,2019.0,0,0,2,0,0,0,0,0,0,8,0,0,0,131525,68241,63284,33.37,127579,927.0,20483,67.31,74.29,59.72,69693,57367,12326,61832,1.Hindus,84213,2.Buddhists,31109,3.Christians,12757,145.0,145.0,142.0,131.0,99
2489,sikkim,west,2019.0,0,0,3,0,0,0,0,0,0,2,1,0,0,123256,63912,59344,25.48,121432,929.0,23829,58.8,66.82,50.11,53279,45407,7872,69977,1.Hindus,71886,2.Buddhists,33601,3.Others,9567,121.0,121.0,115.0,107.0,86
2490,tripura,dhalai,2019.0,0,2,7,0,0,6,12,0,2,7,0,18,0,307868,159095,148773,10.79,289001,935.0,166326,60.93,70.17,50.99,126761,92570,34191,181107,1.Hindus,257834,2.Buddhists,28180,3.Christians,14848,148.0,148.0,108.0,138.0,58
2491,chandigarh,chandigarh,2019.0,0,2,112,0,0,89,129,8,6,66,15,177,0,900635,506938,393697,40.33,92120,777.0,-,81.94,86.14,76.47,340422,328989,11433,560213,1.Hindus,707978,2.Sikhs,145175,3.Muslims,35548,23.0,23.0,23.0,18.0,18
2492,assam,barpeta,2020.0,0,0,129,0,0,200,454,0,12,627,0,882,0,1647201,848578,798623,18.53,1520333,941.0,123266,56.24,64.83,47.07,517088,408537,108551,1130113,1.Hindus,977943,2.Muslims,662066,3.Christians,5267,1050.0,1050.0,775.0,967.0,430
2493,assam,bongaigaon,2020.0,3,0,46,0,0,4,176,0,7,109,0,342,0,904835,465240,439595,12.23,795053,945.0,110696,59.33,67.67,50.44,293243,233087,60156,611592,1.Hindus,535464,2.Muslims,348573,3.Christians,18728,881.0,881.0,607.0,805.0,112
2494,assam,cachar,2020.0,0,0,57,0,0,0,287,0,9,56,1,550,0,1444921,743042,701879,18.66,1243534,945.0,18631,67.82,75.73,59.41,465734,364814,100920,979187,1.Hindus,886761,2.Muslims,522051,3.Christians,31306,1020.0,1020.0,741.0,902.0,134
2495,assam,darrang,2020.0,0,0,89,0,0,13,219,20,6,290,0,415,0,1504320,773861,730459,15.79,1429492,944.0,249861,55.44,63.91,46.4,527993,404428,123565,976327,1.Hindus,868532,2.Muslims,534658,3.Christians,97306,1319.0,1319.0,1032.0,1246.0,356
2496,assam,dhemaji,2020.0,0,0,24,0,0,6,40,7,3,121,2,186,0,571944,294643,277301,18.93,533112,941.0,270496,64.48,74.41,53.86,250146,155431,94715,321798,1.Hindus,548780,2.Muslims,10533,3.Christians,6390,1236.0,1236.0,253.0,1068.0,83
2497,assam,dhubri,2020.0,0,0,111,0,0,19,341,145,9,712,5,976,0,1637344,841044,796300,23.42,1444901,947.0,32523,48.21,55.91,40.04,470360,399201,71159,1166984,1.Hindus,1216455,2.Muslims,405065,3.Christians,12477,1261.0,1261.0,904.0,1138.0,374
2498,assam,dibrugarh,2020.0,0,0,22,0,0,21,215,5,3,78,0,379,0,1185072,613555,571517,12.43,956634,931.0,88337,68.96,77.3,59.95,472419,342708,129711,712653,1.Hindus,1075878,2.Muslims,53306,3.Christians,45040,1309.0,1309.0,1195.0,1169.0,263
2499,assam,goalpara,2020.0,0,0,33,0,0,0,154,0,2,79,0,300,0,822035,420251,401784,23.07,755133,956.0,131800,58.03,64.86,50.85,273925,209928,63997,548110,1.Hindus,441516,2.Muslims,314157,3.Christians,64662,761.0,761.0,689.0,723.0,243
2500,assam,golaghat,2020.0,0,0,31,0,0,23,211,53,0,44,0,332,0,946279,490286,455993,14.21,865141,930.0,93920,69.38,77.14,60.99,388640,269896,118744,557639,1.Hindus,813263,2.Muslims,74808,3.Christians,52277,1066.0,1066.0,595.0,769.0,87
2501,assam,hailakandi,2020.0,0,0,92,0,0,0,67,0,3,139,2,291,0,542872,280513,262359,20.92,498787,935.0,821,59.64,68.24,50.46,179881,138216,41665,362991,1.Hindus,312849,2.Muslims,223191,3.Christians,5424,327.0,327.0,268.0,308.0,110
2502,assam,jorhat,2020.0,0,0,47,0,0,20,273,0,3,158,0,596,0,999221,517015,482206,15.84,827901,933.0,123134,76.34,83.62,68.49,414348,285092,129256,584873,1.Hindus,927858,2.Muslims,47658,3.Christians,18610,787.0,787.0,650.0,717.0,215
2503,assam,kamrup,2020.0,18,0,94,0,0,56,323,130,20,530,25,409,0,2522324,1326981,1195343,25.75,1614107,901.0,250393,74.16,81.16,66.31,842253,697810,144443,1680071,1.Hindus,1836153,2.Muslims,625002,3.Christians,44257,1342.0,1342.0,1042.0,1190.0,468
2504,assam,karimganj,2020.0,0,0,59,0,0,0,61,0,2,70,2,289,0,1007976,517680,490296,21.35,934126,947.0,2901,66.24,74.69,57.28,303294,235016,68278,704682,1.Hindus,527214,2.Muslims,470708,3.Christians,8746,915.0,915.0,639.0,865.0,224
2505,assam,kokrajhar,2020.0,0,0,27,0,0,0,90,0,7,74,0,154,0,905764,466191,439573,15.05,841823,943.0,304985,51.63,60.32,42.4,334849,234771,100078,570915,1.Hindus,594168,2.Muslims,184441,3.Christians,124270,951.0,951.0,704.0,906.0,211
2506,assam,lakhimpur,2020.0,0,0,50,0,0,10,195,23,3,123,5,347,0,889010,455691,433319,18.34,823857,951.0,208864,68.56,77.06,59.59,497745,288052,209693,391265,1.Hindus,702881,2.Muslims,143505,3.Christians,36667,1139.0,1139.0,680.0,1046.0,211
2507,assam,nagaon,2020.0,0,0,77,0,0,73,390,28,5,136,0,863,0,2314629,1190950,1123679,22.3,2036342,944.0,89394,61.73,68.27,54.74,727641,566195,161446,1586988,1.Hindus,1180267,2.Muslims,1106354,3.Christians,21473,1375.0,1374.0,1190.0,1257.0,480
2508,assam,nalbari,2020.0,0,0,49,0,0,23,79,7,2,102,23,281,0,1148824,592375,556449,11.98,1121338,939.0,202577,67.23,76.56,57.26,383932,291665,92267,764892,1.Hindus,873749,2.Muslims,253842,3.Christians,18495,798.0,798.0,733.0,769.0,179
2509,assam,sibsagar,2020.0,0,0,8,0,0,10,206,0,2,120,23,320,0,1051736,545476,506260,15.95,954557,928.0,41533,74.47,81.53,66.81,430523,287319,143204,621213,1.Hindus,927706,2.Muslims,85761,3.Christians,28488,866.0,866.0,772.0,825.0,317
2510,assam,sonitpur,2020.0,0,0,41,0,0,40,40,0,0,23,0,454,0,1681513,871568,809945,17.8,1505719,929.0,195083,59.0,67.54,49.73,634723,465283,169440,1046790,1.Hindus,1287646,2.Muslims,268078,3.Christians,115623,1784.0,1784.0,1331.0,1372.0,235
2511,assam,tinsukia,2020.0,0,0,30,0,0,0,149,0,4,104,2,250,0,1150062,601099,548963,19.52,926105,913.0,67234,60.95,70.15,50.78,466351,349847,116504,683711,1.Hindus,1029142,2.Muslims,62403,3.Christians,40000,1107.0,1107.0,871.0,936.0,198
2512,bihar,araria,2020.0,0,0,38,0,0,20,159,20,18,5,0,55,0,2158608,1128105,1030503,31.84,2026257,913.0,29423,35.01,46.38,22.37,853445,657446,195999,1305163,1.Hindus,1263766,2.Muslims,887972,3.Jains,2504,713.0,713.0,129.0,552.0,60
2513,bihar,aurangabad,2020.0,0,0,11,0,0,0,92,0,25,7,0,39,0,2013055,1040945,972110,30.19,1842998,934.0,1640,57.03,71.13,41.9,671011,476390,194621,1342044,1.Hindus,1814612,2.Muslims,196030,3.Religion not stated,1161,1739.0,1739.0,527.0,1148.0,270
2514,bihar,begusarai,2020.0,0,0,26,0,0,12,122,16,28,4,0,0,0,2349366,1228874,1120492,29.11,2241743,912.0,1505,47.98,59.13,35.64,746075,571564,174511,1603291,1.Hindus,2033039,2.Muslims,313713,3.Religion not stated,1224,729.0,729.0,457.0,503.0,167
2515,bihar,bhagalpur,2020.0,0,0,42,0,0,10,254,39,17,11,0,46,0,2423172,1291658,1131514,27.24,1970745,876.0,55545,49.5,59.22,38.13,855345,580731,274614,1567827,1.Hindus,1990976,2.Muslims,423246,3.Christians,1853,935.0,935.0,445.0,642.0,229
2516,bihar,bhojpur,2020.0,0,0,10,0,0,10,167,67,34,42,0,94,0,2243144,1179611,1063533,24.58,1930730,902.0,8337,58.96,74.29,41.8,653811,491916,161895,1589333,1.Hindus,2076589,2.Muslims,163193,3.Religion not stated,913,999.0,999.0,247.0,885.0,133
2517,bihar,darbhanga,2020.0,0,0,23,0,0,36,212,15,20,112,0,80,0,3295789,1722189,1573600,30.85,3028441,914.0,841,44.33,56.72,30.78,1028558,761464,267094,2267231,1.Hindus,2543284,2.Muslims,748971,3.Religion not stated,2245,1083.0,1083.0,490.0,850.0,271
2518,bihar,gaya,2020.0,0,0,56,0,0,16,266,48,42,10,0,108,0,3473428,1792163,1681265,30.19,2997479,938.0,2945,50.45,63.27,36.66,1277639,994459,283180,2195789,1.Hindus,3063841,2.Muslims,403439,3.Religion not stated,1622,2680.0,2680.0,539.0,1635.0,278
2519,bihar,gopalganj,2020.0,1,0,9,0,0,14,166,16,30,0,0,27,0,2152638,1075710,1076928,26.11,2022048,1001.0,6157,47.48,62.96,32.16,641672,466811,174861,1510966,1.Hindus,1784275,2.Muslims,367219,3.Religion not stated,850,1383.0,1383.0,439.0,866.0,261
2520,bihar,jehanabad,2020.0,0,0,7,0,0,10,48,6,9,13,0,9,0,1514315,784946,729369,28.64,1402703,929.0,1313,55.26,70.07,39.37,580905,422789,158116,933410,1.Hindus,1389053,2.Muslims,124149,3.Religion not stated,743,856.0,856.0,219.0,672.0,123
2521,bihar,katihar,2020.0,1,0,50,0,0,0,161,10,15,7,0,51,0,2392638,1246872,1145766,30.91,2174361,919.0,140418,35.09,45.31,23.8,898326,664259,234067,1494312,1.Hindus,1363523,2.Muslims,1017495,3.Christians,4994,1290.0,1290.0,277.0,785.0,248
2522,bihar,khagaria,2020.0,0,0,5,0,0,0,96,0,11,0,5,19,0,1280354,679267,601087,29.32,1204027,885.0,332,41.35,51.82,29.35,467240,333262,133978,813114,1.Hindus,1147346,2.Muslims,131441,3.Others,546,241.0,241.0,114.0,220.0,124
2523,bihar,kishanganj,2020.0,0,0,27,0,0,5,67,8,11,0,1,34,0,1296348,669552,626796,31.5,1167340,936.0,47116,31.09,42.71,18.63,417151,359819,57332,879197,1.Muslims,876105,2.Hindus,412995,3.Christians,2856,730.0,730.0,116.0,442.0,120
2524,bihar,madhepura,2020.0,0,0,11,0,0,21,99,0,11,1,0,18,0,1526646,797180,729466,29.45,1458679,915.0,9295,36.07,48.8,22.11,683976,498367,185609,842670,1.Hindus,1351978,2.Muslims,173605,3.Religion not stated,494,384.0,384.0,168.0,311.0,141
2525,bihar,madhubani,2020.0,0,0,31,0,0,18,195,20,30,2,0,67,0,3575281,1840997,1734284,26.08,3450736,942.0,1260,41.97,56.79,26.25,1227723,877412,350311,2347558,1.Hindus,2930501,2.Muslims,641579,3.Religion not stated,1477,1034.0,1034.0,437.0,901.0,232
2526,bihar,munger,2020.0,1,0,14,0,0,23,83,1,11,7,0,22,0,1137797,607730,530067,20.34,819950,872.0,18060,59.47,69.89,47.4,331451,233688,97763,806346,1.Hindus,1045233,2.Muslims,89791,3.Christians,1135,525.0,525.0,321.0,382.0,149
2527,bihar,muzaffarpur,2020.0,0,0,39,0,0,35,439,26,47,8,0,130,0,3746714,1951466,1795248,26.74,3398361,920.0,3472,47.95,59.1,35.81,1139830,895830,244000,2606884,1.Hindus,3168225,2.Muslims,573951,3.Religion not stated,2104,1725.0,1725.0,1021.0,1423.0,526
2528,bihar,nalanda,2020.0,0,0,28,0,0,66,276,0,52,29,0,82,0,2370528,1238599,1131929,18.64,2016899,914.0,970,53.19,66.44,38.58,903144,700007,203137,1467384,1.Hindus,2191552,2.Muslims,176871,3.Religion not stated,888,1000.0,1000.0,366.0,879.0,198
2529,bihar,patna,2020.0,0,0,69,0,0,57,753,24,86,38,0,242,0,4718592,2519942,2198650,30.17,2757060,873.0,9236,62.92,73.34,50.83,1425647,1161984,263663,3292945,1.Hindus,4333556,2.Muslims,366164,3.Christians,8951,1288.0,1288.0,615.0,1199.0,390
2530,bihar,rohtas,2020.0,0,0,18,0,0,5,141,12,25,15,0,53,0,2450748,1283485,1167263,27.71,2123942,909.0,25663,61.29,75.31,45.71,744183,544731,199452,1706565,1.Hindus,2199049,2.Muslims,246760,3.Sikhs,2549,1710.0,1710.0,493.0,1185.0,153
2531,bihar,saharsa,2020.0,0,0,10,0,0,0,83,0,14,3,0,15,0,1508182,789432,718750,33.03,1383015,910.0,4642,39.08,51.66,25.27,589467,411566,177901,918715,1.Hindus,1289364,2.Muslims,217922,3.Christians,437,441.0,441.0,127.0,374.0,63
2532,bihar,samastipur,2020.0,0,0,21,0,0,0,198,0,40,32,0,32,0,3394793,1760692,1634101,25.63,3271338,928.0,3362,45.13,57.59,31.67,1071974,843356,228618,2322819,1.Hindus,3035755,2.Muslims,355897,3.Religion not stated,1432,1122.0,1122.0,674.0,878.0,195
2533,bihar,saran,2020.0,0,0,20,0,0,25,318,60,76,54,0,97,0,3248701,1652661,1596040,26.37,2950064,966.0,6667,51.8,67.3,35.82,860940,644618,216322,2387761,1.Hindus,2909213,2.Muslims,337767,3.Religion not stated,758,1566.0,1566.0,544.0,1213.0,342
2534,bihar,sitamarhi,2020.0,0,0,35,0,0,26,275,44,26,4,0,53,0,2682720,1417611,1265109,32.58,2529407,892.0,1786,38.46,49.36,26.13,855156,714136,141020,1827564,1.Hindus,2111476,2.Muslims,568992,3.Religion not stated,1237,802.0,802.0,302.0,709.0,216
2535,bihar,siwan,2020.0,0,0,8,0,0,25,176,30,33,2,0,20,0,2714349,1336283,1378066,24.78,2564860,1031.0,13822,51.65,67.26,36.88,730437,511578,218859,1983912,1.Hindus,2218632,2.Muslims,494176,3.Religion not stated,899,1438.0,1438.0,441.0,1119.0,254
2536,bihar,vaishali,2020.0,0,0,22,0,0,44,329,0,63,16,0,56,0,2718421,1415603,1302818,26.39,2531766,920.0,3068,50.49,63.23,36.58,782717,624452,158265,1935704,1.Hindus,2457636,2.Muslims,259158,3.Religion not stated,922,1414.0,1414.0,970.0,929.0,154
2537,gujarat,amreli,2020.0,0,0,13,0,0,1,17,0,1,27,2,105,0,1393918,701593,692325,6.45,1080960,987.0,3256,66.09,76.44,55.78,600819,470043,130776,793099,1.Hindus,1307460,2.Muslims,83077,3.Jains,2309,615.0,614.0,615.0,614.0,383
2538,gujarat,anand,2020.0,1,0,14,0,0,1,1,0,0,26,1,66,0,1856872,972000,884872,13.03,1348901,910.0,22835,74.51,86.09,61.94,784711,617669,167042,1072161,1.Hindus,1616127,2.Muslims,199263,3.Christians,29461,350.0,350.0,350.0,350.0,301
2539,gujarat,bharuch,2020.0,0,0,8,0,0,3,5,2,1,23,0,58,0,1370656,713676,656980,19.32,1018096,921.0,444043,74.41,82.98,65.11,570693,469551,101142,799963,1.Hindus,1059796,2.Muslims,293459,3.Christians,8824,657.0,657.0,656.0,644.0,403
2540,gujarat,bhavnagar,2020.0,0,0,16,0,0,1,6,0,0,29,0,151,0,2469630,1274920,1194710,19.29,1534592,937.0,7298,66.2,78.02,53.73,944559,781166,163393,1525071,1.Hindus,2264062,2.Muslims,172740,3.Jains,28921,790.0,790.0,789.0,786.0,526
2541,gujarat,gandhinagar,2020.0,0,0,5,0,0,6,7,0,0,15,1,81,0,1334455,697999,636456,23.88,867195,912.0,17681,76.59,87.74,64.58,554336,467413,86923,780119,1.Hindus,1269766,2.Muslims,50559,3.Jains,7769,291.0,291.0,291.0,290.0,244
2542,gujarat,jamnagar,2020.0,0,0,12,0,0,0,26,1,1,9,0,39,0,1904278,981320,922958,22.39,1068022,941.0,10459,66.48,76.25,56.18,734382,624057,110325,1169896,1.Hindus,1605941,2.Muslims,270223,3.Jains,21907,698.0,695.0,666.0,666.0,286
2543,gujarat,junagadh,2020.0,0,0,10,0,0,0,48,0,0,48,0,167,0,2448173,1252350,1195823,17.08,1736645,955.0,18832,67.78,78.74,56.43,1000842,785530,215312,1447331,1.Hindus,2165734,2.Muslims,274481,3.Jains,4291,923.0,922.0,901.0,858.0,803
2544,gujarat,kheda,2020.0,0,0,6,0,0,0,25,0,0,26,0,64,0,2024216,1052823,971393,13.24,1617766,923.0,32394,71.96,85.99,56.9,908180,694400,213780,1116036,1.Hindus,1775214,2.Muslims,218660,3.Christians,23178,612.0,612.0,612.0,612.0,432
2545,gujarat,narmada,2020.0,0,0,3,0,0,0,3,0,0,8,0,11,0,514404,263986,250418,14.4,462298,949.0,401654,59.86,72.44,46.61,259116,176372,82744,255288,1.Hindus,482552,2.Muslims,20429,3.Christians,5122,552.0,552.0,530.0,515.0,324
2546,gujarat,navsari,2020.0,0,0,5,0,0,5,5,0,1,10,0,14,0,1229463,628988,600475,13.22,893110,955.0,591164,75.83,82.77,68.61,545215,457002,88213,684248,1.Hindus,1135525,2.Muslims,69972,3.Jains,13575,374.0,374.0,374.0,368.0,268
2547,gujarat,patan,2020.0,0,0,20,0,0,11,16,1,0,34,0,71,0,1182709,612100,570609,14.08,944281,932.0,12637,60.36,73.63,46.33,533078,395470,137608,649631,1.Hindus,1057013,2.Muslims,119748,3.Jains,5136,517.0,516.0,517.0,514.0,265
2548,gujarat,porbandar,2020.0,0,0,3,0,0,0,7,0,0,7,0,26,0,536835,275821,261014,14.35,275460,946.0,6456,68.62,78.36,58.42,215134,173594,41540,321701,1.Hindus,507176,2.Muslims,28404,3.Jains,589,182.0,182.0,155.0,156.0,130
2549,gujarat,surendranagar,2020.0,0,0,10,0,0,0,35,0,0,23,0,15,0,1515148,787650,727498,25.34,1112700,924.0,14338,61.61,74.19,48.1,647609,512038,135571,867539,1.Hindus,1392451,2.Muslims,97846,3.Jains,22721,650.0,649.0,650.0,648.0,170
2550,gujarat,valsad,2020.0,1,0,10,0,0,6,12,1,1,6,0,12,0,1410553,734799,675754,29.66,1029392,920.0,772405,69.15,77.9,59.62,650257,503333,146924,760296,1.Hindus,1300005,2.Muslims,66440,3.Christians,15399,450.0,450.0,425.0,449.0,303
2551,haryana,ambala,2020.0,0,0,49,0,0,0,94,25,6,56,4,258,0,1014411,542977,471434,25.69,657383,868.0,-,75.31,82.31,67.39,324521,275648,48873,689890,1.Hindus,856193,2.Sikhs,132463,3.Muslims,17263,482.0,482.0,479.0,432.0,204
2552,haryana,bhiwani,2020.0,0,0,43,0,0,0,53,14,14,164,4,178,0,1425022,758253,666769,22.45,1154629,879.0,-,67.45,80.26,53.0,609320,425210,184110,815702,1.Hindus,1407363,2.Muslims,12740,3.Sikhs,2542,437.0,437.0,437.0,429.0,252
2553,haryana,faridabad,2020.0,0,0,131,0,0,69,241,13,19,116,10,401,0,2194586,1193063,1001523,48.47,973242,839.0,-,70.03,81.52,56.31,785762,609663,176099,1408824,1.Hindus,1896698,2.Muslims,247293,3.Sikhs,36005,413.0,413.0,413.0,376.0,188
2554,haryana,jind,2020.0,0,0,43,0,0,0,73,7,6,63,2,138,0,1189827,642282,547545,21.35,948250,852.0,-,62.12,73.82,48.51,521946,372049,149897,667881,1.Hindus,1134539,2.Sikhs,29159,3.Muslims,20618,306.0,306.0,306.0,300.0,247
2555,haryana,kaithal,2020.0,0,0,21,0,0,0,199,45,8,80,8,173,0,946131,510513,435618,20.95,762649,853.0,-,59.02,69.15,47.31,372011,268127,103884,574120,1.Hindus,848765,2.Sikhs,88700,3.Muslims,6777,270.0,270.0,270.0,261.0,160
2556,haryana,karnal,2020.0,0,0,97,0,0,0,152,18,9,132,7,252,0,1274183,683368,590815,23.13,936341,865.0,-,67.74,76.29,57.97,455455,355466,99989,818728,1.Hindus,1125279,2.Sikhs,123160,3.Muslims,22614,422.0,422.0,422.0,385.0,186
2557,haryana,kurukshetra,2020.0,0,0,51,0,0,0,117,33,7,116,8,285,0,825454,442328,383126,23.72,609943,866.0,-,69.88,78.06,60.61,308392,250596,57796,517062,1.Hindus,675381,2.Sikhs,135545,3.Muslims,12028,407.0,402.0,406.0,385.0,179
2558,haryana,panipat,2020.0,0,0,67,0,0,3,259,117,12,108,9,261,0,967449,528860,438589,38.57,575369,829.0,-,69.17,78.5,57.97,382801,289013,93788,584648,1.Hindus,873593,2.Muslims,59696,3.Sikhs,27437,179.0,179.0,179.0,168.0,116
2559,haryana,rewari,2020.0,0,0,54,0,0,7,63,7,12,105,16,204,0,765351,403034,362317,25.24,629177,899.0,-,75.25,88.45,60.83,333622,204855,128767,431729,1.Hindus,758328,2.Muslims,3194,3.Sikhs,1668,397.0,397.0,397.0,379.0,175
2560,haryana,rohtak,2020.0,0,0,70,0,0,0,154,66,14,185,5,245,0,940128,509038,431090,20.99,610524,847.0,-,73.72,83.23,62.59,371073,288225,82848,569055,1.Hindus,924541,2.Muslims,5665,3.Sikhs,5079,146.0,146.0,146.0,130.0,118
2561,haryana,sirsa,2020.0,0,0,66,0,0,0,106,5,5,82,9,153,0,1116649,593245,523404,22.96,823184,882.0,-,60.55,70.05,49.93,475571,363946,111625,641078,1.Hindus,801747,2.Sikhs,302942,3.Muslims,7056,321.0,321.0,318.0,312.0,197
2562,haryana,sonipat,2020.0,1,0,80,0,0,1,204,87,21,136,8,241,0,1279175,695723,583452,22.36,957800,839.0,-,72.79,83.06,60.68,523031,383449,139582,756144,1.Hindus,1234225,2.Muslims,31954,3.Jains,6729,323.0,323.0,323.0,316.0,248
2563,haryana,yamunanagar,2020.0,0,0,102,0,0,0,161,58,9,118,9,243,0,1041630,559444,482186,21.84,648608,862.0,-,71.63,78.82,63.39,336533,280728,55805,705097,1.Hindus,849255,2.Muslims,104073,3.Sikhs,83524,613.0,613.0,607.0,483.0,248
2564,jharkhand,deoghar,2020.0,1,0,44,0,0,0,52,0,22,369,0,53,0,1165390,608878,556512,24.46,1005539,914.0,142717,50.09,66.38,31.99,432714,283711,149003,732676,1.Hindus,910409,2.Muslims,221705,3.Others,27263,2356.0,2356.0,289.0,768.0,94
2565,jharkhand,dhanbad,2020.0,0,0,76,0,0,26,98,0,22,113,0,74,0,2397102,1278946,1118156,22.82,1141744,874.0,202729,67.0,79.54,52.43,664058,492501,171557,1733044,1.Hindus,1944757,2.Muslims,364807,3.Others,61505,1121.0,1121.0,503.0,708.0,154
2566,jharkhand,dumka,2020.0,0,0,29,0,0,7,27,0,10,72,0,21,0,1759602,897364,862238,17.31,1644690,961.0,701903,47.94,62.86,32.35,778378,470354,308024,981224,1.Hindus,1323468,2.Muslims,203741,3.Others,170201,3737.0,3737.0,213.0,1732.0,312
2567,jharkhand,giridih,2020.0,6,0,49,0,0,0,39,3,39,71,0,61,0,1904430,960679,943751,27.09,1782066,982.0,184469,44.5,62.09,26.62,644644,340925,303719,1259786,1.Hindus,1475201,2.Muslims,383253,3.Others,30778,2532.0,2532.0,481.0,1232.0,229
2568,jharkhand,godda,2020.0,1,0,45,0,0,0,15,0,10,30,0,42,0,1047939,544043,503896,21.61,1010931,926.0,247538,43.13,57.52,27.39,421941,238694,183247,625998,1.Hindus,745237,2.Muslims,210734,3.Others,68055,1633.0,1633.0,257.0,892.0,141
2569,jharkhand,gumla,2020.0,0,0,91,0,0,11,20,0,2,5,0,17,0,1346767,675769,670998,16.6,1273025,993.0,920597,51.74,63.5,39.95,658921,446953,211968,687846,1.Hindus,440373,2.Christians,425107,3.Others,419004,1393.0,1393.0,92.0,1015.0,365
2570,jharkhand,hazaribagh,2020.0,1,0,121,0,0,7,45,0,25,37,0,36,0,2277475,1167793,1109682,24.02,1748406,950.0,268333,57.74,71.81,42.87,790049,532895,257154,1487426,1.Hindus,1870586,2.Muslims,337117,3.Others,36789,1543.0,1543.0,413.0,962.0,147
2571,jharkhand,palamu,2020.0,0,0,56,0,0,5,54,0,11,90,5,30,0,2098359,1084417,1013942,26.8,1973266,935.0,392325,44.95,58.91,29.88,793658,444921,348737,1304701,1.Hindus,1740948,2.Muslims,242980,3.Others,63100,2465.0,2465.0,410.0,1474.0,349
2572,jharkhand,ranchi,2020.0,0,0,157,0,0,0,58,2,16,81,0,117,0,2785064,1436976,1348088,25.72,1807243,938.0,1164624,64.57,76.56,51.72,1076904,750962,325942,1708160,1.Hindus,1399301,2.Others,767672,3.Muslims,348774,2052.0,2052.0,331.0,1343.0,377
2573,karnataka,bidar,2020.0,0,0,5,0,0,6,9,0,8,77,4,61,0,1502373,771022,731351,19.56,1157498,949.0,182219,60.94,72.46,48.81,557603,424985,132618,944770,1.Hindus,1020174,2.Muslims,295762,3.Buddhists,122083,599.0,596.0,596.0,591.0,293
2574,karnataka,chitradurga,2020.0,0,0,13,0,0,6,9,0,6,239,2,46,0,1517896,776221,741675,15.05,1243658,955.0,266235,64.45,74.66,53.78,721835,576035,145800,796061,1.Hindus,1388506,2.Muslims,109412,3.Religion not stated,8411,946.0,916.0,946.0,879.0,197
2575,karnataka,davanagere,2020.0,0,0,20,0,0,13,17,0,5,144,0,57,0,1790952,917705,873247,14.78,1247954,952.0,209701,67.43,76.37,58.04,783781,631726,152055,1007171,1.Hindus,1532714,2.Muslims,226708,3.Religion not stated,10944,810.0,786.0,808.0,727.0,278
2576,karnataka,dharwad,2020.0,0,0,4,0,0,0,0,0,1,18,0,13,0,1604253,823204,781049,16.65,722336,949.0,70442,71.61,80.82,61.92,684492,587018,97474,919761,1.Hindus,1221335,2.Muslims,315177,3.Christians,27634,361.0,358.0,359.0,313.0,201
2577,karnataka,hassan,2020.0,0,0,19,0,0,70,79,4,14,240,2,64,0,1721669,859086,862583,9.66,1416996,1004.0,26451,68.63,78.37,59.0,864711,702827,161884,856958,1.Hindus,1587287,2.Muslims,104730,3.Christians,15598,2394.0,2330.0,2341.0,1990.0,482
2578,karnataka,kodagu,2020.0,0,0,9,0,0,0,0,0,0,44,1,37,0,548561,274831,273730,11.64,473179,996.0,46115,77.99,83.7,72.26,266378,247574,18804,282183,1.Hindus,450694,2.Muslims,78466,3.Christians,17951,291.0,279.0,286.0,267.0,138
2579,karnataka,kolar,2020.0,0,0,10,0,0,0,2,0,6,72,1,11,0,2536069,1286193,1249876,13.83,1910546,972.0,205711,62.84,73.17,52.23,1235028,1014667,220361,1301041,1.Hindus,2196660,2.Muslims,298767,3.Christians,32547,2919.0,2797.0,2785.0,2342.0,490
2580,karnataka,koppal,2020.0,0,0,8,0,0,18,18,0,3,103,2,56,0,1196089,603312,592777,24.57,997797,983.0,138588,54.1,68.42,39.61,554506,422208,132298,641583,1.Hindus,1042294,2.Muslims,137174,3.Religion not stated,5395,594.0,590.0,594.0,560.0,281
2581,karnataka,mandya,2020.0,0,0,13,0,0,0,0,0,10,281,2,78,0,1763705,888034,875671,7.14,1480990,986.0,17193,61.05,70.5,51.53,840419,682440,157979,923286,1.Hindus,1667640,2.Muslims,69890,3.Buddhists,11093,1369.0,1330.0,1323.0,1185.0,458
2582,karnataka,raichur,2020.0,0,0,12,0,0,17,25,7,1,161,0,85,0,1669762,841840,827922,21.93,1248925,983.0,303042,48.81,61.52,35.93,732762,544347,188415,937000,1.Hindus,1417051,2.Muslims,228652,3.Christians,12390,830.0,806.0,796.0,306.0,338
2583,karnataka,shimoga,2020.0,0,0,8,0,0,51,52,0,6,250,1,63,0,1642545,830559,811986,12.9,1071535,978.0,55997,74.52,82.01,66.88,714671,586832,127839,927874,1.Hindus,1401087,2.Muslims,200979,3.Christians,26474,1443.0,1415.0,1399.0,989.0,311
2584,kerala,idukki,2020.0,0,0,27,0,0,2,3,0,1,202,28,55,0,1129221,566682,562539,6.96,1071628,993.0,50973,88.69,92.33,85.02,487352,400699,86653,641869,1.Hindus,566744,2.Muslims,480108,3.Christians,81222,64.0,64.0,64.0,60.0,62
2585,kerala,kannur,2020.0,0,0,36,0,0,1,2,1,0,134,34,194,0,2408956,1152817,1256139,7.13,1196058,1090.0,19969,92.59,96.13,89.4,767197,626876,140321,1641759,1.Hindus,1480748,2.Muslims,665648,3.Christians,261019,78.0,78.0,78.0,78.0,78
2586,kerala,kottayam,2020.0,0,0,26,0,0,6,8,0,0,163,13,77,0,1953646,964926,988720,6.76,1653838,1025.0,18340,95.82,97.34,94.35,642157,539609,102548,1311489,1.Hindus,963497,2.Muslims,871371,3.Christians,116686,89.0,89.0,89.0,89.0,88
2587,kerala,malappuram,2020.0,0,0,49,0,0,11,14,2,0,406,38,455,0,3625471,1754576,1870895,17.22,3269301,1066.0,12267,89.61,93.25,86.26,874476,691848,182628,2750995,1.Hindus,2484576,2.Muslims,1057418,3.Christians,80650,122.0,122.0,122.0,122.0,121
2588,kerala,palakkad,2020.0,1,0,48,0,0,16,16,0,2,169,16,166,0,2617482,1266985,1350497,9.86,2260907,1066.0,39665,84.35,89.52,79.56,945052,768620,176432,1672430,1.Hindus,1802766,2.Muslims,703596,3.Christians,109249,144.0,144.0,144.0,141.0,139
2589,kerala,pathanamthitta,2020.0,0,0,30,0,0,2,2,0,0,179,20,57,0,1234016,589398,644618,3.72,1110218,1094.0,6549,94.84,96.41,93.43,366049,285844,80205,867967,1.Hindus,694560,2.Muslims,481602,3.Christians,56457,65.0,65.0,65.0,64.0,63
2590,maharashtra,akola,2020.0,0,0,28,0,0,45,56,0,7,245,5,261,0,1630239,841253,788986,20.51,1002742,938.0,100088,81.41,88.91,73.43,648243,582264,65979,981996,1.Hindus,1024080,2.Muslims,296272,3.Buddhists,293184,862.0,851.0,840.0,786.0,212
2591,maharashtra,bhandara,2020.0,1,0,15,0,0,60,63,0,1,88,12,38,0,1136146,573445,562701,11.2,960418,981.0,97718,78.47,88.97,67.82,536885,365464,171421,599261,1.Hindus,953507,2.Buddhists,144541,3.Muslims,23324,778.0,772.0,774.0,716.0,442
2592,maharashtra,chandrapur,2020.0,0,0,45,0,0,113,128,0,3,194,15,127,0,2071101,1062993,1008108,17.26,1406034,948.0,375256,73.17,82.94,62.89,930791,683029,247762,1140310,1.Hindus,1680113,2.Buddhists,274067,3.Muslims,76050,1472.0,1462.0,1444.0,1359.0,318
2593,maharashtra,dhule,2020.0,1,0,14,0,0,4,76,0,4,80,9,236,0,1707947,878372,829575,16.01,1262062,944.0,443564,71.65,81.4,61.39,737941,573496,164445,970006,1.Hindus,1522895,2.Muslims,149466,3.Buddhists,14613,678.0,675.0,673.0,669.0,276
2594,maharashtra,gadchiroli,2020.0,1,0,17,0,0,28,28,0,0,55,1,21,0,970294,491101,479193,23.25,903033,976.0,371696,60.1,71.86,48.07,497104,336959,160145,473190,1.Hindus,818640,2.Buddhists,78058,3.Others,44825,1521.0,1509.0,1320.0,1279.0,369
2595,maharashtra,jalgaon,2020.0,1,0,29,0,0,21,143,8,2,259,20,206,0,3682690,1905493,1777197,15.44,2629896,933.0,435951,75.43,85.91,64.3,1563983,1300086,263897,2118707,1.Hindus,3049368,2.Muslims,455288,3.Buddhists,126136,1491.0,1491.0,1486.0,1470.0,934
2596,maharashtra,jalna,2020.0,0,0,36,0,0,0,68,20,12,208,0,191,0,1612980,826903,786077,18.17,1305115,951.0,32103,64.4,79.14,49.04,716900,611998,104902,896080,1.Hindus,1255041,2.Muslims,211531,3.Buddhists,121033,963.0,963.0,959.0,952.0,380
2597,maharashtra,kolhapur,2020.0,1,0,51,0,0,130,133,0,6,263,15,194,0,3523162,1807470,1715692,17.59,2472809,949.0,21387,76.93,87.47,66.02,1652970,1394882,258088,1870192,1.Hindus,3077263,2.Muslims,236875,3.Jains,147285,1196.0,1194.0,1190.0,1185.0,638
2598,maharashtra,latur,2020.0,0,0,25,0,0,74,86,0,7,138,0,131,0,2080285,1075257,1005028,23.95,1590024,935.0,47836,71.54,82.94,59.4,840518,712849,127669,1239767,1.Hindus,1700679,2.Muslims,292996,3.Buddhists,74351,921.0,921.0,919.0,917.0,409
2599,maharashtra,nanded,2020.0,1,0,39,0,0,63,89,8,6,232,9,242,0,2876259,1481358,1394901,23.08,2187195,942.0,253596,67.77,80.44,54.35,1202037,965087,236950,1674222,1.Hindus,2162185,2.Muslims,385081,3.Buddhists,302161,1546.0,1538.0,1531.0,1536.0,209
2600,maharashtra,osmanabad,2020.0,0,0,20,0,0,50,76,2,6,123,2,67,0,1486586,769368,717218,15.35,1253330,932.0,27857,69.02,80.42,56.89,653522,555202,98320,833064,1.Hindus,1297858,2.Muslims,151181,3.Buddhists,28356,729.0,729.0,727.0,726.0,400
2601,maharashtra,parbhani,2020.0,0,0,32,0,0,29,37,0,3,139,4,115,0,1527715,780191,747524,15.31,1042529,958.0,35210,66.07,79.63,52.02,644752,559917,84835,882963,1.Hindus,1121246,2.Muslims,243935,3.Buddhists,153231,830.0,830.0,824.0,821.0,386
2602,maharashtra,ratnagiri,2020.0,1,0,10,0,0,33,33,0,0,53,29,12,0,1696777,794498,902279,9.87,1504568,1136.0,20102,75.05,85.89,65.77,763387,557613,205774,933390,1.Hindus,1391137,2.Muslims,175672,3.Buddhists,120855,1539.0,1538.0,1539.0,1484.0,810
2603,maharashtra,sangli,2020.0,1,0,38,0,0,133,152,2,7,250,18,103,0,2583524,1320088,1263436,17.59,1950306,957.0,17855,76.62,86.26,66.73,1218655,952241,266414,1364869,1.Hindus,2243478,2.Muslims,203524,3.Jains,85160,721.0,721.0,721.0,719.0,567
2604,maharashtra,satara,2020.0,0,0,49,0,0,141,150,1,4,275,15,168,0,2808994,1408326,1400668,14.1,2410873,995.0,21896,78.22,88.2,68.38,1303658,1044989,258669,1505336,1.Hindus,2533359,2.Buddhists,128570,3.Muslims,125661,1716.0,1716.0,1701.0,1680.0,646
2605,maharashtra,sindhudurg,2020.0,0,0,6,0,0,13,13,0,0,53,2,0,0,868825,417890,450935,3.55,786506,1079.0,4952,80.3,90.26,71.23,404985,233827,171158,463840,1.Hindus,802498,2.Buddhists,24320,3.Muslims,23668,743.0,743.0,735.0,722.0,593
2606,maharashtra,wardha,2020.0,0,0,24,0,0,100,105,0,2,197,6,48,0,1236736,638990,597746,15.3,911695,935.0,154415,80.06,87.18,72.45,550351,431330,119021,686385,1.Hindus,1006235,2.Buddhists,169579,3.Muslims,47605,1004.0,998.0,998.0,842.0,392
2607,maharashtra,yavatmal,2020.0,1,0,43,0,0,104,115,0,6,187,16,231,0,2458271,1265681,1192590,18.46,2001060,942.0,473370,73.62,84.09,62.52,1118937,949453,169484,1339334,1.Hindus,1999368,2.Buddhists,221793,3.Muslims,196909,1856.0,1820.0,1795.0,1729.0,723
2608,manipur,bishnupur,2020.0,2,0,6,0,0,1,3,0,1,2,0,1,0,208368,104550,103818,13.9,133627,993.0,6143,67.63,79.61,55.66,89703,55557,34146,118665,1.Hindus,148903,2.Others,38763,3.Muslims,14194,48.0,48.0,46.0,47.0,28
2609,manipur,chandel,2020.0,0,0,0,0,0,0,0,0,0,0,0,0,0,118327,59741,58586,72.8,103365,981.0,108779,56.23,64.34,47.98,54545,39935,14610,63782,1.Christians,109128,2.Hindus,5701,3.Muslims,2318,350.0,323.0,190.0,214.0,25
2610,manipur,churachandpur,2020.0,0,0,0,0,0,0,1,0,0,0,0,0,0,227905,117232,110673,29.81,227905,944.0,212482,70.59,77.67,63.06,99363,71933,27430,128542,1.Christians,213186,2.Hindus,10538,3.Muslims,2573,540.0,539.0,306.0,395.0,66
2611,manipur,tamenglong,2020.0,0,0,0,0,0,0,0,0,0,0,0,0,0,111499,58014,53485,29.23,111499,922.0,106349,59.25,68.72,48.95,50863,43353,7510,60636,1.Christians,105791,2.Hindus,3187,3.Muslims,1431,171.0,171.0,75.0,157.0,42
2612,manipur,thoubal,2020.0,0,0,5,0,0,0,6,0,0,9,0,1,0,364140,182250,181890,24.62,232868,998.0,4274,66.41,80.43,52.46,177343,111486,65857,186797,1.Hindus,221096,2.Muslims,86849,3.Others,50819,90.0,90.0,84.0,88.0,36
2613,manipur,ukhrul,2020.0,0,0,0,0,0,0,0,0,0,0,0,0,0,140778,73465,67313,28.98,140778,916.0,134493,73.12,80.13,65.41,66515,51564,14951,74263,1.Christians,133966,2.Hindus,5687,3.Muslims,881,198.0,198.0,154.0,188.0,47
2614,mizoram,aizawl,2020.0,0,0,19,0,0,0,0,0,0,11,2,5,0,325676,166877,158799,39.24,77531,952.0,303641,96.51,96.75,96.26,162961,125328,37633,162715,1.Christians,303893,2.Hindus,14508,3.Muslims,5185,96.0,96.0,81.0,86.0,46
2615,mizoram,lawngtlai,2020.0,0,0,0,0,0,0,0,0,0,1,0,0,0,73620,38776,34844,34.78,73620,899.0,70234,64.74,70.9,57.81,34093,26188,7905,39527,1.Buddhists,38410,2.Christians,32877,3.Hindus,1910,139.0,139.0,27.0,134.0,24
2616,mizoram,lunglei,2020.0,0,0,0,0,0,0,0,0,0,3,0,0,0,137223,71402,65821,23.1,79267,922.0,130768,84.17,87.44,80.6,71792,60870,10922,65431,1.Christians,109204,2.Buddhists,22429,3.Hindus,4612,160.0,160.0,101.0,130.0,55
2617,nagaland,kohima,2020.0,0,0,0,0,0,0,0,0,0,0,0,0,0,310084,162251,147833,49.96,233054,911.0,280753,74.54,80.3,68.15,135023,114456,20567,175061,1.Christians,278844,2.Hindus,21950,3.Others,5457,180.0,179.0,148.0,164.0,82
2618,nagaland,mokokchung,2020.0,0,0,0,0,0,0,0,0,0,2,0,0,0,232085,120929,111156,43.48,200871,919.0,217653,83.92,86.03,81.61,109260,82160,27100,122825,1.Christians,219282,2.Hindus,10433,3.Muslims,2128,102.0,101.0,97.0,99.0,82
2619,nagaland,mon,2020.0,0,0,0,0,0,2,2,0,0,0,0,0,0,260652,138753,121899,73.42,244062,879.0,244821,41.83,46.56,36.35,130848,108206,22642,129804,1.Christians,248684,2.Hindus,9963,3.Muslims,1748,110.0,110.0,102.0,107.0,69
2620,nagaland,phek,2020.0,0,0,1,0,0,0,0,0,0,0,0,0,0,148195,77141,71054,45.12,135331,921.0,142977,70.65,78.37,62.26,71398,57454,13944,76797,1.Christians,143048,2.Hindus,4095,3.Muslims,517,104.0,104.0,102.0,102.0,54
2621,nagaland,tuensang,2020.0,0,0,0,0,0,0,0,0,1,0,0,0,0,414818,218678,196140,78.1,385046,897.0,398350,50.64,55.12,45.58,184924,156950,27974,229894,1.Christians,406287,2.Hindus,6856,3.Muslims,1329,251.0,251.0,238.0,230.0,123
2622,nagaland,wokha,2020.0,0,0,0,0,0,0,0,0,0,0,0,0,0,161223,83670,77553,95.01,123587,927.0,153983,80.55,85.35,75.32,56254,49679,6575,104969,1.Christians,155009,2.Hindus,4787,3.Muslims,1209,128.0,128.0,105.0,104.0,67
2623,nagaland,zunheboto,2020.0,0,0,0,0,0,0,1,1,0,0,0,1,0,153955,79056,74899,61.0,130874,947.0,147915,69.28,73.74,64.57,56783,47491,9292,97172,1.Christians,150097,2.Hindus,3193,3.Muslims,492,187.0,186.0,187.0,178.0,57
2624,punjab,bathinda,2020.0,1,0,33,0,0,4,43,0,3,34,1,46,0,1183295,632809,550486,19.89,831541,870.0,-,61.18,67.78,53.7,500667,408924,91743,682628,1.Hindus,876426,2.Muslims,292984,3.Christians,9847,280.0,280.0,280.0,280.0,181
2625,punjab,faridkot,2020.0,0,0,10,0,0,0,38,0,1,21,0,12,0,550892,292596,258296,21.42,357321,883.0,-,61.95,68.15,55.03,209754,181873,27881,341138,1.Sikhs,427104,2.Hindus,119702,3.Muslims,1739,163.0,163.0,163.0,160.0,107
2626,punjab,gurdaspur,2020.0,0,0,10,0,0,0,33,2,2,14,0,52,0,2104011,1113077,990934,19.33,1568788,890.0,-,73.77,79.78,67.15,700557,568322,132235,1403454,1.Hindus,996246,2.Sikhs,934963,3.Christians,148981,1532.0,1531.0,1532.0,1375.0,517
2627,punjab,hoshiarpur,2020.0,1,0,21,0,0,2,46,4,2,31,3,97,0,1480736,765132,715604,13.81,1188662,935.0,-,81.02,86.45,75.32,513351,415123,98228,967385,1.Hindus,871923,2.Sikhs,574862,3.Muslims,15394,1386.0,1386.0,1386.0,1232.0,382
2628,punjab,kapurthala,2020.0,0,0,13,0,0,0,68,0,1,21,3,20,0,754521,399623,354898,16.34,507994,888.0,-,73.93,79.02,68.29,262741,231222,31519,491780,1.Sikhs,448654,2.Hindus,286438,3.Buddhists,7740,618.0,618.0,618.0,478.0,359
2629,punjab,patiala,2020.0,0,0,19,0,0,0,82,5,6,46,0,112,0,1844934,987390,857544,20.31,1200224,868.0,-,69.78,75.88,62.86,681951,589015,92936,1162983,1.Sikhs,1024546,2.Hindus,778427,3.Muslims,34828,1054.0,1053.0,1054.0,986.0,172
2630,punjab,sangrur,2020.0,0,0,62,0,0,0,63,0,2,69,4,58,0,2000173,1069289,930884,18.57,1415354,871.0,-,59.98,65.81,53.38,814098,714076,100022,1186075,1.Sikhs,1400149,2.Hindus,434873,3.Muslims,157838,697.0,697.0,697.0,684.0,291
2631,rajasthan,ajmer,2020.0,1,0,208,0,0,180,233,8,13,589,29,724,0,2181670,1129920,1051750,26.1,1306994,931.0,52634,64.65,79.37,48.86,856809,690818,165991,1324861,1.Hindus,1869044,2.Muslims,244341,3.Jains,47812,1025.0,1025.0,966.0,970.0,352
2632,rajasthan,alwar,2020.0,0,0,216,0,0,44,114,24,21,354,0,464,0,2992592,1586752,1405840,30.23,2557653,886.0,239905,61.74,78.09,43.28,1458686,947587,511099,1533906,1.Hindus,2535155,2.Muslims,383204,3.Sikhs,55530,1954.0,1954.0,1843.0,1811.0,553
2633,rajasthan,banswara,2020.0,0,0,93,0,0,12,115,14,11,140,1,156,0,1501589,760686,740903,29.84,1394226,974.0,1085272,44.63,60.45,28.43,709412,529393,180019,792177,1.Hindus,1425287,2.Muslims,39079,3.Jains,18406,1476.0,1476.0,853.0,1348.0,450
2634,rajasthan,barmer,2020.0,1,0,227,0,0,3,90,3,24,414,0,370,0,1964835,1038247,926588,36.83,1819431,892.0,118688,58.99,72.76,43.45,919729,680208,239521,1045106,1.Hindus,1695047,2.Muslims,231918,3.Jains,35744,1933.0,1933.0,948.0,1777.0,433
2635,rajasthan,bharatpur,2020.0,0,0,260,0,0,39,134,70,41,85,0,771,0,2101142,1133425,967717,27.05,1692182,854.0,47077,63.57,80.54,43.56,852913,573547,279366,1248229,1.Hindus,1804599,2.Muslims,264709,3.Sikhs,23472,1366.0,1365.0,1238.0,1298.0,481
2636,rajasthan,bhilwara,2020.0,0,0,173,0,0,32,189,123,12,392,1,551,0,2013789,1026650,987139,26.14,1598938,962.0,180556,50.74,67.39,33.48,939848,764916,174932,1073941,1.Hindus,1859972,2.Muslims,112802,3.Jains,37659,1693.0,1693.0,1553.0,1516.0,473
2637,rajasthan,bikaner,2020.0,0,0,166,0,0,33,76,15,15,211,5,431,0,1674271,886075,788196,38.18,1079235,890.0,5945,56.91,70.05,42.03,661457,522482,138975,1012814,1.Hindus,1445088,2.Muslims,172372,3.Jains,31235,712.0,686.0,485.0,611.0,173
2638,rajasthan,bundi,2020.0,0,0,103,0,0,31,126,87,3,242,0,244,0,962620,504818,457802,24.8,783058,907.0,194851,55.57,71.68,37.79,456937,305977,150960,505683,1.Hindus,881956,2.Muslims,56220,3.Jains,13186,839.0,838.0,733.0,764.0,178
2639,rajasthan,churu,2020.0,0,0,140,0,0,7,84,68,12,92,1,377,0,1923878,987781,936097,24.6,1387682,948.0,10063,66.81,79.69,53.35,853899,587431,266468,1069979,1.Hindus,1698106,2.Muslims,210446,3.Jains,13882,946.0,925.0,877.0,909.0,423
2640,rajasthan,dungarpur,2020.0,0,0,97,0,0,0,187,1,3,129,0,108,0,1107643,547791,559852,26.58,1026787,1022.0,721487,48.57,66.04,31.77,531376,272283,259093,576267,1.Hindus,1068319,2.Muslims,23549,3.Jains,12542,854.0,853.0,723.0,819.0,368
2641,rajasthan,ganganagar,2020.0,0,0,200,0,0,72,146,63,10,292,1,693,0,1789423,955378,834045,27.53,1336066,873.0,14744,64.74,75.53,52.44,719792,552559,167233,1069631,1.Hindus,1299812,2.Sikhs,441409,3.Muslims,42442,2830.0,2820.0,1817.0,1653.0,654
2642,rajasthan,jaisalmer,2020.0,0,0,27,0,0,13,23,2,6,121,0,66,0,508247,279101,229146,47.45,431853,821.0,27834,50.97,66.26,32.05,211687,153139,58548,296560,1.Hindus,383638,2.Muslims,120174,3.Sikhs,2086,600.0,576.0,183.0,473.0,144
2643,rajasthan,jhalawar,2020.0,1,0,158,0,0,126,171,8,6,347,4,439,0,1180323,612804,567519,23.34,1012081,926.0,141861,57.32,73.31,40.02,554781,399386,155395,625542,1.Hindus,1087934,2.Muslims,78962,3.Jains,11759,1477.0,1476.0,1185.0,1173.0,214
2644,rajasthan,nagaur,2020.0,1,0,149,0,0,67,105,15,17,260,2,494,0,2775058,1424967,1350091,29.33,2297721,947.0,6497,57.28,74.1,39.67,1129514,844039,285475,1645544,1.Hindus,2399173,2.Muslims,356405,3.Jains,17478,1480.0,1466.0,1417.0,1417.0,580
2645,rajasthan,pali,2020.0,0,0,137,0,0,35,144,71,8,419,0,510,0,1820251,918856,901395,22.39,1429364,981.0,105814,54.39,72.2,36.48,724883,518158,206725,1095368,1.Hindus,1677038,2.Muslims,114088,3.Jains,25599,936.0,936.0,883.0,906.0,451
2646,rajasthan,sikar,2020.0,1,0,129,0,0,59,155,73,11,176,2,518,0,2287788,1172753,1115035,24.11,1815250,951.0,62512,70.47,84.34,56.11,887915,633421,254494,1399873,1.Hindus,2019396,2.Muslims,261714,3.Jains,4957,986.0,985.0,965.0,945.0,470
2647,rajasthan,sirohi,2020.0,0,0,96,0,0,18,46,11,3,169,0,240,0,851107,437949,413158,30.08,700217,943.0,210763,53.94,69.89,37.15,343905,245762,98143,507202,1.Hindus,810765,2.Muslims,25439,3.Jains,12427,455.0,454.0,399.0,423.0,201
2648,rajasthan,tonk,2020.0,0,0,104,0,0,65,105,34,5,145,1,265,0,1211671,626436,585235,24.24,958503,934.0,145891,51.97,70.52,32.15,532682,425230,107452,678989,1.Hindus,1062365,2.Muslims,124440,3.Jains,23644,1032.0,1031.0,818.0,887.0,246
2649,rajasthan,udaipur,2020.0,0,0,228,0,0,214,283,12,10,287,3,402,0,2633312,1336004,1297308,27.37,2142995,971.0,1260432,58.62,73.62,43.26,1100880,724120,376760,1532432,1.Hindus,2449773,2.Muslims,88262,3.Jains,83699,2339.0,2337.0,1647.0,2030.0,619
2650,sikkim,east,2020.0,0,0,7,0,0,11,11,0,0,16,0,0,0,245040,132917,112123,37.17,192188,844.0,45321,74.67,81.2,66.8,116529,92577,23952,128511,1.Hindus,157321,2.Buddhists,64729,3.Christians,14502,131.0,131.0,125.0,112.0,100
2651,sikkim,north,2020.0,0,0,2,0,0,0,0,0,0,0,0,0,0,41030,23414,17616,31.32,39782,752.0,21772,67.21,75.69,55.39,23542,17553,5989,17488,1.Buddhists,22603,2.Hindus,16128,3.Christians,1623,53.0,53.0,46.0,42.0,44
2652,sikkim,south,2020.0,0,0,3,0,0,0,0,0,0,2,0,1,0,131525,68241,63284,33.37,127579,927.0,20483,67.31,74.29,59.72,69693,57367,12326,61832,1.Hindus,84213,2.Buddhists,31109,3.Christians,12757,145.0,145.0,142.0,131.0,99
2653,sikkim,west,2020.0,0,0,0,0,0,0,0,0,0,0,0,0,0,123256,63912,59344,25.48,121432,929.0,23829,58.8,66.82,50.11,53279,45407,7872,69977,1.Hindus,71886,2.Buddhists,33601,3.Others,9567,121.0,121.0,115.0,107.0,86
2654,tripura,dhalai,2020.0,0,0,9,0,0,2,6,1,0,11,0,12,0,307868,159095,148773,10.79,289001,935.0,166326,60.93,70.17,50.99,126761,92570,34191,181107,1.Hindus,257834,2.Buddhists,28180,3.Christians,14848,148.0,148.0,108.0,138.0,58
2655,chandigarh,chandigarh,2020.0,0,0,60,0,0,71,90,0,1,42,4,96,0,900635,506938,393697,40.33,92120,777.0,-,81.94,86.14,76.47,340422,328989,11433,560213,1.Hindus,707978,2.Sikhs,145175,3.Muslims,35548,23.0,23.0,23.0,18.0,18
2656,delhi,central,2020.0,0,0,75,0,0,111,115,4,6,115,32,85,0,646385,350831,295554,-1.91,-,842.0,-,79.69,82.73,76.05,223851,213324,10527,422534,1.Hindus,423592,2.Muslims,193137,3.Sikhs,17126,1016.4515570934255,1009.6712802768166,774.7595155709342,796.7941176470588,118
2657,delhi,east,2020.0,0,0,70,0,0,136,151,15,7,146,29,172,0,1768061,956078,811983,62.52,141547,849.0,-,77.53,84.78,68.94,500425,470993,29432,1267636,1.Hindus,1232960,2.Muslims,481607,3.Jains,22322,12.0,12.0,7.0,7.0,4
2658,delhi,east,2020.0,0,0,70,0,0,136,151,15,7,146,29,172,0,1463583,794074,669509,41.61,18223,843.0,-,84.91,89.65,79.26,475310,456216,19094,988273,1.Hindus,1213295,2.Muslims,140335,3.Sikhs,51157,3.0,3.0,3.0,1.0,-
2659,delhi,north,2020.0,0,0,47,0,0,109,150,41,2,74,10,132,0,781525,427882,353643,13.3,46585,826.0,-,80.1,84.64,74.54,256596,244890,11706,524929,1.Hindus,609493,2.Muslims,126093,3.Sikhs,20819,5.0,5.0,4.0,3.0,3
2660,delhi,south,2020.0,0,0,74,0,0,176,183,7,11,136,13,148,0,2267023,1260025,1006998,50.27,160761,799.0,-,81.96,88.26,73.94,778558,739173,39385,1488465,1.Hindus,1824645,2.Muslims,314015,3.Sikhs,75102,16.0,16.0,16.0,12.0,7
2661,delhi,west,2020.0,1,0,56,0,0,189,217,27,8,101,44,250,0,2860869,1571689,1289180,60.12,265363,820.0,-,80.57,86.67,73.08,919439,872142,47297,1941430,1.Hindus,2540491,2.Muslims,173409,3.Sikhs,91723,62.0,62.0,62.0,57.0,44
2662,delhi,west,2020.0,1,0,56,0,0,189,217,27,8,101,44,250,0,2128908,1163084,965824,47.81,86794,830.0,-,83.39,87.85,77.99,720915,686517,34398,1407993,1.Hindus,1745810,2.Sikhs,247312,3.Muslims,107079,9.0,9.0,9.0,9.0,5
2663,delhi,west,2020.0,1,0,56,0,0,189,217,27,8,101,44,250,0,1755041,983615,771426,61.29,225454,784.0,-,83.61,89.86,75.55,602546,569836,32710,1152495,1.Hindus,1612169,2.Muslims,76429,3.Sikhs,29470,51.0,51.0,51.0,49.0,26
