YEAR,person,Male,Female,growthinpopulation,urban,Personlit_rate,Mlit_Rate,Flit_Rate,Totalworkers,Mainworkers,Marginal workers,Nonworkers,religion1 population,Religion2 Population,religion3poulation,inhabitadevillages,drinkingwater,electricity,primary school,state,District,MURDER,ATTEMPT TO MURDER,RAPE,CUSTODIAL RAPE,OTHER RAPE,KIDNAPPING & ABDUCTION,KIDNAPPING AND ABDUCTION OF WOMEN AND GIRLS,KIDNAPPING AND ABDUCTION OF OTHERS,DOWRY DEATHS,ASSAULT ON WOMEN WITH INTENT TO OUTRAGE HER MODESTY,INSULT TO MODESTY OF WOMEN,CRUELTY BY HUSBAND OR HIS RELATIVES,IMPORTATION OF GIRLS FROM FOREIGN COUNTRIES,rural,Religion1,Religion2,religion3name,Medical facility
2001.0,1647201,848578,798623,18.53,941.0,56.24,64.83,47.07,517088,408537,108551,1130113,977943,662066,5267,1050.0,1050.0,775.0,967.0,assam,barpeta,64.0,5,28,0.0,28.0,105,88,17,10,29,0,95,0,1520333.0,1.Hindus,2.Muslims,3.Christians,430.0
2001.0,904835,465240,439595,12.23,945.0,59.33,67.67,50.44,293243,233087,60156,611592,535464,348573,18728,881.0,881.0,607.0,805.0,assam,bongaigaon,45.0,22,20,0.0,20.0,36,21,15,1,22,0,26,0,795053.0,1.Hindus,2.Muslims,3.Christians,112.0
2001.0,1444921,743042,701879,18.66,945.0,67.82,75.73,59.41,465734,364814,100920,979187,886761,522051,31306,1020.0,1020.0,741.0,902.0,assam,cachar,52.0,30,45,0.0,45.0,104,74,30,7,80,0,216,0,1243534.0,1.Hindus,2.Muslims,3.Christians,134.0
2001.0,1504320,773861,730459,15.79,944.0,55.44,63.91,46.4,527993,404428,123565,976327,868532,534658,97306,1319.0,1319.0,1032.0,1246.0,assam,darrang,61.0,13,48,0.0,48.0,64,47,17,9,56,0,37,0,1429492.0,1.Hindus,2.Muslims,3.Christians,356.0
2001.0,571944,294643,277301,18.93,941.0,64.48,74.41,53.86,250146,155431,94715,321798,548780,10533,6390,1236.0,1236.0,253.0,1068.0,assam,dhemaji,15.0,16,42,0.0,42.0,31,20,11,0,26,0,0,0,533112.0,1.Hindus,2.Muslims,3.Christians,83.0
2001.0,1637344,841044,796300,23.42,947.0,48.21,55.91,40.04,470360,399201,71159,1166984,1216455,405065,12477,1261.0,1261.0,904.0,1138.0,assam,dhubri,65.0,23,43,0.0,43.0,69,51,18,5,49,0,111,0,1444901.0,1.Hindus,2.Muslims,3.Christians,374.0
2001.0,1185072,613555,571517,12.43,931.0,68.96,77.3,59.95,472419,342708,129711,712653,1075878,53306,45040,1309.0,1309.0,1195.0,1169.0,assam,dibrugarh,110.0,22,35,0.0,35.0,57,37,20,3,41,0,19,0,956634.0,1.Hindus,2.Muslims,3.Christians,263.0
2001.0,822035,420251,401784,23.07,956.0,58.03,64.86,50.85,273925,209928,63997,548110,441516,314157,64662,761.0,761.0,689.0,723.0,assam,goalpara,28.0,12,35,0.0,35.0,43,35,8,1,54,0,64,0,755133.0,1.Hindus,2.Muslims,3.Christians,243.0
2001.0,946279,490286,455993,14.21,930.0,69.38,77.14,60.99,388640,269896,118744,557639,813263,74808,52277,1066.0,1066.0,595.0,769.0,assam,golaghat,53.0,2,30,0.0,30.0,44,40,4,0,23,0,26,0,865141.0,1.Hindus,2.Muslims,3.Christians,87.0
2001.0,542872,280513,262359,20.92,935.0,59.64,68.24,50.46,179881,138216,41665,362991,312849,223191,5424,327.0,327.0,268.0,308.0,assam,hailakandi,18.0,4,24,0.0,24.0,36,34,2,2,27,0,28,0,498787.0,1.Hindus,2.Muslims,3.Christians,110.0
2001.0,999221,517015,482206,15.84,933.0,76.34,83.62,68.49,414348,285092,129256,584873,927858,47658,18610,787.0,787.0,650.0,717.0,assam,jorhat,40.0,22,42,0.0,42.0,37,28,9,2,44,0,48,0,827901.0,1.Hindus,2.Muslims,3.Christians,215.0
2001.0,2522324,1326981,1195343,25.75,901.0,74.16,81.16,66.31,842253,697810,144443,1680071,1836153,625002,44257,1342.0,1342.0,1042.0,1190.0,assam,kamrup,37.0,30,21,0.0,21.0,95,65,30,2,42,0,27,0,1614107.0,1.Hindus,2.Muslims,3.Christians,468.0
2001.0,1007976,517680,490296,21.35,947.0,66.24,74.69,57.28,303294,235016,68278,704682,527214,470708,8746,915.0,915.0,639.0,865.0,assam,karimganj,32.0,20,33,0.0,33.0,42,8,34,1,9,0,30,0,934126.0,1.Hindus,2.Muslims,3.Christians,224.0
2001.0,905764,466191,439573,15.05,943.0,51.63,60.32,42.4,334849,234771,100078,570915,594168,184441,124270,951.0,951.0,704.0,906.0,assam,kokrajhar,87.0,27,14,0.0,14.0,41,12,29,0,37,0,20,0,841823.0,1.Hindus,2.Muslims,3.Christians,211.0
2001.0,889010,455691,433319,18.34,951.0,68.56,77.06,59.59,497745,288052,209693,391265,702881,143505,36667,1139.0,1139.0,680.0,1046.0,assam,lakhimpur,26.0,21,64,0.0,64.0,72,62,10,0,22,0,93,0,823857.0,1.Hindus,2.Muslims,3.Christians,211.0
2001.0,2314629,1190950,1123679,22.3,944.0,61.73,68.27,54.74,727641,566195,161446,1586988,1180267,1106354,21473,1375.0,1374.0,1190.0,1257.0,assam,nagaon,95.0,22,51,0.0,51.0,119,109,10,1,113,4,132,0,2036342.0,1.Hindus,2.Muslims,3.Christians,480.0
2001.0,1148824,592375,556449,11.98,939.0,67.23,76.56,57.26,383932,291665,92267,764892,873749,253842,18495,798.0,798.0,733.0,769.0,assam,nalbari,79.0,36,30,0.0,30.0,53,27,26,3,16,0,15,0,1121338.0,1.Hindus,2.Muslims,3.Christians,179.0
2001.0,1051736,545476,506260,15.95,928.0,74.47,81.53,66.81,430523,287319,143204,621213,927706,85761,28488,866.0,866.0,772.0,825.0,assam,sibsagar,59.0,24,47,0.0,47.0,64,64,0,0,28,0,0,0,954557.0,1.Hindus,2.Muslims,3.Christians,317.0
2001.0,1681513,871568,809945,17.8,929.0,59.0,67.54,49.73,634723,465283,169440,1046790,1287646,268078,115623,1784.0,1784.0,1331.0,1372.0,assam,sonitpur,86.0,25,53,0.0,53.0,87,80,7,1,43,0,99,0,1505719.0,1.Hindus,2.Muslims,3.Christians,235.0
2001.0,1150062,601099,548963,19.52,913.0,60.95,70.15,50.78,466351,349847,116504,683711,1029142,62403,40000,1107.0,1107.0,871.0,936.0,assam,tinsukia,107.0,17,41,0.0,41.0,62,48,14,2,9,0,21,0,926105.0,1.Hindus,2.Muslims,3.Christians,198.0
2001.0,2158608,1128105,1030503,31.84,913.0,35.01,46.38,22.37,853445,657446,195999,1305163,1263766,887972,2504,713.0,713.0,129.0,552.0,bihar,araria,47.0,27,93,0.0,93.0,79,13,66,11,3,0,50,0,2026257.0,1.Hindus,2.Muslims,3.Jains,60.0
2001.0,2013055,1040945,972110,30.19,934.0,57.03,71.13,41.9,671011,476390,194621,1342044,1814612,196030,1161,1739.0,1739.0,527.0,1148.0,bihar,aurangabad,74.0,46,16,0.0,16.0,24,4,20,33,13,2,19,0,1842998.0,1.Hindus,2.Muslims,3.Religion not stated,270.0
2001.0,2349366,1228874,1120492,29.11,912.0,47.98,59.13,35.64,746075,571564,174511,1603291,2033039,313713,1224,729.0,729.0,457.0,503.0,bihar,begusarai,124.0,77,13,0.0,13.0,53,7,46,21,32,0,21,0,2241743.0,1.Hindus,2.Muslims,3.Religion not stated,167.0
2001.0,2423172,1291658,1131514,27.24,876.0,49.5,59.22,38.13,855345,580731,274614,1567827,1990976,423246,1853,935.0,935.0,445.0,642.0,bihar,bhagalpur,128.0,73,35,0.0,35.0,66,9,57,20,15,0,52,0,1970745.0,1.Hindus,2.Muslims,3.Christians,229.0
2001.0,2243144,1179611,1063533,24.58,902.0,58.96,74.29,41.8,653811,491916,161895,1589333,2076589,163193,913,999.0,999.0,247.0,885.0,bihar,bhojpur,135.0,33,22,0.0,22.0,46,13,33,23,0,4,29,0,1930730.0,1.Hindus,2.Muslims,3.Religion not stated,133.0
2001.0,3295789,1722189,1573600,30.85,914.0,44.33,56.72,30.78,1028558,761464,267094,2267231,2543284,748971,2245,1083.0,1083.0,490.0,850.0,bihar,darbhanga,53.0,64,19,0.0,19.0,39,16,23,37,40,0,34,0,3028441.0,1.Hindus,2.Muslims,3.Religion not stated,271.0
2001.0,3473428,1792163,1681265,30.19,938.0,50.45,63.27,36.66,1277639,994459,283180,2195789,3063841,403439,1622,2680.0,2680.0,539.0,1635.0,bihar,gaya,200.0,170,25,0.0,25.0,66,15,51,26,27,0,24,0,2997479.0,1.Hindus,2.Muslims,3.Religion not stated,278.0
2001.0,2152638,1075710,1076928,26.11,1001.0,47.48,62.96,32.16,641672,466811,174861,1510966,1784275,367219,850,1383.0,1383.0,439.0,866.0,bihar,gopalganj,107.0,92,13,0.0,13.0,59,18,41,22,0,2,155,0,2022048.0,1.Hindus,2.Muslims,3.Religion not stated,261.0
2001.0,1514315,784946,729369,28.64,929.0,55.26,70.07,39.37,580905,422789,158116,933410,1389053,124149,743,856.0,856.0,219.0,672.0,bihar,jehanabad,73.0,80,6,0.0,6.0,35,5,30,25,0,0,4,0,1402703.0,1.Hindus,2.Muslims,3.Religion not stated,123.0
2001.0,2392638,1246872,1145766,30.91,919.0,35.09,45.31,23.8,898326,664259,234067,1494312,1363523,1017495,4994,1290.0,1290.0,277.0,785.0,bihar,katihar,60.0,47,51,0.0,51.0,49,20,29,6,6,0,29,0,2174361.0,1.Hindus,2.Muslims,3.Christians,248.0
2001.0,1280354,679267,601087,29.32,885.0,41.35,51.82,29.35,467240,333262,133978,813114,1147346,131441,546,241.0,241.0,114.0,220.0,bihar,khagaria,72.0,27,5,0.0,5.0,34,6,28,11,6,0,2,0,1204027.0,1.Hindus,2.Muslims,3.Others,124.0
2001.0,1296348,669552,626796,31.5,936.0,31.09,42.71,18.63,417151,359819,57332,879197,876105,412995,2856,730.0,730.0,116.0,442.0,bihar,kishanganj,25.0,15,22,0.0,22.0,23,16,7,4,2,1,39,0,1167340.0,1.Muslims,2.Hindus,3.Christians,120.0
2001.0,1526646,797180,729466,29.45,915.0,36.07,48.8,22.11,683976,498367,185609,842670,1351978,173605,494,384.0,384.0,168.0,311.0,bihar,madhepura,56.0,23,11,0.0,11.0,49,15,34,6,3,0,10,0,1458679.0,1.Hindus,2.Muslims,3.Religion not stated,141.0
2001.0,3575281,1840997,1734284,26.08,942.0,41.97,56.79,26.25,1227723,877412,350311,2347558,2930501,641579,1477,1034.0,1034.0,437.0,901.0,bihar,madhubani,35.0,65,13,0.0,13.0,36,11,25,12,41,0,18,0,3450736.0,1.Hindus,2.Muslims,3.Religion not stated,232.0
2001.0,1137797,607730,530067,20.34,872.0,59.47,69.89,47.4,331451,233688,97763,806346,1045233,89791,1135,525.0,525.0,321.0,382.0,bihar,munger,51.0,108,11,0.0,11.0,45,15,30,8,0,0,39,0,819950.0,1.Hindus,2.Muslims,3.Christians,149.0
2001.0,3746714,1951466,1795248,26.74,920.0,47.95,59.1,35.81,1139830,895830,244000,2606884,3168225,573951,2104,1725.0,1725.0,1021.0,1423.0,bihar,muzaffarpur,153.0,162,73,0.0,73.0,113,25,88,69,81,0,141,6,3398361.0,1.Hindus,2.Muslims,3.Religion not stated,526.0
2001.0,2370528,1238599,1131929,18.64,914.0,53.19,66.44,38.58,903144,700007,203137,1467384,2191552,176871,888,1000.0,1000.0,366.0,879.0,bihar,nalanda,208.0,249,40,0.0,40.0,126,12,114,47,14,2,54,0,2016899.0,1.Hindus,2.Muslims,3.Religion not stated,198.0
2001.0,4718592,2519942,2198650,30.17,873.0,62.92,73.34,50.83,1425647,1161984,263663,3292945,4333556,366164,8951,1288.0,1288.0,615.0,1199.0,bihar,patna,434.0,581,27,0.0,27.0,197,11,186,90,47,0,152,39,2757060.0,1.Hindus,2.Muslims,3.Christians,390.0
2001.0,2450748,1283485,1167263,27.71,909.0,61.29,75.31,45.71,744183,544731,199452,1706565,2199049,246760,2549,1710.0,1710.0,493.0,1185.0,bihar,rohtas,127.0,112,25,0.0,25.0,72,18,54,36,21,0,59,0,2123942.0,1.Hindus,2.Muslims,3.Sikhs,153.0
2001.0,1508182,789432,718750,33.03,910.0,39.08,51.66,25.27,589467,411566,177901,918715,1289364,217922,437,441.0,441.0,127.0,374.0,bihar,saharsa,36.0,151,12,0.0,12.0,27,10,17,7,9,0,12,0,1383015.0,1.Hindus,2.Muslims,3.Christians,63.0
2001.0,3394793,1760692,1634101,25.63,928.0,45.13,57.59,31.67,1071974,843356,228618,2322819,3035755,355897,1432,1122.0,1122.0,674.0,878.0,bihar,samastipur,107.0,115,19,0.0,19.0,75,29,46,11,17,9,35,29,3271338.0,1.Hindus,2.Muslims,3.Religion not stated,195.0
2001.0,3248701,1652661,1596040,26.37,966.0,51.8,67.3,35.82,860940,644618,216322,2387761,2909213,337767,758,1566.0,1566.0,544.0,1213.0,bihar,saran,137.0,70,20,0.0,20.0,65,15,50,67,22,0,101,0,2950064.0,1.Hindus,2.Muslims,3.Religion not stated,342.0
2001.0,2682720,1417611,1265109,32.58,892.0,38.46,49.36,26.13,855156,714136,141020,1827564,2111476,568992,1237,802.0,802.0,302.0,709.0,bihar,sitamarhi,51.0,5,23,0.0,23.0,34,20,14,13,1,0,21,0,2529407.0,1.Hindus,2.Muslims,3.Religion not stated,216.0
2001.0,2714349,1336283,1378066,24.78,1031.0,51.65,67.26,36.88,730437,511578,218859,1983912,2218632,494176,899,1438.0,1438.0,441.0,1119.0,bihar,siwan,116.0,150,4,0.0,4.0,51,26,25,32,6,0,10,0,2564860.0,1.Hindus,2.Muslims,3.Religion not stated,254.0
2001.0,2718421,1415603,1302818,26.39,920.0,50.49,63.23,36.58,782717,624452,158265,1935704,2457636,259158,922,1414.0,1414.0,970.0,929.0,bihar,vaishali,110.0,148,20,0.0,20.0,90,28,62,59,52,0,179,0,2531766.0,1.Hindus,2.Muslims,3.Religion not stated,154.0
2001.0,1998355,1013875,984480,17.59,971.0,63.51,78.43,48.17,857577,630504,227073,1140778,1904580,45342,19325,1579.0,1545.0,1494.0,1426.0,chhattisgarh,bilaspur,99.0,42,69,0.0,69.0,20,20,0,7,180,10,94,0,1511661.0,1.Hindus,2.Muslims,3.Others,452.0
2001.0,2810436,1417893,1392543,16.88,982.0,75.62,86.43,64.64,1162833,965624,197209,1647603,2654202,70398,23399,1776.0,1762.0,1737.0,1698.0,chhattisgarh,durg,76.0,66,144,0.0,144.0,57,42,15,12,287,38,231,0,1738127.0,1.Hindus,2.Muslims,3.Sikhs,669.0
2001.0,1265529,634597,630932,18.68,994.0,70.16,82.7,57.62,601564,430725,170839,663965,1212180,36098,12637,1433.0,1410.0,1385.0,1350.0,chhattisgarh,raigarh,50.0,24,53,0.0,53.0,6,6,0,2,104,5,22,0,1096073.0,1.Hindus,2.Christians,3.Muslims,279.0
2001.0,3016930,1523925,1493005,18.97,980.0,68.51,81.97,54.81,1264663,961507,303156,1752267,2881933,77963,16857,2124.0,2101.0,1955.0,1987.0,chhattisgarh,raipur,92.0,102,104,0.0,104.0,38,28,10,16,253,42,121,0,2099312.0,1.Hindus,2.Muslims,3.Christians,696.0
2001.0,1283224,634342,648882,17.7,1023.0,77.21,87.17,67.55,649401,558996,90405,633823,1215492,28020,21035,1605.0,1595.0,1550.0,1484.0,chhattisgarh,rajnandgaon,36.0,27,58,0.0,58.0,4,3,1,3,92,12,51,0,1051577.0,1.Hindus,2.Buddhists,3.Muslims,343.0
2001.0,1393918,701593,692325,6.45,987.0,66.09,76.44,55.78,600819,470043,130776,793099,1307460,83077,2309,615.0,614.0,615.0,614.0,gujarat,amreli,41.0,11,2,0.0,2.0,39,34,5,2,21,0,94,0,1080960.0,1.Hindus,2.Muslims,3.Jains,383.0
2001.0,1856872,972000,884872,13.03,910.0,74.51,86.09,61.94,784711,617669,167042,1072161,1616127,199263,29461,350.0,350.0,350.0,350.0,gujarat,anand,28.0,16,3,0.0,3.0,30,28,2,0,27,3,210,0,1348901.0,1.Hindus,2.Muslims,3.Christians,301.0
2001.0,1370656,713676,656980,19.32,921.0,74.41,82.98,65.11,570693,469551,101142,799963,1059796,293459,8824,657.0,657.0,656.0,644.0,gujarat,bharuch,37.0,14,4,0.0,4.0,39,34,5,0,19,0,56,0,1018096.0,1.Hindus,2.Muslims,3.Christians,403.0
2001.0,2469630,1274920,1194710,19.29,937.0,66.2,78.02,53.73,944559,781166,163393,1525071,2264062,172740,28921,790.0,790.0,789.0,786.0,gujarat,bhavnagar,64.0,28,9,0.0,9.0,60,51,9,2,36,7,129,0,1534592.0,1.Hindus,2.Muslims,3.Jains,526.0
2001.0,1334455,697999,636456,23.88,912.0,76.59,87.74,64.58,554336,467413,86923,780119,1269766,50559,7769,291.0,291.0,291.0,290.0,gujarat,gandhinagar,25.0,11,4,0.0,4.0,15,12,3,3,37,7,116,0,867195.0,1.Hindus,2.Muslims,3.Jains,244.0
2001.0,1904278,981320,922958,22.39,941.0,66.48,76.25,56.18,734382,624057,110325,1169896,1605941,270223,21907,698.0,695.0,666.0,666.0,gujarat,jamnagar,48.0,27,20,0.0,20.0,27,22,5,2,18,2,163,0,1068022.0,1.Hindus,2.Muslims,3.Jains,286.0
2001.0,2448173,1252350,1195823,17.08,955.0,67.78,78.74,56.43,1000842,785530,215312,1447331,2165734,274481,4291,923.0,922.0,901.0,858.0,gujarat,junagadh,56.0,37,14,0.0,14.0,46,39,7,11,44,8,384,0,1736645.0,1.Hindus,2.Muslims,3.Jains,803.0
2001.0,514404,263986,250418,14.4,949.0,59.86,72.44,46.61,259116,176372,82744,255288,482552,20429,5122,552.0,552.0,530.0,515.0,gujarat,narmada,16.0,3,8,0.0,8.0,9,8,1,0,7,1,9,0,462298.0,1.Hindus,2.Muslims,3.Christians,324.0
2001.0,1229463,628988,600475,13.22,955.0,75.83,82.77,68.61,545215,457002,88213,684248,1135525,69972,13575,374.0,374.0,374.0,368.0,gujarat,navsari,26.0,6,2,0.0,2.0,6,5,1,0,6,0,17,0,893110.0,1.Hindus,2.Muslims,3.Jains,268.0
2001.0,1182709,612100,570609,14.08,932.0,60.36,73.63,46.33,533078,395470,137608,649631,1057013,119748,5136,517.0,516.0,517.0,514.0,gujarat,patan,24.0,18,3,0.0,3.0,21,21,0,0,23,0,78,0,944281.0,1.Hindus,2.Muslims,3.Jains,265.0
2001.0,536835,275821,261014,14.35,946.0,68.62,78.36,58.42,215134,173594,41540,321701,507176,28404,589,182.0,182.0,155.0,156.0,gujarat,porbandar,15.0,9,6,0.0,6.0,5,5,0,0,10,0,64,0,275460.0,1.Hindus,2.Muslims,3.Jains,130.0
2001.0,1515148,787650,727498,25.34,924.0,61.61,74.19,48.1,647609,512038,135571,867539,1392451,97846,22721,650.0,649.0,650.0,648.0,gujarat,surendranagar,38.0,17,11,0.0,11.0,29,24,5,2,45,3,75,0,1112700.0,1.Hindus,2.Muslims,3.Jains,170.0
2001.0,1410553,734799,675754,29.66,920.0,69.15,77.9,59.62,650257,503333,146924,760296,1300005,66440,15399,450.0,450.0,425.0,449.0,gujarat,valsad,44.0,8,9,0.0,9.0,16,11,5,0,10,0,50,0,1029392.0,1.Hindus,2.Muslims,3.Christians,303.0
2001.0,1014411,542977,471434,25.69,868.0,75.31,82.31,67.39,324521,275648,48873,689890,856193,132463,17263,482.0,482.0,479.0,432.0,haryana,ambala,26.0,23,11,0.0,11.0,38,32,6,11,27,0,132,0,657383.0,1.Hindus,2.Sikhs,3.Muslims,204.0
2001.0,1425022,758253,666769,22.45,879.0,67.45,80.26,53.0,609320,425210,184110,815702,1407363,12740,2542,437.0,437.0,437.0,429.0,haryana,bhiwani,40.0,20,10,0.0,10.0,9,7,2,33,17,0,43,0,1154629.0,1.Hindus,2.Muslims,3.Sikhs,252.0
2001.0,2194586,1193063,1001523,48.47,839.0,70.03,81.52,56.31,785762,609663,176099,1408824,1896698,247293,36005,413.0,413.0,413.0,376.0,haryana,faridabad,68.0,38,37,0.0,37.0,78,53,25,19,47,242,108,0,973242.0,1.Hindus,2.Muslims,3.Sikhs,188.0
2001.0,1660289,886451,773838,44.64,873.0,62.91,76.17,47.78,629658,464644,165014,1030631,1026542,617918,6672,694.0,694.0,693.0,642.0,haryana,gurgaon,69.0,30,32,0.0,32.0,50,32,18,17,21,21,136,0,1291285.0,1.Hindus,2.Muslims,3.Sikhs,203.0
2001.0,1189827,642282,547545,21.35,852.0,62.12,73.82,48.51,521946,372049,149897,667881,1134539,29159,20618,306.0,306.0,306.0,300.0,haryana,jind,37.0,21,21,0.0,21.0,12,8,4,11,22,29,67,0,948250.0,1.Hindus,2.Sikhs,3.Muslims,247.0
2001.0,946131,510513,435618,20.95,853.0,59.02,69.15,47.31,372011,268127,103884,574120,848765,88700,6777,270.0,270.0,270.0,261.0,haryana,kaithal,33.0,15,16,0.0,16.0,9,8,1,9,19,0,105,0,762649.0,1.Hindus,2.Sikhs,3.Muslims,160.0
2001.0,1274183,683368,590815,23.13,865.0,67.74,76.29,57.97,455455,355466,99989,818728,1125279,123160,22614,422.0,422.0,422.0,385.0,haryana,karnal,42.0,24,44,0.0,44.0,31,10,21,18,28,2,97,0,936341.0,1.Hindus,2.Sikhs,3.Muslims,186.0
2001.0,825454,442328,383126,23.72,866.0,69.88,78.06,60.61,308392,250596,57796,517062,675381,135545,12028,407.0,402.0,406.0,385.0,haryana,kurukshetra,20.0,8,31,0.0,31.0,14,14,0,10,28,8,68,0,609943.0,1.Hindus,2.Sikhs,3.Muslims,179.0
2001.0,812521,423578,388943,19.09,918.0,69.89,84.72,54.08,351864,204704,147160,460657,805991,3434,2026,368.0,368.0,368.0,350.0,haryana,mahendragarh,26.0,10,11,0.0,11.0,13,8,5,8,19,0,23,0,702885.0,1.Hindus,2.Muslims,3.Sikhs,190.0
2001.0,967449,528860,438589,38.57,829.0,69.17,78.5,57.97,382801,289013,93788,584648,873593,59696,27437,179.0,179.0,179.0,168.0,haryana,panipat,43.0,26,38,0.0,38.0,19,10,9,11,16,11,92,0,575369.0,1.Hindus,2.Muslims,3.Sikhs,116.0
2001.0,765351,403034,362317,25.24,899.0,75.25,88.45,60.83,333622,204855,128767,431729,758328,3194,1668,397.0,397.0,397.0,379.0,haryana,rewari,21.0,13,11,0.0,11.0,13,11,2,12,17,0,14,0,629177.0,1.Hindus,2.Muslims,3.Sikhs,175.0
2001.0,940128,509038,431090,20.99,847.0,73.72,83.23,62.59,371073,288225,82848,569055,924541,5665,5079,146.0,146.0,146.0,130.0,haryana,rohtak,57.0,29,28,0.0,28.0,13,6,7,17,26,20,41,0,610524.0,1.Hindus,2.Muslims,3.Sikhs,118.0
2001.0,1116649,593245,523404,22.96,882.0,60.55,70.05,49.93,475571,363946,111625,641078,801747,302942,7056,321.0,321.0,318.0,312.0,haryana,sirsa,37.0,33,17,0.0,17.0,18,7,11,12,23,0,98,0,823184.0,1.Hindus,2.Sikhs,3.Muslims,197.0
2001.0,1279175,695723,583452,22.36,839.0,72.79,83.06,60.68,523031,383449,139582,756144,1234225,31954,6729,323.0,323.0,323.0,316.0,haryana,sonipat,73.0,49,15,0.0,15.0,26,12,14,18,22,14,51,0,957800.0,1.Hindus,2.Muslims,3.Jains,248.0
2001.0,1041630,559444,482186,21.84,862.0,71.63,78.82,63.39,336533,280728,55805,705097,849255,104073,83524,613.0,613.0,607.0,483.0,haryana,yamunanagar,42.0,14,22,0.0,22.0,26,23,3,9,30,5,63,0,648608.0,1.Hindus,2.Muslims,3.Sikhs,248.0
2001.0,1165390,608878,556512,24.46,914.0,50.09,66.38,31.99,432714,283711,149003,732676,910409,221705,27263,2356.0,2356.0,289.0,768.0,jharkhand,deoghar,47.0,82,22,0.0,22.0,7,0,7,10,13,1,10,0,1005539.0,1.Hindus,2.Muslims,3.Others,94.0
2001.0,2397102,1278946,1118156,22.82,874.0,67.0,79.54,52.43,664058,492501,171557,1733044,1944757,364807,61505,1121.0,1121.0,503.0,708.0,jharkhand,dhanbad,97.0,31,32,0.0,32.0,57,45,12,30,47,0,18,0,1141744.0,1.Hindus,2.Muslims,3.Others,154.0
2001.0,1759602,897364,862238,17.31,961.0,47.94,62.86,32.35,778378,470354,308024,981224,1323468,203741,170201,3737.0,3737.0,213.0,1732.0,jharkhand,dumka,63.0,32,27,0.0,27.0,24,0,24,3,20,0,23,0,1644690.0,1.Hindus,2.Muslims,3.Others,312.0
2001.0,1904430,960679,943751,27.09,982.0,44.5,62.09,26.62,644644,340925,303719,1259786,1475201,383253,30778,2532.0,2532.0,481.0,1232.0,jharkhand,giridih,63.0,65,42,0.0,42.0,15,10,5,30,13,0,57,0,1782066.0,1.Hindus,2.Muslims,3.Others,229.0
2001.0,1047939,544043,503896,21.61,926.0,43.13,57.52,27.39,421941,238694,183247,625998,745237,210734,68055,1633.0,1633.0,257.0,892.0,jharkhand,godda,61.0,0,37,0.0,37.0,30,26,4,1,0,0,0,0,1010931.0,1.Hindus,2.Muslims,3.Others,141.0
2001.0,1346767,675769,670998,16.6,993.0,51.74,63.5,39.95,658921,446953,211968,687846,440373,425107,419004,1393.0,1393.0,92.0,1015.0,jharkhand,gumla,136.0,18,29,0.0,29.0,16,11,5,0,2,0,10,1,1273025.0,1.Hindus,2.Christians,3.Others,365.0
2001.0,2277475,1167793,1109682,24.02,950.0,57.74,71.81,42.87,790049,532895,257154,1487426,1870586,337117,36789,1543.0,1543.0,413.0,962.0,jharkhand,hazaribagh,76.0,35,41,0.0,41.0,42,31,11,31,15,0,18,0,1748406.0,1.Hindus,2.Muslims,3.Others,147.0
2001.0,2098359,1084417,1013942,26.8,935.0,44.95,58.91,29.88,793658,444921,348737,1304701,1740948,242980,63100,2465.0,2465.0,410.0,1474.0,jharkhand,palamu,73.0,52,15,0.0,15.0,14,2,12,18,8,0,28,1,1973266.0,1.Hindus,2.Muslims,3.Others,349.0
2001.0,2785064,1436976,1348088,25.72,938.0,64.57,76.56,51.72,1076904,750962,325942,1708160,1399301,767672,348774,2052.0,2052.0,331.0,1343.0,jharkhand,ranchi,243.0,65,73,0.0,73.0,1,1,0,4,24,1,78,0,1807243.0,1.Hindus,2.Others,3.Muslims,377.0
2001.0,4214505,2150090,2064415,17.4,960.0,64.21,75.7,52.32,1877774,1537645,340129,2336731,3565153,440836,169466,1255.0,1254.0,1247.0,1240.0,karnataka,belgaum,120.0,55,8,0.0,8.0,27,12,15,4,62,0,125,0,3201814.0,1.Hindus,2.Muslims,3.Christians,740.0
2001.0,2027140,1029714,997426,22.3,969.0,57.4,69.2,45.28,920821,801369,119452,1106319,1739522,257806,13226,524.0,523.0,524.0,381.0,karnataka,bellary,58.0,41,16,0.0,16.0,14,11,3,5,82,0,49,0,1320290.0,1.Hindus,2.Muslims,3.Christians,260.0
2001.0,1502373,771022,731351,19.56,949.0,60.94,72.46,48.81,557603,424985,132618,944770,1020174,295762,122083,599.0,596.0,596.0,591.0,karnataka,bidar,48.0,58,7,0.0,7.0,19,10,9,2,90,3,51,0,1157498.0,1.Hindus,2.Muslims,3.Buddhists,293.0
2001.0,1806918,926424,880494,17.63,950.0,57.01,69.94,43.47,718213,551972,166241,1088705,1495080,294491,8356,660.0,659.0,657.0,626.0,karnataka,bijapur,51.0,47,6,0.0,6.0,24,19,5,1,65,0,92,0,1410829.0,1.Hindus,2.Muslims,3.Jains,392.0
2001.0,1517896,776221,741675,15.05,955.0,64.45,74.66,53.78,721835,576035,145800,796061,1388506,109412,8411,946.0,916.0,946.0,879.0,karnataka,chitradurga,31.0,22,18,0.0,18.0,4,0,4,2,48,0,35,0,1243658.0,1.Hindus,2.Muslims,3.Religion not stated,197.0
2001.0,1790952,917705,873247,14.78,952.0,67.43,76.37,58.04,783781,631726,152055,1007171,1532714,226708,10944,810.0,786.0,808.0,727.0,karnataka,davanagere,58.0,39,22,0.0,22.0,23,13,10,8,84,5,77,0,1247954.0,1.Hindus,2.Muslims,3.Religion not stated,278.0
2001.0,3130922,1592789,1538133,21.02,966.0,50.01,61.77,37.9,1350072,1010430,339642,1780850,2381497,551171,153619,1360.0,1327.0,1342.0,1337.0,karnataka,gulbarga,95.0,83,20,0.0,20.0,35,21,14,6,143,1,104,0,2278301.0,1.Hindus,2.Muslims,3.Buddhists,708.0
2001.0,1721669,859086,862583,9.66,1004.0,68.63,78.37,59.0,864711,702827,161884,856958,1587287,104730,15598,2394.0,2330.0,2341.0,1990.0,karnataka,hassan,64.0,69,20,0.0,20.0,17,0,17,4,75,1,68,0,1416996.0,1.Hindus,2.Muslims,3.Christians,482.0
2001.0,548561,274831,273730,11.64,996.0,77.99,83.7,72.26,266378,247574,18804,282183,450694,78466,17951,291.0,279.0,286.0,267.0,karnataka,kodagu,26.0,33,4,0.0,4.0,4,4,0,4,22,0,14,0,473179.0,1.Hindus,2.Muslims,3.Christians,138.0
2001.0,2536069,1286193,1249876,13.83,972.0,62.84,73.17,52.23,1235028,1014667,220361,1301041,2196660,298767,32547,2919.0,2797.0,2785.0,2342.0,karnataka,kolar,69.0,72,17,0.0,17.0,21,18,3,18,42,0,39,0,1910546.0,1.Hindus,2.Muslims,3.Christians,490.0
2001.0,1196089,603312,592777,24.57,983.0,54.1,68.42,39.61,554506,422208,132298,641583,1042294,137174,5395,594.0,590.0,594.0,560.0,karnataka,koppal,23.0,33,6,0.0,6.0,12,12,0,5,40,1,23,0,997797.0,1.Hindus,2.Muslims,3.Religion not stated,281.0
2001.0,1763705,888034,875671,7.14,986.0,61.05,70.5,51.53,840419,682440,157979,923286,1667640,69890,11093,1369.0,1330.0,1323.0,1185.0,karnataka,mandya,67.0,47,15,0.0,15.0,9,1,8,7,50,0,72,0,1480990.0,1.Hindus,2.Muslims,3.Buddhists,458.0
2001.0,1669762,841840,827922,21.93,983.0,48.81,61.52,35.93,732762,544347,188415,937000,1417051,228652,12390,830.0,806.0,796.0,306.0,karnataka,raichur,33.0,38,12,0.0,12.0,11,5,6,1,63,4,52,0,1248925.0,1.Hindus,2.Muslims,3.Christians,338.0
2001.0,1642545,830559,811986,12.9,978.0,74.52,82.01,66.88,714671,586832,127839,927874,1401087,200979,26474,1443.0,1415.0,1399.0,989.0,karnataka,shimoga,56.0,48,12,0.0,12.0,14,10,4,6,65,0,134,0,1071535.0,1.Hindus,2.Muslims,3.Christians,311.0
2001.0,2584711,1313801,1270910,11.87,967.0,67.01,76.78,56.94,1316939,1050291,266648,1267772,2349801,211732,7736,2574.0,2477.0,2573.0,2123.0,karnataka,tumkur,80.0,55,6,0.0,6.0,21,4,17,28,53,0,44,0,2077509.0,1.Hindus,2.Muslims,3.Christians,382.0
2001.0,3105798,1538397,1567401,9.09,1019.0,93.2,95.81,90.66,1117091,915756,201335,1988707,1444994,1204471,451764,90.0,90.0,90.0,89.0,kerala,ernakulam,44.0,67,38,0.0,38.0,20,7,13,3,162,3,161,0,1628713.0,1.Hindus,2.Christians,3.Muslims,89.0
2001.0,1129221,566682,562539,6.96,993.0,88.69,92.33,85.02,487352,400699,86653,641869,566744,480108,81222,64.0,64.0,64.0,60.0,kerala,idukki,33.0,30,34,0.0,34.0,0,0,0,0,145,16,127,0,1071628.0,1.Hindus,2.Muslims,3.Christians,62.0
2001.0,2408956,1152817,1256139,7.13,1090.0,92.59,96.13,89.4,767197,626876,140321,1641759,1480748,665648,261019,78.0,78.0,78.0,78.0,kerala,kannur,26.0,58,42,0.0,42.0,12,7,5,0,77,7,157,0,1196058.0,1.Hindus,2.Muslims,3.Christians,78.0
2001.0,2585208,1249621,1335587,7.33,1069.0,91.18,94.43,88.18,828566,654823,173743,1756642,1685044,474071,423745,93.0,93.0,93.0,93.0,kerala,kollam,41.0,65,55,0.0,55.0,16,9,7,3,235,0,315,0,2119230.0,1.Hindus,2.Muslims,3.Christians,92.0
2001.0,1953646,964926,988720,6.76,1025.0,95.82,97.34,94.35,642157,539609,102548,1311489,963497,871371,116686,89.0,89.0,89.0,89.0,kerala,kottayam,34.0,26,22,0.0,22.0,18,12,6,2,125,8,82,0,1653838.0,1.Hindus,2.Muslims,3.Christians,88.0
2001.0,2879131,1399358,1479773,9.87,1057.0,92.24,96.11,88.62,802900,630836,172064,2076231,1669161,1078750,127468,87.0,87.0,87.0,87.0,kerala,kozhikode,34.0,35,39,0.0,39.0,12,10,2,2,118,8,319,0,1777974.0,1.Hindus,2.Muslims,3.Christians,87.0
2001.0,3625471,1754576,1870895,17.22,1066.0,89.61,93.25,86.26,874476,691848,182628,2750995,2484576,1057418,80650,122.0,122.0,122.0,122.0,kerala,malappuram,23.0,33,71,0.0,71.0,17,4,13,3,92,3,448,0,3269301.0,1.Hindus,2.Muslims,3.Christians,121.0
2001.0,2617482,1266985,1350497,9.86,1066.0,84.35,89.52,79.56,945052,768620,176432,1672430,1802766,703596,109249,144.0,144.0,144.0,141.0,kerala,palakkad,45.0,57,63,0.0,63.0,14,10,4,5,112,10,215,0,2260907.0,1.Hindus,2.Muslims,3.Christians,139.0
2001.0,1234016,589398,644618,3.72,1094.0,94.84,96.41,93.43,366049,285844,80205,867967,694560,481602,56457,65.0,65.0,65.0,64.0,kerala,pathanamthitta,20.0,13,12,0.0,12.0,0,0,0,0,90,3,95,0,1110218.0,1.Hindus,2.Muslims,3.Christians,63.0
2001.0,2974232,1422052,1552180,8.7,1092.0,92.27,95.11,89.71,955300,808965,146335,2018932,1761842,720152,488697,204.0,204.0,204.0,196.0,kerala,thrissur,42.0,79,42,0.0,42.0,18,9,9,2,223,16,198,0,2134799.0,1.Hindus,2.Muslims,3.Christians,194.0
2001.0,1630239,841253,788986,20.51,938.0,81.41,88.91,73.43,648243,582264,65979,981996,1024080,296272,293184,862.0,851.0,840.0,786.0,maharashtra,akola,64.0,41,15,0.0,15.0,15,14,1,2,109,7,189,0,1002742.0,1.Hindus,2.Muslims,3.Buddhists,212.0
2001.0,1136146,573445,562701,11.2,981.0,78.47,88.97,67.82,536885,365464,171421,599261,953507,144541,23324,778.0,772.0,774.0,716.0,maharashtra,bhandara,32.0,22,39,0.0,39.0,4,1,3,5,71,37,60,0,960418.0,1.Hindus,2.Buddhists,3.Muslims,442.0
2001.0,2071101,1062993,1008108,17.26,948.0,73.17,82.94,62.89,930791,683029,247762,1140310,1680113,274067,76050,1472.0,1462.0,1444.0,1359.0,maharashtra,chandrapur,49.0,26,43,0.0,43.0,10,7,3,2,102,28,144,0,1406034.0,1.Hindus,2.Buddhists,3.Muslims,318.0
2001.0,1707947,878372,829575,16.01,944.0,71.65,81.4,61.39,737941,573496,164445,970006,1522895,149466,14613,678.0,675.0,673.0,669.0,maharashtra,dhule,48.0,25,16,0.0,16.0,6,6,0,6,17,8,127,0,1262062.0,1.Hindus,2.Muslims,3.Buddhists,276.0
2001.0,970294,491101,479193,23.25,976.0,60.1,71.86,48.07,497104,336959,160145,473190,818640,78058,44825,1521.0,1509.0,1320.0,1279.0,maharashtra,gadchiroli,47.0,24,27,0.0,27.0,7,6,1,0,55,17,57,0,903033.0,1.Hindus,2.Buddhists,3.Others,369.0
2001.0,3682690,1905493,1777197,15.44,933.0,75.43,85.91,64.3,1563983,1300086,263897,2118707,3049368,455288,126136,1491.0,1491.0,1486.0,1470.0,maharashtra,jalgaon,83.0,44,19,0.0,19.0,16,12,4,5,76,31,389,0,2629896.0,1.Hindus,2.Muslims,3.Buddhists,934.0
2001.0,1612980,826903,786077,18.17,951.0,64.4,79.14,49.04,716900,611998,104902,896080,1255041,211531,121033,963.0,963.0,959.0,952.0,maharashtra,jalna,43.0,24,16,0.0,16.0,12,8,4,5,56,7,172,0,1305115.0,1.Hindus,2.Muslims,3.Buddhists,380.0
2001.0,3523162,1807470,1715692,17.59,949.0,76.93,87.47,66.02,1652970,1394882,258088,1870192,3077263,236875,147285,1196.0,1194.0,1190.0,1185.0,maharashtra,kolhapur,54.0,33,26,0.0,26.0,21,13,8,19,46,7,80,0,2472809.0,1.Hindus,2.Muslims,3.Jains,638.0
2001.0,2080285,1075257,1005028,23.95,935.0,71.54,82.94,59.4,840518,712849,127669,1239767,1700679,292996,74351,921.0,921.0,919.0,917.0,maharashtra,latur,42.0,17,7,0.0,7.0,22,22,0,38,50,7,150,0,1590024.0,1.Hindus,2.Muslims,3.Buddhists,409.0
2001.0,8640419,4741720,3898699,27.2,822.0,86.89,91.56,81.12,3152509,2971039,181470,5487910,5953475,1488987,464354,1016.4515570934255,1009.6712802768166,774.7595155709342,796.7941176470588,maharashtra,mumbai,295.0,200,127,0.0,127.0,148,12,136,18,274,44,198,0,1121338.0,1.Hindus,2.Muslims,3.Buddhists,118.0
2001.0,3338031,1878246,1459785,4.79,777.0,86.4,90.23,81.38,1311739,1250710,61029,2026292,2119750,734484,161417,1016.4515570934255,1009.6712802768166,774.7595155709342,796.7941176470588,maharashtra,mumbai,295.0,200,127,0.0,127.0,148,12,136,18,274,44,198,0,1121338.0,1.Hindus,2.Muslims,3.Buddhists,118.0
2001.0,2876259,1481358,1394901,23.08,942.0,67.77,80.44,54.35,1202037,965087,236950,1674222,2162185,385081,302161,1546.0,1538.0,1531.0,1536.0,maharashtra,nanded,80.0,66,23,0.0,23.0,41,36,5,21,85,22,202,0,2187195.0,1.Hindus,2.Muslims,3.Buddhists,209.0
2001.0,1486586,769368,717218,15.35,932.0,69.02,80.42,56.89,653522,555202,98320,833064,1297858,151181,28356,729.0,729.0,727.0,726.0,maharashtra,osmanabad,48.0,13,16,0.0,16.0,8,7,1,2,52,6,102,0,1253330.0,1.Hindus,2.Muslims,3.Buddhists,400.0
2001.0,1527715,780191,747524,15.31,958.0,66.07,79.63,52.02,644752,559917,84835,882963,1121246,243935,153231,830.0,830.0,824.0,821.0,maharashtra,parbhani,49.0,28,25,0.0,25.0,22,16,6,1,57,10,120,0,1042529.0,1.Hindus,2.Muslims,3.Buddhists,386.0
2001.0,1696777,794498,902279,9.87,1136.0,75.05,85.89,65.77,763387,557613,205774,933390,1391137,175672,120855,1539.0,1538.0,1539.0,1484.0,maharashtra,ratnagiri,17.0,5,10,0.0,10.0,8,4,4,0,32,19,62,0,1504568.0,1.Hindus,2.Muslims,3.Buddhists,810.0
2001.0,2583524,1320088,1263436,17.59,957.0,76.62,86.26,66.73,1218655,952241,266414,1364869,2243478,203524,85160,721.0,721.0,721.0,719.0,maharashtra,sangli,85.0,24,32,0.0,32.0,18,8,10,12,54,22,96,0,1950306.0,1.Hindus,2.Muslims,3.Jains,567.0
2001.0,2808994,1408326,1400668,14.1,995.0,78.22,88.2,68.38,1303658,1044989,258669,1505336,2533359,128570,125661,1716.0,1716.0,1701.0,1680.0,maharashtra,satara,57.0,19,32,0.0,32.0,12,7,5,13,49,9,179,0,2410873.0,1.Hindus,2.Buddhists,3.Muslims,646.0
2001.0,868825,417890,450935,3.55,1079.0,80.3,90.26,71.23,404985,233827,171158,463840,802498,24320,23668,743.0,743.0,735.0,722.0,maharashtra,sindhudurg,14.0,4,7,0.0,7.0,2,2,0,0,20,13,8,0,786506.0,1.Hindus,2.Buddhists,3.Muslims,593.0
2001.0,1236736,638990,597746,15.3,935.0,80.06,87.18,72.45,550351,431330,119021,686385,1006235,169579,47605,1004.0,998.0,998.0,842.0,maharashtra,wardha,60.0,25,35,0.0,35.0,12,12,0,9,98,35,89,0,911695.0,1.Hindus,2.Buddhists,3.Muslims,392.0
2001.0,2458271,1265681,1192590,18.46,942.0,73.62,84.09,62.52,1118937,949453,169484,1339334,1999368,221793,196909,1856.0,1820.0,1795.0,1729.0,maharashtra,yavatmal,56.0,45,56,0.0,56.0,37,31,6,12,125,27,177,0,2001060.0,1.Hindus,2.Buddhists,3.Muslims,723.0
2001.0,208368,104550,103818,13.9,993.0,67.63,79.61,55.66,89703,55557,34146,118665,148903,38763,14194,48.0,48.0,46.0,47.0,manipur,bishnupur,29.0,25,1,0.0,1.0,3,3,0,0,0,0,1,0,133627.0,1.Hindus,2.Others,3.Muslims,28.0
2001.0,118327,59741,58586,72.8,981.0,56.23,64.34,47.98,54545,39935,14610,63782,109128,5701,2318,350.0,323.0,190.0,214.0,manipur,chandel,7.0,7,0,0.0,0.0,1,1,0,0,0,0,0,0,103365.0,1.Christians,2.Hindus,3.Muslims,25.0
2001.0,227905,117232,110673,29.81,944.0,70.59,77.67,63.06,99363,71933,27430,128542,213186,10538,2573,540.0,539.0,306.0,395.0,manipur,churachandpur,35.0,21,1,0.0,1.0,0,0,0,0,0,0,0,0,227905.0,1.Christians,2.Hindus,3.Muslims,66.0
2001.0,111499,58014,53485,29.23,922.0,59.25,68.72,48.95,50863,43353,7510,60636,105791,3187,1431,171.0,171.0,75.0,157.0,manipur,tamenglong,2.0,1,0,0.0,0.0,0,0,0,0,0,0,0,0,111499.0,1.Christians,2.Hindus,3.Muslims,42.0
2001.0,364140,182250,181890,24.62,998.0,66.41,80.43,52.46,177343,111486,65857,186797,221096,86849,50819,90.0,90.0,84.0,88.0,manipur,thoubal,32.0,32,4,0.0,4.0,22,14,8,0,1,0,0,0,232868.0,1.Hindus,2.Muslims,3.Others,36.0
2001.0,140778,73465,67313,28.98,916.0,73.12,80.13,65.41,66515,51564,14951,74263,133966,5687,881,198.0,198.0,154.0,188.0,manipur,ukhrul,4.0,1,0,0.0,0.0,1,1,0,0,1,0,0,0,140778.0,1.Christians,2.Hindus,3.Muslims,47.0
2001.0,325676,166877,158799,39.24,952.0,96.51,96.75,96.26,162961,125328,37633,162715,303893,14508,5185,96.0,96.0,81.0,86.0,mizoram,aizawl,12.0,6,26,0.0,26.0,0,0,0,0,13,0,1,0,77531.0,1.Christians,2.Hindus,3.Muslims,46.0
2001.0,73620,38776,34844,34.78,899.0,64.74,70.9,57.81,34093,26188,7905,39527,38410,32877,1910,139.0,139.0,27.0,134.0,mizoram,lawngtlai,2.0,0,2,0.0,2.0,0,0,0,0,0,0,0,0,73620.0,1.Buddhists,2.Christians,3.Hindus,24.0
2001.0,137223,71402,65821,23.1,922.0,84.17,87.44,80.6,71792,60870,10922,65431,109204,22429,4612,160.0,160.0,101.0,130.0,mizoram,lunglei,5.0,4,3,0.0,3.0,0,0,0,0,11,0,0,0,79267.0,1.Christians,2.Buddhists,3.Hindus,55.0
2001.0,310084,162251,147833,49.96,911.0,74.54,80.3,68.15,135023,114456,20567,175061,278844,21950,5457,180.0,179.0,148.0,164.0,nagaland,kohima,25.0,16,6,0.0,6.0,3,0,3,0,6,0,0,0,233054.0,1.Christians,2.Hindus,3.Others,82.0
2001.0,232085,120929,111156,43.48,919.0,83.92,86.03,81.61,109260,82160,27100,122825,219282,10433,2128,102.0,101.0,97.0,99.0,nagaland,mokokchung,12.0,2,1,0.0,1.0,1,0,1,0,0,0,0,0,200871.0,1.Christians,2.Hindus,3.Muslims,82.0
2001.0,260652,138753,121899,73.42,879.0,41.83,46.56,36.35,130848,108206,22642,129804,248684,9963,1748,110.0,110.0,102.0,107.0,nagaland,mon,3.0,3,2,0.0,2.0,2,2,0,0,0,0,0,0,244062.0,1.Christians,2.Hindus,3.Muslims,69.0
2001.0,148195,77141,71054,45.12,921.0,70.65,78.37,62.26,71398,57454,13944,76797,143048,4095,517,104.0,104.0,102.0,102.0,nagaland,phek,7.0,4,1,0.0,1.0,2,0,2,0,0,0,0,0,135331.0,1.Christians,2.Hindus,3.Muslims,54.0
2001.0,414818,218678,196140,78.1,897.0,50.64,55.12,45.58,184924,156950,27974,229894,406287,6856,1329,251.0,251.0,238.0,230.0,nagaland,tuensang,1.0,3,0,0.0,0.0,0,0,0,0,0,0,0,0,385046.0,1.Christians,2.Hindus,3.Muslims,123.0
2001.0,161223,83670,77553,95.01,927.0,80.55,85.35,75.32,56254,49679,6575,104969,155009,4787,1209,128.0,128.0,105.0,104.0,nagaland,wokha,12.0,3,1,0.0,1.0,2,0,2,0,0,0,0,0,123587.0,1.Christians,2.Hindus,3.Muslims,67.0
2001.0,153955,79056,74899,61.0,947.0,69.28,73.74,64.57,56783,47491,9292,97172,150097,3193,492,187.0,186.0,187.0,178.0,nagaland,zunheboto,4.0,1,2,0.0,2.0,0,0,0,0,0,0,0,0,130874.0,1.Christians,2.Hindus,3.Muslims,57.0
2001.0,3096077,1650589,1445488,22.72,876.0,67.27,72.61,61.26,1112200,938100,174100,1983877,2383575,648284,51948,1185.0,1151.0,1185.0,1114.0,punjab,amritsar,36.0,43,9,0.0,9.0,34,26,8,7,9,0,77,0,1872802.0,1.Sikhs,2.Hindus,3.Christians,696.0
2001.0,550892,292596,258296,21.42,883.0,61.95,68.15,55.03,209754,181873,27881,341138,427104,119702,1739,163.0,163.0,163.0,160.0,punjab,faridkot,12.0,7,6,0.0,6.0,11,7,4,4,11,0,20,0,357321.0,1.Sikhs,2.Hindus,3.Muslims,107.0
2001.0,2104011,1113077,990934,19.33,890.0,73.77,79.78,67.15,700557,568322,132235,1403454,996246,934963,148981,1532.0,1531.0,1532.0,1375.0,punjab,gurdaspur,22.0,20,12,0.0,12.0,17,14,3,6,4,0,21,0,1568788.0,1.Hindus,2.Sikhs,3.Christians,517.0
2001.0,1480736,765132,715604,13.81,935.0,81.02,86.45,75.32,513351,415123,98228,967385,871923,574862,15394,1386.0,1386.0,1386.0,1232.0,punjab,hoshiarpur,47.0,30,19,0.0,19.0,20,13,7,12,13,0,46,0,1188662.0,1.Hindus,2.Sikhs,3.Muslims,382.0
2001.0,1962700,1040177,922523,18.4,887.0,78.04,82.49,73.08,676835,599324,77511,1285865,1158868,740841,22106,934.0,934.0,934.0,832.0,punjab,jalandhar,74.0,72,21,0.0,21.0,70,49,21,17,16,2,104,0,1030717.0,1.Hindus,2.Sikhs,3.Christians,598.0
2001.0,754521,399623,354898,16.34,888.0,73.93,79.02,68.29,262741,231222,31519,491780,448654,286438,7740,618.0,618.0,618.0,478.0,punjab,kapurthala,20.0,24,8,0.0,8.0,17,9,8,2,20,0,34,0,507994.0,1.Sikhs,2.Hindus,3.Buddhists,359.0
2001.0,3032831,1662716,1370115,24.79,824.0,76.5,80.25,71.95,1149638,1041517,108121,1883193,1744446,1205128,52220,897.0,897.0,897.0,842.0,punjab,ludhiana,74.0,68,38,0.0,38.0,88,46,42,11,46,13,249,0,1339178.0,1.Sikhs,2.Hindus,3.Muslims,550.0
2001.0,1844934,987390,857544,20.31,868.0,69.78,75.88,62.86,681951,589015,92936,1162983,1024546,778427,34828,1054.0,1053.0,1054.0,986.0,punjab,patiala,56.0,74,23,0.0,23.0,60,46,14,10,128,19,232,0,1200224.0,1.Sikhs,2.Hindus,3.Muslims,172.0
2001.0,2000173,1069289,930884,18.57,871.0,59.98,65.81,53.38,814098,714076,100022,1186075,1400149,434873,157838,697.0,697.0,697.0,684.0,punjab,sangrur,46.0,45,15,0.0,15.0,28,18,10,10,18,4,36,0,1415354.0,1.Sikhs,2.Hindus,3.Muslims,291.0
2001.0,2181670,1129920,1051750,26.1,931.0,64.65,79.37,48.86,856809,690818,165991,1324861,1869044,244341,47812,1025.0,1025.0,966.0,970.0,rajasthan,ajmer,39.0,47,16,0.0,16.0,133,125,8,12,95,0,236,0,1306994.0,1.Hindus,2.Muslims,3.Jains,352.0
2001.0,2992592,1586752,1405840,30.23,886.0,61.74,78.09,43.28,1458686,947587,511099,1533906,2535155,383204,55530,1954.0,1954.0,1843.0,1811.0,rajasthan,alwar,85.0,83,34,0.0,34.0,119,87,32,43,124,0,235,0,2557653.0,1.Hindus,2.Muslims,3.Sikhs,553.0
2001.0,1501589,760686,740903,29.84,974.0,44.63,60.45,28.43,709412,529393,180019,792177,1425287,39079,18406,1476.0,1476.0,853.0,1348.0,rajasthan,banswara,40.0,24,90,0.0,90.0,61,59,2,10,112,1,151,0,1394226.0,1.Hindus,2.Muslims,3.Jains,450.0
2001.0,1964835,1038247,926588,36.83,892.0,58.99,72.76,43.45,919729,680208,239521,1045106,1695047,231918,35744,1933.0,1933.0,948.0,1777.0,rajasthan,barmer,11.0,26,13,0.0,13.0,21,14,7,13,71,0,45,0,1819431.0,1.Hindus,2.Muslims,3.Jains,433.0
2001.0,2101142,1133425,967717,27.05,854.0,63.57,80.54,43.56,852913,573547,279366,1248229,1804599,264709,23472,1366.0,1365.0,1238.0,1298.0,rajasthan,bharatpur,75.0,98,48,0.0,48.0,126,103,23,24,77,0,209,0,1692182.0,1.Hindus,2.Muslims,3.Sikhs,481.0
2001.0,2013789,1026650,987139,26.14,962.0,50.74,67.39,33.48,939848,764916,174932,1073941,1859972,112802,37659,1693.0,1693.0,1553.0,1516.0,rajasthan,bhilwara,34.0,54,42,0.0,42.0,223,223,0,5,126,3,312,0,1598938.0,1.Hindus,2.Muslims,3.Jains,473.0
2001.0,1674271,886075,788196,38.18,890.0,56.91,70.05,42.03,661457,522482,138975,1012814,1445088,172372,31235,712.0,686.0,485.0,611.0,rajasthan,bikaner,21.0,101,35,0.0,35.0,36,34,2,13,53,0,153,0,1079235.0,1.Hindus,2.Muslims,3.Jains,173.0
2001.0,962620,504818,457802,24.8,907.0,55.57,71.68,37.79,456937,305977,150960,505683,881956,56220,13186,839.0,838.0,733.0,764.0,rajasthan,bundi,33.0,72,36,0.0,36.0,120,103,17,2,164,6,157,0,783058.0,1.Hindus,2.Muslims,3.Jains,178.0
2001.0,1923878,987781,936097,24.6,948.0,66.81,79.69,53.35,853899,587431,266468,1069979,1698106,210446,13882,946.0,925.0,877.0,909.0,rajasthan,churu,26.0,40,24,0.0,24.0,26,14,12,8,73,3,174,0,1387682.0,1.Hindus,2.Muslims,3.Jains,423.0
2001.0,1107643,547791,559852,26.58,1022.0,48.57,66.04,31.77,531376,272283,259093,576267,1068319,23549,12542,854.0,853.0,723.0,819.0,rajasthan,dungarpur,31.0,9,17,0.0,17.0,54,50,4,3,56,0,60,0,1026787.0,1.Hindus,2.Muslims,3.Jains,368.0
2001.0,1789423,955378,834045,27.53,873.0,64.74,75.53,52.44,719792,552559,167233,1069631,1299812,441409,42442,2830.0,2820.0,1817.0,1653.0,rajasthan,ganganagar,51.0,97,55,0.0,55.0,79,65,14,13,118,2,375,0,1336066.0,1.Hindus,2.Sikhs,3.Muslims,654.0
2001.0,5251071,2768203,2482868,35.1,897.0,69.9,82.8,55.52,1864055,1584361,279694,3387016,4629461,515124,73631,2077.0,2077.0,1962.0,1863.0,rajasthan,jaipur,91.0,90,61,0.0,61.0,247,203,44,29,179,1,453,0,2659004.0,1.Hindus,2.Muslims,3.Jains,622.0
2001.0,508247,279101,229146,47.45,821.0,50.97,66.26,32.05,211687,153139,58548,296560,383638,120174,2086,600.0,576.0,183.0,473.0,rajasthan,jaisalmer,9.0,0,2,0.0,2.0,8,7,1,3,21,0,16,0,431853.0,1.Hindus,2.Muslims,3.Sikhs,144.0
2001.0,1180323,612804,567519,23.34,926.0,57.32,73.31,40.02,554781,399386,155395,625542,1087934,78962,11759,1477.0,1476.0,1185.0,1173.0,rajasthan,jhalawar,38.0,99,65,0.0,65.0,89,57,32,8,144,10,224,0,1012081.0,1.Hindus,2.Muslims,3.Jains,214.0
2001.0,2886505,1513890,1372615,33.77,907.0,56.67,72.96,38.64,1105009,829721,275288,1781496,2528049,310114,36694,1058.0,1058.0,911.0,983.0,rajasthan,jodhpur,30.0,79,20,0.0,20.0,78,53,25,12,128,3,263,1,1909423.0,1.Hindus,2.Muslims,3.Jains,462.0
2001.0,1568525,827128,741397,28.52,896.0,73.53,85.23,60.43,541362,420734,120628,1027163,1344633,183716,23259,812.0,811.0,736.0,715.0,rajasthan,kota,58.0,310,50,0.0,50.0,146,116,30,17,203,6,319,0,729948.0,1.Hindus,2.Muslims,3.Jains,225.0
2001.0,2775058,1424967,1350091,29.33,947.0,57.28,74.1,39.67,1129514,844039,285475,1645544,2399173,356405,17478,1480.0,1466.0,1417.0,1417.0,rajasthan,nagaur,48.0,17,22,0.0,22.0,59,34,25,14,65,0,102,0,2297721.0,1.Hindus,2.Muslims,3.Jains,580.0
2001.0,1820251,918856,901395,22.39,981.0,54.39,72.2,36.48,724883,518158,206725,1095368,1677038,114088,25599,936.0,936.0,883.0,906.0,rajasthan,pali,43.0,53,25,0.0,25.0,77,61,16,15,115,2,196,0,1429364.0,1.Hindus,2.Muslims,3.Jains,451.0
2001.0,2287788,1172753,1115035,24.11,951.0,70.47,84.34,56.11,887915,633421,254494,1399873,2019396,261714,4957,986.0,985.0,965.0,945.0,rajasthan,sikar,46.0,31,13,0.0,13.0,48,22,26,15,28,0,114,0,1815250.0,1.Hindus,2.Muslims,3.Jains,470.0
2001.0,851107,437949,413158,30.08,943.0,53.94,69.89,37.15,343905,245762,98143,507202,810765,25439,12427,455.0,454.0,399.0,423.0,rajasthan,sirohi,31.0,35,22,0.0,22.0,24,19,5,8,29,0,79,0,700217.0,1.Hindus,2.Muslims,3.Jains,201.0
2001.0,1211671,626436,585235,24.24,934.0,51.97,70.52,32.15,532682,425230,107452,678989,1062365,124440,23644,1032.0,1031.0,818.0,887.0,rajasthan,tonk,19.0,32,17,0.0,17.0,68,50,18,7,84,6,142,0,958503.0,1.Hindus,2.Muslims,3.Jains,246.0
2001.0,2633312,1336004,1297308,27.37,971.0,58.62,73.62,43.26,1100880,724120,376760,1532432,2449773,88262,83699,2339.0,2337.0,1647.0,2030.0,rajasthan,udaipur,67.0,101,43,0.0,43.0,161,118,43,9,68,2,127,0,2142995.0,1.Hindus,2.Muslims,3.Jains,619.0
2001.0,245040,132917,112123,37.17,844.0,74.67,81.2,66.8,116529,92577,23952,128511,157321,64729,14502,131.0,131.0,125.0,112.0,sikkim,east,13.0,7,7,0.0,7.0,4,1,3,0,0,8,0,0,192188.0,1.Hindus,2.Buddhists,3.Christians,100.0
2001.0,41030,23414,17616,31.32,752.0,67.21,75.69,55.39,23542,17553,5989,17488,22603,16128,1623,53.0,53.0,46.0,42.0,sikkim,north,1.0,0,0,0.0,0.0,0,0,0,0,0,0,0,0,39782.0,1.Buddhists,2.Hindus,3.Christians,44.0
2001.0,131525,68241,63284,33.37,927.0,67.31,74.29,59.72,69693,57367,12326,61832,84213,31109,12757,145.0,145.0,142.0,131.0,sikkim,south,4.0,3,1,0.0,1.0,1,0,1,0,0,4,0,0,127579.0,1.Hindus,2.Buddhists,3.Christians,99.0
2001.0,123256,63912,59344,25.48,929.0,58.8,66.82,50.11,53279,45407,7872,69977,71886,33601,9567,121.0,121.0,115.0,107.0,sikkim,west,1.0,1,0,0.0,0.0,1,1,0,0,0,2,0,0,121432.0,1.Hindus,2.Buddhists,3.Others,86.0
2001.0,307868,159095,148773,10.79,935.0,60.93,70.17,50.99,126761,92570,34191,181107,257834,28180,14848,148.0,148.0,108.0,138.0,tripura,dhalai,35.0,0,11,0.0,11.0,15,0,15,2,4,0,11,0,289001.0,1.Hindus,2.Buddhists,3.Christians,58.0
2001.0,900635,506938,393697,40.33,777.0,81.94,86.14,76.47,340422,328989,11433,560213,707978,145175,35548,23.0,23.0,23.0,18.0,chandigarh,chandigarh,15.0,10,18,0.0,18.0,56,50,6,3,24,15,36,0,92120.0,1.Hindus,2.Sikhs,3.Muslims,18.0
2002.0,1647201,848578,798623,18.53,941.0,56.24,64.83,47.07,517088,408537,108551,1130113,977943,662066,5267,1050.0,1050.0,775.0,967.0,assam,barpeta,43.0,20,55,0.0,55.0,69,59,10,4,18,0,97,0,1520333.0,1.Hindus,2.Muslims,3.Christians,430.0
2002.0,904835,465240,439595,12.23,945.0,59.33,67.67,50.44,293243,233087,60156,611592,535464,348573,18728,881.0,881.0,607.0,805.0,assam,bongaigaon,47.0,0,21,0.0,21.0,51,40,11,3,2,0,32,0,795053.0,1.Hindus,2.Muslims,3.Christians,112.0
2002.0,1444921,743042,701879,18.66,945.0,67.82,75.73,59.41,465734,364814,100920,979187,886761,522051,31306,1020.0,1020.0,741.0,902.0,assam,cachar,57.0,44,71,0.0,71.0,93,80,13,7,156,0,219,0,1243534.0,1.Hindus,2.Muslims,3.Christians,134.0
2002.0,1504320,773861,730459,15.79,944.0,55.44,63.91,46.4,527993,404428,123565,976327,868532,534658,97306,1319.0,1319.0,1032.0,1246.0,assam,darrang,31.0,7,33,0.0,33.0,54,41,13,4,68,0,37,0,1429492.0,1.Hindus,2.Muslims,3.Christians,356.0
2002.0,571944,294643,277301,18.93,941.0,64.48,74.41,53.86,250146,155431,94715,321798,548780,10533,6390,1236.0,1236.0,253.0,1068.0,assam,dhemaji,30.0,15,48,0.0,48.0,31,25,6,1,23,0,57,0,533112.0,1.Hindus,2.Muslims,3.Christians,83.0
2002.0,1637344,841044,796300,23.42,947.0,48.21,55.91,40.04,470360,399201,71159,1166984,1216455,405065,12477,1261.0,1261.0,904.0,1138.0,assam,dhubri,60.0,16,46,0.0,46.0,62,51,11,4,67,2,167,0,1444901.0,1.Hindus,2.Muslims,3.Christians,374.0
2002.0,1185072,613555,571517,12.43,931.0,68.96,77.3,59.95,472419,342708,129711,712653,1075878,53306,45040,1309.0,1309.0,1195.0,1169.0,assam,dibrugarh,97.0,35,45,0.0,45.0,75,58,17,1,27,0,43,0,956634.0,1.Hindus,2.Muslims,3.Christians,263.0
2002.0,822035,420251,401784,23.07,956.0,58.03,64.86,50.85,273925,209928,63997,548110,441516,314157,64662,761.0,761.0,689.0,723.0,assam,goalpara,24.0,18,40,0.0,40.0,48,29,19,2,67,0,93,0,755133.0,1.Hindus,2.Muslims,3.Christians,243.0
2002.0,946279,490286,455993,14.21,930.0,69.38,77.14,60.99,388640,269896,118744,557639,813263,74808,52277,1066.0,1066.0,595.0,769.0,assam,golaghat,57.0,9,42,0.0,42.0,68,60,8,0,36,0,36,0,865141.0,1.Hindus,2.Muslims,3.Christians,87.0
2002.0,542872,280513,262359,20.92,935.0,59.64,68.24,50.46,179881,138216,41665,362991,312849,223191,5424,327.0,327.0,268.0,308.0,assam,hailakandi,26.0,5,24,0.0,24.0,42,42,0,1,30,0,34,0,498787.0,1.Hindus,2.Muslims,3.Christians,110.0
2002.0,999221,517015,482206,15.84,933.0,76.34,83.62,68.49,414348,285092,129256,584873,927858,47658,18610,787.0,787.0,650.0,717.0,assam,jorhat,37.0,13,36,0.0,36.0,36,32,4,0,39,0,42,0,827901.0,1.Hindus,2.Muslims,3.Christians,215.0
2002.0,2522324,1326981,1195343,25.75,901.0,74.16,81.16,66.31,842253,697810,144443,1680071,1836153,625002,44257,1342.0,1342.0,1042.0,1190.0,assam,kamrup,34.0,31,41,0.0,41.0,118,104,14,2,23,0,20,0,1614107.0,1.Hindus,2.Muslims,3.Christians,468.0
2002.0,1007976,517680,490296,21.35,947.0,66.24,74.69,57.28,303294,235016,68278,704682,527214,470708,8746,915.0,915.0,639.0,865.0,assam,karimganj,43.0,12,23,0.0,23.0,38,7,31,6,11,0,69,0,934126.0,1.Hindus,2.Muslims,3.Christians,224.0
2002.0,905764,466191,439573,15.05,943.0,51.63,60.32,42.4,334849,234771,100078,570915,594168,184441,124270,951.0,951.0,704.0,906.0,assam,kokrajhar,62.0,20,15,0.0,15.0,48,18,30,3,51,0,38,0,841823.0,1.Hindus,2.Muslims,3.Christians,211.0
2002.0,889010,455691,433319,18.34,951.0,68.56,77.06,59.59,497745,288052,209693,391265,702881,143505,36667,1139.0,1139.0,680.0,1046.0,assam,lakhimpur,26.0,34,69,0.0,69.0,84,74,10,0,63,0,175,0,823857.0,1.Hindus,2.Muslims,3.Christians,211.0
2002.0,2314629,1190950,1123679,22.3,944.0,61.73,68.27,54.74,727641,566195,161446,1586988,1180267,1106354,21473,1375.0,1374.0,1190.0,1257.0,assam,nagaon,78.0,40,61,0.0,61.0,132,124,8,7,115,5,158,0,2036342.0,1.Hindus,2.Muslims,3.Christians,480.0
2002.0,1148824,592375,556449,11.98,939.0,67.23,76.56,57.26,383932,291665,92267,764892,873749,253842,18495,798.0,798.0,733.0,769.0,assam,nalbari,47.0,56,27,0.0,27.0,50,31,19,0,11,0,24,0,1121338.0,1.Hindus,2.Muslims,3.Christians,179.0
2002.0,1051736,545476,506260,15.95,928.0,74.47,81.53,66.81,430523,287319,143204,621213,927706,85761,28488,866.0,866.0,772.0,825.0,assam,sibsagar,75.0,20,57,0.0,57.0,57,57,0,6,28,0,71,0,954557.0,1.Hindus,2.Muslims,3.Christians,317.0
2002.0,1681513,871568,809945,17.8,929.0,59.0,67.54,49.73,634723,465283,169440,1046790,1287646,268078,115623,1784.0,1784.0,1331.0,1372.0,assam,sonitpur,109.0,22,67,0.0,67.0,114,109,5,9,53,0,146,0,1505719.0,1.Hindus,2.Muslims,3.Christians,235.0
2002.0,1150062,601099,548963,19.52,913.0,60.95,70.15,50.78,466351,349847,116504,683711,1029142,62403,40000,1107.0,1107.0,871.0,936.0,assam,tinsukia,115.0,17,41,0.0,41.0,53,39,14,1,5,0,24,0,926105.0,1.Hindus,2.Muslims,3.Christians,198.0
2002.0,2158608,1128105,1030503,31.84,913.0,35.01,46.38,22.37,853445,657446,195999,1305163,1263766,887972,2504,713.0,713.0,129.0,552.0,bihar,araria,61.0,15,101,0.0,101.0,91,79,12,5,2,0,30,0,2026257.0,1.Hindus,2.Muslims,3.Jains,60.0
2002.0,2013055,1040945,972110,30.19,934.0,57.03,71.13,41.9,671011,476390,194621,1342044,1814612,196030,1161,1739.0,1739.0,527.0,1148.0,bihar,aurangabad,96.0,38,12,0.0,12.0,19,3,16,33,4,0,6,0,1842998.0,1.Hindus,2.Muslims,3.Religion not stated,270.0
2002.0,2349366,1228874,1120492,29.11,912.0,47.98,59.13,35.64,746075,571564,174511,1603291,2033039,313713,1224,729.0,729.0,457.0,503.0,bihar,begusarai,138.0,139,20,0.0,20.0,75,15,60,23,23,0,40,0,2241743.0,1.Hindus,2.Muslims,3.Religion not stated,167.0
2002.0,2423172,1291658,1131514,27.24,876.0,49.5,59.22,38.13,855345,580731,274614,1567827,1990976,423246,1853,935.0,935.0,445.0,642.0,bihar,bhagalpur,107.0,46,40,0.0,40.0,89,51,38,19,10,0,26,0,1970745.0,1.Hindus,2.Muslims,3.Christians,229.0
2002.0,2243144,1179611,1063533,24.58,902.0,58.96,74.29,41.8,653811,491916,161895,1589333,2076589,163193,913,999.0,999.0,247.0,885.0,bihar,bhojpur,147.0,41,17,0.0,17.0,43,17,26,51,4,0,79,1,1930730.0,1.Hindus,2.Muslims,3.Religion not stated,133.0
2002.0,3295789,1722189,1573600,30.85,914.0,44.33,56.72,30.78,1028558,761464,267094,2267231,2543284,748971,2245,1083.0,1083.0,490.0,850.0,bihar,darbhanga,72.0,79,52,0.0,52.0,93,31,62,26,38,0,73,0,3028441.0,1.Hindus,2.Muslims,3.Religion not stated,271.0
2002.0,3473428,1792163,1681265,30.19,938.0,50.45,63.27,36.66,1277639,994459,283180,2195789,3063841,403439,1622,2680.0,2680.0,539.0,1635.0,bihar,gaya,218.0,149,31,0.0,31.0,38,18,20,26,27,0,44,0,2997479.0,1.Hindus,2.Muslims,3.Religion not stated,278.0
2002.0,2152638,1075710,1076928,26.11,1001.0,47.48,62.96,32.16,641672,466811,174861,1510966,1784275,367219,850,1383.0,1383.0,439.0,866.0,bihar,gopalganj,69.0,89,16,0.0,16.0,42,16,26,23,0,0,51,0,2022048.0,1.Hindus,2.Muslims,3.Religion not stated,261.0
2002.0,1514315,784946,729369,28.64,929.0,55.26,70.07,39.37,580905,422789,158116,933410,1389053,124149,743,856.0,856.0,219.0,672.0,bihar,jehanabad,73.0,55,7,0.0,7.0,32,9,23,21,0,0,5,0,1402703.0,1.Hindus,2.Muslims,3.Religion not stated,123.0
2002.0,2392638,1246872,1145766,30.91,919.0,35.09,45.31,23.8,898326,664259,234067,1494312,1363523,1017495,4994,1290.0,1290.0,277.0,785.0,bihar,katihar,67.0,25,77,0.0,77.0,87,69,18,5,5,0,32,0,2174361.0,1.Hindus,2.Muslims,3.Christians,248.0
2002.0,1280354,679267,601087,29.32,885.0,41.35,51.82,29.35,467240,333262,133978,813114,1147346,131441,546,241.0,241.0,114.0,220.0,bihar,khagaria,66.0,23,15,0.0,15.0,31,14,17,9,8,0,17,0,1204027.0,1.Hindus,2.Muslims,3.Others,124.0
2002.0,1296348,669552,626796,31.5,936.0,31.09,42.71,18.63,417151,359819,57332,879197,876105,412995,2856,730.0,730.0,116.0,442.0,bihar,kishanganj,30.0,2,20,0.0,20.0,35,26,9,5,4,0,37,0,1167340.0,1.Muslims,2.Hindus,3.Christians,120.0
2002.0,1526646,797180,729466,29.45,915.0,36.07,48.8,22.11,683976,498367,185609,842670,1351978,173605,494,384.0,384.0,168.0,311.0,bihar,madhepura,50.0,23,10,0.0,10.0,32,7,25,4,7,0,9,0,1458679.0,1.Hindus,2.Muslims,3.Religion not stated,141.0
2002.0,3575281,1840997,1734284,26.08,942.0,41.97,56.79,26.25,1227723,877412,350311,2347558,2930501,641579,1477,1034.0,1034.0,437.0,901.0,bihar,madhubani,66.0,86,31,0.0,31.0,50,15,35,58,165,0,111,0,3450736.0,1.Hindus,2.Muslims,3.Religion not stated,232.0
2002.0,1137797,607730,530067,20.34,872.0,59.47,69.89,47.4,331451,233688,97763,806346,1045233,89791,1135,525.0,525.0,321.0,382.0,bihar,munger,63.0,124,11,0.0,11.0,53,27,26,8,0,0,0,0,819950.0,1.Hindus,2.Muslims,3.Christians,149.0
2002.0,3746714,1951466,1795248,26.74,920.0,47.95,59.1,35.81,1139830,895830,244000,2606884,3168225,573951,2104,1725.0,1725.0,1021.0,1423.0,bihar,muzaffarpur,130.0,92,60,0.0,60.0,167,22,145,42,26,0,178,1,3398361.0,1.Hindus,2.Muslims,3.Religion not stated,526.0
2002.0,2370528,1238599,1131929,18.64,914.0,53.19,66.44,38.58,903144,700007,203137,1467384,2191552,176871,888,1000.0,1000.0,366.0,879.0,bihar,nalanda,175.0,191,32,0.0,32.0,93,22,71,45,23,0,44,1,2016899.0,1.Hindus,2.Muslims,3.Religion not stated,198.0
2002.0,4718592,2519942,2198650,30.17,873.0,62.92,73.34,50.83,1425647,1161984,263663,3292945,4333556,366164,8951,1288.0,1288.0,615.0,1199.0,bihar,patna,472.0,682,37,0.0,37.0,203,36,167,76,42,0,148,0,2757060.0,1.Hindus,2.Muslims,3.Christians,390.0
2002.0,2450748,1283485,1167263,27.71,909.0,61.29,75.31,45.71,744183,544731,199452,1706565,2199049,246760,2549,1710.0,1710.0,493.0,1185.0,bihar,rohtas,132.0,35,15,0.0,15.0,92,10,82,52,4,0,82,0,2123942.0,1.Hindus,2.Muslims,3.Sikhs,153.0
2002.0,1508182,789432,718750,33.03,910.0,39.08,51.66,25.27,589467,411566,177901,918715,1289364,217922,437,441.0,441.0,127.0,374.0,bihar,saharsa,39.0,106,11,0.0,11.0,20,10,10,10,16,2,8,0,1383015.0,1.Hindus,2.Muslims,3.Christians,63.0
2002.0,3394793,1760692,1634101,25.63,928.0,45.13,57.59,31.67,1071974,843356,228618,2322819,3035755,355897,1432,1122.0,1122.0,674.0,878.0,bihar,samastipur,119.0,120,22,0.0,22.0,56,21,35,12,4,2,10,21,3271338.0,1.Hindus,2.Muslims,3.Religion not stated,195.0
2002.0,3248701,1652661,1596040,26.37,966.0,51.8,67.3,35.82,860940,644618,216322,2387761,2909213,337767,758,1566.0,1566.0,544.0,1213.0,bihar,saran,100.0,63,12,0.0,12.0,73,10,63,69,0,0,85,0,2950064.0,1.Hindus,2.Muslims,3.Religion not stated,342.0
2002.0,2682720,1417611,1265109,32.58,892.0,38.46,49.36,26.13,855156,714136,141020,1827564,2111476,568992,1237,802.0,802.0,302.0,709.0,bihar,sitamarhi,54.0,19,31,0.0,31.0,50,22,28,14,26,0,28,1,2529407.0,1.Hindus,2.Muslims,3.Religion not stated,216.0
2002.0,2714349,1336283,1378066,24.78,1031.0,51.65,67.26,36.88,730437,511578,218859,1983912,2218632,494176,899,1438.0,1438.0,441.0,1119.0,bihar,siwan,117.0,163,8,0.0,8.0,57,26,31,24,8,0,50,0,2564860.0,1.Hindus,2.Muslims,3.Religion not stated,254.0
2002.0,2718421,1415603,1302818,26.39,920.0,50.49,63.23,36.58,782717,624452,158265,1935704,2457636,259158,922,1414.0,1414.0,970.0,929.0,bihar,vaishali,99.0,109,16,0.0,16.0,72,41,31,65,21,0,60,0,2531766.0,1.Hindus,2.Muslims,3.Religion not stated,154.0
2002.0,1998355,1013875,984480,17.59,971.0,63.51,78.43,48.17,857577,630504,227073,1140778,1904580,45342,19325,1579.0,1545.0,1494.0,1426.0,chhattisgarh,bilaspur,56.0,43,72,0.0,72.0,15,15,0,13,160,10,86,0,1511661.0,1.Hindus,2.Muslims,3.Others,452.0
2002.0,2810436,1417893,1392543,16.88,982.0,75.62,86.43,64.64,1162833,965624,197209,1647603,2654202,70398,23399,1776.0,1762.0,1737.0,1698.0,chhattisgarh,durg,72.0,65,132,0.0,132.0,29,23,6,11,230,33,116,0,1738127.0,1.Hindus,2.Muslims,3.Sikhs,669.0
2002.0,1265529,634597,630932,18.68,994.0,70.16,82.7,57.62,601564,430725,170839,663965,1212180,36098,12637,1433.0,1410.0,1385.0,1350.0,chhattisgarh,raigarh,56.0,24,39,0.0,39.0,5,5,0,4,103,15,30,0,1096073.0,1.Hindus,2.Christians,3.Muslims,279.0
2002.0,3016930,1523925,1493005,18.97,980.0,68.51,81.97,54.81,1264663,961507,303156,1752267,2881933,77963,16857,2124.0,2101.0,1955.0,1987.0,chhattisgarh,raipur,86.0,63,159,0.0,159.0,40,35,5,20,184,34,106,0,2099312.0,1.Hindus,2.Muslims,3.Christians,696.0
2002.0,1283224,634342,648882,17.7,1023.0,77.21,87.17,67.55,649401,558996,90405,633823,1215492,28020,21035,1605.0,1595.0,1550.0,1484.0,chhattisgarh,rajnandgaon,51.0,17,62,0.0,62.0,8,7,1,6,86,7,41,0,1051577.0,1.Hindus,2.Buddhists,3.Muslims,343.0
2002.0,1393918,701593,692325,6.45,987.0,66.09,76.44,55.78,600819,470043,130776,793099,1307460,83077,2309,615.0,614.0,615.0,614.0,gujarat,amreli,21.0,17,4,0.0,4.0,27,23,4,0,18,1,95,0,1080960.0,1.Hindus,2.Muslims,3.Jains,383.0
2002.0,1856872,972000,884872,13.03,910.0,74.51,86.09,61.94,784711,617669,167042,1072161,1616127,199263,29461,350.0,350.0,350.0,350.0,gujarat,anand,48.0,31,8,0.0,8.0,38,33,5,0,22,2,183,0,1348901.0,1.Hindus,2.Muslims,3.Christians,301.0
2002.0,1370656,713676,656980,19.32,921.0,74.41,82.98,65.11,570693,469551,101142,799963,1059796,293459,8824,657.0,657.0,656.0,644.0,gujarat,bharuch,47.0,25,7,0.0,7.0,24,23,1,0,26,0,52,0,1018096.0,1.Hindus,2.Muslims,3.Christians,403.0
2002.0,2469630,1274920,1194710,19.29,937.0,66.2,78.02,53.73,944559,781166,163393,1525071,2264062,172740,28921,790.0,790.0,789.0,786.0,gujarat,bhavnagar,59.0,43,9,0.0,9.0,51,39,12,4,57,7,125,0,1534592.0,1.Hindus,2.Muslims,3.Jains,526.0
2002.0,1334455,697999,636456,23.88,912.0,76.59,87.74,64.58,554336,467413,86923,780119,1269766,50559,7769,291.0,291.0,291.0,290.0,gujarat,gandhinagar,31.0,7,7,0.0,7.0,21,19,2,1,15,5,126,0,867195.0,1.Hindus,2.Muslims,3.Jains,244.0
2002.0,1904278,981320,922958,22.39,941.0,66.48,76.25,56.18,734382,624057,110325,1169896,1605941,270223,21907,698.0,695.0,666.0,666.0,gujarat,jamnagar,39.0,24,25,0.0,25.0,36,30,6,5,19,4,176,0,1068022.0,1.Hindus,2.Muslims,3.Jains,286.0
2002.0,2448173,1252350,1195823,17.08,955.0,67.78,78.74,56.43,1000842,785530,215312,1447331,2165734,274481,4291,923.0,922.0,901.0,858.0,gujarat,junagadh,55.0,22,10,0.0,10.0,50,41,9,2,38,13,368,0,1736645.0,1.Hindus,2.Muslims,3.Jains,803.0
2002.0,514404,263986,250418,14.4,949.0,59.86,72.44,46.61,259116,176372,82744,255288,482552,20429,5122,552.0,552.0,530.0,515.0,gujarat,narmada,16.0,4,7,0.0,7.0,5,2,3,0,6,4,9,0,462298.0,1.Hindus,2.Muslims,3.Christians,324.0
2002.0,1229463,628988,600475,13.22,955.0,75.83,82.77,68.61,545215,457002,88213,684248,1135525,69972,13575,374.0,374.0,374.0,368.0,gujarat,navsari,26.0,4,5,0.0,5.0,11,11,0,0,2,0,23,0,893110.0,1.Hindus,2.Muslims,3.Jains,268.0
2002.0,1182709,612100,570609,14.08,932.0,60.36,73.63,46.33,533078,395470,137608,649631,1057013,119748,5136,517.0,516.0,517.0,514.0,gujarat,patan,24.0,13,3,0.0,3.0,29,28,1,0,25,0,88,0,944281.0,1.Hindus,2.Muslims,3.Jains,265.0
2002.0,536835,275821,261014,14.35,946.0,68.62,78.36,58.42,215134,173594,41540,321701,507176,28404,589,182.0,182.0,155.0,156.0,gujarat,porbandar,7.0,7,4,0.0,4.0,9,8,1,3,16,0,53,0,275460.0,1.Hindus,2.Muslims,3.Jains,130.0
2002.0,1515148,787650,727498,25.34,924.0,61.61,74.19,48.1,647609,512038,135571,867539,1392451,97846,22721,650.0,649.0,650.0,648.0,gujarat,surendranagar,40.0,30,13,0.0,13.0,37,29,8,4,40,2,83,0,1112700.0,1.Hindus,2.Muslims,3.Jains,170.0
2002.0,1410553,734799,675754,29.66,920.0,69.15,77.9,59.62,650257,503333,146924,760296,1300005,66440,15399,450.0,450.0,425.0,449.0,gujarat,valsad,39.0,14,3,0.0,3.0,21,16,5,0,12,0,32,0,1029392.0,1.Hindus,2.Muslims,3.Christians,303.0
2002.0,1014411,542977,471434,25.69,868.0,75.31,82.31,67.39,324521,275648,48873,689890,856193,132463,17263,482.0,482.0,479.0,432.0,haryana,ambala,25.0,18,15,0.0,15.0,21,18,3,7,17,0,122,0,657383.0,1.Hindus,2.Sikhs,3.Muslims,204.0
2002.0,1425022,758253,666769,22.45,879.0,67.45,80.26,53.0,609320,425210,184110,815702,1407363,12740,2542,437.0,437.0,437.0,429.0,haryana,bhiwani,35.0,24,17,0.0,17.0,16,13,3,35,29,0,54,0,1154629.0,1.Hindus,2.Muslims,3.Sikhs,252.0
2002.0,2194586,1193063,1001523,48.47,839.0,70.03,81.52,56.31,785762,609663,176099,1408824,1896698,247293,36005,413.0,413.0,413.0,376.0,haryana,faridabad,57.0,38,37,0.0,37.0,61,39,22,19,56,1122,92,0,973242.0,1.Hindus,2.Muslims,3.Sikhs,188.0
2002.0,1660289,886451,773838,44.64,873.0,62.91,76.17,47.78,629658,464644,165014,1030631,1026542,617918,6672,694.0,694.0,693.0,642.0,haryana,gurgaon,66.0,50,27,0.0,27.0,50,36,14,11,35,57,128,0,1291285.0,1.Hindus,2.Muslims,3.Sikhs,203.0
2002.0,1189827,642282,547545,21.35,852.0,62.12,73.82,48.51,521946,372049,149897,667881,1134539,29159,20618,306.0,306.0,306.0,300.0,haryana,jind,33.0,13,19,0.0,19.0,15,9,6,11,10,12,57,0,948250.0,1.Hindus,2.Sikhs,3.Muslims,247.0
2002.0,946131,510513,435618,20.95,853.0,59.02,69.15,47.31,372011,268127,103884,574120,848765,88700,6777,270.0,270.0,270.0,261.0,haryana,kaithal,26.0,21,7,0.0,7.0,7,4,3,6,11,0,98,0,762649.0,1.Hindus,2.Sikhs,3.Muslims,160.0
2002.0,1274183,683368,590815,23.13,865.0,67.74,76.29,57.97,455455,355466,99989,818728,1125279,123160,22614,422.0,422.0,422.0,385.0,haryana,karnal,39.0,28,37,0.0,37.0,16,8,8,11,25,0,115,0,936341.0,1.Hindus,2.Sikhs,3.Muslims,186.0
2002.0,825454,442328,383126,23.72,866.0,69.88,78.06,60.61,308392,250596,57796,517062,675381,135545,12028,407.0,402.0,406.0,385.0,haryana,kurukshetra,31.0,13,15,0.0,15.0,18,14,4,7,20,14,88,0,609943.0,1.Hindus,2.Sikhs,3.Muslims,179.0
2002.0,812521,423578,388943,19.09,918.0,69.89,84.72,54.08,351864,204704,147160,460657,805991,3434,2026,368.0,368.0,368.0,350.0,haryana,mahendragarh,21.0,9,16,0.0,16.0,19,9,10,3,22,0,19,0,702885.0,1.Hindus,2.Muslims,3.Sikhs,190.0
2002.0,967449,528860,438589,38.57,829.0,69.17,78.5,57.97,382801,289013,93788,584648,873593,59696,27437,179.0,179.0,179.0,168.0,haryana,panipat,46.0,25,43,1.0,42.0,30,21,9,9,22,20,193,0,575369.0,1.Hindus,2.Muslims,3.Sikhs,116.0
2002.0,765351,403034,362317,25.24,899.0,75.25,88.45,60.83,333622,204855,128767,431729,758328,3194,1668,397.0,397.0,397.0,379.0,haryana,rewari,21.0,9,10,0.0,10.0,11,7,4,14,15,0,23,0,629177.0,1.Hindus,2.Muslims,3.Sikhs,175.0
2002.0,940128,509038,431090,20.99,847.0,73.72,83.23,62.59,371073,288225,82848,569055,924541,5665,5079,146.0,146.0,146.0,130.0,haryana,rohtak,63.0,39,17,0.0,17.0,16,10,6,17,14,40,30,0,610524.0,1.Hindus,2.Muslims,3.Sikhs,118.0
2002.0,1116649,593245,523404,22.96,882.0,60.55,70.05,49.93,475571,363946,111625,641078,801747,302942,7056,321.0,321.0,318.0,312.0,haryana,sirsa,43.0,37,20,0.0,20.0,22,3,19,7,30,0,103,0,823184.0,1.Hindus,2.Sikhs,3.Muslims,197.0
2002.0,1279175,695723,583452,22.36,839.0,72.79,83.06,60.68,523031,383449,139582,756144,1234225,31954,6729,323.0,323.0,323.0,316.0,haryana,sonipat,82.0,49,14,0.0,14.0,24,16,8,20,15,10,63,0,957800.0,1.Hindus,2.Muslims,3.Jains,248.0
2002.0,1041630,559444,482186,21.84,862.0,71.63,78.82,63.39,336533,280728,55805,705097,849255,104073,83524,613.0,613.0,607.0,483.0,haryana,yamunanagar,31.0,16,13,0.0,13.0,22,18,4,9,11,0,55,0,648608.0,1.Hindus,2.Muslims,3.Sikhs,248.0
2002.0,1165390,608878,556512,24.46,914.0,50.09,66.38,31.99,432714,283711,149003,732676,910409,221705,27263,2356.0,2356.0,289.0,768.0,jharkhand,deoghar,36.0,34,37,0.0,37.0,5,2,3,16,7,0,17,0,1005539.0,1.Hindus,2.Muslims,3.Others,94.0
2002.0,2397102,1278946,1118156,22.82,874.0,67.0,79.54,52.43,664058,492501,171557,1733044,1944757,364807,61505,1121.0,1121.0,503.0,708.0,jharkhand,dhanbad,88.0,42,38,0.0,38.0,72,25,47,36,53,3,19,0,1141744.0,1.Hindus,2.Muslims,3.Others,154.0
2002.0,1759602,897364,862238,17.31,961.0,47.94,62.86,32.35,778378,470354,308024,981224,1323468,203741,170201,3737.0,3737.0,213.0,1732.0,jharkhand,dumka,67.0,149,50,0.0,50.0,15,3,12,8,31,0,37,0,1644690.0,1.Hindus,2.Muslims,3.Others,312.0
2002.0,1904430,960679,943751,27.09,982.0,44.5,62.09,26.62,644644,340925,303719,1259786,1475201,383253,30778,2532.0,2532.0,481.0,1232.0,jharkhand,giridih,72.0,27,39,0.0,39.0,23,8,15,52,48,0,36,0,1782066.0,1.Hindus,2.Muslims,3.Others,229.0
2002.0,1047939,544043,503896,21.61,926.0,43.13,57.52,27.39,421941,238694,183247,625998,745237,210734,68055,1633.0,1633.0,257.0,892.0,jharkhand,godda,31.0,36,86,0.0,86.0,21,6,15,4,0,0,56,0,1010931.0,1.Hindus,2.Muslims,3.Others,141.0
2002.0,1346767,675769,670998,16.6,993.0,51.74,63.5,39.95,658921,446953,211968,687846,440373,425107,419004,1393.0,1393.0,92.0,1015.0,jharkhand,gumla,108.0,32,31,0.0,31.0,9,8,1,1,4,0,14,0,1273025.0,1.Hindus,2.Christians,3.Others,365.0
2002.0,2277475,1167793,1109682,24.02,950.0,57.74,71.81,42.87,790049,532895,257154,1487426,1870586,337117,36789,1543.0,1543.0,413.0,962.0,jharkhand,hazaribagh,86.0,59,71,0.0,71.0,33,18,15,31,27,0,90,0,1748406.0,1.Hindus,2.Muslims,3.Others,147.0
2002.0,2098359,1084417,1013942,26.8,935.0,44.95,58.91,29.88,793658,444921,348737,1304701,1740948,242980,63100,2465.0,2465.0,410.0,1474.0,jharkhand,palamu,69.0,48,14,0.0,14.0,16,8,8,24,11,0,18,34,1973266.0,1.Hindus,2.Muslims,3.Others,349.0
2002.0,2785064,1436976,1348088,25.72,938.0,64.57,76.56,51.72,1076904,750962,325942,1708160,1399301,767672,348774,2052.0,2052.0,331.0,1343.0,jharkhand,ranchi,270.0,161,55,0.0,55.0,67,22,45,9,73,0,62,0,1807243.0,1.Hindus,2.Others,3.Muslims,377.0
2002.0,4214505,2150090,2064415,17.4,960.0,64.21,75.7,52.32,1877774,1537645,340129,2336731,3565153,440836,169466,1255.0,1254.0,1247.0,1240.0,karnataka,belgaum,113.0,60,6,0.0,6.0,26,16,10,7,55,0,102,0,3201814.0,1.Hindus,2.Muslims,3.Christians,740.0
2002.0,2027140,1029714,997426,22.3,969.0,57.4,69.2,45.28,920821,801369,119452,1106319,1739522,257806,13226,524.0,523.0,524.0,381.0,karnataka,bellary,62.0,58,11,0.0,11.0,13,8,5,8,68,0,52,0,1320290.0,1.Hindus,2.Muslims,3.Christians,260.0
2002.0,1502373,771022,731351,19.56,949.0,60.94,72.46,48.81,557603,424985,132618,944770,1020174,295762,122083,599.0,596.0,596.0,591.0,karnataka,bidar,49.0,62,8,0.0,8.0,23,13,10,10,85,2,64,0,1157498.0,1.Hindus,2.Muslims,3.Buddhists,293.0
2002.0,1806918,926424,880494,17.63,950.0,57.01,69.94,43.47,718213,551972,166241,1088705,1495080,294491,8356,660.0,659.0,657.0,626.0,karnataka,bijapur,62.0,53,3,0.0,3.0,30,24,6,5,71,0,90,0,1410829.0,1.Hindus,2.Muslims,3.Jains,392.0
2002.0,1517896,776221,741675,15.05,955.0,64.45,74.66,53.78,721835,576035,145800,796061,1388506,109412,8411,946.0,916.0,946.0,879.0,karnataka,chitradurga,37.0,18,12,0.0,12.0,7,4,3,7,46,0,32,0,1243658.0,1.Hindus,2.Muslims,3.Religion not stated,197.0
2002.0,1790952,917705,873247,14.78,952.0,67.43,76.37,58.04,783781,631726,152055,1007171,1532714,226708,10944,810.0,786.0,808.0,727.0,karnataka,davanagere,57.0,26,14,0.0,14.0,18,15,3,8,74,2,73,0,1247954.0,1.Hindus,2.Muslims,3.Religion not stated,278.0
2002.0,3130922,1592789,1538133,21.02,966.0,50.01,61.77,37.9,1350072,1010430,339642,1780850,2381497,551171,153619,1360.0,1327.0,1342.0,1337.0,karnataka,gulbarga,79.0,76,24,0.0,24.0,43,32,11,4,119,6,73,0,2278301.0,1.Hindus,2.Muslims,3.Buddhists,708.0
2002.0,1721669,859086,862583,9.66,1004.0,68.63,78.37,59.0,864711,702827,161884,856958,1587287,104730,15598,2394.0,2330.0,2341.0,1990.0,karnataka,hassan,74.0,65,11,0.0,11.0,26,0,26,7,64,0,62,0,1416996.0,1.Hindus,2.Muslims,3.Christians,482.0
2002.0,548561,274831,273730,11.64,996.0,77.99,83.7,72.26,266378,247574,18804,282183,450694,78466,17951,291.0,279.0,286.0,267.0,karnataka,kodagu,35.0,29,4,0.0,4.0,6,1,5,2,27,0,18,0,473179.0,1.Hindus,2.Muslims,3.Christians,138.0
2002.0,2536069,1286193,1249876,13.83,972.0,62.84,73.17,52.23,1235028,1014667,220361,1301041,2196660,298767,32547,2919.0,2797.0,2785.0,2342.0,karnataka,kolar,73.0,71,18,0.0,18.0,36,12,24,16,34,0,46,0,1910546.0,1.Hindus,2.Muslims,3.Christians,490.0
2002.0,1196089,603312,592777,24.57,983.0,54.1,68.42,39.61,554506,422208,132298,641583,1042294,137174,5395,594.0,590.0,594.0,560.0,karnataka,koppal,19.0,37,6,0.0,6.0,26,26,0,3,29,0,49,0,997797.0,1.Hindus,2.Muslims,3.Religion not stated,281.0
2002.0,1763705,888034,875671,7.14,986.0,61.05,70.5,51.53,840419,682440,157979,923286,1667640,69890,11093,1369.0,1330.0,1323.0,1185.0,karnataka,mandya,61.0,56,30,0.0,30.0,18,0,18,14,45,0,102,0,1480990.0,1.Hindus,2.Muslims,3.Buddhists,458.0
2002.0,1669762,841840,827922,21.93,983.0,48.81,61.52,35.93,732762,544347,188415,937000,1417051,228652,12390,830.0,806.0,796.0,306.0,karnataka,raichur,59.0,67,6,0.0,6.0,25,16,9,10,72,6,56,0,1248925.0,1.Hindus,2.Muslims,3.Christians,338.0
2002.0,1642545,830559,811986,12.9,978.0,74.52,82.01,66.88,714671,586832,127839,927874,1401087,200979,26474,1443.0,1415.0,1399.0,989.0,karnataka,shimoga,53.0,47,11,0.0,11.0,14,12,2,4,59,1,159,0,1071535.0,1.Hindus,2.Muslims,3.Christians,311.0
2002.0,2584711,1313801,1270910,11.87,967.0,67.01,76.78,56.94,1316939,1050291,266648,1267772,2349801,211732,7736,2574.0,2477.0,2573.0,2123.0,karnataka,tumkur,58.0,49,9,0.0,9.0,19,10,9,16,60,0,30,0,2077509.0,1.Hindus,2.Muslims,3.Christians,382.0
2002.0,3105798,1538397,1567401,9.09,1019.0,93.2,95.81,90.66,1117091,915756,201335,1988707,1444994,1204471,451764,90.0,90.0,90.0,89.0,kerala,ernakulam,36.0,80,27,0.0,27.0,12,9,3,1,170,6,179,0,1628713.0,1.Hindus,2.Christians,3.Muslims,89.0
2002.0,1129221,566682,562539,6.96,993.0,88.69,92.33,85.02,487352,400699,86653,641869,566744,480108,81222,64.0,64.0,64.0,60.0,kerala,idukki,32.0,18,26,0.0,26.0,0,0,0,0,120,10,108,0,1071628.0,1.Hindus,2.Muslims,3.Christians,62.0
2002.0,2408956,1152817,1256139,7.13,1090.0,92.59,96.13,89.4,767197,626876,140321,1641759,1480748,665648,261019,78.0,78.0,78.0,78.0,kerala,kannur,28.0,63,21,0.0,21.0,14,8,6,0,89,7,203,0,1196058.0,1.Hindus,2.Muslims,3.Christians,78.0
2002.0,2585208,1249621,1335587,7.33,1069.0,91.18,94.43,88.18,828566,654823,173743,1756642,1685044,474071,423745,93.0,93.0,93.0,93.0,kerala,kollam,41.0,49,60,0.0,60.0,20,12,8,2,307,1,312,0,2119230.0,1.Hindus,2.Muslims,3.Christians,92.0
2002.0,1953646,964926,988720,6.76,1025.0,95.82,97.34,94.35,642157,539609,102548,1311489,963497,871371,116686,89.0,89.0,89.0,89.0,kerala,kottayam,20.0,22,28,0.0,28.0,15,7,8,0,156,19,132,0,1653838.0,1.Hindus,2.Muslims,3.Christians,88.0
2002.0,2879131,1399358,1479773,9.87,1057.0,92.24,96.11,88.62,802900,630836,172064,2076231,1669161,1078750,127468,87.0,87.0,87.0,87.0,kerala,kozhikode,21.0,39,53,0.0,53.0,5,1,4,0,135,12,343,0,1777974.0,1.Hindus,2.Muslims,3.Christians,87.0
2002.0,3625471,1754576,1870895,17.22,1066.0,89.61,93.25,86.26,874476,691848,182628,2750995,2484576,1057418,80650,122.0,122.0,122.0,122.0,kerala,malappuram,26.0,28,70,0.0,70.0,11,4,7,3,90,5,431,0,3269301.0,1.Hindus,2.Muslims,3.Christians,121.0
2002.0,2617482,1266985,1350497,9.86,1066.0,84.35,89.52,79.56,945052,768620,176432,1672430,1802766,703596,109249,144.0,144.0,144.0,141.0,kerala,palakkad,51.0,42,48,0.0,48.0,10,7,3,0,122,5,196,0,2260907.0,1.Hindus,2.Muslims,3.Christians,139.0
2002.0,1234016,589398,644618,3.72,1094.0,94.84,96.41,93.43,366049,285844,80205,867967,694560,481602,56457,65.0,65.0,65.0,64.0,kerala,pathanamthitta,28.0,24,12,0.0,12.0,0,0,0,0,139,4,116,0,1110218.0,1.Hindus,2.Muslims,3.Christians,63.0
2002.0,2974232,1422052,1552180,8.7,1092.0,92.27,95.11,89.71,955300,808965,146335,2018932,1761842,720152,488697,204.0,204.0,204.0,196.0,kerala,thrissur,52.0,59,30,0.0,30.0,11,7,4,4,195,14,189,0,2134799.0,1.Hindus,2.Muslims,3.Christians,194.0
2002.0,1630239,841253,788986,20.51,938.0,81.41,88.91,73.43,648243,582264,65979,981996,1024080,296272,293184,862.0,851.0,840.0,786.0,maharashtra,akola,59.0,34,28,0.0,28.0,21,16,5,4,70,11,156,0,1002742.0,1.Hindus,2.Muslims,3.Buddhists,212.0
2002.0,1136146,573445,562701,11.2,981.0,78.47,88.97,67.82,536885,365464,171421,599261,953507,144541,23324,778.0,772.0,774.0,716.0,maharashtra,bhandara,36.0,13,32,0.0,32.0,16,15,1,3,57,37,70,0,960418.0,1.Hindus,2.Buddhists,3.Muslims,442.0
2002.0,2071101,1062993,1008108,17.26,948.0,73.17,82.94,62.89,930791,683029,247762,1140310,1680113,274067,76050,1472.0,1462.0,1444.0,1359.0,maharashtra,chandrapur,52.0,19,29,0.0,29.0,24,21,3,3,89,9,116,0,1406034.0,1.Hindus,2.Buddhists,3.Muslims,318.0
2002.0,1707947,878372,829575,16.01,944.0,71.65,81.4,61.39,737941,573496,164445,970006,1522895,149466,14613,678.0,675.0,673.0,669.0,maharashtra,dhule,46.0,25,16,0.0,16.0,8,8,0,7,20,6,124,0,1262062.0,1.Hindus,2.Muslims,3.Buddhists,276.0
2002.0,970294,491101,479193,23.25,976.0,60.1,71.86,48.07,497104,336959,160145,473190,818640,78058,44825,1521.0,1509.0,1320.0,1279.0,maharashtra,gadchiroli,51.0,33,22,0.0,22.0,9,8,1,0,59,15,65,0,903033.0,1.Hindus,2.Buddhists,3.Others,369.0
2002.0,3682690,1905493,1777197,15.44,933.0,75.43,85.91,64.3,1563983,1300086,263897,2118707,3049368,455288,126136,1491.0,1491.0,1486.0,1470.0,maharashtra,jalgaon,81.0,39,22,0.0,22.0,21,19,2,10,78,29,219,0,2629896.0,1.Hindus,2.Muslims,3.Buddhists,934.0
2002.0,1612980,826903,786077,18.17,951.0,64.4,79.14,49.04,716900,611998,104902,896080,1255041,211531,121033,963.0,963.0,959.0,952.0,maharashtra,jalna,48.0,28,14,0.0,14.0,11,8,3,5,25,8,199,0,1305115.0,1.Hindus,2.Muslims,3.Buddhists,380.0
2002.0,3523162,1807470,1715692,17.59,949.0,76.93,87.47,66.02,1652970,1394882,258088,1870192,3077263,236875,147285,1196.0,1194.0,1190.0,1185.0,maharashtra,kolhapur,65.0,42,17,0.0,17.0,15,7,8,20,46,8,70,0,2472809.0,1.Hindus,2.Muslims,3.Jains,638.0
2002.0,2080285,1075257,1005028,23.95,935.0,71.54,82.94,59.4,840518,712849,127669,1239767,1700679,292996,74351,921.0,921.0,919.0,917.0,maharashtra,latur,39.0,27,4,0.0,4.0,19,19,0,5,53,5,125,0,1590024.0,1.Hindus,2.Muslims,3.Buddhists,409.0
2002.0,8640419,4741720,3898699,27.2,822.0,86.89,91.56,81.12,3152509,2971039,181470,5487910,5953475,1488987,464354,1016.4515570934255,1009.6712802768166,774.7595155709342,796.7941176470588,maharashtra,mumbai,252.0,134,128,0.0,128.0,119,61,58,18,254,40,214,0,1121338.0,1.Hindus,2.Muslims,3.Buddhists,118.0
2002.0,3338031,1878246,1459785,4.79,777.0,86.4,90.23,81.38,1311739,1250710,61029,2026292,2119750,734484,161417,1016.4515570934255,1009.6712802768166,774.7595155709342,796.7941176470588,maharashtra,mumbai,252.0,134,128,0.0,128.0,119,61,58,18,254,40,214,0,1121338.0,1.Hindus,2.Muslims,3.Buddhists,118.0
2002.0,2876259,1481358,1394901,23.08,942.0,67.77,80.44,54.35,1202037,965087,236950,1674222,2162185,385081,302161,1546.0,1538.0,1531.0,1536.0,maharashtra,nanded,83.0,85,29,0.0,29.0,40,34,6,24,83,6,241,0,2187195.0,1.Hindus,2.Muslims,3.Buddhists,209.0
2002.0,1486586,769368,717218,15.35,932.0,69.02,80.42,56.89,653522,555202,98320,833064,1297858,151181,28356,729.0,729.0,727.0,726.0,maharashtra,osmanabad,46.0,17,28,0.0,28.0,15,8,7,0,53,10,115,0,1253330.0,1.Hindus,2.Muslims,3.Buddhists,400.0
2002.0,1527715,780191,747524,15.31,958.0,66.07,79.63,52.02,644752,559917,84835,882963,1121246,243935,153231,830.0,830.0,824.0,821.0,maharashtra,parbhani,55.0,31,19,0.0,19.0,11,7,4,5,55,4,137,0,1042529.0,1.Hindus,2.Muslims,3.Buddhists,386.0
2002.0,1696777,794498,902279,9.87,1136.0,75.05,85.89,65.77,763387,557613,205774,933390,1391137,175672,120855,1539.0,1538.0,1539.0,1484.0,maharashtra,ratnagiri,26.0,6,13,0.0,13.0,5,5,0,0,41,16,23,0,1504568.0,1.Hindus,2.Muslims,3.Buddhists,810.0
2002.0,2583524,1320088,1263436,17.59,957.0,76.62,86.26,66.73,1218655,952241,266414,1364869,2243478,203524,85160,721.0,721.0,721.0,719.0,maharashtra,sangli,97.0,29,33,0.0,33.0,22,14,8,4,38,8,63,0,1950306.0,1.Hindus,2.Muslims,3.Jains,567.0
2002.0,2808994,1408326,1400668,14.1,995.0,78.22,88.2,68.38,1303658,1044989,258669,1505336,2533359,128570,125661,1716.0,1716.0,1701.0,1680.0,maharashtra,satara,83.0,17,31,0.0,31.0,14,9,5,13,51,2,156,0,2410873.0,1.Hindus,2.Buddhists,3.Muslims,646.0
2002.0,868825,417890,450935,3.55,1079.0,80.3,90.26,71.23,404985,233827,171158,463840,802498,24320,23668,743.0,743.0,735.0,722.0,maharashtra,sindhudurg,18.0,7,11,0.0,11.0,4,2,2,1,14,1,11,0,786506.0,1.Hindus,2.Buddhists,3.Muslims,593.0
2002.0,1236736,638990,597746,15.3,935.0,80.06,87.18,72.45,550351,431330,119021,686385,1006235,169579,47605,1004.0,998.0,998.0,842.0,maharashtra,wardha,49.0,31,37,0.0,37.0,21,19,2,2,110,30,79,0,911695.0,1.Hindus,2.Buddhists,3.Muslims,392.0
2002.0,2458271,1265681,1192590,18.46,942.0,73.62,84.09,62.52,1118937,949453,169484,1339334,1999368,221793,196909,1856.0,1820.0,1795.0,1729.0,maharashtra,yavatmal,76.0,67,65,0.0,65.0,36,31,5,17,104,17,142,0,2001060.0,1.Hindus,2.Buddhists,3.Muslims,723.0
2002.0,208368,104550,103818,13.9,993.0,67.63,79.61,55.66,89703,55557,34146,118665,148903,38763,14194,48.0,48.0,46.0,47.0,manipur,bishnupur,24.0,23,2,0.0,2.0,20,7,13,0,9,0,1,0,133627.0,1.Hindus,2.Others,3.Muslims,28.0
2002.0,118327,59741,58586,72.8,981.0,56.23,64.34,47.98,54545,39935,14610,63782,109128,5701,2318,350.0,323.0,190.0,214.0,manipur,chandel,9.0,4,0,0.0,0.0,9,0,9,0,0,0,0,0,103365.0,1.Christians,2.Hindus,3.Muslims,25.0
2002.0,227905,117232,110673,29.81,944.0,70.59,77.67,63.06,99363,71933,27430,128542,213186,10538,2573,540.0,539.0,306.0,395.0,manipur,churachandpur,30.0,11,0,0.0,0.0,19,1,18,0,1,0,0,0,227905.0,1.Christians,2.Hindus,3.Muslims,66.0
2002.0,111499,58014,53485,29.23,922.0,59.25,68.72,48.95,50863,43353,7510,60636,105791,3187,1431,171.0,171.0,75.0,157.0,manipur,tamenglong,3.0,3,0,0.0,0.0,4,0,4,0,0,0,0,0,111499.0,1.Christians,2.Hindus,3.Muslims,42.0
2002.0,364140,182250,181890,24.62,998.0,66.41,80.43,52.46,177343,111486,65857,186797,221096,86849,50819,90.0,90.0,84.0,88.0,manipur,thoubal,27.0,29,4,0.0,4.0,34,18,16,0,8,0,4,0,232868.0,1.Hindus,2.Muslims,3.Others,36.0
2002.0,140778,73465,67313,28.98,916.0,73.12,80.13,65.41,66515,51564,14951,74263,133966,5687,881,198.0,198.0,154.0,188.0,manipur,ukhrul,3.0,1,1,0.0,1.0,1,0,1,0,0,0,0,0,140778.0,1.Christians,2.Hindus,3.Muslims,47.0
2002.0,325676,166877,158799,39.24,952.0,96.51,96.75,96.26,162961,125328,37633,162715,303893,14508,5185,96.0,96.0,81.0,86.0,mizoram,aizawl,5.0,18,36,0.0,36.0,4,0,4,0,28,0,2,0,77531.0,1.Christians,2.Hindus,3.Muslims,46.0
2002.0,73620,38776,34844,34.78,899.0,64.74,70.9,57.81,34093,26188,7905,39527,38410,32877,1910,139.0,139.0,27.0,134.0,mizoram,lawngtlai,3.0,0,2,0.0,2.0,0,0,0,0,4,0,0,0,73620.0,1.Buddhists,2.Christians,3.Hindus,24.0
2002.0,137223,71402,65821,23.1,922.0,84.17,87.44,80.6,71792,60870,10922,65431,109204,22429,4612,160.0,160.0,101.0,130.0,mizoram,lunglei,2.0,2,11,0.0,11.0,0,0,0,0,11,0,0,0,79267.0,1.Christians,2.Buddhists,3.Hindus,55.0
2002.0,310084,162251,147833,49.96,911.0,74.54,80.3,68.15,135023,114456,20567,175061,278844,21950,5457,180.0,179.0,148.0,164.0,nagaland,kohima,25.0,2,9,0.0,9.0,0,0,0,0,0,0,0,0,233054.0,1.Christians,2.Hindus,3.Others,82.0
2002.0,232085,120929,111156,43.48,919.0,83.92,86.03,81.61,109260,82160,27100,122825,219282,10433,2128,102.0,101.0,97.0,99.0,nagaland,mokokchung,11.0,1,0,0.0,0.0,1,0,1,0,0,0,0,0,200871.0,1.Christians,2.Hindus,3.Muslims,82.0
2002.0,260652,138753,121899,73.42,879.0,41.83,46.56,36.35,130848,108206,22642,129804,248684,9963,1748,110.0,110.0,102.0,107.0,nagaland,mon,1.0,1,0,0.0,0.0,1,1,0,0,0,0,0,0,244062.0,1.Christians,2.Hindus,3.Muslims,69.0
2002.0,148195,77141,71054,45.12,921.0,70.65,78.37,62.26,71398,57454,13944,76797,143048,4095,517,104.0,104.0,102.0,102.0,nagaland,phek,5.0,4,1,0.0,1.0,4,0,4,0,0,0,0,0,135331.0,1.Christians,2.Hindus,3.Muslims,54.0
2002.0,414818,218678,196140,78.1,897.0,50.64,55.12,45.58,184924,156950,27974,229894,406287,6856,1329,251.0,251.0,238.0,230.0,nagaland,tuensang,6.0,5,1,0.0,1.0,1,0,1,0,0,0,0,0,385046.0,1.Christians,2.Hindus,3.Muslims,123.0
2002.0,161223,83670,77553,95.01,927.0,80.55,85.35,75.32,56254,49679,6575,104969,155009,4787,1209,128.0,128.0,105.0,104.0,nagaland,wokha,6.0,3,1,0.0,1.0,0,0,0,0,0,0,0,0,123587.0,1.Christians,2.Hindus,3.Muslims,67.0
2002.0,153955,79056,74899,61.0,947.0,69.28,73.74,64.57,56783,47491,9292,97172,150097,3193,492,187.0,186.0,187.0,178.0,nagaland,zunheboto,9.0,2,1,0.0,1.0,0,0,0,0,0,0,0,0,130874.0,1.Christians,2.Hindus,3.Muslims,57.0
2002.0,3096077,1650589,1445488,22.72,876.0,67.27,72.61,61.26,1112200,938100,174100,1983877,2383575,648284,51948,1185.0,1151.0,1185.0,1114.0,punjab,amritsar,51.0,24,5,0.0,5.0,32,23,9,9,14,0,74,0,1872802.0,1.Sikhs,2.Hindus,3.Christians,696.0
2002.0,550892,292596,258296,21.42,883.0,61.95,68.15,55.03,209754,181873,27881,341138,427104,119702,1739,163.0,163.0,163.0,160.0,punjab,faridkot,12.0,12,6,0.0,6.0,11,8,3,5,6,0,23,0,357321.0,1.Sikhs,2.Hindus,3.Muslims,107.0
2002.0,2104011,1113077,990934,19.33,890.0,73.77,79.78,67.15,700557,568322,132235,1403454,996246,934963,148981,1532.0,1531.0,1532.0,1375.0,punjab,gurdaspur,26.0,24,17,0.0,17.0,14,8,6,4,10,0,28,0,1568788.0,1.Hindus,2.Sikhs,3.Christians,517.0
2002.0,1480736,765132,715604,13.81,935.0,81.02,86.45,75.32,513351,415123,98228,967385,871923,574862,15394,1386.0,1386.0,1386.0,1232.0,punjab,hoshiarpur,31.0,38,19,0.0,19.0,16,10,6,12,12,1,55,0,1188662.0,1.Hindus,2.Sikhs,3.Muslims,382.0
2002.0,1962700,1040177,922523,18.4,887.0,78.04,82.49,73.08,676835,599324,77511,1285865,1158868,740841,22106,934.0,934.0,934.0,832.0,punjab,jalandhar,59.0,64,20,0.0,20.0,50,38,12,14,12,0,82,0,1030717.0,1.Hindus,2.Sikhs,3.Christians,598.0
2002.0,754521,399623,354898,16.34,888.0,73.93,79.02,68.29,262741,231222,31519,491780,448654,286438,7740,618.0,618.0,618.0,478.0,punjab,kapurthala,32.0,18,17,0.0,17.0,16,8,8,7,14,0,47,0,507994.0,1.Sikhs,2.Hindus,3.Buddhists,359.0
2002.0,3032831,1662716,1370115,24.79,824.0,76.5,80.25,71.95,1149638,1041517,108121,1883193,1744446,1205128,52220,897.0,897.0,897.0,842.0,punjab,ludhiana,68.0,77,40,0.0,40.0,125,88,37,16,88,127,145,0,1339178.0,1.Sikhs,2.Hindus,3.Muslims,550.0
2002.0,1844934,987390,857544,20.31,868.0,69.78,75.88,62.86,681951,589015,92936,1162983,1024546,778427,34828,1054.0,1053.0,1054.0,986.0,punjab,patiala,46.0,48,18,0.0,18.0,41,29,12,14,45,0,119,0,1200224.0,1.Sikhs,2.Hindus,3.Muslims,172.0
2002.0,2000173,1069289,930884,18.57,871.0,59.98,65.81,53.38,814098,714076,100022,1186075,1400149,434873,157838,697.0,697.0,697.0,684.0,punjab,sangrur,42.0,37,14,0.0,14.0,23,17,6,6,19,4,52,0,1415354.0,1.Sikhs,2.Hindus,3.Muslims,291.0
2002.0,2181670,1129920,1051750,26.1,931.0,64.65,79.37,48.86,856809,690818,165991,1324861,1869044,244341,47812,1025.0,1025.0,966.0,970.0,rajasthan,ajmer,48.0,63,27,0.0,27.0,124,124,0,23,65,0,285,0,1306994.0,1.Hindus,2.Muslims,3.Jains,352.0
2002.0,2992592,1586752,1405840,30.23,886.0,61.74,78.09,43.28,1458686,947587,511099,1533906,2535155,383204,55530,1954.0,1954.0,1843.0,1811.0,rajasthan,alwar,82.0,96,44,0.0,44.0,121,89,32,42,115,1,250,0,2557653.0,1.Hindus,2.Muslims,3.Sikhs,553.0
2002.0,1501589,760686,740903,29.84,974.0,44.63,60.45,28.43,709412,529393,180019,792177,1425287,39079,18406,1476.0,1476.0,853.0,1348.0,rajasthan,banswara,40.0,26,74,0.0,74.0,55,50,5,10,92,1,85,0,1394226.0,1.Hindus,2.Muslims,3.Jains,450.0
2002.0,1964835,1038247,926588,36.83,892.0,58.99,72.76,43.45,919729,680208,239521,1045106,1695047,231918,35744,1933.0,1933.0,948.0,1777.0,rajasthan,barmer,18.0,28,24,0.0,24.0,25,16,9,8,83,0,66,0,1819431.0,1.Hindus,2.Muslims,3.Jains,433.0
2002.0,2101142,1133425,967717,27.05,854.0,63.57,80.54,43.56,852913,573547,279366,1248229,1804599,264709,23472,1366.0,1365.0,1238.0,1298.0,rajasthan,bharatpur,87.0,81,59,0.0,59.0,109,79,30,27,29,0,227,0,1692182.0,1.Hindus,2.Muslims,3.Sikhs,481.0
2002.0,2013789,1026650,987139,26.14,962.0,50.74,67.39,33.48,939848,764916,174932,1073941,1859972,112802,37659,1693.0,1693.0,1553.0,1516.0,rajasthan,bhilwara,30.0,46,46,0.0,46.0,196,164,32,4,134,6,339,0,1598938.0,1.Hindus,2.Muslims,3.Jains,473.0
2002.0,1674271,886075,788196,38.18,890.0,56.91,70.05,42.03,661457,522482,138975,1012814,1445088,172372,31235,712.0,686.0,485.0,611.0,rajasthan,bikaner,40.0,90,24,0.0,24.0,21,21,0,13,34,0,142,0,1079235.0,1.Hindus,2.Muslims,3.Jains,173.0
2002.0,962620,504818,457802,24.8,907.0,55.57,71.68,37.79,456937,305977,150960,505683,881956,56220,13186,839.0,838.0,733.0,764.0,rajasthan,bundi,21.0,95,38,0.0,38.0,109,83,26,7,151,3,225,0,783058.0,1.Hindus,2.Muslims,3.Jains,178.0
2002.0,1923878,987781,936097,24.6,948.0,66.81,79.69,53.35,853899,587431,266468,1069979,1698106,210446,13882,946.0,925.0,877.0,909.0,rajasthan,churu,26.0,48,22,0.0,22.0,31,14,17,8,50,0,163,0,1387682.0,1.Hindus,2.Muslims,3.Jains,423.0
2002.0,1107643,547791,559852,26.58,1022.0,48.57,66.04,31.77,531376,272283,259093,576267,1068319,23549,12542,854.0,853.0,723.0,819.0,rajasthan,dungarpur,24.0,16,21,0.0,21.0,43,40,3,4,58,1,42,0,1026787.0,1.Hindus,2.Muslims,3.Jains,368.0
2002.0,1789423,955378,834045,27.53,873.0,64.74,75.53,52.44,719792,552559,167233,1069631,1299812,441409,42442,2830.0,2820.0,1817.0,1653.0,rajasthan,ganganagar,63.0,94,54,0.0,54.0,60,52,8,19,100,1,391,0,1336066.0,1.Hindus,2.Sikhs,3.Muslims,654.0
2002.0,5251071,2768203,2482868,35.1,897.0,69.9,82.8,55.52,1864055,1584361,279694,3387016,4629461,515124,73631,2077.0,2077.0,1962.0,1863.0,rajasthan,jaipur,85.0,116,57,0.0,57.0,256,221,35,32,187,0,517,0,2659004.0,1.Hindus,2.Muslims,3.Jains,622.0
2002.0,508247,279101,229146,47.45,821.0,50.97,66.26,32.05,211687,153139,58548,296560,383638,120174,2086,600.0,576.0,183.0,473.0,rajasthan,jaisalmer,7.0,0,3,0.0,3.0,5,4,1,5,13,0,17,0,431853.0,1.Hindus,2.Muslims,3.Sikhs,144.0
2002.0,1180323,612804,567519,23.34,926.0,57.32,73.31,40.02,554781,399386,155395,625542,1087934,78962,11759,1477.0,1476.0,1185.0,1173.0,rajasthan,jhalawar,44.0,71,61,0.0,61.0,82,60,22,7,150,11,210,0,1012081.0,1.Hindus,2.Muslims,3.Jains,214.0
2002.0,2886505,1513890,1372615,33.77,907.0,56.67,72.96,38.64,1105009,829721,275288,1781496,2528049,310114,36694,1058.0,1058.0,911.0,983.0,rajasthan,jodhpur,38.0,69,33,0.0,33.0,104,76,28,17,157,5,267,0,1909423.0,1.Hindus,2.Muslims,3.Jains,462.0
2002.0,1568525,827128,741397,28.52,896.0,73.53,85.23,60.43,541362,420734,120628,1027163,1344633,183716,23259,812.0,811.0,736.0,715.0,rajasthan,kota,56.0,374,37,0.0,37.0,160,132,28,6,154,3,319,0,729948.0,1.Hindus,2.Muslims,3.Jains,225.0
2002.0,2775058,1424967,1350091,29.33,947.0,57.28,74.1,39.67,1129514,844039,285475,1645544,2399173,356405,17478,1480.0,1466.0,1417.0,1417.0,rajasthan,nagaur,43.0,30,39,0.0,39.0,61,28,33,14,78,0,153,0,2297721.0,1.Hindus,2.Muslims,3.Jains,580.0
2002.0,1820251,918856,901395,22.39,981.0,54.39,72.2,36.48,724883,518158,206725,1095368,1677038,114088,25599,936.0,936.0,883.0,906.0,rajasthan,pali,32.0,74,25,0.0,25.0,74,59,15,14,116,3,205,0,1429364.0,1.Hindus,2.Muslims,3.Jains,451.0
2002.0,2287788,1172753,1115035,24.11,951.0,70.47,84.34,56.11,887915,633421,254494,1399873,2019396,261714,4957,986.0,985.0,965.0,945.0,rajasthan,sikar,41.0,29,13,0.0,13.0,52,27,25,10,42,0,116,0,1815250.0,1.Hindus,2.Muslims,3.Jains,470.0
2002.0,851107,437949,413158,30.08,943.0,53.94,69.89,37.15,343905,245762,98143,507202,810765,25439,12427,455.0,454.0,399.0,423.0,rajasthan,sirohi,28.0,26,9,0.0,9.0,44,37,7,3,33,0,83,0,700217.0,1.Hindus,2.Muslims,3.Jains,201.0
2002.0,1211671,626436,585235,24.24,934.0,51.97,70.52,32.15,532682,425230,107452,678989,1062365,124440,23644,1032.0,1031.0,818.0,887.0,rajasthan,tonk,22.0,26,18,0.0,18.0,90,72,18,1,45,3,169,0,958503.0,1.Hindus,2.Muslims,3.Jains,246.0
2002.0,2633312,1336004,1297308,27.37,971.0,58.62,73.62,43.26,1100880,724120,376760,1532432,2449773,88262,83699,2339.0,2337.0,1647.0,2030.0,rajasthan,udaipur,65.0,79,39,0.0,39.0,112,75,37,12,71,0,95,0,2142995.0,1.Hindus,2.Muslims,3.Jains,619.0
2002.0,245040,132917,112123,37.17,844.0,74.67,81.2,66.8,116529,92577,23952,128511,157321,64729,14502,131.0,131.0,125.0,112.0,sikkim,east,6.0,1,3,0.0,3.0,5,2,3,0,9,0,2,0,192188.0,1.Hindus,2.Buddhists,3.Christians,100.0
2002.0,41030,23414,17616,31.32,752.0,67.21,75.69,55.39,23542,17553,5989,17488,22603,16128,1623,53.0,53.0,46.0,42.0,sikkim,north,1.0,0,0,0.0,0.0,1,0,1,0,2,0,0,0,39782.0,1.Buddhists,2.Hindus,3.Christians,44.0
2002.0,131525,68241,63284,33.37,927.0,67.31,74.29,59.72,69693,57367,12326,61832,84213,31109,12757,145.0,145.0,142.0,131.0,sikkim,south,2.0,2,1,0.0,1.0,1,0,1,0,3,0,1,0,127579.0,1.Hindus,2.Buddhists,3.Christians,99.0
2002.0,123256,63912,59344,25.48,929.0,58.8,66.82,50.11,53279,45407,7872,69977,71886,33601,9567,121.0,121.0,115.0,107.0,sikkim,west,4.0,2,2,0.0,2.0,2,0,2,0,3,0,0,0,121432.0,1.Hindus,2.Buddhists,3.Others,86.0
2002.0,307868,159095,148773,10.79,935.0,60.93,70.17,50.99,126761,92570,34191,181107,257834,28180,14848,148.0,148.0,108.0,138.0,tripura,dhalai,29.0,7,6,0.0,6.0,33,20,13,2,11,0,9,0,289001.0,1.Hindus,2.Buddhists,3.Christians,58.0
2002.0,900635,506938,393697,40.33,777.0,81.94,86.14,76.47,340422,328989,11433,560213,707978,145175,35548,23.0,23.0,23.0,18.0,chandigarh,chandigarh,31.0,35,18,0.0,18.0,54,47,7,1,36,28,56,0,92120.0,1.Hindus,2.Sikhs,3.Muslims,18.0
2003.0,1647201,848578,798623,18.53,941.0,56.24,64.83,47.07,517088,408537,108551,1130113,977943,662066,5267,1050.0,1050.0,775.0,967.0,assam,barpeta,46.0,9,61,0.0,61.0,76,56,20,6,15,0,112,0,1520333.0,1.Hindus,2.Muslims,3.Christians,430.0
2003.0,904835,465240,439595,12.23,945.0,59.33,67.67,50.44,293243,233087,60156,611592,535464,348573,18728,881.0,881.0,607.0,805.0,assam,bongaigaon,27.0,9,27,0.0,27.0,46,40,6,6,10,0,61,0,795053.0,1.Hindus,2.Muslims,3.Christians,112.0
2003.0,1444921,743042,701879,18.66,945.0,67.82,75.73,59.41,465734,364814,100920,979187,886761,522051,31306,1020.0,1020.0,741.0,902.0,assam,cachar,68.0,35,70,0.0,70.0,120,95,25,3,118,0,229,0,1243534.0,1.Hindus,2.Muslims,3.Christians,134.0
2003.0,1504320,773861,730459,15.79,944.0,55.44,63.91,46.4,527993,404428,123565,976327,868532,534658,97306,1319.0,1319.0,1032.0,1246.0,assam,darrang,73.0,21,53,0.0,53.0,83,63,20,7,93,0,48,0,1429492.0,1.Hindus,2.Muslims,3.Christians,356.0
2003.0,571944,294643,277301,18.93,941.0,64.48,74.41,53.86,250146,155431,94715,321798,548780,10533,6390,1236.0,1236.0,253.0,1068.0,assam,dhemaji,20.0,18,43,0.0,43.0,25,10,15,0,14,0,44,0,533112.0,1.Hindus,2.Muslims,3.Christians,83.0
2003.0,1637344,841044,796300,23.42,947.0,48.21,55.91,40.04,470360,399201,71159,1166984,1216455,405065,12477,1261.0,1261.0,904.0,1138.0,assam,dhubri,64.0,20,68,0.0,68.0,62,51,11,6,87,0,151,0,1444901.0,1.Hindus,2.Muslims,3.Christians,374.0
2003.0,1185072,613555,571517,12.43,931.0,68.96,77.3,59.95,472419,342708,129711,712653,1075878,53306,45040,1309.0,1309.0,1195.0,1169.0,assam,dibrugarh,107.0,33,38,0.0,38.0,54,39,15,0,28,0,28,0,956634.0,1.Hindus,2.Muslims,3.Christians,263.0
2003.0,822035,420251,401784,23.07,956.0,58.03,64.86,50.85,273925,209928,63997,548110,441516,314157,64662,761.0,761.0,689.0,723.0,assam,goalpara,30.0,23,60,0.0,60.0,51,47,4,2,36,0,152,0,755133.0,1.Hindus,2.Muslims,3.Christians,243.0
2003.0,946279,490286,455993,14.21,930.0,69.38,77.14,60.99,388640,269896,118744,557639,813263,74808,52277,1066.0,1066.0,595.0,769.0,assam,golaghat,55.0,16,67,0.0,67.0,73,60,13,0,26,0,58,0,865141.0,1.Hindus,2.Muslims,3.Christians,87.0
2003.0,542872,280513,262359,20.92,935.0,59.64,68.24,50.46,179881,138216,41665,362991,312849,223191,5424,327.0,327.0,268.0,308.0,assam,hailakandi,25.0,18,27,0.0,27.0,43,35,8,2,29,2,30,0,498787.0,1.Hindus,2.Muslims,3.Christians,110.0
2003.0,999221,517015,482206,15.84,933.0,76.34,83.62,68.49,414348,285092,129256,584873,927858,47658,18610,787.0,787.0,650.0,717.0,assam,jorhat,46.0,7,40,0.0,40.0,28,28,0,0,26,0,23,0,827901.0,1.Hindus,2.Muslims,3.Christians,215.0
2003.0,2522324,1326981,1195343,25.75,901.0,74.16,81.16,66.31,842253,697810,144443,1680071,1836153,625002,44257,1342.0,1342.0,1042.0,1190.0,assam,kamrup,24.0,18,48,0.0,48.0,51,23,28,0,6,0,10,0,1614107.0,1.Hindus,2.Muslims,3.Christians,468.0
2003.0,1007976,517680,490296,21.35,947.0,66.24,74.69,57.28,303294,235016,68278,704682,527214,470708,8746,915.0,915.0,639.0,865.0,assam,karimganj,31.0,19,29,0.0,29.0,47,40,7,5,4,0,84,0,934126.0,1.Hindus,2.Muslims,3.Christians,224.0
2003.0,905764,466191,439573,15.05,943.0,51.63,60.32,42.4,334849,234771,100078,570915,594168,184441,124270,951.0,951.0,704.0,906.0,assam,kokrajhar,46.0,23,22,0.0,22.0,40,31,9,2,28,0,37,0,841823.0,1.Hindus,2.Muslims,3.Christians,211.0
2003.0,889010,455691,433319,18.34,951.0,68.56,77.06,59.59,497745,288052,209693,391265,702881,143505,36667,1139.0,1139.0,680.0,1046.0,assam,lakhimpur,31.0,19,76,0.0,76.0,80,77,3,0,44,0,108,0,823857.0,1.Hindus,2.Muslims,3.Christians,211.0
2003.0,2314629,1190950,1123679,22.3,944.0,61.73,68.27,54.74,727641,566195,161446,1586988,1180267,1106354,21473,1375.0,1374.0,1190.0,1257.0,assam,nagaon,75.0,51,105,0.0,105.0,169,159,10,7,107,4,181,0,2036342.0,1.Hindus,2.Muslims,3.Christians,480.0
2003.0,1148824,592375,556449,11.98,939.0,67.23,76.56,57.26,383932,291665,92267,764892,873749,253842,18495,798.0,798.0,733.0,769.0,assam,nalbari,35.0,32,33,0.0,33.0,64,43,21,0,18,0,23,0,1121338.0,1.Hindus,2.Muslims,3.Christians,179.0
2003.0,1051736,545476,506260,15.95,928.0,74.47,81.53,66.81,430523,287319,143204,621213,927706,85761,28488,866.0,866.0,772.0,825.0,assam,sibsagar,55.0,26,38,0.0,38.0,76,76,0,4,15,0,74,0,954557.0,1.Hindus,2.Muslims,3.Christians,317.0
2003.0,1681513,871568,809945,17.8,929.0,59.0,67.54,49.73,634723,465283,169440,1046790,1287646,268078,115623,1784.0,1784.0,1331.0,1372.0,assam,sonitpur,98.0,27,64,0.0,64.0,90,90,0,3,56,0,146,0,1505719.0,1.Hindus,2.Muslims,3.Christians,235.0
2003.0,1150062,601099,548963,19.52,913.0,60.95,70.15,50.78,466351,349847,116504,683711,1029142,62403,40000,1107.0,1107.0,871.0,936.0,assam,tinsukia,79.0,3,32,0.0,32.0,33,33,0,2,14,0,23,0,926105.0,1.Hindus,2.Muslims,3.Christians,198.0
2003.0,2158608,1128105,1030503,31.84,913.0,35.01,46.38,22.37,853445,657446,195999,1305163,1263766,887972,2504,713.0,713.0,129.0,552.0,bihar,araria,49.0,26,38,0.0,38.0,56,17,39,13,3,0,24,0,2026257.0,1.Hindus,2.Muslims,3.Jains,60.0
2003.0,2013055,1040945,972110,30.19,934.0,57.03,71.13,41.9,671011,476390,194621,1342044,1814612,196030,1161,1739.0,1739.0,527.0,1148.0,bihar,aurangabad,84.0,52,18,0.0,18.0,26,6,20,25,6,0,19,0,1842998.0,1.Hindus,2.Muslims,3.Religion not stated,270.0
2003.0,2349366,1228874,1120492,29.11,912.0,47.98,59.13,35.64,746075,571564,174511,1603291,2033039,313713,1224,729.0,729.0,457.0,503.0,bihar,begusarai,145.0,53,19,0.0,19.0,96,28,68,29,0,0,34,0,2241743.0,1.Hindus,2.Muslims,3.Religion not stated,167.0
2003.0,2423172,1291658,1131514,27.24,876.0,49.5,59.22,38.13,855345,580731,274614,1567827,1990976,423246,1853,935.0,935.0,445.0,642.0,bihar,bhagalpur,97.0,189,45,0.0,45.0,98,57,41,13,33,0,107,0,1970745.0,1.Hindus,2.Muslims,3.Christians,229.0
2003.0,2243144,1179611,1063533,24.58,902.0,58.96,74.29,41.8,653811,491916,161895,1589333,2076589,163193,913,999.0,999.0,247.0,885.0,bihar,bhojpur,125.0,46,12,0.0,12.0,48,1,47,24,14,0,75,0,1930730.0,1.Hindus,2.Muslims,3.Religion not stated,133.0
2003.0,3295789,1722189,1573600,30.85,914.0,44.33,56.72,30.78,1028558,761464,267094,2267231,2543284,748971,2245,1083.0,1083.0,490.0,850.0,bihar,darbhanga,68.0,58,77,0.0,77.0,61,20,41,19,10,0,95,0,3028441.0,1.Hindus,2.Muslims,3.Religion not stated,271.0
2003.0,3473428,1792163,1681265,30.19,938.0,50.45,63.27,36.66,1277639,994459,283180,2195789,3063841,403439,1622,2680.0,2680.0,539.0,1635.0,bihar,gaya,230.0,56,27,0.0,27.0,69,32,37,37,40,0,46,0,2997479.0,1.Hindus,2.Muslims,3.Religion not stated,278.0
2003.0,2152638,1075710,1076928,26.11,1001.0,47.48,62.96,32.16,641672,466811,174861,1510966,1784275,367219,850,1383.0,1383.0,439.0,866.0,bihar,gopalganj,65.0,78,12,0.0,12.0,34,13,21,14,0,6,34,0,2022048.0,1.Hindus,2.Muslims,3.Religion not stated,261.0
2003.0,1514315,784946,729369,28.64,929.0,55.26,70.07,39.37,580905,422789,158116,933410,1389053,124149,743,856.0,856.0,219.0,672.0,bihar,jehanabad,64.0,101,9,0.0,9.0,40,5,35,16,0,0,34,0,1402703.0,1.Hindus,2.Muslims,3.Religion not stated,123.0
2003.0,2392638,1246872,1145766,30.91,919.0,35.09,45.31,23.8,898326,664259,234067,1494312,1363523,1017495,4994,1290.0,1290.0,277.0,785.0,bihar,katihar,78.0,35,92,0.0,92.0,68,42,26,9,9,0,60,0,2174361.0,1.Hindus,2.Muslims,3.Christians,248.0
2003.0,1280354,679267,601087,29.32,885.0,41.35,51.82,29.35,467240,333262,133978,813114,1147346,131441,546,241.0,241.0,114.0,220.0,bihar,khagaria,62.0,70,16,0.0,16.0,77,0,77,6,9,0,22,0,1204027.0,1.Hindus,2.Muslims,3.Others,124.0
2003.0,1296348,669552,626796,31.5,936.0,31.09,42.71,18.63,417151,359819,57332,879197,876105,412995,2856,730.0,730.0,116.0,442.0,bihar,kishanganj,27.0,4,17,0.0,17.0,39,38,1,5,2,0,20,0,1167340.0,1.Muslims,2.Hindus,3.Christians,120.0
2003.0,1526646,797180,729466,29.45,915.0,36.07,48.8,22.11,683976,498367,185609,842670,1351978,173605,494,384.0,384.0,168.0,311.0,bihar,madhepura,62.0,14,8,0.0,8.0,24,5,19,6,2,0,8,0,1458679.0,1.Hindus,2.Muslims,3.Religion not stated,141.0
2003.0,3575281,1840997,1734284,26.08,942.0,41.97,56.79,26.25,1227723,877412,350311,2347558,2930501,641579,1477,1034.0,1034.0,437.0,901.0,bihar,madhubani,78.0,172,38,0.0,38.0,62,29,33,20,112,0,262,0,3450736.0,1.Hindus,2.Muslims,3.Religion not stated,232.0
2003.0,1137797,607730,530067,20.34,872.0,59.47,69.89,47.4,331451,233688,97763,806346,1045233,89791,1135,525.0,525.0,321.0,382.0,bihar,munger,80.0,28,7,0.0,7.0,47,7,40,6,16,0,63,0,819950.0,1.Hindus,2.Muslims,3.Christians,149.0
2003.0,3746714,1951466,1795248,26.74,920.0,47.95,59.1,35.81,1139830,895830,244000,2606884,3168225,573951,2104,1725.0,1725.0,1021.0,1423.0,bihar,muzaffarpur,120.0,30,59,0.0,59.0,160,20,140,63,27,0,98,0,3398361.0,1.Hindus,2.Muslims,3.Religion not stated,526.0
2003.0,2370528,1238599,1131929,18.64,914.0,53.19,66.44,38.58,903144,700007,203137,1467384,2191552,176871,888,1000.0,1000.0,366.0,879.0,bihar,nalanda,171.0,139,21,0.0,21.0,58,18,40,49,39,0,64,1,2016899.0,1.Hindus,2.Muslims,3.Religion not stated,198.0
2003.0,4718592,2519942,2198650,30.17,873.0,62.92,73.34,50.83,1425647,1161984,263663,3292945,4333556,366164,8951,1288.0,1288.0,615.0,1199.0,bihar,patna,484.0,680,34,0.0,34.0,220,15,205,85,49,0,127,0,2757060.0,1.Hindus,2.Muslims,3.Christians,390.0
2003.0,2450748,1283485,1167263,27.71,909.0,61.29,75.31,45.71,744183,544731,199452,1706565,2199049,246760,2549,1710.0,1710.0,493.0,1185.0,bihar,rohtas,157.0,218,15,0.0,15.0,87,36,51,28,30,0,52,0,2123942.0,1.Hindus,2.Muslims,3.Sikhs,153.0
2003.0,1508182,789432,718750,33.03,910.0,39.08,51.66,25.27,589467,411566,177901,918715,1289364,217922,437,441.0,441.0,127.0,374.0,bihar,saharsa,47.0,69,11,0.0,11.0,25,11,14,13,14,0,3,0,1383015.0,1.Hindus,2.Muslims,3.Christians,63.0
2003.0,3394793,1760692,1634101,25.63,928.0,45.13,57.59,31.67,1071974,843356,228618,2322819,3035755,355897,1432,1122.0,1122.0,674.0,878.0,bihar,samastipur,136.0,121,20,0.0,20.0,80,8,72,18,11,2,34,25,3271338.0,1.Hindus,2.Muslims,3.Religion not stated,195.0
2003.0,3248701,1652661,1596040,26.37,966.0,51.8,67.3,35.82,860940,644618,216322,2387761,2909213,337767,758,1566.0,1566.0,544.0,1213.0,bihar,saran,115.0,154,32,0.0,32.0,95,49,46,65,17,1,82,0,2950064.0,1.Hindus,2.Muslims,3.Religion not stated,342.0
2003.0,2682720,1417611,1265109,32.58,892.0,38.46,49.36,26.13,855156,714136,141020,1827564,2111476,568992,1237,802.0,802.0,302.0,709.0,bihar,sitamarhi,51.0,16,37,0.0,37.0,82,24,58,27,6,0,39,4,2529407.0,1.Hindus,2.Muslims,3.Religion not stated,216.0
2003.0,2714349,1336283,1378066,24.78,1031.0,51.65,67.26,36.88,730437,511578,218859,1983912,2218632,494176,899,1438.0,1438.0,441.0,1119.0,bihar,siwan,86.0,160,13,0.0,13.0,62,22,40,32,36,0,54,0,2564860.0,1.Hindus,2.Muslims,3.Religion not stated,254.0
2003.0,2718421,1415603,1302818,26.39,920.0,50.49,63.23,36.58,782717,624452,158265,1935704,2457636,259158,922,1414.0,1414.0,970.0,929.0,bihar,vaishali,118.0,207,29,0.0,29.0,85,40,45,69,22,0,65,5,2531766.0,1.Hindus,2.Muslims,3.Religion not stated,154.0
2003.0,1998355,1013875,984480,17.59,971.0,63.51,78.43,48.17,857577,630504,227073,1140778,1904580,45342,19325,1579.0,1545.0,1494.0,1426.0,chhattisgarh,bilaspur,95.0,55,49,0.0,49.0,12,12,0,18,165,3,87,0,1511661.0,1.Hindus,2.Muslims,3.Others,452.0
2003.0,2810436,1417893,1392543,16.88,982.0,75.62,86.43,64.64,1162833,965624,197209,1647603,2654202,70398,23399,1776.0,1762.0,1737.0,1698.0,chhattisgarh,durg,58.0,50,117,0.0,117.0,21,17,4,13,229,31,118,0,1738127.0,1.Hindus,2.Muslims,3.Sikhs,669.0
2003.0,1265529,634597,630932,18.68,994.0,70.16,82.7,57.62,601564,430725,170839,663965,1212180,36098,12637,1433.0,1410.0,1385.0,1350.0,chhattisgarh,raigarh,46.0,27,36,0.0,36.0,15,15,0,2,94,6,32,0,1096073.0,1.Hindus,2.Christians,3.Muslims,279.0
2003.0,3016930,1523925,1493005,18.97,980.0,68.51,81.97,54.81,1264663,961507,303156,1752267,2881933,77963,16857,2124.0,2101.0,1955.0,1987.0,chhattisgarh,raipur,77.0,53,126,0.0,126.0,41,33,8,15,185,15,116,0,2099312.0,1.Hindus,2.Muslims,3.Christians,696.0
2003.0,1283224,634342,648882,17.7,1023.0,77.21,87.17,67.55,649401,558996,90405,633823,1215492,28020,21035,1605.0,1595.0,1550.0,1484.0,chhattisgarh,rajnandgaon,36.0,26,60,0.0,60.0,8,6,2,13,67,2,28,0,1051577.0,1.Hindus,2.Buddhists,3.Muslims,343.0
2003.0,1393918,701593,692325,6.45,987.0,66.09,76.44,55.78,600819,470043,130776,793099,1307460,83077,2309,615.0,614.0,615.0,614.0,gujarat,amreli,19.0,11,6,0.0,6.0,28,28,0,0,24,1,98,0,1080960.0,1.Hindus,2.Muslims,3.Jains,383.0
2003.0,1856872,972000,884872,13.03,910.0,74.51,86.09,61.94,784711,617669,167042,1072161,1616127,199263,29461,350.0,350.0,350.0,350.0,gujarat,anand,28.0,21,5,0.0,5.0,36,32,4,0,24,3,130,0,1348901.0,1.Hindus,2.Muslims,3.Christians,301.0
2003.0,1370656,713676,656980,19.32,921.0,74.41,82.98,65.11,570693,469551,101142,799963,1059796,293459,8824,657.0,657.0,656.0,644.0,gujarat,bharuch,43.0,9,5,0.0,5.0,28,25,3,0,19,1,69,0,1018096.0,1.Hindus,2.Muslims,3.Christians,403.0
2003.0,2469630,1274920,1194710,19.29,937.0,66.2,78.02,53.73,944559,781166,163393,1525071,2264062,172740,28921,790.0,790.0,789.0,786.0,gujarat,bhavnagar,57.0,36,5,0.0,5.0,70,55,15,6,36,11,126,0,1534592.0,1.Hindus,2.Muslims,3.Jains,526.0
2003.0,1334455,697999,636456,23.88,912.0,76.59,87.74,64.58,554336,467413,86923,780119,1269766,50559,7769,291.0,291.0,291.0,290.0,gujarat,gandhinagar,23.0,12,0,0.0,0.0,34,28,6,2,25,2,113,0,867195.0,1.Hindus,2.Muslims,3.Jains,244.0
2003.0,1904278,981320,922958,22.39,941.0,66.48,76.25,56.18,734382,624057,110325,1169896,1605941,270223,21907,698.0,695.0,666.0,666.0,gujarat,jamnagar,34.0,19,10,0.0,10.0,27,21,6,0,20,0,150,0,1068022.0,1.Hindus,2.Muslims,3.Jains,286.0
2003.0,2448173,1252350,1195823,17.08,955.0,67.78,78.74,56.43,1000842,785530,215312,1447331,2165734,274481,4291,923.0,922.0,901.0,858.0,gujarat,junagadh,52.0,20,13,0.0,13.0,47,41,6,6,40,8,312,0,1736645.0,1.Hindus,2.Muslims,3.Jains,803.0
2003.0,514404,263986,250418,14.4,949.0,59.86,72.44,46.61,259116,176372,82744,255288,482552,20429,5122,552.0,552.0,530.0,515.0,gujarat,narmada,13.0,1,4,0.0,4.0,3,3,0,0,4,0,7,0,462298.0,1.Hindus,2.Muslims,3.Christians,324.0
2003.0,1229463,628988,600475,13.22,955.0,75.83,82.77,68.61,545215,457002,88213,684248,1135525,69972,13575,374.0,374.0,374.0,368.0,gujarat,navsari,26.0,7,2,0.0,2.0,10,9,1,0,6,0,15,0,893110.0,1.Hindus,2.Muslims,3.Jains,268.0
2003.0,1182709,612100,570609,14.08,932.0,60.36,73.63,46.33,533078,395470,137608,649631,1057013,119748,5136,517.0,516.0,517.0,514.0,gujarat,patan,17.0,11,2,0.0,2.0,15,15,0,0,21,0,112,0,944281.0,1.Hindus,2.Muslims,3.Jains,265.0
2003.0,536835,275821,261014,14.35,946.0,68.62,78.36,58.42,215134,173594,41540,321701,507176,28404,589,182.0,182.0,155.0,156.0,gujarat,porbandar,8.0,6,1,0.0,1.0,7,5,2,0,7,1,44,0,275460.0,1.Hindus,2.Muslims,3.Jains,130.0
2003.0,1515148,787650,727498,25.34,924.0,61.61,74.19,48.1,647609,512038,135571,867539,1392451,97846,22721,650.0,649.0,650.0,648.0,gujarat,surendranagar,25.0,14,16,0.0,16.0,32,25,7,6,42,2,53,0,1112700.0,1.Hindus,2.Muslims,3.Jains,170.0
2003.0,1410553,734799,675754,29.66,920.0,69.15,77.9,59.62,650257,503333,146924,760296,1300005,66440,15399,450.0,450.0,425.0,449.0,gujarat,valsad,31.0,7,5,0.0,5.0,13,10,3,0,7,0,37,0,1029392.0,1.Hindus,2.Muslims,3.Christians,303.0
2003.0,1014411,542977,471434,25.69,868.0,75.31,82.31,67.39,324521,275648,48873,689890,856193,132463,17263,482.0,482.0,479.0,432.0,haryana,ambala,26.0,16,10,0.0,10.0,26,24,2,7,17,31,129,0,657383.0,1.Hindus,2.Sikhs,3.Muslims,204.0
2003.0,1425022,758253,666769,22.45,879.0,67.45,80.26,53.0,609320,425210,184110,815702,1407363,12740,2542,437.0,437.0,437.0,429.0,haryana,bhiwani,47.0,22,15,0.0,15.0,17,7,10,28,17,0,69,0,1154629.0,1.Hindus,2.Muslims,3.Sikhs,252.0
2003.0,2194586,1193063,1001523,48.47,839.0,70.03,81.52,56.31,785762,609663,176099,1408824,1896698,247293,36005,413.0,413.0,413.0,376.0,haryana,faridabad,57.0,30,36,0.0,36.0,70,49,21,14,34,980,136,0,973242.0,1.Hindus,2.Muslims,3.Sikhs,188.0
2003.0,1660289,886451,773838,44.64,873.0,62.91,76.17,47.78,629658,464644,165014,1030631,1026542,617918,6672,694.0,694.0,693.0,642.0,haryana,gurgaon,62.0,33,32,0.0,32.0,44,37,7,13,17,26,101,0,1291285.0,1.Hindus,2.Muslims,3.Sikhs,203.0
2003.0,1189827,642282,547545,21.35,852.0,62.12,73.82,48.51,521946,372049,149897,667881,1134539,29159,20618,306.0,306.0,306.0,300.0,haryana,jind,33.0,20,17,0.0,17.0,11,5,6,10,7,13,34,0,948250.0,1.Hindus,2.Sikhs,3.Muslims,247.0
2003.0,946131,510513,435618,20.95,853.0,59.02,69.15,47.31,372011,268127,103884,574120,848765,88700,6777,270.0,270.0,270.0,261.0,haryana,kaithal,18.0,16,15,0.0,15.0,4,2,2,8,14,0,125,0,762649.0,1.Hindus,2.Sikhs,3.Muslims,160.0
2003.0,1274183,683368,590815,23.13,865.0,67.74,76.29,57.97,455455,355466,99989,818728,1125279,123160,22614,422.0,422.0,422.0,385.0,haryana,karnal,41.0,33,27,0.0,27.0,22,14,8,14,18,1,173,0,936341.0,1.Hindus,2.Sikhs,3.Muslims,186.0
2003.0,825454,442328,383126,23.72,866.0,69.88,78.06,60.61,308392,250596,57796,517062,675381,135545,12028,407.0,402.0,406.0,385.0,haryana,kurukshetra,30.0,15,23,0.0,23.0,11,7,4,12,23,18,92,0,609943.0,1.Hindus,2.Sikhs,3.Muslims,179.0
2003.0,812521,423578,388943,19.09,918.0,69.89,84.72,54.08,351864,204704,147160,460657,805991,3434,2026,368.0,368.0,368.0,350.0,haryana,mahendragarh,16.0,10,10,0.0,10.0,11,9,2,4,12,0,27,0,702885.0,1.Hindus,2.Muslims,3.Sikhs,190.0
2003.0,967449,528860,438589,38.57,829.0,69.17,78.5,57.97,382801,289013,93788,584648,873593,59696,27437,179.0,179.0,179.0,168.0,haryana,panipat,47.0,21,38,0.0,38.0,16,9,7,13,17,22,165,0,575369.0,1.Hindus,2.Muslims,3.Sikhs,116.0
2003.0,765351,403034,362317,25.24,899.0,75.25,88.45,60.83,333622,204855,128767,431729,758328,3194,1668,397.0,397.0,397.0,379.0,haryana,rewari,16.0,10,11,0.0,11.0,11,9,2,7,22,1,34,0,629177.0,1.Hindus,2.Muslims,3.Sikhs,175.0
2003.0,940128,509038,431090,20.99,847.0,73.72,83.23,62.59,371073,288225,82848,569055,924541,5665,5079,146.0,146.0,146.0,130.0,haryana,rohtak,50.0,52,25,0.0,25.0,21,15,6,17,12,23,34,0,610524.0,1.Hindus,2.Muslims,3.Sikhs,118.0
2003.0,1116649,593245,523404,22.96,882.0,60.55,70.05,49.93,475571,363946,111625,641078,801747,302942,7056,321.0,321.0,318.0,312.0,haryana,sirsa,38.0,36,22,0.0,22.0,18,5,13,9,10,0,70,0,823184.0,1.Hindus,2.Sikhs,3.Muslims,197.0
2003.0,1279175,695723,583452,22.36,839.0,72.79,83.06,60.68,523031,383449,139582,756144,1234225,31954,6729,323.0,323.0,323.0,316.0,haryana,sonipat,62.0,37,15,0.0,15.0,26,20,6,17,21,5,68,0,957800.0,1.Hindus,2.Muslims,3.Jains,248.0
2003.0,1041630,559444,482186,21.84,862.0,71.63,78.82,63.39,336533,280728,55805,705097,849255,104073,83524,613.0,613.0,607.0,483.0,haryana,yamunanagar,22.0,15,12,0.0,12.0,15,13,2,4,15,0,86,0,648608.0,1.Hindus,2.Muslims,3.Sikhs,248.0
2003.0,1165390,608878,556512,24.46,914.0,50.09,66.38,31.99,432714,283711,149003,732676,910409,221705,27263,2356.0,2356.0,289.0,768.0,jharkhand,deoghar,55.0,40,53,0.0,53.0,8,7,1,14,14,1,20,0,1005539.0,1.Hindus,2.Muslims,3.Others,94.0
2003.0,2397102,1278946,1118156,22.82,874.0,67.0,79.54,52.43,664058,492501,171557,1733044,1944757,364807,61505,1121.0,1121.0,503.0,708.0,jharkhand,dhanbad,92.0,31,43,0.0,43.0,55,41,14,30,47,0,18,0,1141744.0,1.Hindus,2.Muslims,3.Others,154.0
2003.0,1759602,897364,862238,17.31,961.0,47.94,62.86,32.35,778378,470354,308024,981224,1323468,203741,170201,3737.0,3737.0,213.0,1732.0,jharkhand,dumka,57.0,142,49,0.0,49.0,19,0,19,9,23,0,69,0,1644690.0,1.Hindus,2.Muslims,3.Others,312.0
2003.0,1904430,960679,943751,27.09,982.0,44.5,62.09,26.62,644644,340925,303719,1259786,1475201,383253,30778,2532.0,2532.0,481.0,1232.0,jharkhand,giridih,65.0,27,35,0.0,35.0,31,22,9,42,52,0,37,0,1782066.0,1.Hindus,2.Muslims,3.Others,229.0
2003.0,1047939,544043,503896,21.61,926.0,43.13,57.52,27.39,421941,238694,183247,625998,745237,210734,68055,1633.0,1633.0,257.0,892.0,jharkhand,godda,31.0,36,76,0.0,76.0,25,15,10,4,0,0,56,0,1010931.0,1.Hindus,2.Muslims,3.Others,141.0
2003.0,1346767,675769,670998,16.6,993.0,51.74,63.5,39.95,658921,446953,211968,687846,440373,425107,419004,1393.0,1393.0,92.0,1015.0,jharkhand,gumla,131.0,24,31,0.0,31.0,14,12,2,0,14,0,11,0,1273025.0,1.Hindus,2.Christians,3.Others,365.0
2003.0,2277475,1167793,1109682,24.02,950.0,57.74,71.81,42.87,790049,532895,257154,1487426,1870586,337117,36789,1543.0,1543.0,413.0,962.0,jharkhand,hazaribagh,81.0,42,40,0.0,40.0,36,20,16,41,57,0,30,0,1748406.0,1.Hindus,2.Muslims,3.Others,147.0
2003.0,2098359,1084417,1013942,26.8,935.0,44.95,58.91,29.88,793658,444921,348737,1304701,1740948,242980,63100,2465.0,2465.0,410.0,1474.0,jharkhand,palamu,70.0,24,13,0.0,13.0,14,8,6,11,4,0,13,0,1973266.0,1.Hindus,2.Muslims,3.Others,349.0
2003.0,2785064,1436976,1348088,25.72,938.0,64.57,76.56,51.72,1076904,750962,325942,1708160,1399301,767672,348774,2052.0,2052.0,331.0,1343.0,jharkhand,ranchi,250.0,136,55,0.0,55.0,70,2,68,9,73,0,61,0,1807243.0,1.Hindus,2.Others,3.Muslims,377.0
2003.0,4214505,2150090,2064415,17.4,960.0,64.21,75.7,52.32,1877774,1537645,340129,2336731,3565153,440836,169466,1255.0,1254.0,1247.0,1240.0,karnataka,belgaum,107.0,39,11,0.0,11.0,28,15,13,12,45,4,93,0,3201814.0,1.Hindus,2.Muslims,3.Christians,740.0
2003.0,2027140,1029714,997426,22.3,969.0,57.4,69.2,45.28,920821,801369,119452,1106319,1739522,257806,13226,524.0,523.0,524.0,381.0,karnataka,bellary,48.0,41,14,0.0,14.0,12,6,6,2,58,0,36,0,1320290.0,1.Hindus,2.Muslims,3.Christians,260.0
2003.0,1502373,771022,731351,19.56,949.0,60.94,72.46,48.81,557603,424985,132618,944770,1020174,295762,122083,599.0,596.0,596.0,591.0,karnataka,bidar,37.0,57,6,0.0,6.0,22,17,5,5,45,3,67,0,1157498.0,1.Hindus,2.Muslims,3.Buddhists,293.0
2003.0,1806918,926424,880494,17.63,950.0,57.01,69.94,43.47,718213,551972,166241,1088705,1495080,294491,8356,660.0,659.0,657.0,626.0,karnataka,bijapur,55.0,33,9,0.0,9.0,18,11,7,4,68,0,83,0,1410829.0,1.Hindus,2.Muslims,3.Jains,392.0
2003.0,1517896,776221,741675,15.05,955.0,64.45,74.66,53.78,721835,576035,145800,796061,1388506,109412,8411,946.0,916.0,946.0,879.0,karnataka,chitradurga,42.0,20,19,0.0,19.0,15,7,8,6,43,1,32,0,1243658.0,1.Hindus,2.Muslims,3.Religion not stated,197.0
2003.0,1790952,917705,873247,14.78,952.0,67.43,76.37,58.04,783781,631726,152055,1007171,1532714,226708,10944,810.0,786.0,808.0,727.0,karnataka,davanagere,28.0,20,16,0.0,16.0,14,6,8,10,56,2,78,0,1247954.0,1.Hindus,2.Muslims,3.Religion not stated,278.0
2003.0,3130922,1592789,1538133,21.02,966.0,50.01,61.77,37.9,1350072,1010430,339642,1780850,2381497,551171,153619,1360.0,1327.0,1342.0,1337.0,karnataka,gulbarga,88.0,72,14,0.0,14.0,29,20,9,5,150,0,103,0,2278301.0,1.Hindus,2.Muslims,3.Buddhists,708.0
2003.0,1721669,859086,862583,9.66,1004.0,68.63,78.37,59.0,864711,702827,161884,856958,1587287,104730,15598,2394.0,2330.0,2341.0,1990.0,karnataka,hassan,53.0,67,16,0.0,16.0,20,9,11,3,78,0,43,0,1416996.0,1.Hindus,2.Muslims,3.Christians,482.0
2003.0,548561,274831,273730,11.64,996.0,77.99,83.7,72.26,266378,247574,18804,282183,450694,78466,17951,291.0,279.0,286.0,267.0,karnataka,kodagu,32.0,24,11,0.0,11.0,6,2,4,1,27,0,18,0,473179.0,1.Hindus,2.Muslims,3.Christians,138.0
2003.0,2536069,1286193,1249876,13.83,972.0,62.84,73.17,52.23,1235028,1014667,220361,1301041,2196660,298767,32547,2919.0,2797.0,2785.0,2342.0,karnataka,kolar,65.0,56,14,0.0,14.0,32,26,6,10,32,1,52,0,1910546.0,1.Hindus,2.Muslims,3.Christians,490.0
2003.0,1196089,603312,592777,24.57,983.0,54.1,68.42,39.61,554506,422208,132298,641583,1042294,137174,5395,594.0,590.0,594.0,560.0,karnataka,koppal,24.0,23,12,0.0,12.0,5,5,0,5,18,2,27,0,997797.0,1.Hindus,2.Muslims,3.Religion not stated,281.0
2003.0,1763705,888034,875671,7.14,986.0,61.05,70.5,51.53,840419,682440,157979,923286,1667640,69890,11093,1369.0,1330.0,1323.0,1185.0,karnataka,mandya,57.0,59,13,0.0,13.0,8,6,2,5,65,0,77,0,1480990.0,1.Hindus,2.Muslims,3.Buddhists,458.0
2003.0,1669762,841840,827922,21.93,983.0,48.81,61.52,35.93,732762,544347,188415,937000,1417051,228652,12390,830.0,806.0,796.0,306.0,karnataka,raichur,37.0,26,12,0.0,12.0,16,16,0,7,61,5,79,0,1248925.0,1.Hindus,2.Muslims,3.Christians,338.0
2003.0,1642545,830559,811986,12.9,978.0,74.52,82.01,66.88,714671,586832,127839,927874,1401087,200979,26474,1443.0,1415.0,1399.0,989.0,karnataka,shimoga,51.0,40,15,0.0,15.0,21,14,7,4,73,0,127,0,1071535.0,1.Hindus,2.Muslims,3.Christians,311.0
2003.0,2584711,1313801,1270910,11.87,967.0,67.01,76.78,56.94,1316939,1050291,266648,1267772,2349801,211732,7736,2574.0,2477.0,2573.0,2123.0,karnataka,tumkur,79.0,46,14,0.0,14.0,24,1,23,10,77,1,38,0,2077509.0,1.Hindus,2.Muslims,3.Christians,382.0
2003.0,1129221,566682,562539,6.96,993.0,88.69,92.33,85.02,487352,400699,86653,641869,566744,480108,81222,64.0,64.0,64.0,60.0,kerala,idukki,28.0,14,14,0.0,14.0,0,0,0,0,93,6,104,0,1071628.0,1.Hindus,2.Muslims,3.Christians,62.0
2003.0,2408956,1152817,1256139,7.13,1090.0,92.59,96.13,89.4,767197,626876,140321,1641759,1480748,665648,261019,78.0,78.0,78.0,78.0,kerala,kannur,12.0,38,13,0.0,13.0,4,2,2,0,65,3,174,0,1196058.0,1.Hindus,2.Muslims,3.Christians,78.0
2003.0,2585208,1249621,1335587,7.33,1069.0,91.18,94.43,88.18,828566,654823,173743,1756642,1685044,474071,423745,93.0,93.0,93.0,93.0,kerala,kollam,36.0,22,53,0.0,53.0,24,11,13,5,317,0,365,0,2119230.0,1.Hindus,2.Muslims,3.Christians,92.0
2003.0,1953646,964926,988720,6.76,1025.0,95.82,97.34,94.35,642157,539609,102548,1311489,963497,871371,116686,89.0,89.0,89.0,89.0,kerala,kottayam,19.0,25,25,0.0,25.0,15,10,5,0,141,10,115,0,1653838.0,1.Hindus,2.Muslims,3.Christians,88.0
2003.0,3625471,1754576,1870895,17.22,1066.0,89.61,93.25,86.26,874476,691848,182628,2750995,2484576,1057418,80650,122.0,122.0,122.0,122.0,kerala,malappuram,18.0,17,42,0.0,42.0,11,4,7,2,57,2,460,0,3269301.0,1.Hindus,2.Muslims,3.Christians,121.0
2003.0,2617482,1266985,1350497,9.86,1066.0,84.35,89.52,79.56,945052,768620,176432,1672430,1802766,703596,109249,144.0,144.0,144.0,141.0,kerala,palakkad,52.0,41,47,0.0,47.0,12,1,11,3,140,4,214,0,2260907.0,1.Hindus,2.Muslims,3.Christians,139.0
2003.0,1234016,589398,644618,3.72,1094.0,94.84,96.41,93.43,366049,285844,80205,867967,694560,481602,56457,65.0,65.0,65.0,64.0,kerala,pathanamthitta,27.0,10,13,0.0,13.0,0,0,0,2,94,0,116,0,1110218.0,1.Hindus,2.Muslims,3.Christians,63.0
2003.0,2974232,1422052,1552180,8.7,1092.0,92.27,95.11,89.71,955300,808965,146335,2018932,1761842,720152,488697,204.0,204.0,204.0,196.0,kerala,thrissur,39.0,35,29,0.0,29.0,20,7,13,3,157,10,224,0,2134799.0,1.Hindus,2.Muslims,3.Christians,194.0
2003.0,1630239,841253,788986,20.51,938.0,81.41,88.91,73.43,648243,582264,65979,981996,1024080,296272,293184,862.0,851.0,840.0,786.0,maharashtra,akola,48.0,38,29,0.0,29.0,29,29,0,9,80,5,132,0,1002742.0,1.Hindus,2.Muslims,3.Buddhists,212.0
2003.0,1136146,573445,562701,11.2,981.0,78.47,88.97,67.82,536885,365464,171421,599261,953507,144541,23324,778.0,772.0,774.0,716.0,maharashtra,bhandara,30.0,7,41,0.0,41.0,7,6,1,7,54,27,69,0,960418.0,1.Hindus,2.Buddhists,3.Muslims,442.0
2003.0,2071101,1062993,1008108,17.26,948.0,73.17,82.94,62.89,930791,683029,247762,1140310,1680113,274067,76050,1472.0,1462.0,1444.0,1359.0,maharashtra,chandrapur,41.0,21,36,0.0,36.0,13,12,1,3,85,21,101,0,1406034.0,1.Hindus,2.Buddhists,3.Muslims,318.0
2003.0,1707947,878372,829575,16.01,944.0,71.65,81.4,61.39,737941,573496,164445,970006,1522895,149466,14613,678.0,675.0,673.0,669.0,maharashtra,dhule,32.0,13,7,0.0,7.0,5,5,0,2,18,6,90,0,1262062.0,1.Hindus,2.Muslims,3.Buddhists,276.0
2003.0,970294,491101,479193,23.25,976.0,60.1,71.86,48.07,497104,336959,160145,473190,818640,78058,44825,1521.0,1509.0,1320.0,1279.0,maharashtra,gadchiroli,58.0,28,30,0.0,30.0,17,13,4,2,57,20,81,0,903033.0,1.Hindus,2.Buddhists,3.Others,369.0
2003.0,3682690,1905493,1777197,15.44,933.0,75.43,85.91,64.3,1563983,1300086,263897,2118707,3049368,455288,126136,1491.0,1491.0,1486.0,1470.0,maharashtra,jalgaon,82.0,39,38,0.0,38.0,20,9,11,8,79,21,239,0,2629896.0,1.Hindus,2.Muslims,3.Buddhists,934.0
2003.0,1612980,826903,786077,18.17,951.0,64.4,79.14,49.04,716900,611998,104902,896080,1255041,211531,121033,963.0,963.0,959.0,952.0,maharashtra,jalna,53.0,25,8,0.0,8.0,15,14,1,15,53,14,204,0,1305115.0,1.Hindus,2.Muslims,3.Buddhists,380.0
2003.0,3523162,1807470,1715692,17.59,949.0,76.93,87.47,66.02,1652970,1394882,258088,1870192,3077263,236875,147285,1196.0,1194.0,1190.0,1185.0,maharashtra,kolhapur,66.0,40,15,0.0,15.0,18,11,7,25,47,7,64,0,2472809.0,1.Hindus,2.Muslims,3.Jains,638.0
2003.0,2080285,1075257,1005028,23.95,935.0,71.54,82.94,59.4,840518,712849,127669,1239767,1700679,292996,74351,921.0,921.0,919.0,917.0,maharashtra,latur,56.0,34,21,0.0,21.0,15,15,0,31,49,2,80,0,1590024.0,1.Hindus,2.Muslims,3.Buddhists,409.0
2003.0,8640419,4741720,3898699,27.2,822.0,86.89,91.56,81.12,3152509,2971039,181470,5487910,5953475,1488987,464354,1016.4515570934255,1009.6712802768166,774.7595155709342,796.7941176470588,maharashtra,mumbai,242.0,115,133,0.0,133.0,150,85,65,8,282,44,199,0,1121338.0,1.Hindus,2.Muslims,3.Buddhists,118.0
2003.0,3338031,1878246,1459785,4.79,777.0,86.4,90.23,81.38,1311739,1250710,61029,2026292,2119750,734484,161417,1016.4515570934255,1009.6712802768166,774.7595155709342,796.7941176470588,maharashtra,mumbai,242.0,115,133,0.0,133.0,150,85,65,8,282,44,199,0,1121338.0,1.Hindus,2.Muslims,3.Buddhists,118.0
2003.0,2876259,1481358,1394901,23.08,942.0,67.77,80.44,54.35,1202037,965087,236950,1674222,2162185,385081,302161,1546.0,1538.0,1531.0,1536.0,maharashtra,nanded,71.0,90,33,0.0,33.0,24,14,10,16,78,7,229,0,2187195.0,1.Hindus,2.Muslims,3.Buddhists,209.0
2003.0,1486586,769368,717218,15.35,932.0,69.02,80.42,56.89,653522,555202,98320,833064,1297858,151181,28356,729.0,729.0,727.0,726.0,maharashtra,osmanabad,38.0,16,12,0.0,12.0,7,3,4,3,37,11,92,0,1253330.0,1.Hindus,2.Muslims,3.Buddhists,400.0
2003.0,1527715,780191,747524,15.31,958.0,66.07,79.63,52.02,644752,559917,84835,882963,1121246,243935,153231,830.0,830.0,824.0,821.0,maharashtra,parbhani,52.0,30,13,0.0,13.0,12,7,5,7,49,5,149,0,1042529.0,1.Hindus,2.Muslims,3.Buddhists,386.0
2003.0,1696777,794498,902279,9.87,1136.0,75.05,85.89,65.77,763387,557613,205774,933390,1391137,175672,120855,1539.0,1538.0,1539.0,1484.0,maharashtra,ratnagiri,20.0,14,16,0.0,16.0,5,1,4,0,27,10,47,0,1504568.0,1.Hindus,2.Muslims,3.Buddhists,810.0
2003.0,2583524,1320088,1263436,17.59,957.0,76.62,86.26,66.73,1218655,952241,266414,1364869,2243478,203524,85160,721.0,721.0,721.0,719.0,maharashtra,sangli,78.0,24,47,0.0,47.0,24,12,12,7,39,8,87,0,1950306.0,1.Hindus,2.Muslims,3.Jains,567.0
2003.0,2808994,1408326,1400668,14.1,995.0,78.22,88.2,68.38,1303658,1044989,258669,1505336,2533359,128570,125661,1716.0,1716.0,1701.0,1680.0,maharashtra,satara,61.0,20,17,0.0,17.0,14,6,8,8,42,5,156,0,2410873.0,1.Hindus,2.Buddhists,3.Muslims,646.0
2003.0,868825,417890,450935,3.55,1079.0,80.3,90.26,71.23,404985,233827,171158,463840,802498,24320,23668,743.0,743.0,735.0,722.0,maharashtra,sindhudurg,14.0,4,8,0.0,8.0,8,4,4,1,16,3,3,0,786506.0,1.Hindus,2.Buddhists,3.Muslims,593.0
2003.0,1236736,638990,597746,15.3,935.0,80.06,87.18,72.45,550351,431330,119021,686385,1006235,169579,47605,1004.0,998.0,998.0,842.0,maharashtra,wardha,48.0,26,25,0.0,25.0,15,15,0,1,81,4,67,0,911695.0,1.Hindus,2.Buddhists,3.Muslims,392.0
2003.0,2458271,1265681,1192590,18.46,942.0,73.62,84.09,62.52,1118937,949453,169484,1339334,1999368,221793,196909,1856.0,1820.0,1795.0,1729.0,maharashtra,yavatmal,83.0,68,50,0.0,50.0,38,35,3,12,135,16,170,0,2001060.0,1.Hindus,2.Buddhists,3.Muslims,723.0
2003.0,208368,104550,103818,13.9,993.0,67.63,79.61,55.66,89703,55557,34146,118665,148903,38763,14194,48.0,48.0,46.0,47.0,manipur,bishnupur,22.0,42,2,0.0,2.0,10,6,4,0,16,0,0,0,133627.0,1.Hindus,2.Others,3.Muslims,28.0
2003.0,118327,59741,58586,72.8,981.0,56.23,64.34,47.98,54545,39935,14610,63782,109128,5701,2318,350.0,323.0,190.0,214.0,manipur,chandel,17.0,6,0,0.0,0.0,3,1,2,0,0,0,0,0,103365.0,1.Christians,2.Hindus,3.Muslims,25.0
2003.0,227905,117232,110673,29.81,944.0,70.59,77.67,63.06,99363,71933,27430,128542,213186,10538,2573,540.0,539.0,306.0,395.0,manipur,churachandpur,14.0,21,0,0.0,0.0,4,0,4,0,2,0,0,0,227905.0,1.Christians,2.Hindus,3.Muslims,66.0
2003.0,111499,58014,53485,29.23,922.0,59.25,68.72,48.95,50863,43353,7510,60636,105791,3187,1431,171.0,171.0,75.0,157.0,manipur,tamenglong,3.0,3,0,0.0,0.0,0,0,0,0,0,0,0,0,111499.0,1.Christians,2.Hindus,3.Muslims,42.0
2003.0,364140,182250,181890,24.62,998.0,66.41,80.43,52.46,177343,111486,65857,186797,221096,86849,50819,90.0,90.0,84.0,88.0,manipur,thoubal,22.0,42,8,0.0,8.0,34,26,8,0,1,0,3,0,232868.0,1.Hindus,2.Muslims,3.Others,36.0
2003.0,140778,73465,67313,28.98,916.0,73.12,80.13,65.41,66515,51564,14951,74263,133966,5687,881,198.0,198.0,154.0,188.0,manipur,ukhrul,2.0,5,0,0.0,0.0,3,3,0,0,1,0,0,0,140778.0,1.Christians,2.Hindus,3.Muslims,47.0
2003.0,325676,166877,158799,39.24,952.0,96.51,96.75,96.26,162961,125328,37633,162715,303893,14508,5185,96.0,96.0,81.0,86.0,mizoram,aizawl,14.0,24,24,0.0,24.0,4,1,3,0,25,0,3,0,77531.0,1.Christians,2.Hindus,3.Muslims,46.0
2003.0,73620,38776,34844,34.78,899.0,64.74,70.9,57.81,34093,26188,7905,39527,38410,32877,1910,139.0,139.0,27.0,134.0,mizoram,lawngtlai,6.0,3,1,0.0,1.0,0,0,0,0,6,0,0,0,73620.0,1.Buddhists,2.Christians,3.Hindus,24.0
2003.0,137223,71402,65821,23.1,922.0,84.17,87.44,80.6,71792,60870,10922,65431,109204,22429,4612,160.0,160.0,101.0,130.0,mizoram,lunglei,6.0,2,6,0.0,6.0,0,0,0,0,15,0,0,0,79267.0,1.Christians,2.Buddhists,3.Hindus,55.0
2003.0,310084,162251,147833,49.96,911.0,74.54,80.3,68.15,135023,114456,20567,175061,278844,21950,5457,180.0,179.0,148.0,164.0,nagaland,kohima,28.0,10,5,0.0,5.0,2,0,2,0,4,0,0,0,233054.0,1.Christians,2.Hindus,3.Others,82.0
2003.0,232085,120929,111156,43.48,919.0,83.92,86.03,81.61,109260,82160,27100,122825,219282,10433,2128,102.0,101.0,97.0,99.0,nagaland,mokokchung,8.0,3,1,0.0,1.0,10,0,10,0,0,2,0,0,200871.0,1.Christians,2.Hindus,3.Muslims,82.0
2003.0,260652,138753,121899,73.42,879.0,41.83,46.56,36.35,130848,108206,22642,129804,248684,9963,1748,110.0,110.0,102.0,107.0,nagaland,mon,7.0,7,2,0.0,2.0,1,0,1,0,0,0,0,0,244062.0,1.Christians,2.Hindus,3.Muslims,69.0
2003.0,148195,77141,71054,45.12,921.0,70.65,78.37,62.26,71398,57454,13944,76797,143048,4095,517,104.0,104.0,102.0,102.0,nagaland,phek,8.0,4,2,0.0,2.0,6,0,6,0,0,0,0,0,135331.0,1.Christians,2.Hindus,3.Muslims,54.0
2003.0,414818,218678,196140,78.1,897.0,50.64,55.12,45.58,184924,156950,27974,229894,406287,6856,1329,251.0,251.0,238.0,230.0,nagaland,tuensang,9.0,1,0,0.0,0.0,0,0,0,0,0,0,0,0,385046.0,1.Christians,2.Hindus,3.Muslims,123.0
2003.0,161223,83670,77553,95.01,927.0,80.55,85.35,75.32,56254,49679,6575,104969,155009,4787,1209,128.0,128.0,105.0,104.0,nagaland,wokha,5.0,6,0,0.0,0.0,2,1,1,0,0,0,0,0,123587.0,1.Christians,2.Hindus,3.Muslims,67.0
2003.0,153955,79056,74899,61.0,947.0,69.28,73.74,64.57,56783,47491,9292,97172,150097,3193,492,187.0,186.0,187.0,178.0,nagaland,zunheboto,6.0,1,0,0.0,0.0,0,0,0,0,0,0,0,0,130874.0,1.Christians,2.Hindus,3.Muslims,57.0
2003.0,3096077,1650589,1445488,22.72,876.0,67.27,72.61,61.26,1112200,938100,174100,1983877,2383575,648284,51948,1185.0,1151.0,1185.0,1114.0,punjab,amritsar,49.0,31,11,0.0,11.0,38,25,13,4,9,0,50,0,1872802.0,1.Sikhs,2.Hindus,3.Christians,696.0
2003.0,550892,292596,258296,21.42,883.0,61.95,68.15,55.03,209754,181873,27881,341138,427104,119702,1739,163.0,163.0,163.0,160.0,punjab,faridkot,12.0,8,10,0.0,10.0,7,5,2,2,8,0,49,0,357321.0,1.Sikhs,2.Hindus,3.Muslims,107.0
2003.0,2104011,1113077,990934,19.33,890.0,73.77,79.78,67.15,700557,568322,132235,1403454,996246,934963,148981,1532.0,1531.0,1532.0,1375.0,punjab,gurdaspur,23.0,19,15,0.0,15.0,5,4,1,4,4,0,19,0,1568788.0,1.Hindus,2.Sikhs,3.Christians,517.0
2003.0,1480736,765132,715604,13.81,935.0,81.02,86.45,75.32,513351,415123,98228,967385,871923,574862,15394,1386.0,1386.0,1386.0,1232.0,punjab,hoshiarpur,38.0,22,30,0.0,30.0,27,14,13,7,13,15,51,0,1188662.0,1.Hindus,2.Sikhs,3.Muslims,382.0
2003.0,1962700,1040177,922523,18.4,887.0,78.04,82.49,73.08,676835,599324,77511,1285865,1158868,740841,22106,934.0,934.0,934.0,832.0,punjab,jalandhar,55.0,79,33,0.0,33.0,64,46,18,13,27,0,107,0,1030717.0,1.Hindus,2.Sikhs,3.Christians,598.0
2003.0,754521,399623,354898,16.34,888.0,73.93,79.02,68.29,262741,231222,31519,491780,448654,286438,7740,618.0,618.0,618.0,478.0,punjab,kapurthala,22.0,14,11,0.0,11.0,11,5,6,2,3,0,37,0,507994.0,1.Sikhs,2.Hindus,3.Buddhists,359.0
2003.0,3032831,1662716,1370115,24.79,824.0,76.5,80.25,71.95,1149638,1041517,108121,1883193,1744446,1205128,52220,897.0,897.0,897.0,842.0,punjab,ludhiana,64.0,66,38,0.0,38.0,85,47,38,8,72,175,116,0,1339178.0,1.Sikhs,2.Hindus,3.Muslims,550.0
2003.0,1844934,987390,857544,20.31,868.0,69.78,75.88,62.86,681951,589015,92936,1162983,1024546,778427,34828,1054.0,1053.0,1054.0,986.0,punjab,patiala,49.0,32,33,0.0,33.0,36,30,6,6,28,0,138,0,1200224.0,1.Sikhs,2.Hindus,3.Muslims,172.0
2003.0,2000173,1069289,930884,18.57,871.0,59.98,65.81,53.38,814098,714076,100022,1186075,1400149,434873,157838,697.0,697.0,697.0,684.0,punjab,sangrur,33.0,35,19,0.0,19.0,18,14,4,12,14,2,56,0,1415354.0,1.Sikhs,2.Hindus,3.Muslims,291.0
2003.0,2181670,1129920,1051750,26.1,931.0,64.65,79.37,48.86,856809,690818,165991,1324861,1869044,244341,47812,1025.0,1025.0,966.0,970.0,rajasthan,ajmer,47.0,61,36,0.0,36.0,100,95,5,17,75,0,284,0,1306994.0,1.Hindus,2.Muslims,3.Jains,352.0
2003.0,2992592,1586752,1405840,30.23,886.0,61.74,78.09,43.28,1458686,947587,511099,1533906,2535155,383204,55530,1954.0,1954.0,1843.0,1811.0,rajasthan,alwar,80.0,134,50,0.0,50.0,81,60,21,42,114,0,274,0,2557653.0,1.Hindus,2.Muslims,3.Sikhs,553.0
2003.0,1501589,760686,740903,29.84,974.0,44.63,60.45,28.43,709412,529393,180019,792177,1425287,39079,18406,1476.0,1476.0,853.0,1348.0,rajasthan,banswara,35.0,26,53,0.0,53.0,54,51,3,3,89,2,100,0,1394226.0,1.Hindus,2.Muslims,3.Jains,450.0
2003.0,1964835,1038247,926588,36.83,892.0,58.99,72.76,43.45,919729,680208,239521,1045106,1695047,231918,35744,1933.0,1933.0,948.0,1777.0,rajasthan,barmer,16.0,16,16,0.0,16.0,26,15,11,17,72,0,63,0,1819431.0,1.Hindus,2.Muslims,3.Jains,433.0
2003.0,2101142,1133425,967717,27.05,854.0,63.57,80.54,43.56,852913,573547,279366,1248229,1804599,264709,23472,1366.0,1365.0,1238.0,1298.0,rajasthan,bharatpur,91.0,92,41,0.0,41.0,105,68,37,30,55,0,228,0,1692182.0,1.Hindus,2.Muslims,3.Sikhs,481.0
2003.0,2013789,1026650,987139,26.14,962.0,50.74,67.39,33.48,939848,764916,174932,1073941,1859972,112802,37659,1693.0,1693.0,1553.0,1516.0,rajasthan,bhilwara,24.0,56,42,0.0,42.0,148,112,36,6,111,0,286,0,1598938.0,1.Hindus,2.Muslims,3.Jains,473.0
2003.0,1674271,886075,788196,38.18,890.0,56.91,70.05,42.03,661457,522482,138975,1012814,1445088,172372,31235,712.0,686.0,485.0,611.0,rajasthan,bikaner,50.0,88,27,0.0,27.0,41,28,13,14,50,0,164,0,1079235.0,1.Hindus,2.Muslims,3.Jains,173.0
2003.0,962620,504818,457802,24.8,907.0,55.57,71.68,37.79,456937,305977,150960,505683,881956,56220,13186,839.0,838.0,733.0,764.0,rajasthan,bundi,28.0,100,42,0.0,42.0,69,49,20,4,152,0,198,0,783058.0,1.Hindus,2.Muslims,3.Jains,178.0
2003.0,1923878,987781,936097,24.6,948.0,66.81,79.69,53.35,853899,587431,266468,1069979,1698106,210446,13882,946.0,925.0,877.0,909.0,rajasthan,churu,29.0,34,22,0.0,22.0,29,14,15,15,76,1,173,0,1387682.0,1.Hindus,2.Muslims,3.Jains,423.0
2003.0,1107643,547791,559852,26.58,1022.0,48.57,66.04,31.77,531376,272283,259093,576267,1068319,23549,12542,854.0,853.0,723.0,819.0,rajasthan,dungarpur,30.0,20,15,0.0,15.0,29,29,0,10,50,1,54,0,1026787.0,1.Hindus,2.Muslims,3.Jains,368.0
2003.0,1789423,955378,834045,27.53,873.0,64.74,75.53,52.44,719792,552559,167233,1069631,1299812,441409,42442,2830.0,2820.0,1817.0,1653.0,rajasthan,ganganagar,59.0,143,75,0.0,75.0,51,47,4,16,69,0,352,0,1336066.0,1.Hindus,2.Sikhs,3.Muslims,654.0
2003.0,5251071,2768203,2482868,35.1,897.0,69.9,82.8,55.52,1864055,1584361,279694,3387016,4629461,515124,73631,2077.0,2077.0,1962.0,1863.0,rajasthan,jaipur,92.0,114,57,0.0,57.0,226,187,39,32,188,0,482,0,2659004.0,1.Hindus,2.Muslims,3.Jains,622.0
2003.0,508247,279101,229146,47.45,821.0,50.97,66.26,32.05,211687,153139,58548,296560,383638,120174,2086,600.0,576.0,183.0,473.0,rajasthan,jaisalmer,3.0,0,3,0.0,3.0,10,6,4,4,16,0,13,0,431853.0,1.Hindus,2.Muslims,3.Sikhs,144.0
2003.0,1180323,612804,567519,23.34,926.0,57.32,73.31,40.02,554781,399386,155395,625542,1087934,78962,11759,1477.0,1476.0,1185.0,1173.0,rajasthan,jhalawar,32.0,81,50,0.0,50.0,69,51,18,11,141,1,191,0,1012081.0,1.Hindus,2.Muslims,3.Jains,214.0
2003.0,2886505,1513890,1372615,33.77,907.0,56.67,72.96,38.64,1105009,829721,275288,1781496,2528049,310114,36694,1058.0,1058.0,911.0,983.0,rajasthan,jodhpur,39.0,68,34,0.0,34.0,96,62,34,15,96,4,282,0,1909423.0,1.Hindus,2.Muslims,3.Jains,462.0
2003.0,1568525,827128,741397,28.52,896.0,73.53,85.23,60.43,541362,420734,120628,1027163,1344633,183716,23259,812.0,811.0,736.0,715.0,rajasthan,kota,35.0,292,35,0.0,35.0,134,115,19,9,146,2,307,0,729948.0,1.Hindus,2.Muslims,3.Jains,225.0
2003.0,2775058,1424967,1350091,29.33,947.0,57.28,74.1,39.67,1129514,844039,285475,1645544,2399173,356405,17478,1480.0,1466.0,1417.0,1417.0,rajasthan,nagaur,45.0,30,32,0.0,32.0,40,27,13,10,115,0,128,0,2297721.0,1.Hindus,2.Muslims,3.Jains,580.0
2003.0,1820251,918856,901395,22.39,981.0,54.39,72.2,36.48,724883,518158,206725,1095368,1677038,114088,25599,936.0,936.0,883.0,906.0,rajasthan,pali,38.0,54,27,0.0,27.0,80,65,15,9,184,1,190,0,1429364.0,1.Hindus,2.Muslims,3.Jains,451.0
2003.0,2287788,1172753,1115035,24.11,951.0,70.47,84.34,56.11,887915,633421,254494,1399873,2019396,261714,4957,986.0,985.0,965.0,945.0,rajasthan,sikar,33.0,20,15,0.0,15.0,41,22,19,17,44,0,111,0,1815250.0,1.Hindus,2.Muslims,3.Jains,470.0
2003.0,851107,437949,413158,30.08,943.0,53.94,69.89,37.15,343905,245762,98143,507202,810765,25439,12427,455.0,454.0,399.0,423.0,rajasthan,sirohi,27.0,29,11,0.0,11.0,35,32,3,6,37,0,97,0,700217.0,1.Hindus,2.Muslims,3.Jains,201.0
2003.0,1211671,626436,585235,24.24,934.0,51.97,70.52,32.15,532682,425230,107452,678989,1062365,124440,23644,1032.0,1031.0,818.0,887.0,rajasthan,tonk,20.0,27,11,0.0,11.0,60,48,12,5,45,1,179,1,958503.0,1.Hindus,2.Muslims,3.Jains,246.0
2003.0,2633312,1336004,1297308,27.37,971.0,58.62,73.62,43.26,1100880,724120,376760,1532432,2449773,88262,83699,2339.0,2337.0,1647.0,2030.0,rajasthan,udaipur,61.0,77,35,0.0,35.0,91,72,19,5,65,2,136,0,2142995.0,1.Hindus,2.Muslims,3.Jains,619.0
2003.0,245040,132917,112123,37.17,844.0,74.67,81.2,66.8,116529,92577,23952,128511,157321,64729,14502,131.0,131.0,125.0,112.0,sikkim,east,7.0,4,5,0.0,5.0,0,0,0,0,11,0,1,0,192188.0,1.Hindus,2.Buddhists,3.Christians,100.0
2003.0,41030,23414,17616,31.32,752.0,67.21,75.69,55.39,23542,17553,5989,17488,22603,16128,1623,53.0,53.0,46.0,42.0,sikkim,north,1.0,0,2,0.0,2.0,0,0,0,0,0,0,0,0,39782.0,1.Buddhists,2.Hindus,3.Christians,44.0
2003.0,131525,68241,63284,33.37,927.0,67.31,74.29,59.72,69693,57367,12326,61832,84213,31109,12757,145.0,145.0,142.0,131.0,sikkim,south,3.0,1,1,0.0,1.0,0,0,0,0,6,0,0,0,127579.0,1.Hindus,2.Buddhists,3.Christians,99.0
2003.0,123256,63912,59344,25.48,929.0,58.8,66.82,50.11,53279,45407,7872,69977,71886,33601,9567,121.0,121.0,115.0,107.0,sikkim,west,3.0,2,2,0.0,2.0,0,0,0,0,8,0,0,0,121432.0,1.Hindus,2.Buddhists,3.Others,86.0
2003.0,307868,159095,148773,10.79,935.0,60.93,70.17,50.99,126761,92570,34191,181107,257834,28180,14848,148.0,148.0,108.0,138.0,tripura,dhalai,40.0,22,5,0.0,5.0,36,2,34,2,8,0,10,0,289001.0,1.Hindus,2.Buddhists,3.Christians,58.0
2003.0,900635,506938,393697,40.33,777.0,81.94,86.14,76.47,340422,328989,11433,560213,707978,145175,35548,23.0,23.0,23.0,18.0,chandigarh,chandigarh,21.0,15,18,0.0,18.0,32,28,4,1,11,4,93,0,92120.0,1.Hindus,2.Sikhs,3.Muslims,18.0
2004.0,1647201,848578,798623,18.53,941.0,56.24,64.83,47.07,517088,408537,108551,1130113,977943,662066,5267,1050.0,1050.0,775.0,967.0,assam,barpeta,48.0,6,50,0.0,50.0,74,60,14,8,25,4,102,0,1520333.0,1.Hindus,2.Muslims,3.Christians,430.0
2004.0,904835,465240,439595,12.23,945.0,59.33,67.67,50.44,293243,233087,60156,611592,535464,348573,18728,881.0,881.0,607.0,805.0,assam,bongaigaon,36.0,2,41,0.0,41.0,52,46,6,3,12,0,23,0,795053.0,1.Hindus,2.Muslims,3.Christians,112.0
2004.0,1444921,743042,701879,18.66,945.0,67.82,75.73,59.41,465734,364814,100920,979187,886761,522051,31306,1020.0,1020.0,741.0,902.0,assam,cachar,46.0,30,46,0.0,46.0,112,92,20,4,114,0,256,0,1243534.0,1.Hindus,2.Muslims,3.Christians,134.0
2004.0,1504320,773861,730459,15.79,944.0,55.44,63.91,46.4,527993,404428,123565,976327,868532,534658,97306,1319.0,1319.0,1032.0,1246.0,assam,darrang,69.0,16,55,0.0,55.0,59,38,21,7,55,0,38,0,1429492.0,1.Hindus,2.Muslims,3.Christians,356.0
2004.0,571944,294643,277301,18.93,941.0,64.48,74.41,53.86,250146,155431,94715,321798,548780,10533,6390,1236.0,1236.0,253.0,1068.0,assam,dhemaji,17.0,17,53,0.0,53.0,53,40,13,0,33,0,74,0,533112.0,1.Hindus,2.Muslims,3.Christians,83.0
2004.0,1637344,841044,796300,23.42,947.0,48.21,55.91,40.04,470360,399201,71159,1166984,1216455,405065,12477,1261.0,1261.0,904.0,1138.0,assam,dhubri,53.0,15,79,0.0,79.0,75,65,10,9,110,1,183,0,1444901.0,1.Hindus,2.Muslims,3.Christians,374.0
2004.0,1185072,613555,571517,12.43,931.0,68.96,77.3,59.95,472419,342708,129711,712653,1075878,53306,45040,1309.0,1309.0,1195.0,1169.0,assam,dibrugarh,125.0,19,58,0.0,58.0,88,68,20,4,50,0,63,0,956634.0,1.Hindus,2.Muslims,3.Christians,263.0
2004.0,822035,420251,401784,23.07,956.0,58.03,64.86,50.85,273925,209928,63997,548110,441516,314157,64662,761.0,761.0,689.0,723.0,assam,goalpara,35.0,0,50,0.0,50.0,53,51,2,3,8,0,119,0,755133.0,1.Hindus,2.Muslims,3.Christians,243.0
2004.0,946279,490286,455993,14.21,930.0,69.38,77.14,60.99,388640,269896,118744,557639,813263,74808,52277,1066.0,1066.0,595.0,769.0,assam,golaghat,71.0,11,62,0.0,62.0,91,70,21,0,31,0,79,0,865141.0,1.Hindus,2.Muslims,3.Christians,87.0
2004.0,542872,280513,262359,20.92,935.0,59.64,68.24,50.46,179881,138216,41665,362991,312849,223191,5424,327.0,327.0,268.0,308.0,assam,hailakandi,25.0,18,18,0.0,18.0,32,25,7,2,4,1,23,0,498787.0,1.Hindus,2.Muslims,3.Christians,110.0
2004.0,999221,517015,482206,15.84,933.0,76.34,83.62,68.49,414348,285092,129256,584873,927858,47658,18610,787.0,787.0,650.0,717.0,assam,jorhat,38.0,8,32,0.0,32.0,34,32,2,0,32,0,35,0,827901.0,1.Hindus,2.Muslims,3.Christians,215.0
2004.0,2522324,1326981,1195343,25.75,901.0,74.16,81.16,66.31,842253,697810,144443,1680071,1836153,625002,44257,1342.0,1342.0,1042.0,1190.0,assam,kamrup,15.0,13,59,0.0,59.0,193,110,83,3,26,0,67,0,1614107.0,1.Hindus,2.Muslims,3.Christians,468.0
2004.0,1007976,517680,490296,21.35,947.0,66.24,74.69,57.28,303294,235016,68278,704682,527214,470708,8746,915.0,915.0,639.0,865.0,assam,karimganj,40.0,29,32,0.0,32.0,36,31,5,8,4,0,67,0,934126.0,1.Hindus,2.Muslims,3.Christians,224.0
2004.0,905764,466191,439573,15.05,943.0,51.63,60.32,42.4,334849,234771,100078,570915,594168,184441,124270,951.0,951.0,704.0,906.0,assam,kokrajhar,63.0,21,33,0.0,33.0,31,24,7,2,41,0,45,0,841823.0,1.Hindus,2.Muslims,3.Christians,211.0
2004.0,889010,455691,433319,18.34,951.0,68.56,77.06,59.59,497745,288052,209693,391265,702881,143505,36667,1139.0,1139.0,680.0,1046.0,assam,lakhimpur,31.0,20,56,0.0,56.0,97,94,3,1,46,0,112,0,823857.0,1.Hindus,2.Muslims,3.Christians,211.0
2004.0,2314629,1190950,1123679,22.3,944.0,61.73,68.27,54.74,727641,566195,161446,1586988,1180267,1106354,21473,1375.0,1374.0,1190.0,1257.0,assam,nagaon,79.0,44,91,0.0,91.0,139,134,5,6,69,5,203,0,2036342.0,1.Hindus,2.Muslims,3.Christians,480.0
2004.0,1148824,592375,556449,11.98,939.0,67.23,76.56,57.26,383932,291665,92267,764892,873749,253842,18495,798.0,798.0,733.0,769.0,assam,nalbari,37.0,24,29,0.0,29.0,61,48,13,3,48,0,23,0,1121338.0,1.Hindus,2.Muslims,3.Christians,179.0
2004.0,1051736,545476,506260,15.95,928.0,74.47,81.53,66.81,430523,287319,143204,621213,927706,85761,28488,866.0,866.0,772.0,825.0,assam,sibsagar,55.0,12,49,0.0,49.0,81,81,0,0,12,0,92,0,954557.0,1.Hindus,2.Muslims,3.Christians,317.0
2004.0,1681513,871568,809945,17.8,929.0,59.0,67.54,49.73,634723,465283,169440,1046790,1287646,268078,115623,1784.0,1784.0,1331.0,1372.0,assam,sonitpur,87.0,30,87,0.0,87.0,108,101,7,5,60,0,167,0,1505719.0,1.Hindus,2.Muslims,3.Christians,235.0
2004.0,1150062,601099,548963,19.52,913.0,60.95,70.15,50.78,466351,349847,116504,683711,1029142,62403,40000,1107.0,1107.0,871.0,936.0,assam,tinsukia,117.0,22,45,0.0,45.0,67,51,16,1,31,0,53,0,926105.0,1.Hindus,2.Muslims,3.Christians,198.0
2004.0,2158608,1128105,1030503,31.84,913.0,35.01,46.38,22.37,853445,657446,195999,1305163,1263766,887972,2504,713.0,713.0,129.0,552.0,bihar,araria,66.0,59,34,0.0,34.0,84,22,62,11,13,0,27,0,2026257.0,1.Hindus,2.Muslims,3.Jains,60.0
2004.0,2013055,1040945,972110,30.19,934.0,57.03,71.13,41.9,671011,476390,194621,1342044,1814612,196030,1161,1739.0,1739.0,527.0,1148.0,bihar,aurangabad,77.0,0,18,0.0,18.0,31,27,4,40,0,0,33,0,1842998.0,1.Hindus,2.Muslims,3.Religion not stated,270.0
2004.0,2349366,1228874,1120492,29.11,912.0,47.98,59.13,35.64,746075,571564,174511,1603291,2033039,313713,1224,729.0,729.0,457.0,503.0,bihar,begusarai,107.0,103,23,0.0,23.0,123,8,115,15,5,0,55,0,2241743.0,1.Hindus,2.Muslims,3.Religion not stated,167.0
2004.0,2423172,1291658,1131514,27.24,876.0,49.5,59.22,38.13,855345,580731,274614,1567827,1990976,423246,1853,935.0,935.0,445.0,642.0,bihar,bhagalpur,133.0,88,63,0.0,63.0,95,59,36,12,13,0,226,0,1970745.0,1.Hindus,2.Muslims,3.Christians,229.0
2004.0,2243144,1179611,1063533,24.58,902.0,58.96,74.29,41.8,653811,491916,161895,1589333,2076589,163193,913,999.0,999.0,247.0,885.0,bihar,bhojpur,108.0,211,9,0.0,9.0,30,9,21,34,42,0,68,0,1930730.0,1.Hindus,2.Muslims,3.Religion not stated,133.0
2004.0,3295789,1722189,1573600,30.85,914.0,44.33,56.72,30.78,1028558,761464,267094,2267231,2543284,748971,2245,1083.0,1083.0,490.0,850.0,bihar,darbhanga,55.0,20,59,0.0,59.0,60,15,45,33,0,0,70,6,3028441.0,1.Hindus,2.Muslims,3.Religion not stated,271.0
2004.0,3473428,1792163,1681265,30.19,938.0,50.45,63.27,36.66,1277639,994459,283180,2195789,3063841,403439,1622,2680.0,2680.0,539.0,1635.0,bihar,gaya,163.0,178,19,0.0,19.0,70,30,40,36,42,0,58,0,2997479.0,1.Hindus,2.Muslims,3.Religion not stated,278.0
2004.0,2152638,1075710,1076928,26.11,1001.0,47.48,62.96,32.16,641672,466811,174861,1510966,1784275,367219,850,1383.0,1383.0,439.0,866.0,bihar,gopalganj,77.0,132,39,0.0,39.0,78,27,51,38,5,9,132,0,2022048.0,1.Hindus,2.Muslims,3.Religion not stated,261.0
2004.0,1514315,784946,729369,28.64,929.0,55.26,70.07,39.37,580905,422789,158116,933410,1389053,124149,743,856.0,856.0,219.0,672.0,bihar,jehanabad,68.0,50,6,0.0,6.0,38,8,30,6,19,0,25,0,1402703.0,1.Hindus,2.Muslims,3.Religion not stated,123.0
2004.0,2392638,1246872,1145766,30.91,919.0,35.09,45.31,23.8,898326,664259,234067,1494312,1363523,1017495,4994,1290.0,1290.0,277.0,785.0,bihar,katihar,71.0,22,79,0.0,79.0,71,34,37,19,9,0,34,0,2174361.0,1.Hindus,2.Muslims,3.Christians,248.0
2004.0,1280354,679267,601087,29.32,885.0,41.35,51.82,29.35,467240,333262,133978,813114,1147346,131441,546,241.0,241.0,114.0,220.0,bihar,khagaria,50.0,88,18,0.0,18.0,43,10,33,9,10,0,27,0,1204027.0,1.Hindus,2.Muslims,3.Others,124.0
2004.0,1296348,669552,626796,31.5,936.0,31.09,42.71,18.63,417151,359819,57332,879197,876105,412995,2856,730.0,730.0,116.0,442.0,bihar,kishanganj,26.0,12,32,0.0,32.0,80,80,0,4,25,0,36,0,1167340.0,1.Muslims,2.Hindus,3.Christians,120.0
2004.0,1526646,797180,729466,29.45,915.0,36.07,48.8,22.11,683976,498367,185609,842670,1351978,173605,494,384.0,384.0,168.0,311.0,bihar,madhepura,58.0,23,11,0.0,11.0,23,11,12,7,4,0,8,0,1458679.0,1.Hindus,2.Muslims,3.Religion not stated,141.0
2004.0,3575281,1840997,1734284,26.08,942.0,41.97,56.79,26.25,1227723,877412,350311,2347558,2930501,641579,1477,1034.0,1034.0,437.0,901.0,bihar,madhubani,60.0,91,61,0.0,61.0,69,33,36,34,121,0,111,0,3450736.0,1.Hindus,2.Muslims,3.Religion not stated,232.0
2004.0,1137797,607730,530067,20.34,872.0,59.47,69.89,47.4,331451,233688,97763,806346,1045233,89791,1135,525.0,525.0,321.0,382.0,bihar,munger,64.0,30,11,0.0,11.0,43,14,29,20,12,0,40,0,819950.0,1.Hindus,2.Muslims,3.Christians,149.0
2004.0,3746714,1951466,1795248,26.74,920.0,47.95,59.1,35.81,1139830,895830,244000,2606884,3168225,573951,2104,1725.0,1725.0,1021.0,1423.0,bihar,muzaffarpur,180.0,17,166,0.0,166.0,300,42,258,72,11,0,206,0,3398361.0,1.Hindus,2.Muslims,3.Religion not stated,526.0
2004.0,2370528,1238599,1131929,18.64,914.0,53.19,66.44,38.58,903144,700007,203137,1467384,2191552,176871,888,1000.0,1000.0,366.0,879.0,bihar,nalanda,220.0,139,43,0.0,43.0,144,32,112,68,43,0,110,3,2016899.0,1.Hindus,2.Muslims,3.Religion not stated,198.0
2004.0,4718592,2519942,2198650,30.17,873.0,62.92,73.34,50.83,1425647,1161984,263663,3292945,4333556,366164,8951,1288.0,1288.0,615.0,1199.0,bihar,patna,542.0,188,46,0.0,46.0,270,39,231,44,28,3,147,0,2757060.0,1.Hindus,2.Muslims,3.Christians,390.0
2004.0,2450748,1283485,1167263,27.71,909.0,61.29,75.31,45.71,744183,544731,199452,1706565,2199049,246760,2549,1710.0,1710.0,493.0,1185.0,bihar,rohtas,130.0,215,12,0.0,12.0,44,14,30,35,38,0,36,0,2123942.0,1.Hindus,2.Muslims,3.Sikhs,153.0
2004.0,1508182,789432,718750,33.03,910.0,39.08,51.66,25.27,589467,411566,177901,918715,1289364,217922,437,441.0,441.0,127.0,374.0,bihar,saharsa,48.0,100,21,0.0,21.0,47,21,26,11,39,0,13,0,1383015.0,1.Hindus,2.Muslims,3.Christians,63.0
2004.0,3394793,1760692,1634101,25.63,928.0,45.13,57.59,31.67,1071974,843356,228618,2322819,3035755,355897,1432,1122.0,1122.0,674.0,878.0,bihar,samastipur,118.0,145,28,0.0,28.0,123,16,107,44,9,0,40,21,3271338.0,1.Hindus,2.Muslims,3.Religion not stated,195.0
2004.0,3248701,1652661,1596040,26.37,966.0,51.8,67.3,35.82,860940,644618,216322,2387761,2909213,337767,758,1566.0,1566.0,544.0,1213.0,bihar,saran,160.0,44,17,0.0,17.0,159,51,108,38,12,0,258,2,2950064.0,1.Hindus,2.Muslims,3.Religion not stated,342.0
2004.0,2682720,1417611,1265109,32.58,892.0,38.46,49.36,26.13,855156,714136,141020,1827564,2111476,568992,1237,802.0,802.0,302.0,709.0,bihar,sitamarhi,80.0,26,70,0.0,70.0,112,30,82,21,9,0,100,0,2529407.0,1.Hindus,2.Muslims,3.Religion not stated,216.0
2004.0,2714349,1336283,1378066,24.78,1031.0,51.65,67.26,36.88,730437,511578,218859,1983912,2218632,494176,899,1438.0,1438.0,441.0,1119.0,bihar,siwan,125.0,57,7,0.0,7.0,104,39,65,33,6,0,74,0,2564860.0,1.Hindus,2.Muslims,3.Religion not stated,254.0
2004.0,2718421,1415603,1302818,26.39,920.0,50.49,63.23,36.58,782717,624452,158265,1935704,2457636,259158,922,1414.0,1414.0,970.0,929.0,bihar,vaishali,99.0,152,42,0.0,42.0,217,105,112,98,26,1,248,0,2531766.0,1.Hindus,2.Muslims,3.Religion not stated,154.0
2004.0,1998355,1013875,984480,17.59,971.0,63.51,78.43,48.17,857577,630504,227073,1140778,1904580,45342,19325,1579.0,1545.0,1494.0,1426.0,chhattisgarh,bilaspur,83.0,53,61,0.0,61.0,21,21,0,9,179,8,102,0,1511661.0,1.Hindus,2.Muslims,3.Others,452.0
2004.0,2810436,1417893,1392543,16.88,982.0,75.62,86.43,64.64,1162833,965624,197209,1647603,2654202,70398,23399,1776.0,1762.0,1737.0,1698.0,chhattisgarh,durg,55.0,58,124,0.0,124.0,41,30,11,10,253,23,114,0,1738127.0,1.Hindus,2.Muslims,3.Sikhs,669.0
2004.0,1265529,634597,630932,18.68,994.0,70.16,82.7,57.62,601564,430725,170839,663965,1212180,36098,12637,1433.0,1410.0,1385.0,1350.0,chhattisgarh,raigarh,55.0,25,45,0.0,45.0,17,13,4,7,78,5,30,0,1096073.0,1.Hindus,2.Christians,3.Muslims,279.0
2004.0,3016930,1523925,1493005,18.97,980.0,68.51,81.97,54.81,1264663,961507,303156,1752267,2881933,77963,16857,2124.0,2101.0,1955.0,1987.0,chhattisgarh,raipur,84.0,59,143,0.0,143.0,31,27,4,10,253,19,134,0,2099312.0,1.Hindus,2.Muslims,3.Christians,696.0
2004.0,1283224,634342,648882,17.7,1023.0,77.21,87.17,67.55,649401,558996,90405,633823,1215492,28020,21035,1605.0,1595.0,1550.0,1484.0,chhattisgarh,rajnandgaon,45.0,20,61,0.0,61.0,4,2,2,5,74,8,40,0,1051577.0,1.Hindus,2.Buddhists,3.Muslims,343.0
2004.0,1393918,701593,692325,6.45,987.0,66.09,76.44,55.78,600819,470043,130776,793099,1307460,83077,2309,615.0,614.0,615.0,614.0,gujarat,amreli,28.0,14,5,0.0,5.0,26,23,3,1,26,3,116,0,1080960.0,1.Hindus,2.Muslims,3.Jains,383.0
2004.0,1856872,972000,884872,13.03,910.0,74.51,86.09,61.94,784711,617669,167042,1072161,1616127,199263,29461,350.0,350.0,350.0,350.0,gujarat,anand,21.0,12,12,0.0,12.0,41,39,2,0,24,3,116,0,1348901.0,1.Hindus,2.Muslims,3.Christians,301.0
2004.0,1370656,713676,656980,19.32,921.0,74.41,82.98,65.11,570693,469551,101142,799963,1059796,293459,8824,657.0,657.0,656.0,644.0,gujarat,bharuch,38.0,7,14,0.0,14.0,21,16,5,0,27,4,65,0,1018096.0,1.Hindus,2.Muslims,3.Christians,403.0
2004.0,2469630,1274920,1194710,19.29,937.0,66.2,78.02,53.73,944559,781166,163393,1525071,2264062,172740,28921,790.0,790.0,789.0,786.0,gujarat,bhavnagar,53.0,21,22,0.0,22.0,71,60,11,0,41,74,137,0,1534592.0,1.Hindus,2.Muslims,3.Jains,526.0
2004.0,1334455,697999,636456,23.88,912.0,76.59,87.74,64.58,554336,467413,86923,780119,1269766,50559,7769,291.0,291.0,291.0,290.0,gujarat,gandhinagar,25.0,14,8,0.0,8.0,15,11,4,2,16,3,90,0,867195.0,1.Hindus,2.Muslims,3.Jains,244.0
2004.0,1904278,981320,922958,22.39,941.0,66.48,76.25,56.18,734382,624057,110325,1169896,1605941,270223,21907,698.0,695.0,666.0,666.0,gujarat,jamnagar,42.0,13,8,0.0,8.0,32,27,5,0,26,4,171,0,1068022.0,1.Hindus,2.Muslims,3.Jains,286.0
2004.0,2448173,1252350,1195823,17.08,955.0,67.78,78.74,56.43,1000842,785530,215312,1447331,2165734,274481,4291,923.0,922.0,901.0,858.0,gujarat,junagadh,40.0,31,9,0.0,9.0,57,41,16,13,49,9,368,0,1736645.0,1.Hindus,2.Muslims,3.Jains,803.0
2004.0,514404,263986,250418,14.4,949.0,59.86,72.44,46.61,259116,176372,82744,255288,482552,20429,5122,552.0,552.0,530.0,515.0,gujarat,narmada,15.0,3,6,0.0,6.0,8,7,1,0,2,0,10,0,462298.0,1.Hindus,2.Muslims,3.Christians,324.0
2004.0,1229463,628988,600475,13.22,955.0,75.83,82.77,68.61,545215,457002,88213,684248,1135525,69972,13575,374.0,374.0,374.0,368.0,gujarat,navsari,26.0,2,5,0.0,5.0,7,7,0,1,5,0,19,0,893110.0,1.Hindus,2.Muslims,3.Jains,268.0
2004.0,1182709,612100,570609,14.08,932.0,60.36,73.63,46.33,533078,395470,137608,649631,1057013,119748,5136,517.0,516.0,517.0,514.0,gujarat,patan,19.0,16,6,0.0,6.0,29,27,2,0,19,0,103,0,944281.0,1.Hindus,2.Muslims,3.Jains,265.0
2004.0,536835,275821,261014,14.35,946.0,68.62,78.36,58.42,215134,173594,41540,321701,507176,28404,589,182.0,182.0,155.0,156.0,gujarat,porbandar,11.0,9,1,0.0,1.0,7,4,3,0,5,0,41,0,275460.0,1.Hindus,2.Muslims,3.Jains,130.0
2004.0,1515148,787650,727498,25.34,924.0,61.61,74.19,48.1,647609,512038,135571,867539,1392451,97846,22721,650.0,649.0,650.0,648.0,gujarat,surendranagar,28.0,22,13,0.0,13.0,27,23,4,0,35,0,63,0,1112700.0,1.Hindus,2.Muslims,3.Jains,170.0
2004.0,1410553,734799,675754,29.66,920.0,69.15,77.9,59.62,650257,503333,146924,760296,1300005,66440,15399,450.0,450.0,425.0,449.0,gujarat,valsad,36.0,13,9,0.0,9.0,22,16,6,0,12,0,40,0,1029392.0,1.Hindus,2.Muslims,3.Christians,303.0
2004.0,1014411,542977,471434,25.69,868.0,75.31,82.31,67.39,324521,275648,48873,689890,856193,132463,17263,482.0,482.0,479.0,432.0,haryana,ambala,28.0,10,10,0.0,10.0,22,22,0,11,25,27,227,0,657383.0,1.Hindus,2.Sikhs,3.Muslims,204.0
2004.0,1425022,758253,666769,22.45,879.0,67.45,80.26,53.0,609320,425210,184110,815702,1407363,12740,2542,437.0,437.0,437.0,429.0,haryana,bhiwani,51.0,26,28,0.0,28.0,19,12,7,28,19,0,68,0,1154629.0,1.Hindus,2.Muslims,3.Sikhs,252.0
2004.0,2194586,1193063,1001523,48.47,839.0,70.03,81.52,56.31,785762,609663,176099,1408824,1896698,247293,36005,413.0,413.0,413.0,376.0,haryana,faridabad,67.0,31,42,0.0,42.0,66,49,17,28,45,585,157,0,973242.0,1.Hindus,2.Muslims,3.Sikhs,188.0
2004.0,1660289,886451,773838,44.64,873.0,62.91,76.17,47.78,629658,464644,165014,1030631,1026542,617918,6672,694.0,694.0,693.0,642.0,haryana,gurgaon,66.0,40,36,0.0,36.0,55,34,21,21,21,18,115,0,1291285.0,1.Hindus,2.Muslims,3.Sikhs,203.0
2004.0,1189827,642282,547545,21.35,852.0,62.12,73.82,48.51,521946,372049,149897,667881,1134539,29159,20618,306.0,306.0,306.0,300.0,haryana,jind,28.0,16,7,0.0,7.0,9,6,3,14,2,18,31,0,948250.0,1.Hindus,2.Sikhs,3.Muslims,247.0
2004.0,946131,510513,435618,20.95,853.0,59.02,69.15,47.31,372011,268127,103884,574120,848765,88700,6777,270.0,270.0,270.0,261.0,haryana,kaithal,25.0,16,18,0.0,18.0,13,9,4,9,13,0,136,0,762649.0,1.Hindus,2.Sikhs,3.Muslims,160.0
2004.0,1274183,683368,590815,23.13,865.0,67.74,76.29,57.97,455455,355466,99989,818728,1125279,123160,22614,422.0,422.0,422.0,385.0,haryana,karnal,40.0,28,31,0.0,31.0,15,12,3,15,23,0,242,0,936341.0,1.Hindus,2.Sikhs,3.Muslims,186.0
2004.0,825454,442328,383126,23.72,866.0,69.88,78.06,60.61,308392,250596,57796,517062,675381,135545,12028,407.0,402.0,406.0,385.0,haryana,kurukshetra,26.0,12,21,0.0,21.0,11,5,6,15,28,20,120,0,609943.0,1.Hindus,2.Sikhs,3.Muslims,179.0
2004.0,812521,423578,388943,19.09,918.0,69.89,84.72,54.08,351864,204704,147160,460657,805991,3434,2026,368.0,368.0,368.0,350.0,haryana,mahendragarh,16.0,10,20,0.0,20.0,13,11,2,8,18,0,36,0,702885.0,1.Hindus,2.Muslims,3.Sikhs,190.0
2004.0,967449,528860,438589,38.57,829.0,69.17,78.5,57.97,382801,289013,93788,584648,873593,59696,27437,179.0,179.0,179.0,168.0,haryana,panipat,37.0,22,38,0.0,38.0,19,8,11,4,14,8,152,0,575369.0,1.Hindus,2.Muslims,3.Sikhs,116.0
2004.0,765351,403034,362317,25.24,899.0,75.25,88.45,60.83,333622,204855,128767,431729,758328,3194,1668,397.0,397.0,397.0,379.0,haryana,rewari,17.0,14,16,0.0,16.0,24,21,3,8,24,0,48,0,629177.0,1.Hindus,2.Muslims,3.Sikhs,175.0
2004.0,940128,509038,431090,20.99,847.0,73.72,83.23,62.59,371073,288225,82848,569055,924541,5665,5079,146.0,146.0,146.0,130.0,haryana,rohtak,65.0,39,29,0.0,29.0,19,13,6,15,14,21,45,0,610524.0,1.Hindus,2.Muslims,3.Sikhs,118.0
2004.0,1116649,593245,523404,22.96,882.0,60.55,70.05,49.93,475571,363946,111625,641078,801747,302942,7056,321.0,321.0,318.0,312.0,haryana,sirsa,25.0,29,17,0.0,17.0,16,6,10,9,17,0,102,0,823184.0,1.Hindus,2.Sikhs,3.Muslims,197.0
2004.0,1279175,695723,583452,22.36,839.0,72.79,83.06,60.68,523031,383449,139582,756144,1234225,31954,6729,323.0,323.0,323.0,316.0,haryana,sonipat,67.0,34,13,0.0,13.0,25,20,5,16,22,12,88,0,957800.0,1.Hindus,2.Muslims,3.Jains,248.0
2004.0,1041630,559444,482186,21.84,862.0,71.63,78.82,63.39,336533,280728,55805,705097,849255,104073,83524,613.0,613.0,607.0,483.0,haryana,yamunanagar,21.0,15,16,0.0,16.0,17,12,5,7,10,0,133,0,648608.0,1.Hindus,2.Muslims,3.Sikhs,248.0
2004.0,1165390,608878,556512,24.46,914.0,50.09,66.38,31.99,432714,283711,149003,732676,910409,221705,27263,2356.0,2356.0,289.0,768.0,jharkhand,deoghar,36.0,34,37,0.0,37.0,5,2,3,16,7,0,17,0,1005539.0,1.Hindus,2.Muslims,3.Others,94.0
2004.0,2397102,1278946,1118156,22.82,874.0,67.0,79.54,52.43,664058,492501,171557,1733044,1944757,364807,61505,1121.0,1121.0,503.0,708.0,jharkhand,dhanbad,88.0,42,38,0.0,38.0,72,25,47,36,53,3,19,0,1141744.0,1.Hindus,2.Muslims,3.Others,154.0
2004.0,1759602,897364,862238,17.31,961.0,47.94,62.86,32.35,778378,470354,308024,981224,1323468,203741,170201,3737.0,3737.0,213.0,1732.0,jharkhand,dumka,67.0,149,50,0.0,50.0,15,3,12,8,31,0,37,0,1644690.0,1.Hindus,2.Muslims,3.Others,312.0
2004.0,1904430,960679,943751,27.09,982.0,44.5,62.09,26.62,644644,340925,303719,1259786,1475201,383253,30778,2532.0,2532.0,481.0,1232.0,jharkhand,giridih,72.0,27,39,0.0,39.0,23,8,15,52,48,0,36,0,1782066.0,1.Hindus,2.Muslims,3.Others,229.0
2004.0,1047939,544043,503896,21.61,926.0,43.13,57.52,27.39,421941,238694,183247,625998,745237,210734,68055,1633.0,1633.0,257.0,892.0,jharkhand,godda,31.0,36,86,0.0,86.0,21,6,15,4,0,0,56,0,1010931.0,1.Hindus,2.Muslims,3.Others,141.0
2004.0,1346767,675769,670998,16.6,993.0,51.74,63.5,39.95,658921,446953,211968,687846,440373,425107,419004,1393.0,1393.0,92.0,1015.0,jharkhand,gumla,108.0,32,31,0.0,31.0,9,8,1,1,4,0,14,0,1273025.0,1.Hindus,2.Christians,3.Others,365.0
2004.0,2277475,1167793,1109682,24.02,950.0,57.74,71.81,42.87,790049,532895,257154,1487426,1870586,337117,36789,1543.0,1543.0,413.0,962.0,jharkhand,hazaribagh,86.0,59,71,0.0,71.0,33,18,15,31,27,0,90,0,1748406.0,1.Hindus,2.Muslims,3.Others,147.0
2004.0,2098359,1084417,1013942,26.8,935.0,44.95,58.91,29.88,793658,444921,348737,1304701,1740948,242980,63100,2465.0,2465.0,410.0,1474.0,jharkhand,palamu,69.0,48,14,0.0,14.0,16,8,8,24,11,0,18,34,1973266.0,1.Hindus,2.Muslims,3.Others,349.0
2004.0,2785064,1436976,1348088,25.72,938.0,64.57,76.56,51.72,1076904,750962,325942,1708160,1399301,767672,348774,2052.0,2052.0,331.0,1343.0,jharkhand,ranchi,270.0,161,55,0.0,55.0,67,22,45,9,73,0,62,0,1807243.0,1.Hindus,2.Others,3.Muslims,377.0
2004.0,4214505,2150090,2064415,17.4,960.0,64.21,75.7,52.32,1877774,1537645,340129,2336731,3565153,440836,169466,1255.0,1254.0,1247.0,1240.0,karnataka,belgaum,106.0,81,5,0.0,5.0,26,12,14,6,56,0,109,0,3201814.0,1.Hindus,2.Muslims,3.Christians,740.0
2004.0,2027140,1029714,997426,22.3,969.0,57.4,69.2,45.28,920821,801369,119452,1106319,1739522,257806,13226,524.0,523.0,524.0,381.0,karnataka,bellary,42.0,31,5,0.0,5.0,17,12,5,5,38,1,44,0,1320290.0,1.Hindus,2.Muslims,3.Christians,260.0
2004.0,1502373,771022,731351,19.56,949.0,60.94,72.46,48.81,557603,424985,132618,944770,1020174,295762,122083,599.0,596.0,596.0,591.0,karnataka,bidar,40.0,94,8,0.0,8.0,25,16,9,8,27,2,47,0,1157498.0,1.Hindus,2.Muslims,3.Buddhists,293.0
2004.0,1806918,926424,880494,17.63,950.0,57.01,69.94,43.47,718213,551972,166241,1088705,1495080,294491,8356,660.0,659.0,657.0,626.0,karnataka,bijapur,66.0,49,8,0.0,8.0,21,11,10,2,96,0,73,0,1410829.0,1.Hindus,2.Muslims,3.Jains,392.0
2004.0,1517896,776221,741675,15.05,955.0,64.45,74.66,53.78,721835,576035,145800,796061,1388506,109412,8411,946.0,916.0,946.0,879.0,karnataka,chitradurga,32.0,32,16,0.0,16.0,7,5,2,6,63,0,39,0,1243658.0,1.Hindus,2.Muslims,3.Religion not stated,197.0
2004.0,1790952,917705,873247,14.78,952.0,67.43,76.37,58.04,783781,631726,152055,1007171,1532714,226708,10944,810.0,786.0,808.0,727.0,karnataka,davanagere,38.0,14,8,0.0,8.0,10,7,3,11,61,0,59,0,1247954.0,1.Hindus,2.Muslims,3.Religion not stated,278.0
2004.0,3130922,1592789,1538133,21.02,966.0,50.01,61.77,37.9,1350072,1010430,339642,1780850,2381497,551171,153619,1360.0,1327.0,1342.0,1337.0,karnataka,gulbarga,102.0,133,23,1.0,22.0,40,35,5,7,122,0,98,0,2278301.0,1.Hindus,2.Muslims,3.Buddhists,708.0
2004.0,1721669,859086,862583,9.66,1004.0,68.63,78.37,59.0,864711,702827,161884,856958,1587287,104730,15598,2394.0,2330.0,2341.0,1990.0,karnataka,hassan,61.0,57,16,0.0,16.0,19,8,11,9,49,0,72,0,1416996.0,1.Hindus,2.Muslims,3.Christians,482.0
2004.0,548561,274831,273730,11.64,996.0,77.99,83.7,72.26,266378,247574,18804,282183,450694,78466,17951,291.0,279.0,286.0,267.0,karnataka,kodagu,21.0,22,8,0.0,8.0,3,1,2,2,18,2,11,0,473179.0,1.Hindus,2.Muslims,3.Christians,138.0
2004.0,2536069,1286193,1249876,13.83,972.0,62.84,73.17,52.23,1235028,1014667,220361,1301041,2196660,298767,32547,2919.0,2797.0,2785.0,2342.0,karnataka,kolar,59.0,41,16,0.0,16.0,28,16,12,28,32,0,43,0,1910546.0,1.Hindus,2.Muslims,3.Christians,490.0
2004.0,1196089,603312,592777,24.57,983.0,54.1,68.42,39.61,554506,422208,132298,641583,1042294,137174,5395,594.0,590.0,594.0,560.0,karnataka,koppal,25.0,9,8,0.0,8.0,4,4,0,6,16,0,47,0,997797.0,1.Hindus,2.Muslims,3.Religion not stated,281.0
2004.0,1763705,888034,875671,7.14,986.0,61.05,70.5,51.53,840419,682440,157979,923286,1667640,69890,11093,1369.0,1330.0,1323.0,1185.0,karnataka,mandya,58.0,50,15,0.0,15.0,8,0,8,19,46,2,43,0,1480990.0,1.Hindus,2.Muslims,3.Buddhists,458.0
2004.0,1669762,841840,827922,21.93,983.0,48.81,61.52,35.93,732762,544347,188415,937000,1417051,228652,12390,830.0,806.0,796.0,306.0,karnataka,raichur,43.0,34,6,0.0,6.0,11,7,4,5,57,1,67,0,1248925.0,1.Hindus,2.Muslims,3.Christians,338.0
2004.0,1642545,830559,811986,12.9,978.0,74.52,82.01,66.88,714671,586832,127839,927874,1401087,200979,26474,1443.0,1415.0,1399.0,989.0,karnataka,shimoga,48.0,40,11,0.0,11.0,22,9,13,5,60,2,107,0,1071535.0,1.Hindus,2.Muslims,3.Christians,311.0
2004.0,2584711,1313801,1270910,11.87,967.0,67.01,76.78,56.94,1316939,1050291,266648,1267772,2349801,211732,7736,2574.0,2477.0,2573.0,2123.0,karnataka,tumkur,65.0,56,15,0.0,15.0,8,0,8,16,61,1,33,0,2077509.0,1.Hindus,2.Muslims,3.Christians,382.0
2004.0,1129221,566682,562539,6.96,993.0,88.69,92.33,85.02,487352,400699,86653,641869,566744,480108,81222,64.0,64.0,64.0,60.0,kerala,idukki,34.0,13,15,0.0,15.0,10,9,1,0,101,10,111,0,1071628.0,1.Hindus,2.Muslims,3.Christians,62.0
2004.0,2408956,1152817,1256139,7.13,1090.0,92.59,96.13,89.4,767197,626876,140321,1641759,1480748,665648,261019,78.0,78.0,78.0,78.0,kerala,kannur,23.0,21,33,0.0,33.0,4,2,2,0,92,7,193,0,1196058.0,1.Hindus,2.Muslims,3.Christians,78.0
2004.0,2585208,1249621,1335587,7.33,1069.0,91.18,94.43,88.18,828566,654823,173743,1756642,1685044,474071,423745,93.0,93.0,93.0,93.0,kerala,kollam,46.0,26,55,0.0,55.0,20,12,8,3,287,24,337,0,2119230.0,1.Hindus,2.Muslims,3.Christians,92.0
2004.0,1953646,964926,988720,6.76,1025.0,95.82,97.34,94.35,642157,539609,102548,1311489,963497,871371,116686,89.0,89.0,89.0,89.0,kerala,kottayam,18.0,7,28,0.0,28.0,13,8,5,1,159,12,139,0,1653838.0,1.Hindus,2.Muslims,3.Christians,88.0
2004.0,3625471,1754576,1870895,17.22,1066.0,89.61,93.25,86.26,874476,691848,182628,2750995,2484576,1057418,80650,122.0,122.0,122.0,122.0,kerala,malappuram,23.0,25,57,0.0,57.0,10,6,4,0,133,10,516,0,3269301.0,1.Hindus,2.Muslims,3.Christians,121.0
2004.0,2617482,1266985,1350497,9.86,1066.0,84.35,89.52,79.56,945052,768620,176432,1672430,1802766,703596,109249,144.0,144.0,144.0,141.0,kerala,palakkad,34.0,45,36,0.0,36.0,13,5,8,1,102,3,233,0,2260907.0,1.Hindus,2.Muslims,3.Christians,139.0
2004.0,1234016,589398,644618,3.72,1094.0,94.84,96.41,93.43,366049,285844,80205,867967,694560,481602,56457,65.0,65.0,65.0,64.0,kerala,pathanamthitta,18.0,16,18,0.0,18.0,19,18,1,1,139,6,138,0,1110218.0,1.Hindus,2.Muslims,3.Christians,63.0
2004.0,2974232,1422052,1552180,8.7,1092.0,92.27,95.11,89.71,955300,808965,146335,2018932,1761842,720152,488697,204.0,204.0,204.0,196.0,kerala,thrissur,41.0,52,41,0.0,41.0,22,10,12,2,175,10,244,0,2134799.0,1.Hindus,2.Muslims,3.Christians,194.0
2004.0,1630239,841253,788986,20.51,938.0,81.41,88.91,73.43,648243,582264,65979,981996,1024080,296272,293184,862.0,851.0,840.0,786.0,maharashtra,akola,55.0,45,38,0.0,38.0,23,21,2,6,94,15,147,0,1002742.0,1.Hindus,2.Muslims,3.Buddhists,212.0
2004.0,1136146,573445,562701,11.2,981.0,78.47,88.97,67.82,536885,365464,171421,599261,953507,144541,23324,778.0,772.0,774.0,716.0,maharashtra,bhandara,22.0,11,36,0.0,36.0,16,16,0,1,66,39,52,0,960418.0,1.Hindus,2.Buddhists,3.Muslims,442.0
2004.0,2071101,1062993,1008108,17.26,948.0,73.17,82.94,62.89,930791,683029,247762,1140310,1680113,274067,76050,1472.0,1462.0,1444.0,1359.0,maharashtra,chandrapur,59.0,19,31,0.0,31.0,18,17,1,3,93,27,94,0,1406034.0,1.Hindus,2.Buddhists,3.Muslims,318.0
2004.0,1707947,878372,829575,16.01,944.0,71.65,81.4,61.39,737941,573496,164445,970006,1522895,149466,14613,678.0,675.0,673.0,669.0,maharashtra,dhule,32.0,16,11,0.0,11.0,3,3,0,1,24,9,96,0,1262062.0,1.Hindus,2.Muslims,3.Buddhists,276.0
2004.0,970294,491101,479193,23.25,976.0,60.1,71.86,48.07,497104,336959,160145,473190,818640,78058,44825,1521.0,1509.0,1320.0,1279.0,maharashtra,gadchiroli,47.0,49,31,0.0,31.0,8,8,0,3,44,11,46,0,903033.0,1.Hindus,2.Buddhists,3.Others,369.0
2004.0,3682690,1905493,1777197,15.44,933.0,75.43,85.91,64.3,1563983,1300086,263897,2118707,3049368,455288,126136,1491.0,1491.0,1486.0,1470.0,maharashtra,jalgaon,83.0,39,36,0.0,36.0,12,12,0,6,83,38,323,0,2629896.0,1.Hindus,2.Muslims,3.Buddhists,934.0
2004.0,1612980,826903,786077,18.17,951.0,64.4,79.14,49.04,716900,611998,104902,896080,1255041,211531,121033,963.0,963.0,959.0,952.0,maharashtra,jalna,53.0,30,10,0.0,10.0,10,6,4,24,49,12,226,0,1305115.0,1.Hindus,2.Muslims,3.Buddhists,380.0
2004.0,3523162,1807470,1715692,17.59,949.0,76.93,87.47,66.02,1652970,1394882,258088,1870192,3077263,236875,147285,1196.0,1194.0,1190.0,1185.0,maharashtra,kolhapur,54.0,54,15,0.0,15.0,20,14,6,29,34,15,78,0,2472809.0,1.Hindus,2.Muslims,3.Jains,638.0
2004.0,2080285,1075257,1005028,23.95,935.0,71.54,82.94,59.4,840518,712849,127669,1239767,1700679,292996,74351,921.0,921.0,919.0,917.0,maharashtra,latur,61.0,31,22,0.0,22.0,19,19,0,39,36,0,82,0,1590024.0,1.Hindus,2.Muslims,3.Buddhists,409.0
2004.0,8640419,4741720,3898699,27.2,822.0,86.89,91.56,81.12,3152509,2971039,181470,5487910,5953475,1488987,464354,1016.4515570934255,1009.6712802768166,774.7595155709342,796.7941176470588,maharashtra,mumbai,253.0,127,187,0.0,187.0,178,113,65,13,321,78,248,0,1121338.0,1.Hindus,2.Muslims,3.Buddhists,118.0
2004.0,3338031,1878246,1459785,4.79,777.0,86.4,90.23,81.38,1311739,1250710,61029,2026292,2119750,734484,161417,1016.4515570934255,1009.6712802768166,774.7595155709342,796.7941176470588,maharashtra,mumbai,253.0,127,187,0.0,187.0,178,113,65,13,321,78,248,0,1121338.0,1.Hindus,2.Muslims,3.Buddhists,118.0
2004.0,2876259,1481358,1394901,23.08,942.0,67.77,80.44,54.35,1202037,965087,236950,1674222,2162185,385081,302161,1546.0,1538.0,1531.0,1536.0,maharashtra,nanded,91.0,82,31,0.0,31.0,23,16,7,16,78,12,198,0,2187195.0,1.Hindus,2.Muslims,3.Buddhists,209.0
2004.0,1486586,769368,717218,15.35,932.0,69.02,80.42,56.89,653522,555202,98320,833064,1297858,151181,28356,729.0,729.0,727.0,726.0,maharashtra,osmanabad,46.0,15,26,0.0,26.0,12,11,1,1,35,9,105,0,1253330.0,1.Hindus,2.Muslims,3.Buddhists,400.0
2004.0,1527715,780191,747524,15.31,958.0,66.07,79.63,52.02,644752,559917,84835,882963,1121246,243935,153231,830.0,830.0,824.0,821.0,maharashtra,parbhani,42.0,31,13,0.0,13.0,12,8,4,4,45,7,132,0,1042529.0,1.Hindus,2.Muslims,3.Buddhists,386.0
2004.0,1696777,794498,902279,9.87,1136.0,75.05,85.89,65.77,763387,557613,205774,933390,1391137,175672,120855,1539.0,1538.0,1539.0,1484.0,maharashtra,ratnagiri,16.0,8,23,0.0,23.0,6,5,1,1,40,12,44,0,1504568.0,1.Hindus,2.Muslims,3.Buddhists,810.0
2004.0,2583524,1320088,1263436,17.59,957.0,76.62,86.26,66.73,1218655,952241,266414,1364869,2243478,203524,85160,721.0,721.0,721.0,719.0,maharashtra,sangli,69.0,26,30,0.0,30.0,14,9,5,3,31,11,85,0,1950306.0,1.Hindus,2.Muslims,3.Jains,567.0
2004.0,2808994,1408326,1400668,14.1,995.0,78.22,88.2,68.38,1303658,1044989,258669,1505336,2533359,128570,125661,1716.0,1716.0,1701.0,1680.0,maharashtra,satara,59.0,28,22,0.0,22.0,20,14,6,7,38,8,169,0,2410873.0,1.Hindus,2.Buddhists,3.Muslims,646.0
2004.0,868825,417890,450935,3.55,1079.0,80.3,90.26,71.23,404985,233827,171158,463840,802498,24320,23668,743.0,743.0,735.0,722.0,maharashtra,sindhudurg,10.0,4,5,0.0,5.0,5,5,0,0,18,5,6,0,786506.0,1.Hindus,2.Buddhists,3.Muslims,593.0
2004.0,1236736,638990,597746,15.3,935.0,80.06,87.18,72.45,550351,431330,119021,686385,1006235,169579,47605,1004.0,998.0,998.0,842.0,maharashtra,wardha,42.0,25,31,0.0,31.0,25,25,0,5,104,7,70,0,911695.0,1.Hindus,2.Buddhists,3.Muslims,392.0
2004.0,2458271,1265681,1192590,18.46,942.0,73.62,84.09,62.52,1118937,949453,169484,1339334,1999368,221793,196909,1856.0,1820.0,1795.0,1729.0,maharashtra,yavatmal,79.0,62,62,0.0,62.0,42,39,3,11,129,23,206,0,2001060.0,1.Hindus,2.Buddhists,3.Muslims,723.0
2004.0,208368,104550,103818,13.9,993.0,67.63,79.61,55.66,89703,55557,34146,118665,148903,38763,14194,48.0,48.0,46.0,47.0,manipur,bishnupur,19.0,48,3,0.0,3.0,14,8,6,0,7,0,1,0,133627.0,1.Hindus,2.Others,3.Muslims,28.0
2004.0,118327,59741,58586,72.8,981.0,56.23,64.34,47.98,54545,39935,14610,63782,109128,5701,2318,350.0,323.0,190.0,214.0,manipur,chandel,6.0,13,1,0.0,1.0,1,0,1,0,0,0,0,0,103365.0,1.Christians,2.Hindus,3.Muslims,25.0
2004.0,227905,117232,110673,29.81,944.0,70.59,77.67,63.06,99363,71933,27430,128542,213186,10538,2573,540.0,539.0,306.0,395.0,manipur,churachandpur,26.0,18,0,0.0,0.0,7,1,6,0,0,0,0,0,227905.0,1.Christians,2.Hindus,3.Muslims,66.0
2004.0,111499,58014,53485,29.23,922.0,59.25,68.72,48.95,50863,43353,7510,60636,105791,3187,1431,171.0,171.0,75.0,157.0,manipur,tamenglong,1.0,1,0,0.0,0.0,5,0,5,0,0,0,0,0,111499.0,1.Christians,2.Hindus,3.Muslims,42.0
2004.0,364140,182250,181890,24.62,998.0,66.41,80.43,52.46,177343,111486,65857,186797,221096,86849,50819,90.0,90.0,84.0,88.0,manipur,thoubal,38.0,46,11,0.0,11.0,32,20,12,0,2,0,1,0,232868.0,1.Hindus,2.Muslims,3.Others,36.0
2004.0,140778,73465,67313,28.98,916.0,73.12,80.13,65.41,66515,51564,14951,74263,133966,5687,881,198.0,198.0,154.0,188.0,manipur,ukhrul,10.0,2,0,0.0,0.0,1,0,1,0,0,0,0,0,140778.0,1.Christians,2.Hindus,3.Muslims,47.0
2004.0,325676,166877,158799,39.24,952.0,96.51,96.75,96.26,162961,125328,37633,162715,303893,14508,5185,96.0,96.0,81.0,86.0,mizoram,aizawl,10.0,7,6,0.0,6.0,6,0,6,0,30,0,0,0,77531.0,1.Christians,2.Hindus,3.Muslims,46.0
2004.0,73620,38776,34844,34.78,899.0,64.74,70.9,57.81,34093,26188,7905,39527,38410,32877,1910,139.0,139.0,27.0,134.0,mizoram,lawngtlai,3.0,1,1,0.0,1.0,1,0,1,0,5,0,0,0,73620.0,1.Buddhists,2.Christians,3.Hindus,24.0
2004.0,137223,71402,65821,23.1,922.0,84.17,87.44,80.6,71792,60870,10922,65431,109204,22429,4612,160.0,160.0,101.0,130.0,mizoram,lunglei,4.0,3,2,0.0,2.0,2,0,2,0,10,0,0,0,79267.0,1.Christians,2.Buddhists,3.Hindus,55.0
2004.0,310084,162251,147833,49.96,911.0,74.54,80.3,68.15,135023,114456,20567,175061,278844,21950,5457,180.0,179.0,148.0,164.0,nagaland,kohima,12.0,5,10,0.0,10.0,9,0,9,0,2,0,0,0,233054.0,1.Christians,2.Hindus,3.Others,82.0
2004.0,232085,120929,111156,43.48,919.0,83.92,86.03,81.61,109260,82160,27100,122825,219282,10433,2128,102.0,101.0,97.0,99.0,nagaland,mokokchung,6.0,3,1,0.0,1.0,1,0,1,0,0,1,0,0,200871.0,1.Christians,2.Hindus,3.Muslims,82.0
2004.0,260652,138753,121899,73.42,879.0,41.83,46.56,36.35,130848,108206,22642,129804,248684,9963,1748,110.0,110.0,102.0,107.0,nagaland,mon,6.0,6,0,0.0,0.0,2,0,2,0,0,0,0,0,244062.0,1.Christians,2.Hindus,3.Muslims,69.0
2004.0,148195,77141,71054,45.12,921.0,70.65,78.37,62.26,71398,57454,13944,76797,143048,4095,517,104.0,104.0,102.0,102.0,nagaland,phek,6.0,2,1,0.0,1.0,0,0,0,0,1,0,0,0,135331.0,1.Christians,2.Hindus,3.Muslims,54.0
2004.0,414818,218678,196140,78.1,897.0,50.64,55.12,45.58,184924,156950,27974,229894,406287,6856,1329,251.0,251.0,238.0,230.0,nagaland,tuensang,10.0,3,1,0.0,1.0,0,0,0,0,0,0,0,0,385046.0,1.Christians,2.Hindus,3.Muslims,123.0
2004.0,161223,83670,77553,95.01,927.0,80.55,85.35,75.32,56254,49679,6575,104969,155009,4787,1209,128.0,128.0,105.0,104.0,nagaland,wokha,4.0,4,0,0.0,0.0,2,0,2,0,0,0,0,0,123587.0,1.Christians,2.Hindus,3.Muslims,67.0
2004.0,153955,79056,74899,61.0,947.0,69.28,73.74,64.57,56783,47491,9292,97172,150097,3193,492,187.0,186.0,187.0,178.0,nagaland,zunheboto,1.0,3,1,0.0,1.0,0,0,0,0,0,0,0,0,130874.0,1.Christians,2.Hindus,3.Muslims,57.0
2004.0,3096077,1650589,1445488,22.72,876.0,67.27,72.61,61.26,1112200,938100,174100,1983877,2383575,648284,51948,1185.0,1151.0,1185.0,1114.0,punjab,amritsar,48.0,50,25,0.0,25.0,31,23,8,7,9,0,54,0,1872802.0,1.Sikhs,2.Hindus,3.Christians,696.0
2004.0,550892,292596,258296,21.42,883.0,61.95,68.15,55.03,209754,181873,27881,341138,427104,119702,1739,163.0,163.0,163.0,160.0,punjab,faridkot,19.0,18,13,0.0,13.0,15,13,2,1,9,1,19,0,357321.0,1.Sikhs,2.Hindus,3.Muslims,107.0
2004.0,2104011,1113077,990934,19.33,890.0,73.77,79.78,67.15,700557,568322,132235,1403454,996246,934963,148981,1532.0,1531.0,1532.0,1375.0,punjab,gurdaspur,19.0,15,16,0.0,16.0,8,6,2,3,6,0,18,0,1568788.0,1.Hindus,2.Sikhs,3.Christians,517.0
2004.0,1480736,765132,715604,13.81,935.0,81.02,86.45,75.32,513351,415123,98228,967385,871923,574862,15394,1386.0,1386.0,1386.0,1232.0,punjab,hoshiarpur,35.0,27,23,0.0,23.0,21,13,8,13,11,0,39,0,1188662.0,1.Hindus,2.Sikhs,3.Muslims,382.0
2004.0,1962700,1040177,922523,18.4,887.0,78.04,82.49,73.08,676835,599324,77511,1285865,1158868,740841,22106,934.0,934.0,934.0,832.0,punjab,jalandhar,74.0,85,31,0.0,31.0,53,39,14,14,26,0,109,0,1030717.0,1.Hindus,2.Sikhs,3.Christians,598.0
2004.0,754521,399623,354898,16.34,888.0,73.93,79.02,68.29,262741,231222,31519,491780,448654,286438,7740,618.0,618.0,618.0,478.0,punjab,kapurthala,22.0,23,12,0.0,12.0,12,8,4,5,2,0,32,0,507994.0,1.Sikhs,2.Hindus,3.Buddhists,359.0
2004.0,3032831,1662716,1370115,24.79,824.0,76.5,80.25,71.95,1149638,1041517,108121,1883193,1744446,1205128,52220,897.0,897.0,897.0,842.0,punjab,ludhiana,53.0,55,48,0.0,48.0,70,46,24,5,33,23,104,0,1339178.0,1.Sikhs,2.Hindus,3.Muslims,550.0
2004.0,1844934,987390,857544,20.31,868.0,69.78,75.88,62.86,681951,589015,92936,1162983,1024546,778427,34828,1054.0,1053.0,1054.0,986.0,punjab,patiala,49.0,45,20,0.0,20.0,45,32,13,9,24,2,96,0,1200224.0,1.Sikhs,2.Hindus,3.Muslims,172.0
2004.0,2000173,1069289,930884,18.57,871.0,59.98,65.81,53.38,814098,714076,100022,1186075,1400149,434873,157838,697.0,697.0,697.0,684.0,punjab,sangrur,44.0,50,21,0.0,21.0,16,10,6,3,13,4,42,0,1415354.0,1.Sikhs,2.Hindus,3.Muslims,291.0
2004.0,2181670,1129920,1051750,26.1,931.0,64.65,79.37,48.86,856809,690818,165991,1324861,1869044,244341,47812,1025.0,1025.0,966.0,970.0,rajasthan,ajmer,41.0,82,48,0.0,48.0,101,101,0,8,78,0,371,0,1306994.0,1.Hindus,2.Muslims,3.Jains,352.0
2004.0,2992592,1586752,1405840,30.23,886.0,61.74,78.09,43.28,1458686,947587,511099,1533906,2535155,383204,55530,1954.0,1954.0,1843.0,1811.0,rajasthan,alwar,60.0,98,43,0.0,43.0,86,67,19,30,98,0,276,0,2557653.0,1.Hindus,2.Muslims,3.Sikhs,553.0
2004.0,1501589,760686,740903,29.84,974.0,44.63,60.45,28.43,709412,529393,180019,792177,1425287,39079,18406,1476.0,1476.0,853.0,1348.0,rajasthan,banswara,26.0,22,20,0.0,20.0,54,51,3,7,92,4,86,0,1394226.0,1.Hindus,2.Muslims,3.Jains,450.0
2004.0,1964835,1038247,926588,36.83,892.0,58.99,72.76,43.45,919729,680208,239521,1045106,1695047,231918,35744,1933.0,1933.0,948.0,1777.0,rajasthan,barmer,15.0,22,14,0.0,14.0,21,15,6,9,95,0,69,0,1819431.0,1.Hindus,2.Muslims,3.Jains,433.0
2004.0,2101142,1133425,967717,27.05,854.0,63.57,80.54,43.56,852913,573547,279366,1248229,1804599,264709,23472,1366.0,1365.0,1238.0,1298.0,rajasthan,bharatpur,92.0,134,44,0.0,44.0,128,91,37,16,52,0,295,0,1692182.0,1.Hindus,2.Muslims,3.Sikhs,481.0
2004.0,2013789,1026650,987139,26.14,962.0,50.74,67.39,33.48,939848,764916,174932,1073941,1859972,112802,37659,1693.0,1693.0,1553.0,1516.0,rajasthan,bhilwara,37.0,43,44,0.0,44.0,157,118,39,11,121,6,342,0,1598938.0,1.Hindus,2.Muslims,3.Jains,473.0
2004.0,1674271,886075,788196,38.18,890.0,56.91,70.05,42.03,661457,522482,138975,1012814,1445088,172372,31235,712.0,686.0,485.0,611.0,rajasthan,bikaner,52.0,98,41,0.0,41.0,31,25,6,23,48,0,190,0,1079235.0,1.Hindus,2.Muslims,3.Jains,173.0
2004.0,962620,504818,457802,24.8,907.0,55.57,71.68,37.79,456937,305977,150960,505683,881956,56220,13186,839.0,838.0,733.0,764.0,rajasthan,bundi,17.0,102,47,0.0,47.0,99,84,15,4,141,3,228,0,783058.0,1.Hindus,2.Muslims,3.Jains,178.0
2004.0,1923878,987781,936097,24.6,948.0,66.81,79.69,53.35,853899,587431,266468,1069979,1698106,210446,13882,946.0,925.0,877.0,909.0,rajasthan,churu,32.0,34,15,0.0,15.0,31,19,12,7,44,0,198,0,1387682.0,1.Hindus,2.Muslims,3.Jains,423.0
2004.0,1107643,547791,559852,26.58,1022.0,48.57,66.04,31.77,531376,272283,259093,576267,1068319,23549,12542,854.0,853.0,723.0,819.0,rajasthan,dungarpur,26.0,8,17,0.0,17.0,40,37,3,5,44,0,72,0,1026787.0,1.Hindus,2.Muslims,3.Jains,368.0
2004.0,1789423,955378,834045,27.53,873.0,64.74,75.53,52.44,719792,552559,167233,1069631,1299812,441409,42442,2830.0,2820.0,1817.0,1653.0,rajasthan,ganganagar,58.0,106,50,0.0,50.0,69,61,8,20,46,2,450,0,1336066.0,1.Hindus,2.Sikhs,3.Muslims,654.0
2004.0,5251071,2768203,2482868,35.1,897.0,69.9,82.8,55.52,1864055,1584361,279694,3387016,4629461,515124,73631,2077.0,2077.0,1962.0,1863.0,rajasthan,jaipur,83.0,116,81,0.0,81.0,227,182,45,39,240,3,536,0,2659004.0,1.Hindus,2.Muslims,3.Jains,622.0
2004.0,508247,279101,229146,47.45,821.0,50.97,66.26,32.05,211687,153139,58548,296560,383638,120174,2086,600.0,576.0,183.0,473.0,rajasthan,jaisalmer,5.0,0,2,0.0,2.0,10,4,6,3,14,0,27,0,431853.0,1.Hindus,2.Muslims,3.Sikhs,144.0
2004.0,1180323,612804,567519,23.34,926.0,57.32,73.31,40.02,554781,399386,155395,625542,1087934,78962,11759,1477.0,1476.0,1185.0,1173.0,rajasthan,jhalawar,46.0,98,40,0.0,40.0,88,61,27,4,167,5,258,0,1012081.0,1.Hindus,2.Muslims,3.Jains,214.0
2004.0,2886505,1513890,1372615,33.77,907.0,56.67,72.96,38.64,1105009,829721,275288,1781496,2528049,310114,36694,1058.0,1058.0,911.0,983.0,rajasthan,jodhpur,49.0,114,19,0.0,19.0,66,53,13,15,101,2,270,0,1909423.0,1.Hindus,2.Muslims,3.Jains,462.0
2004.0,1568525,827128,741397,28.52,896.0,73.53,85.23,60.43,541362,420734,120628,1027163,1344633,183716,23259,812.0,811.0,736.0,715.0,rajasthan,kota,47.0,300,42,0.0,42.0,137,124,13,10,186,1,400,0,729948.0,1.Hindus,2.Muslims,3.Jains,225.0
2004.0,2775058,1424967,1350091,29.33,947.0,57.28,74.1,39.67,1129514,844039,285475,1645544,2399173,356405,17478,1480.0,1466.0,1417.0,1417.0,rajasthan,nagaur,54.0,35,25,0.0,25.0,40,29,11,16,160,0,154,0,2297721.0,1.Hindus,2.Muslims,3.Jains,580.0
2004.0,1820251,918856,901395,22.39,981.0,54.39,72.2,36.48,724883,518158,206725,1095368,1677038,114088,25599,936.0,936.0,883.0,906.0,rajasthan,pali,42.0,59,31,0.0,31.0,90,83,7,12,127,0,239,0,1429364.0,1.Hindus,2.Muslims,3.Jains,451.0
2004.0,2287788,1172753,1115035,24.11,951.0,70.47,84.34,56.11,887915,633421,254494,1399873,2019396,261714,4957,986.0,985.0,965.0,945.0,rajasthan,sikar,39.0,27,18,0.0,18.0,66,39,27,17,38,0,120,0,1815250.0,1.Hindus,2.Muslims,3.Jains,470.0
2004.0,851107,437949,413158,30.08,943.0,53.94,69.89,37.15,343905,245762,98143,507202,810765,25439,12427,455.0,454.0,399.0,423.0,rajasthan,sirohi,44.0,28,14,0.0,14.0,33,31,2,6,44,1,86,0,700217.0,1.Hindus,2.Muslims,3.Jains,201.0
2004.0,1211671,626436,585235,24.24,934.0,51.97,70.52,32.15,532682,425230,107452,678989,1062365,124440,23644,1032.0,1031.0,818.0,887.0,rajasthan,tonk,27.0,28,14,0.0,14.0,67,45,22,5,30,2,205,0,958503.0,1.Hindus,2.Muslims,3.Jains,246.0
2004.0,2633312,1336004,1297308,27.37,971.0,58.62,73.62,43.26,1100880,724120,376760,1532432,2449773,88262,83699,2339.0,2337.0,1647.0,2030.0,rajasthan,udaipur,59.0,76,57,0.0,57.0,134,115,19,14,102,2,199,0,2142995.0,1.Hindus,2.Muslims,3.Jains,619.0
2004.0,245040,132917,112123,37.17,844.0,74.67,81.2,66.8,116529,92577,23952,128511,157321,64729,14502,131.0,131.0,125.0,112.0,sikkim,east,4.0,3,1,0.0,1.0,1,1,0,0,15,0,0,0,192188.0,1.Hindus,2.Buddhists,3.Christians,100.0
2004.0,41030,23414,17616,31.32,752.0,67.21,75.69,55.39,23542,17553,5989,17488,22603,16128,1623,53.0,53.0,46.0,42.0,sikkim,north,3.0,0,0,0.0,0.0,0,0,0,0,1,0,0,0,39782.0,1.Buddhists,2.Hindus,3.Christians,44.0
2004.0,131525,68241,63284,33.37,927.0,67.31,74.29,59.72,69693,57367,12326,61832,84213,31109,12757,145.0,145.0,142.0,131.0,sikkim,south,4.0,4,2,0.0,2.0,4,3,1,0,12,0,1,0,127579.0,1.Hindus,2.Buddhists,3.Christians,99.0
2004.0,123256,63912,59344,25.48,929.0,58.8,66.82,50.11,53279,45407,7872,69977,71886,33601,9567,121.0,121.0,115.0,107.0,sikkim,west,5.0,1,0,0.0,0.0,0,0,0,0,12,0,0,0,121432.0,1.Hindus,2.Buddhists,3.Others,86.0
2004.0,307868,159095,148773,10.79,935.0,60.93,70.17,50.99,126761,92570,34191,181107,257834,28180,14848,148.0,148.0,108.0,138.0,tripura,dhalai,24.0,4,15,0.0,15.0,16,7,9,1,5,0,19,0,289001.0,1.Hindus,2.Buddhists,3.Christians,58.0
2004.0,900635,506938,393697,40.33,777.0,81.94,86.14,76.47,340422,328989,11433,560213,707978,145175,35548,23.0,23.0,23.0,18.0,chandigarh,chandigarh,22.0,19,19,0.0,19.0,54,43,11,6,20,18,73,0,92120.0,1.Hindus,2.Sikhs,3.Muslims,18.0
2005.0,1647201,848578,798623,18.53,941.0,56.24,64.83,47.07,517088,408537,108551,1130113,977943,662066,5267,1050.0,1050.0,775.0,967.0,assam,barpeta,38.0,4,56,0.0,56.0,69,66,3,8,25,0,105,0,1520333.0,1.Hindus,2.Muslims,3.Christians,430.0
2005.0,904835,465240,439595,12.23,945.0,59.33,67.67,50.44,293243,233087,60156,611592,535464,348573,18728,881.0,881.0,607.0,805.0,assam,bongaigaon,19.0,3,38,0.0,38.0,31,28,3,3,15,0,66,0,795053.0,1.Hindus,2.Muslims,3.Christians,112.0
2005.0,1444921,743042,701879,18.66,945.0,67.82,75.73,59.41,465734,364814,100920,979187,886761,522051,31306,1020.0,1020.0,741.0,902.0,assam,cachar,51.0,44,51,0.0,51.0,110,99,11,4,165,0,334,0,1243534.0,1.Hindus,2.Muslims,3.Christians,134.0
2005.0,1504320,773861,730459,15.79,944.0,55.44,63.91,46.4,527993,404428,123565,976327,868532,534658,97306,1319.0,1319.0,1032.0,1246.0,assam,darrang,25.0,17,47,0.0,47.0,33,30,3,4,65,0,45,0,1429492.0,1.Hindus,2.Muslims,3.Christians,356.0
2005.0,571944,294643,277301,18.93,941.0,64.48,74.41,53.86,250146,155431,94715,321798,548780,10533,6390,1236.0,1236.0,253.0,1068.0,assam,dhemaji,20.0,16,52,0.0,52.0,45,20,25,4,31,0,67,0,533112.0,1.Hindus,2.Muslims,3.Christians,83.0
2005.0,1637344,841044,796300,23.42,947.0,48.21,55.91,40.04,470360,399201,71159,1166984,1216455,405065,12477,1261.0,1261.0,904.0,1138.0,assam,dhubri,40.0,22,101,0.0,101.0,84,63,21,10,56,0,201,0,1444901.0,1.Hindus,2.Muslims,3.Christians,374.0
2005.0,1185072,613555,571517,12.43,931.0,68.96,77.3,59.95,472419,342708,129711,712653,1075878,53306,45040,1309.0,1309.0,1195.0,1169.0,assam,dibrugarh,113.0,24,57,0.0,57.0,75,51,24,4,41,0,53,0,956634.0,1.Hindus,2.Muslims,3.Christians,263.0
2005.0,822035,420251,401784,23.07,956.0,58.03,64.86,50.85,273925,209928,63997,548110,441516,314157,64662,761.0,761.0,689.0,723.0,assam,goalpara,31.0,5,40,0.0,40.0,73,69,4,3,2,0,142,2,755133.0,1.Hindus,2.Muslims,3.Christians,243.0
2005.0,946279,490286,455993,14.21,930.0,69.38,77.14,60.99,388640,269896,118744,557639,813263,74808,52277,1066.0,1066.0,595.0,769.0,assam,golaghat,61.0,18,54,0.0,54.0,87,70,17,0,27,0,91,0,865141.0,1.Hindus,2.Muslims,3.Christians,87.0
2005.0,542872,280513,262359,20.92,935.0,59.64,68.24,50.46,179881,138216,41665,362991,312849,223191,5424,327.0,327.0,268.0,308.0,assam,hailakandi,18.0,4,18,0.0,18.0,35,33,2,1,6,1,32,0,498787.0,1.Hindus,2.Muslims,3.Christians,110.0
2005.0,999221,517015,482206,15.84,933.0,76.34,83.62,68.49,414348,285092,129256,584873,927858,47658,18610,787.0,787.0,650.0,717.0,assam,jorhat,51.0,10,29,0.0,29.0,44,40,4,0,40,0,42,0,827901.0,1.Hindus,2.Muslims,3.Christians,215.0
2005.0,2522324,1326981,1195343,25.75,901.0,74.16,81.16,66.31,842253,697810,144443,1680071,1836153,625002,44257,1342.0,1342.0,1042.0,1190.0,assam,kamrup,31.0,18,73,0.0,73.0,86,53,33,0,26,0,0,0,1614107.0,1.Hindus,2.Muslims,3.Christians,468.0
2005.0,1007976,517680,490296,21.35,947.0,66.24,74.69,57.28,303294,235016,68278,704682,527214,470708,8746,915.0,915.0,639.0,865.0,assam,karimganj,30.0,25,28,0.0,28.0,31,29,2,9,8,0,71,0,934126.0,1.Hindus,2.Muslims,3.Christians,224.0
2005.0,905764,466191,439573,15.05,943.0,51.63,60.32,42.4,334849,234771,100078,570915,594168,184441,124270,951.0,951.0,704.0,906.0,assam,kokrajhar,46.0,2,36,0.0,36.0,44,29,15,2,17,0,53,0,841823.0,1.Hindus,2.Muslims,3.Christians,211.0
2005.0,889010,455691,433319,18.34,951.0,68.56,77.06,59.59,497745,288052,209693,391265,702881,143505,36667,1139.0,1139.0,680.0,1046.0,assam,lakhimpur,36.0,8,69,0.0,69.0,112,110,2,4,34,0,125,0,823857.0,1.Hindus,2.Muslims,3.Christians,211.0
2005.0,2314629,1190950,1123679,22.3,944.0,61.73,68.27,54.74,727641,566195,161446,1586988,1180267,1106354,21473,1375.0,1374.0,1190.0,1257.0,assam,nagaon,88.0,59,149,0.0,149.0,185,181,4,2,27,8,291,0,2036342.0,1.Hindus,2.Muslims,3.Christians,480.0
2005.0,1148824,592375,556449,11.98,939.0,67.23,76.56,57.26,383932,291665,92267,764892,873749,253842,18495,798.0,798.0,733.0,769.0,assam,nalbari,17.0,9,27,0.0,27.0,38,29,9,2,39,0,19,0,1121338.0,1.Hindus,2.Muslims,3.Christians,179.0
2005.0,1051736,545476,506260,15.95,928.0,74.47,81.53,66.81,430523,287319,143204,621213,927706,85761,28488,866.0,866.0,772.0,825.0,assam,sibsagar,61.0,21,38,0.0,38.0,73,73,0,2,68,0,81,0,954557.0,1.Hindus,2.Muslims,3.Christians,317.0
2005.0,1681513,871568,809945,17.8,929.0,59.0,67.54,49.73,634723,465283,169440,1046790,1287646,268078,115623,1784.0,1784.0,1331.0,1372.0,assam,sonitpur,87.0,7,77,0.0,77.0,108,106,2,3,2,0,145,1,1505719.0,1.Hindus,2.Muslims,3.Christians,235.0
2005.0,1150062,601099,548963,19.52,913.0,60.95,70.15,50.78,466351,349847,116504,683711,1029142,62403,40000,1107.0,1107.0,871.0,936.0,assam,tinsukia,92.0,9,42,0.0,42.0,75,61,14,10,20,0,16,0,926105.0,1.Hindus,2.Muslims,3.Christians,198.0
2005.0,2158608,1128105,1030503,31.84,913.0,35.01,46.38,22.37,853445,657446,195999,1305163,1263766,887972,2504,713.0,713.0,129.0,552.0,bihar,araria,68.0,12,29,0.0,29.0,43,39,4,9,6,0,19,1,2026257.0,1.Hindus,2.Muslims,3.Jains,60.0
2005.0,2013055,1040945,972110,30.19,934.0,57.03,71.13,41.9,671011,476390,194621,1342044,1814612,196030,1161,1739.0,1739.0,527.0,1148.0,bihar,aurangabad,60.0,164,17,0.0,17.0,33,23,10,29,0,0,9,0,1842998.0,1.Hindus,2.Muslims,3.Religion not stated,270.0
2005.0,2349366,1228874,1120492,29.11,912.0,47.98,59.13,35.64,746075,571564,174511,1603291,2033039,313713,1224,729.0,729.0,457.0,503.0,bihar,begusarai,128.0,53,20,0.0,20.0,65,20,45,25,13,2,39,0,2241743.0,1.Hindus,2.Muslims,3.Religion not stated,167.0
2005.0,2423172,1291658,1131514,27.24,876.0,49.5,59.22,38.13,855345,580731,274614,1567827,1990976,423246,1853,935.0,935.0,445.0,642.0,bihar,bhagalpur,93.0,52,75,0.0,75.0,101,52,49,18,15,0,55,0,1970745.0,1.Hindus,2.Muslims,3.Christians,229.0
2005.0,2243144,1179611,1063533,24.58,902.0,58.96,74.29,41.8,653811,491916,161895,1589333,2076589,163193,913,999.0,999.0,247.0,885.0,bihar,bhojpur,158.0,188,14,0.0,14.0,38,36,2,38,34,0,44,0,1930730.0,1.Hindus,2.Muslims,3.Religion not stated,133.0
2005.0,3295789,1722189,1573600,30.85,914.0,44.33,56.72,30.78,1028558,761464,267094,2267231,2543284,748971,2245,1083.0,1083.0,490.0,850.0,bihar,darbhanga,44.0,78,65,0.0,65.0,54,22,32,33,31,0,137,0,3028441.0,1.Hindus,2.Muslims,3.Religion not stated,271.0
2005.0,3473428,1792163,1681265,30.19,938.0,50.45,63.27,36.66,1277639,994459,283180,2195789,3063841,403439,1622,2680.0,2680.0,539.0,1635.0,bihar,gaya,158.0,175,22,0.0,22.0,77,20,57,8,28,0,11,0,2997479.0,1.Hindus,2.Muslims,3.Religion not stated,278.0
2005.0,2152638,1075710,1076928,26.11,1001.0,47.48,62.96,32.16,641672,466811,174861,1510966,1784275,367219,850,1383.0,1383.0,439.0,866.0,bihar,gopalganj,74.0,209,24,0.0,24.0,65,51,14,25,2,6,49,0,2022048.0,1.Hindus,2.Muslims,3.Religion not stated,261.0
2005.0,1514315,784946,729369,28.64,929.0,55.26,70.07,39.37,580905,422789,158116,933410,1389053,124149,743,856.0,856.0,219.0,672.0,bihar,jehanabad,52.0,52,16,0.0,16.0,19,2,17,7,14,0,17,0,1402703.0,1.Hindus,2.Muslims,3.Religion not stated,123.0
2005.0,2392638,1246872,1145766,30.91,919.0,35.09,45.31,23.8,898326,664259,234067,1494312,1363523,1017495,4994,1290.0,1290.0,277.0,785.0,bihar,katihar,78.0,41,88,0.0,88.0,61,53,8,26,10,0,55,0,2174361.0,1.Hindus,2.Muslims,3.Christians,248.0
2005.0,1280354,679267,601087,29.32,885.0,41.35,51.82,29.35,467240,333262,133978,813114,1147346,131441,546,241.0,241.0,114.0,220.0,bihar,khagaria,48.0,41,14,0.0,14.0,35,15,20,12,5,0,12,0,1204027.0,1.Hindus,2.Muslims,3.Others,124.0
2005.0,1296348,669552,626796,31.5,936.0,31.09,42.71,18.63,417151,359819,57332,879197,876105,412995,2856,730.0,730.0,116.0,442.0,bihar,kishanganj,17.0,23,61,0.0,61.0,84,81,3,3,2,0,30,0,1167340.0,1.Muslims,2.Hindus,3.Christians,120.0
2005.0,1526646,797180,729466,29.45,915.0,36.07,48.8,22.11,683976,498367,185609,842670,1351978,173605,494,384.0,384.0,168.0,311.0,bihar,madhepura,52.0,24,15,0.0,15.0,13,9,4,10,6,0,11,0,1458679.0,1.Hindus,2.Muslims,3.Religion not stated,141.0
2005.0,3575281,1840997,1734284,26.08,942.0,41.97,56.79,26.25,1227723,877412,350311,2347558,2930501,641579,1477,1034.0,1034.0,437.0,901.0,bihar,madhubani,69.0,108,42,0.0,42.0,66,0,66,17,35,0,26,0,3450736.0,1.Hindus,2.Muslims,3.Religion not stated,232.0
2005.0,1137797,607730,530067,20.34,872.0,59.47,69.89,47.4,331451,233688,97763,806346,1045233,89791,1135,525.0,525.0,321.0,382.0,bihar,munger,95.0,29,18,0.0,18.0,54,11,43,11,10,0,16,0,819950.0,1.Hindus,2.Muslims,3.Christians,149.0
2005.0,3746714,1951466,1795248,26.74,920.0,47.95,59.1,35.81,1139830,895830,244000,2606884,3168225,573951,2104,1725.0,1725.0,1021.0,1423.0,bihar,muzaffarpur,131.0,22,80,0.0,80.0,225,14,211,67,17,0,104,0,3398361.0,1.Hindus,2.Muslims,3.Religion not stated,526.0
2005.0,2370528,1238599,1131929,18.64,914.0,53.19,66.44,38.58,903144,700007,203137,1467384,2191552,176871,888,1000.0,1000.0,366.0,879.0,bihar,nalanda,150.0,100,25,0.0,25.0,94,21,73,65,10,1,92,4,2016899.0,1.Hindus,2.Muslims,3.Religion not stated,198.0
2005.0,4718592,2519942,2198650,30.17,873.0,62.92,73.34,50.83,1425647,1161984,263663,3292945,4333556,366164,8951,1288.0,1288.0,615.0,1199.0,bihar,patna,436.0,87,57,0.0,57.0,275,59,216,85,5,2,189,0,2757060.0,1.Hindus,2.Muslims,3.Christians,390.0
2005.0,2450748,1283485,1167263,27.71,909.0,61.29,75.31,45.71,744183,544731,199452,1706565,2199049,246760,2549,1710.0,1710.0,493.0,1185.0,bihar,rohtas,107.0,218,18,0.0,18.0,29,7,22,37,12,0,7,0,2123942.0,1.Hindus,2.Muslims,3.Sikhs,153.0
2005.0,1508182,789432,718750,33.03,910.0,39.08,51.66,25.27,589467,411566,177901,918715,1289364,217922,437,441.0,441.0,127.0,374.0,bihar,saharsa,17.0,88,11,0.0,11.0,40,2,38,5,19,0,12,6,1383015.0,1.Hindus,2.Muslims,3.Christians,63.0
2005.0,3394793,1760692,1634101,25.63,928.0,45.13,57.59,31.67,1071974,843356,228618,2322819,3035755,355897,1432,1122.0,1122.0,674.0,878.0,bihar,samastipur,121.0,184,28,0.0,28.0,97,4,93,40,10,0,73,48,3271338.0,1.Hindus,2.Muslims,3.Religion not stated,195.0
2005.0,3248701,1652661,1596040,26.37,966.0,51.8,67.3,35.82,860940,644618,216322,2387761,2909213,337767,758,1566.0,1566.0,544.0,1213.0,bihar,saran,125.0,345,32,0.0,32.0,85,43,42,76,4,1,58,0,2950064.0,1.Hindus,2.Muslims,3.Religion not stated,342.0
2005.0,2682720,1417611,1265109,32.58,892.0,38.46,49.36,26.13,855156,714136,141020,1827564,2111476,568992,1237,802.0,802.0,302.0,709.0,bihar,sitamarhi,63.0,25,32,0.0,32.0,74,51,23,32,12,0,64,0,2529407.0,1.Hindus,2.Muslims,3.Religion not stated,216.0
2005.0,2714349,1336283,1378066,24.78,1031.0,51.65,67.26,36.88,730437,511578,218859,1983912,2218632,494176,899,1438.0,1438.0,441.0,1119.0,bihar,siwan,93.0,43,27,0.0,27.0,59,33,26,31,8,1,60,0,2564860.0,1.Hindus,2.Muslims,3.Religion not stated,254.0
2005.0,2718421,1415603,1302818,26.39,920.0,50.49,63.23,36.58,782717,624452,158265,1935704,2457636,259158,922,1414.0,1414.0,970.0,929.0,bihar,vaishali,69.0,108,13,0.0,13.0,133,51,82,72,36,0,74,0,2531766.0,1.Hindus,2.Muslims,3.Religion not stated,154.0
2005.0,1998355,1013875,984480,17.59,971.0,63.51,78.43,48.17,857577,630504,227073,1140778,1904580,45342,19325,1579.0,1545.0,1494.0,1426.0,chhattisgarh,bilaspur,94.0,54,77,0.0,77.0,36,36,0,18,154,19,117,0,1511661.0,1.Hindus,2.Muslims,3.Others,452.0
2005.0,2810436,1417893,1392543,16.88,982.0,75.62,86.43,64.64,1162833,965624,197209,1647603,2654202,70398,23399,1776.0,1762.0,1737.0,1698.0,chhattisgarh,durg,90.0,65,128,0.0,128.0,28,19,9,14,216,23,107,0,1738127.0,1.Hindus,2.Muslims,3.Sikhs,669.0
2005.0,1265529,634597,630932,18.68,994.0,70.16,82.7,57.62,601564,430725,170839,663965,1212180,36098,12637,1433.0,1410.0,1385.0,1350.0,chhattisgarh,raigarh,62.0,29,35,0.0,35.0,11,11,0,9,64,2,32,0,1096073.0,1.Hindus,2.Christians,3.Muslims,279.0
2005.0,3016930,1523925,1493005,18.97,980.0,68.51,81.97,54.81,1264663,961507,303156,1752267,2881933,77963,16857,2124.0,2101.0,1955.0,1987.0,chhattisgarh,raipur,92.0,59,125,0.0,125.0,46,41,5,16,235,29,94,0,2099312.0,1.Hindus,2.Muslims,3.Christians,696.0
2005.0,1283224,634342,648882,17.7,1023.0,77.21,87.17,67.55,649401,558996,90405,633823,1215492,28020,21035,1605.0,1595.0,1550.0,1484.0,chhattisgarh,rajnandgaon,40.0,26,81,0.0,81.0,8,6,2,5,69,6,25,0,1051577.0,1.Hindus,2.Buddhists,3.Muslims,343.0
2005.0,1393918,701593,692325,6.45,987.0,66.09,76.44,55.78,600819,470043,130776,793099,1307460,83077,2309,615.0,614.0,615.0,614.0,gujarat,amreli,24.0,14,11,0.0,11.0,49,47,2,2,18,1,127,0,1080960.0,1.Hindus,2.Muslims,3.Jains,383.0
2005.0,1856872,972000,884872,13.03,910.0,74.51,86.09,61.94,784711,617669,167042,1072161,1616127,199263,29461,350.0,350.0,350.0,350.0,gujarat,anand,20.0,7,7,0.0,7.0,24,20,4,1,28,2,97,0,1348901.0,1.Hindus,2.Muslims,3.Christians,301.0
2005.0,1370656,713676,656980,19.32,921.0,74.41,82.98,65.11,570693,469551,101142,799963,1059796,293459,8824,657.0,657.0,656.0,644.0,gujarat,bharuch,35.0,10,8,0.0,8.0,23,15,8,0,16,5,46,0,1018096.0,1.Hindus,2.Muslims,3.Christians,403.0
2005.0,2469630,1274920,1194710,19.29,937.0,66.2,78.02,53.73,944559,781166,163393,1525071,2264062,172740,28921,790.0,790.0,789.0,786.0,gujarat,bhavnagar,66.0,31,14,0.0,14.0,85,70,15,3,79,33,216,0,1534592.0,1.Hindus,2.Muslims,3.Jains,526.0
2005.0,1334455,697999,636456,23.88,912.0,76.59,87.74,64.58,554336,467413,86923,780119,1269766,50559,7769,291.0,291.0,291.0,290.0,gujarat,gandhinagar,20.0,6,9,0.0,9.0,29,20,9,4,8,4,101,0,867195.0,1.Hindus,2.Muslims,3.Jains,244.0
2005.0,1904278,981320,922958,22.39,941.0,66.48,76.25,56.18,734382,624057,110325,1169896,1605941,270223,21907,698.0,695.0,666.0,666.0,gujarat,jamnagar,41.0,19,14,0.0,14.0,20,15,5,0,15,3,188,0,1068022.0,1.Hindus,2.Muslims,3.Jains,286.0
2005.0,2448173,1252350,1195823,17.08,955.0,67.78,78.74,56.43,1000842,785530,215312,1447331,2165734,274481,4291,923.0,922.0,901.0,858.0,gujarat,junagadh,33.0,27,13,0.0,13.0,38,32,6,5,54,9,421,0,1736645.0,1.Hindus,2.Muslims,3.Jains,803.0
2005.0,514404,263986,250418,14.4,949.0,59.86,72.44,46.61,259116,176372,82744,255288,482552,20429,5122,552.0,552.0,530.0,515.0,gujarat,narmada,15.0,2,6,0.0,6.0,1,1,0,0,2,0,4,0,462298.0,1.Hindus,2.Muslims,3.Christians,324.0
2005.0,1229463,628988,600475,13.22,955.0,75.83,82.77,68.61,545215,457002,88213,684248,1135525,69972,13575,374.0,374.0,374.0,368.0,gujarat,navsari,14.0,3,6,0.0,6.0,6,5,1,2,3,0,31,0,893110.0,1.Hindus,2.Muslims,3.Jains,268.0
2005.0,1182709,612100,570609,14.08,932.0,60.36,73.63,46.33,533078,395470,137608,649631,1057013,119748,5136,517.0,516.0,517.0,514.0,gujarat,patan,24.0,13,6,0.0,6.0,22,19,3,0,24,0,111,0,944281.0,1.Hindus,2.Muslims,3.Jains,265.0
2005.0,536835,275821,261014,14.35,946.0,68.62,78.36,58.42,215134,173594,41540,321701,507176,28404,589,182.0,182.0,155.0,156.0,gujarat,porbandar,10.0,8,1,0.0,1.0,9,8,1,1,5,0,36,0,275460.0,1.Hindus,2.Muslims,3.Jains,130.0
2005.0,1515148,787650,727498,25.34,924.0,61.61,74.19,48.1,647609,512038,135571,867539,1392451,97846,22721,650.0,649.0,650.0,648.0,gujarat,surendranagar,30.0,21,13,0.0,13.0,38,31,7,0,36,1,90,0,1112700.0,1.Hindus,2.Muslims,3.Jains,170.0
2005.0,1410553,734799,675754,29.66,920.0,69.15,77.9,59.62,650257,503333,146924,760296,1300005,66440,15399,450.0,450.0,425.0,449.0,gujarat,valsad,34.0,13,11,0.0,11.0,25,20,5,1,17,0,31,0,1029392.0,1.Hindus,2.Muslims,3.Christians,303.0
2005.0,1014411,542977,471434,25.69,868.0,75.31,82.31,67.39,324521,275648,48873,689890,856193,132463,17263,482.0,482.0,479.0,432.0,haryana,ambala,24.0,16,19,0.0,19.0,24,19,5,9,19,16,130,0,657383.0,1.Hindus,2.Sikhs,3.Muslims,204.0
2005.0,1425022,758253,666769,22.45,879.0,67.45,80.26,53.0,609320,425210,184110,815702,1407363,12740,2542,437.0,437.0,437.0,429.0,haryana,bhiwani,47.0,18,18,0.0,18.0,24,22,2,19,20,16,87,0,1154629.0,1.Hindus,2.Muslims,3.Sikhs,252.0
2005.0,2194586,1193063,1001523,48.47,839.0,70.03,81.52,56.31,785762,609663,176099,1408824,1896698,247293,36005,413.0,413.0,413.0,376.0,haryana,faridabad,76.0,44,39,0.0,39.0,91,67,24,18,42,253,188,0,973242.0,1.Hindus,2.Muslims,3.Sikhs,188.0
2005.0,1660289,886451,773838,44.64,873.0,62.91,76.17,47.78,629658,464644,165014,1030631,1026542,617918,6672,694.0,694.0,693.0,642.0,haryana,gurgaon,65.0,38,17,0.0,17.0,38,22,16,10,20,31,71,0,1291285.0,1.Hindus,2.Muslims,3.Sikhs,203.0
2005.0,1189827,642282,547545,21.35,852.0,62.12,73.82,48.51,521946,372049,149897,667881,1134539,29159,20618,306.0,306.0,306.0,300.0,haryana,jind,37.0,27,14,0.0,14.0,12,6,6,17,2,17,35,0,948250.0,1.Hindus,2.Sikhs,3.Muslims,247.0
2005.0,946131,510513,435618,20.95,853.0,59.02,69.15,47.31,372011,268127,103884,574120,848765,88700,6777,270.0,270.0,270.0,261.0,haryana,kaithal,23.0,18,19,0.0,19.0,11,9,2,6,9,0,115,0,762649.0,1.Hindus,2.Sikhs,3.Muslims,160.0
2005.0,1274183,683368,590815,23.13,865.0,67.74,76.29,57.97,455455,355466,99989,818728,1125279,123160,22614,422.0,422.0,422.0,385.0,haryana,karnal,46.0,31,50,0.0,50.0,31,19,12,14,39,2,236,0,936341.0,1.Hindus,2.Sikhs,3.Muslims,186.0
2005.0,825454,442328,383126,23.72,866.0,69.88,78.06,60.61,308392,250596,57796,517062,675381,135545,12028,407.0,402.0,406.0,385.0,haryana,kurukshetra,25.0,15,24,0.0,24.0,15,9,6,5,24,15,99,0,609943.0,1.Hindus,2.Sikhs,3.Muslims,179.0
2005.0,812521,423578,388943,19.09,918.0,69.89,84.72,54.08,351864,204704,147160,460657,805991,3434,2026,368.0,368.0,368.0,350.0,haryana,mahendragarh,12.0,7,15,0.0,15.0,13,9,4,6,13,0,20,0,702885.0,1.Hindus,2.Muslims,3.Sikhs,190.0
2005.0,967449,528860,438589,38.57,829.0,69.17,78.5,57.97,382801,289013,93788,584648,873593,59696,27437,179.0,179.0,179.0,168.0,haryana,panipat,42.0,19,56,0.0,56.0,35,21,14,11,11,10,127,0,575369.0,1.Hindus,2.Muslims,3.Sikhs,116.0
2005.0,765351,403034,362317,25.24,899.0,75.25,88.45,60.83,333622,204855,128767,431729,758328,3194,1668,397.0,397.0,397.0,379.0,haryana,rewari,33.0,11,13,0.0,13.0,20,19,1,9,21,10,50,0,629177.0,1.Hindus,2.Muslims,3.Sikhs,175.0
2005.0,940128,509038,431090,20.99,847.0,73.72,83.23,62.59,371073,288225,82848,569055,924541,5665,5079,146.0,146.0,146.0,130.0,haryana,rohtak,48.0,48,29,0.0,29.0,16,10,6,9,17,32,79,0,610524.0,1.Hindus,2.Muslims,3.Sikhs,118.0
2005.0,1116649,593245,523404,22.96,882.0,60.55,70.05,49.93,475571,363946,111625,641078,801747,302942,7056,321.0,321.0,318.0,312.0,haryana,sirsa,31.0,23,15,0.0,15.0,16,10,6,10,17,0,119,0,823184.0,1.Hindus,2.Sikhs,3.Muslims,197.0
2005.0,1279175,695723,583452,22.36,839.0,72.79,83.06,60.68,523031,383449,139582,756144,1234225,31954,6729,323.0,323.0,323.0,316.0,haryana,sonipat,73.0,42,28,0.0,28.0,39,29,10,14,21,22,124,0,957800.0,1.Hindus,2.Muslims,3.Jains,248.0
2005.0,1041630,559444,482186,21.84,862.0,71.63,78.82,63.39,336533,280728,55805,705097,849255,104073,83524,613.0,613.0,607.0,483.0,haryana,yamunanagar,29.0,16,14,0.0,14.0,25,21,4,4,20,0,127,0,648608.0,1.Hindus,2.Muslims,3.Sikhs,248.0
2005.0,1165390,608878,556512,24.46,914.0,50.09,66.38,31.99,432714,283711,149003,732676,910409,221705,27263,2356.0,2356.0,289.0,768.0,jharkhand,deoghar,51.0,56,46,0.0,46.0,10,1,9,3,15,2,19,0,1005539.0,1.Hindus,2.Muslims,3.Others,94.0
2005.0,2397102,1278946,1118156,22.82,874.0,67.0,79.54,52.43,664058,492501,171557,1733044,1944757,364807,61505,1121.0,1121.0,503.0,708.0,jharkhand,dhanbad,97.0,65,32,0.0,32.0,68,58,10,48,16,7,31,0,1141744.0,1.Hindus,2.Muslims,3.Others,154.0
2005.0,1759602,897364,862238,17.31,961.0,47.94,62.86,32.35,778378,470354,308024,981224,1323468,203741,170201,3737.0,3737.0,213.0,1732.0,jharkhand,dumka,52.0,18,38,0.0,38.0,23,9,14,12,11,7,38,3,1644690.0,1.Hindus,2.Muslims,3.Others,312.0
2005.0,1904430,960679,943751,27.09,982.0,44.5,62.09,26.62,644644,340925,303719,1259786,1475201,383253,30778,2532.0,2532.0,481.0,1232.0,jharkhand,giridih,63.0,101,28,0.0,28.0,41,39,2,24,54,0,44,0,1782066.0,1.Hindus,2.Muslims,3.Others,229.0
2005.0,1047939,544043,503896,21.61,926.0,43.13,57.52,27.39,421941,238694,183247,625998,745237,210734,68055,1633.0,1633.0,257.0,892.0,jharkhand,godda,44.0,83,46,0.0,46.0,29,0,29,8,28,0,39,0,1010931.0,1.Hindus,2.Muslims,3.Others,141.0
2005.0,1346767,675769,670998,16.6,993.0,51.74,63.5,39.95,658921,446953,211968,687846,440373,425107,419004,1393.0,1393.0,92.0,1015.0,jharkhand,gumla,140.0,40,45,0.0,45.0,17,10,7,2,10,0,6,0,1273025.0,1.Hindus,2.Christians,3.Others,365.0
2005.0,2277475,1167793,1109682,24.02,950.0,57.74,71.81,42.87,790049,532895,257154,1487426,1870586,337117,36789,1543.0,1543.0,413.0,962.0,jharkhand,hazaribagh,104.0,34,57,0.0,57.0,55,32,23,31,32,0,55,0,1748406.0,1.Hindus,2.Muslims,3.Others,147.0
2005.0,2098359,1084417,1013942,26.8,935.0,44.95,58.91,29.88,793658,444921,348737,1304701,1740948,242980,63100,2465.0,2465.0,410.0,1474.0,jharkhand,palamu,69.0,57,27,0.0,27.0,44,30,14,21,13,0,29,0,1973266.0,1.Hindus,2.Muslims,3.Others,349.0
2005.0,2785064,1436976,1348088,25.72,938.0,64.57,76.56,51.72,1076904,750962,325942,1708160,1399301,767672,348774,2052.0,2052.0,331.0,1343.0,jharkhand,ranchi,239.0,168,102,5.0,97.0,105,0,105,11,14,0,58,0,1807243.0,1.Hindus,2.Others,3.Muslims,377.0
2005.0,4214505,2150090,2064415,17.4,960.0,64.21,75.7,52.32,1877774,1537645,340129,2336731,3565153,440836,169466,1255.0,1254.0,1247.0,1240.0,karnataka,belgaum,116.0,79,13,0.0,13.0,41,26,15,10,74,0,108,0,3201814.0,1.Hindus,2.Muslims,3.Christians,740.0
2005.0,2027140,1029714,997426,22.3,969.0,57.4,69.2,45.28,920821,801369,119452,1106319,1739522,257806,13226,524.0,523.0,524.0,381.0,karnataka,bellary,58.0,35,17,0.0,17.0,21,16,5,5,53,0,60,0,1320290.0,1.Hindus,2.Muslims,3.Christians,260.0
2005.0,1502373,771022,731351,19.56,949.0,60.94,72.46,48.81,557603,424985,132618,944770,1020174,295762,122083,599.0,596.0,596.0,591.0,karnataka,bidar,38.0,44,5,0.0,5.0,12,8,4,10,44,3,53,0,1157498.0,1.Hindus,2.Muslims,3.Buddhists,293.0
2005.0,1806918,926424,880494,17.63,950.0,57.01,69.94,43.47,718213,551972,166241,1088705,1495080,294491,8356,660.0,659.0,657.0,626.0,karnataka,bijapur,49.0,61,18,0.0,18.0,22,16,6,0,93,0,105,0,1410829.0,1.Hindus,2.Muslims,3.Jains,392.0
2005.0,1517896,776221,741675,15.05,955.0,64.45,74.66,53.78,721835,576035,145800,796061,1388506,109412,8411,946.0,916.0,946.0,879.0,karnataka,chitradurga,21.0,14,15,0.0,15.0,6,5,1,6,62,0,29,0,1243658.0,1.Hindus,2.Muslims,3.Religion not stated,197.0
2005.0,1790952,917705,873247,14.78,952.0,67.43,76.37,58.04,783781,631726,152055,1007171,1532714,226708,10944,810.0,786.0,808.0,727.0,karnataka,davanagere,40.0,16,14,0.0,14.0,14,9,5,9,66,2,78,0,1247954.0,1.Hindus,2.Muslims,3.Religion not stated,278.0
2005.0,3130922,1592789,1538133,21.02,966.0,50.01,61.77,37.9,1350072,1010430,339642,1780850,2381497,551171,153619,1360.0,1327.0,1342.0,1337.0,karnataka,gulbarga,115.0,111,16,0.0,16.0,33,17,16,12,119,0,112,0,2278301.0,1.Hindus,2.Muslims,3.Buddhists,708.0
2005.0,1721669,859086,862583,9.66,1004.0,68.63,78.37,59.0,864711,702827,161884,856958,1587287,104730,15598,2394.0,2330.0,2341.0,1990.0,karnataka,hassan,63.0,58,10,0.0,10.0,21,9,12,8,49,0,42,0,1416996.0,1.Hindus,2.Muslims,3.Christians,482.0
2005.0,548561,274831,273730,11.64,996.0,77.99,83.7,72.26,266378,247574,18804,282183,450694,78466,17951,291.0,279.0,286.0,267.0,karnataka,kodagu,34.0,29,10,0.0,10.0,10,9,1,2,18,3,35,0,473179.0,1.Hindus,2.Muslims,3.Christians,138.0
2005.0,2536069,1286193,1249876,13.83,972.0,62.84,73.17,52.23,1235028,1014667,220361,1301041,2196660,298767,32547,2919.0,2797.0,2785.0,2342.0,karnataka,kolar,73.0,49,20,0.0,20.0,30,24,6,19,41,0,41,0,1910546.0,1.Hindus,2.Muslims,3.Christians,490.0
2005.0,1196089,603312,592777,24.57,983.0,54.1,68.42,39.61,554506,422208,132298,641583,1042294,137174,5395,594.0,590.0,594.0,560.0,karnataka,koppal,29.0,22,8,0.0,8.0,8,8,0,4,24,1,40,0,997797.0,1.Hindus,2.Muslims,3.Religion not stated,281.0
2005.0,1763705,888034,875671,7.14,986.0,61.05,70.5,51.53,840419,682440,157979,923286,1667640,69890,11093,1369.0,1330.0,1323.0,1185.0,karnataka,mandya,43.0,56,17,0.0,17.0,12,11,1,13,56,0,60,0,1480990.0,1.Hindus,2.Muslims,3.Buddhists,458.0
2005.0,1669762,841840,827922,21.93,983.0,48.81,61.52,35.93,732762,544347,188415,937000,1417051,228652,12390,830.0,806.0,796.0,306.0,karnataka,raichur,41.0,43,8,0.0,8.0,10,6,4,2,66,6,59,0,1248925.0,1.Hindus,2.Muslims,3.Christians,338.0
2005.0,1642545,830559,811986,12.9,978.0,74.52,82.01,66.88,714671,586832,127839,927874,1401087,200979,26474,1443.0,1415.0,1399.0,989.0,karnataka,shimoga,50.0,38,17,0.0,17.0,27,20,7,7,88,5,158,0,1071535.0,1.Hindus,2.Muslims,3.Christians,311.0
2005.0,2584711,1313801,1270910,11.87,967.0,67.01,76.78,56.94,1316939,1050291,266648,1267772,2349801,211732,7736,2574.0,2477.0,2573.0,2123.0,karnataka,tumkur,64.0,54,14,0.0,14.0,24,15,9,8,59,0,41,0,2077509.0,1.Hindus,2.Muslims,3.Christians,382.0
2005.0,1129221,566682,562539,6.96,993.0,88.69,92.33,85.02,487352,400699,86653,641869,566744,480108,81222,64.0,64.0,64.0,60.0,kerala,idukki,26.0,31,28,0.0,28.0,7,5,2,2,125,10,107,0,1071628.0,1.Hindus,2.Muslims,3.Christians,62.0
2005.0,2408956,1152817,1256139,7.13,1090.0,92.59,96.13,89.4,767197,626876,140321,1641759,1480748,665648,261019,78.0,78.0,78.0,78.0,kerala,kannur,23.0,18,25,0.0,25.0,7,5,2,0,121,17,215,0,1196058.0,1.Hindus,2.Muslims,3.Christians,78.0
2005.0,2585208,1249621,1335587,7.33,1069.0,91.18,94.43,88.18,828566,654823,173743,1756642,1685044,474071,423745,93.0,93.0,93.0,93.0,kerala,kollam,40.0,29,47,0.0,47.0,21,19,2,2,320,4,367,0,2119230.0,1.Hindus,2.Muslims,3.Christians,92.0
2005.0,1953646,964926,988720,6.76,1025.0,95.82,97.34,94.35,642157,539609,102548,1311489,963497,871371,116686,89.0,89.0,89.0,89.0,kerala,kottayam,24.0,13,25,0.0,25.0,17,13,4,1,167,16,149,0,1653838.0,1.Hindus,2.Muslims,3.Christians,88.0
2005.0,3625471,1754576,1870895,17.22,1066.0,89.61,93.25,86.26,874476,691848,182628,2750995,2484576,1057418,80650,122.0,122.0,122.0,122.0,kerala,malappuram,28.0,33,50,0.0,50.0,13,8,5,0,130,5,449,0,3269301.0,1.Hindus,2.Muslims,3.Christians,121.0
2005.0,2617482,1266985,1350497,9.86,1066.0,84.35,89.52,79.56,945052,768620,176432,1672430,1802766,703596,109249,144.0,144.0,144.0,141.0,kerala,palakkad,37.0,23,53,0.0,53.0,10,6,4,1,66,4,279,0,2260907.0,1.Hindus,2.Muslims,3.Christians,139.0
2005.0,1234016,589398,644618,3.72,1094.0,94.84,96.41,93.43,366049,285844,80205,867967,694560,481602,56457,65.0,65.0,65.0,64.0,kerala,pathanamthitta,22.0,14,14,0.0,14.0,9,6,3,1,139,2,119,0,1110218.0,1.Hindus,2.Muslims,3.Christians,63.0
2005.0,2974232,1422052,1552180,8.7,1092.0,92.27,95.11,89.71,955300,808965,146335,2018932,1761842,720152,488697,204.0,204.0,204.0,196.0,kerala,thrissur,41.0,35,38,0.0,38.0,23,11,12,2,161,28,270,0,2134799.0,1.Hindus,2.Muslims,3.Christians,194.0
2005.0,1630239,841253,788986,20.51,938.0,81.41,88.91,73.43,648243,582264,65979,981996,1024080,296272,293184,862.0,851.0,840.0,786.0,maharashtra,akola,46.0,40,21,0.0,21.0,24,22,2,3,82,14,184,0,1002742.0,1.Hindus,2.Muslims,3.Buddhists,212.0
2005.0,1136146,573445,562701,11.2,981.0,78.47,88.97,67.82,536885,365464,171421,599261,953507,144541,23324,778.0,772.0,774.0,716.0,maharashtra,bhandara,27.0,11,15,0.0,15.0,17,14,3,3,64,34,67,0,960418.0,1.Hindus,2.Buddhists,3.Muslims,442.0
2005.0,2071101,1062993,1008108,17.26,948.0,73.17,82.94,62.89,930791,683029,247762,1140310,1680113,274067,76050,1472.0,1462.0,1444.0,1359.0,maharashtra,chandrapur,61.0,18,41,0.0,41.0,17,14,3,2,93,27,110,0,1406034.0,1.Hindus,2.Buddhists,3.Muslims,318.0
2005.0,1707947,878372,829575,16.01,944.0,71.65,81.4,61.39,737941,573496,164445,970006,1522895,149466,14613,678.0,675.0,673.0,669.0,maharashtra,dhule,47.0,30,15,0.0,15.0,9,9,0,10,27,7,110,0,1262062.0,1.Hindus,2.Muslims,3.Buddhists,276.0
2005.0,970294,491101,479193,23.25,976.0,60.1,71.86,48.07,497104,336959,160145,473190,818640,78058,44825,1521.0,1509.0,1320.0,1279.0,maharashtra,gadchiroli,60.0,45,22,0.0,22.0,5,3,2,1,62,4,42,0,903033.0,1.Hindus,2.Buddhists,3.Others,369.0
2005.0,3682690,1905493,1777197,15.44,933.0,75.43,85.91,64.3,1563983,1300086,263897,2118707,3049368,455288,126136,1491.0,1491.0,1486.0,1470.0,maharashtra,jalgaon,74.0,55,52,0.0,52.0,26,26,0,4,92,30,301,0,2629896.0,1.Hindus,2.Muslims,3.Buddhists,934.0
2005.0,1612980,826903,786077,18.17,951.0,64.4,79.14,49.04,716900,611998,104902,896080,1255041,211531,121033,963.0,963.0,959.0,952.0,maharashtra,jalna,37.0,40,20,0.0,20.0,13,8,5,21,53,5,215,0,1305115.0,1.Hindus,2.Muslims,3.Buddhists,380.0
2005.0,3523162,1807470,1715692,17.59,949.0,76.93,87.47,66.02,1652970,1394882,258088,1870192,3077263,236875,147285,1196.0,1194.0,1190.0,1185.0,maharashtra,kolhapur,65.0,62,26,0.0,26.0,25,15,10,22,47,12,76,0,2472809.0,1.Hindus,2.Muslims,3.Jains,638.0
2005.0,2080285,1075257,1005028,23.95,935.0,71.54,82.94,59.4,840518,712849,127669,1239767,1700679,292996,74351,921.0,921.0,919.0,917.0,maharashtra,latur,49.0,40,24,0.0,24.0,22,20,2,40,61,3,107,0,1590024.0,1.Hindus,2.Muslims,3.Buddhists,409.0
2005.0,8640419,4741720,3898699,27.2,822.0,86.89,91.56,81.12,3152509,2971039,181470,5487910,5953475,1488987,464354,1016.4515570934255,1009.6712802768166,774.7595155709342,796.7941176470588,maharashtra,mumbai,212.0,136,201,0.0,201.0,198,122,76,9,385,99,336,0,1121338.0,1.Hindus,2.Muslims,3.Buddhists,118.0
2005.0,3338031,1878246,1459785,4.79,777.0,86.4,90.23,81.38,1311739,1250710,61029,2026292,2119750,734484,161417,1016.4515570934255,1009.6712802768166,774.7595155709342,796.7941176470588,maharashtra,mumbai,212.0,136,201,0.0,201.0,198,122,76,9,385,99,336,0,1121338.0,1.Hindus,2.Muslims,3.Buddhists,118.0
2005.0,2876259,1481358,1394901,23.08,942.0,67.77,80.44,54.35,1202037,965087,236950,1674222,2162185,385081,302161,1546.0,1538.0,1531.0,1536.0,maharashtra,nanded,70.0,112,41,0.0,41.0,42,29,13,17,85,10,239,0,2187195.0,1.Hindus,2.Muslims,3.Buddhists,209.0
2005.0,1486586,769368,717218,15.35,932.0,69.02,80.42,56.89,653522,555202,98320,833064,1297858,151181,28356,729.0,729.0,727.0,726.0,maharashtra,osmanabad,41.0,19,22,0.0,22.0,7,4,3,1,42,8,118,0,1253330.0,1.Hindus,2.Muslims,3.Buddhists,400.0
2005.0,1527715,780191,747524,15.31,958.0,66.07,79.63,52.02,644752,559917,84835,882963,1121246,243935,153231,830.0,830.0,824.0,821.0,maharashtra,parbhani,39.0,33,14,0.0,14.0,13,8,5,10,40,3,131,0,1042529.0,1.Hindus,2.Muslims,3.Buddhists,386.0
2005.0,1696777,794498,902279,9.87,1136.0,75.05,85.89,65.77,763387,557613,205774,933390,1391137,175672,120855,1539.0,1538.0,1539.0,1484.0,maharashtra,ratnagiri,21.0,3,27,0.0,27.0,7,3,4,2,40,29,40,0,1504568.0,1.Hindus,2.Muslims,3.Buddhists,810.0
2005.0,2583524,1320088,1263436,17.59,957.0,76.62,86.26,66.73,1218655,952241,266414,1364869,2243478,203524,85160,721.0,721.0,721.0,719.0,maharashtra,sangli,77.0,12,34,0.0,34.0,32,12,20,7,55,7,105,0,1950306.0,1.Hindus,2.Muslims,3.Jains,567.0
2005.0,2808994,1408326,1400668,14.1,995.0,78.22,88.2,68.38,1303658,1044989,258669,1505336,2533359,128570,125661,1716.0,1716.0,1701.0,1680.0,maharashtra,satara,59.0,32,31,0.0,31.0,26,18,8,6,61,2,180,0,2410873.0,1.Hindus,2.Buddhists,3.Muslims,646.0
2005.0,868825,417890,450935,3.55,1079.0,80.3,90.26,71.23,404985,233827,171158,463840,802498,24320,23668,743.0,743.0,735.0,722.0,maharashtra,sindhudurg,15.0,8,4,0.0,4.0,4,2,2,0,20,12,4,0,786506.0,1.Hindus,2.Buddhists,3.Muslims,593.0
2005.0,1236736,638990,597746,15.3,935.0,80.06,87.18,72.45,550351,431330,119021,686385,1006235,169579,47605,1004.0,998.0,998.0,842.0,maharashtra,wardha,45.0,30,35,0.0,35.0,31,31,0,4,110,45,94,0,911695.0,1.Hindus,2.Buddhists,3.Muslims,392.0
2005.0,2458271,1265681,1192590,18.46,942.0,73.62,84.09,62.52,1118937,949453,169484,1339334,1999368,221793,196909,1856.0,1820.0,1795.0,1729.0,maharashtra,yavatmal,72.0,73,59,0.0,59.0,43,40,3,10,133,42,233,0,2001060.0,1.Hindus,2.Buddhists,3.Muslims,723.0
2005.0,208368,104550,103818,13.9,993.0,67.63,79.61,55.66,89703,55557,34146,118665,148903,38763,14194,48.0,48.0,46.0,47.0,manipur,bishnupur,30.0,38,3,0.0,3.0,7,5,2,0,3,0,1,0,133627.0,1.Hindus,2.Others,3.Muslims,28.0
2005.0,118327,59741,58586,72.8,981.0,56.23,64.34,47.98,54545,39935,14610,63782,109128,5701,2318,350.0,323.0,190.0,214.0,manipur,chandel,20.0,10,0,0.0,0.0,1,0,1,0,2,0,0,0,103365.0,1.Christians,2.Hindus,3.Muslims,25.0
2005.0,227905,117232,110673,29.81,944.0,70.59,77.67,63.06,99363,71933,27430,128542,213186,10538,2573,540.0,539.0,306.0,395.0,manipur,churachandpur,49.0,25,0,0.0,0.0,4,1,3,0,2,0,0,0,227905.0,1.Christians,2.Hindus,3.Muslims,66.0
2005.0,111499,58014,53485,29.23,922.0,59.25,68.72,48.95,50863,43353,7510,60636,105791,3187,1431,171.0,171.0,75.0,157.0,manipur,tamenglong,7.0,2,1,0.0,1.0,1,0,1,0,0,0,0,0,111499.0,1.Christians,2.Hindus,3.Muslims,42.0
2005.0,364140,182250,181890,24.62,998.0,66.41,80.43,52.46,177343,111486,65857,186797,221096,86849,50819,90.0,90.0,84.0,88.0,manipur,thoubal,46.0,38,7,0.0,7.0,20,14,6,0,3,0,15,0,232868.0,1.Hindus,2.Muslims,3.Others,36.0
2005.0,140778,73465,67313,28.98,916.0,73.12,80.13,65.41,66515,51564,14951,74263,133966,5687,881,198.0,198.0,154.0,188.0,manipur,ukhrul,7.0,9,0,0.0,0.0,1,0,1,0,0,0,0,0,140778.0,1.Christians,2.Hindus,3.Muslims,47.0
2005.0,325676,166877,158799,39.24,952.0,96.51,96.75,96.26,162961,125328,37633,162715,303893,14508,5185,96.0,96.0,81.0,86.0,mizoram,aizawl,4.0,4,10,0.0,10.0,5,0,5,0,10,2,0,0,77531.0,1.Christians,2.Hindus,3.Muslims,46.0
2005.0,73620,38776,34844,34.78,899.0,64.74,70.9,57.81,34093,26188,7905,39527,38410,32877,1910,139.0,139.0,27.0,134.0,mizoram,lawngtlai,3.0,3,2,0.0,2.0,2,0,2,2,6,1,0,0,73620.0,1.Buddhists,2.Christians,3.Hindus,24.0
2005.0,137223,71402,65821,23.1,922.0,84.17,87.44,80.6,71792,60870,10922,65431,109204,22429,4612,160.0,160.0,101.0,130.0,mizoram,lunglei,4.0,4,6,0.0,6.0,2,0,2,0,8,0,0,0,79267.0,1.Christians,2.Buddhists,3.Hindus,55.0
2005.0,310084,162251,147833,49.96,911.0,74.54,80.3,68.15,135023,114456,20567,175061,278844,21950,5457,180.0,179.0,148.0,164.0,nagaland,kohima,19.0,7,5,0.0,5.0,12,5,7,0,0,0,0,0,233054.0,1.Christians,2.Hindus,3.Others,82.0
2005.0,232085,120929,111156,43.48,919.0,83.92,86.03,81.61,109260,82160,27100,122825,219282,10433,2128,102.0,101.0,97.0,99.0,nagaland,mokokchung,3.0,2,0,0.0,0.0,0,0,0,0,1,0,0,0,200871.0,1.Christians,2.Hindus,3.Muslims,82.0
2005.0,260652,138753,121899,73.42,879.0,41.83,46.56,36.35,130848,108206,22642,129804,248684,9963,1748,110.0,110.0,102.0,107.0,nagaland,mon,15.0,3,1,0.0,1.0,1,0,1,0,1,0,0,0,244062.0,1.Christians,2.Hindus,3.Muslims,69.0
2005.0,148195,77141,71054,45.12,921.0,70.65,78.37,62.26,71398,57454,13944,76797,143048,4095,517,104.0,104.0,102.0,102.0,nagaland,phek,2.0,1,1,0.0,1.0,2,1,1,0,1,0,0,0,135331.0,1.Christians,2.Hindus,3.Muslims,54.0
2005.0,414818,218678,196140,78.1,897.0,50.64,55.12,45.58,184924,156950,27974,229894,406287,6856,1329,251.0,251.0,238.0,230.0,nagaland,tuensang,9.0,0,1,0.0,1.0,2,0,2,0,0,0,0,0,385046.0,1.Christians,2.Hindus,3.Muslims,123.0
2005.0,161223,83670,77553,95.01,927.0,80.55,85.35,75.32,56254,49679,6575,104969,155009,4787,1209,128.0,128.0,105.0,104.0,nagaland,wokha,10.0,4,0,0.0,0.0,4,3,1,0,0,0,0,0,123587.0,1.Christians,2.Hindus,3.Muslims,67.0
2005.0,153955,79056,74899,61.0,947.0,69.28,73.74,64.57,56783,47491,9292,97172,150097,3193,492,187.0,186.0,187.0,178.0,nagaland,zunheboto,1.0,2,1,0.0,1.0,0,0,0,0,0,0,0,0,130874.0,1.Christians,2.Hindus,3.Muslims,57.0
2005.0,3096077,1650589,1445488,22.72,876.0,67.27,72.61,61.26,1112200,938100,174100,1983877,2383575,648284,51948,1185.0,1151.0,1185.0,1114.0,punjab,amritsar,47.0,28,5,0.0,5.0,20,14,6,2,6,0,44,0,1872802.0,1.Sikhs,2.Hindus,3.Christians,696.0
2005.0,550892,292596,258296,21.42,883.0,61.95,68.15,55.03,209754,181873,27881,341138,427104,119702,1739,163.0,163.0,163.0,160.0,punjab,faridkot,17.0,36,6,0.0,6.0,10,2,8,1,10,0,9,0,357321.0,1.Sikhs,2.Hindus,3.Muslims,107.0
2005.0,2104011,1113077,990934,19.33,890.0,73.77,79.78,67.15,700557,568322,132235,1403454,996246,934963,148981,1532.0,1531.0,1532.0,1375.0,punjab,gurdaspur,25.0,24,16,0.0,16.0,17,12,5,6,11,0,22,0,1568788.0,1.Hindus,2.Sikhs,3.Christians,517.0
2005.0,1480736,765132,715604,13.81,935.0,81.02,86.45,75.32,513351,415123,98228,967385,871923,574862,15394,1386.0,1386.0,1386.0,1232.0,punjab,hoshiarpur,34.0,30,23,0.0,23.0,19,14,5,8,11,1,46,0,1188662.0,1.Hindus,2.Sikhs,3.Muslims,382.0
2005.0,1962700,1040177,922523,18.4,887.0,78.04,82.49,73.08,676835,599324,77511,1285865,1158868,740841,22106,934.0,934.0,934.0,832.0,punjab,jalandhar,63.0,83,37,0.0,37.0,80,65,15,7,27,1,78,0,1030717.0,1.Hindus,2.Sikhs,3.Christians,598.0
2005.0,754521,399623,354898,16.34,888.0,73.93,79.02,68.29,262741,231222,31519,491780,448654,286438,7740,618.0,618.0,618.0,478.0,punjab,kapurthala,23.0,26,18,0.0,18.0,24,18,6,2,21,0,29,0,507994.0,1.Sikhs,2.Hindus,3.Buddhists,359.0
2005.0,3032831,1662716,1370115,24.79,824.0,76.5,80.25,71.95,1149638,1041517,108121,1883193,1744446,1205128,52220,897.0,897.0,897.0,842.0,punjab,ludhiana,61.0,55,42,0.0,42.0,52,37,15,5,26,25,85,0,1339178.0,1.Sikhs,2.Hindus,3.Muslims,550.0
2005.0,1844934,987390,857544,20.31,868.0,69.78,75.88,62.86,681951,589015,92936,1162983,1024546,778427,34828,1054.0,1053.0,1054.0,986.0,punjab,patiala,61.0,30,19,0.0,19.0,24,20,4,8,30,2,82,0,1200224.0,1.Sikhs,2.Hindus,3.Muslims,172.0
2005.0,2000173,1069289,930884,18.57,871.0,59.98,65.81,53.38,814098,714076,100022,1186075,1400149,434873,157838,697.0,697.0,697.0,684.0,punjab,sangrur,33.0,34,11,0.0,11.0,21,15,6,7,14,1,43,0,1415354.0,1.Sikhs,2.Hindus,3.Muslims,291.0
2005.0,2181670,1129920,1051750,26.1,931.0,64.65,79.37,48.86,856809,690818,165991,1324861,1869044,244341,47812,1025.0,1025.0,966.0,970.0,rajasthan,ajmer,43.0,54,26,0.0,26.0,89,89,0,11,61,3,339,0,1306994.0,1.Hindus,2.Muslims,3.Jains,352.0
2005.0,2992592,1586752,1405840,30.23,886.0,61.74,78.09,43.28,1458686,947587,511099,1533906,2535155,383204,55530,1954.0,1954.0,1843.0,1811.0,rajasthan,alwar,78.0,93,52,0.0,52.0,86,61,25,31,110,0,297,0,2557653.0,1.Hindus,2.Muslims,3.Sikhs,553.0
2005.0,1501589,760686,740903,29.84,974.0,44.63,60.45,28.43,709412,529393,180019,792177,1425287,39079,18406,1476.0,1476.0,853.0,1348.0,rajasthan,banswara,26.0,15,29,0.0,29.0,33,29,4,7,83,1,56,0,1394226.0,1.Hindus,2.Muslims,3.Jains,450.0
2005.0,1964835,1038247,926588,36.83,892.0,58.99,72.76,43.45,919729,680208,239521,1045106,1695047,231918,35744,1933.0,1933.0,948.0,1777.0,rajasthan,barmer,27.0,28,19,0.0,19.0,26,20,6,13,86,0,72,0,1819431.0,1.Hindus,2.Muslims,3.Jains,433.0
2005.0,2101142,1133425,967717,27.05,854.0,63.57,80.54,43.56,852913,573547,279366,1248229,1804599,264709,23472,1366.0,1365.0,1238.0,1298.0,rajasthan,bharatpur,91.0,111,46,0.0,46.0,88,58,30,35,44,0,220,0,1692182.0,1.Hindus,2.Muslims,3.Sikhs,481.0
2005.0,2013789,1026650,987139,26.14,962.0,50.74,67.39,33.48,939848,764916,174932,1073941,1859972,112802,37659,1693.0,1693.0,1553.0,1516.0,rajasthan,bhilwara,35.0,48,39,0.0,39.0,136,102,34,14,87,0,293,0,1598938.0,1.Hindus,2.Muslims,3.Jains,473.0
2005.0,1674271,886075,788196,38.18,890.0,56.91,70.05,42.03,661457,522482,138975,1012814,1445088,172372,31235,712.0,686.0,485.0,611.0,rajasthan,bikaner,39.0,86,30,0.0,30.0,20,20,0,12,67,0,199,0,1079235.0,1.Hindus,2.Muslims,3.Jains,173.0
2005.0,962620,504818,457802,24.8,907.0,55.57,71.68,37.79,456937,305977,150960,505683,881956,56220,13186,839.0,838.0,733.0,764.0,rajasthan,bundi,20.0,75,41,0.0,41.0,70,58,12,5,105,0,166,0,783058.0,1.Hindus,2.Muslims,3.Jains,178.0
2005.0,1923878,987781,936097,24.6,948.0,66.81,79.69,53.35,853899,587431,266468,1069979,1698106,210446,13882,946.0,925.0,877.0,909.0,rajasthan,churu,19.0,33,18,0.0,18.0,28,19,9,7,60,0,149,0,1387682.0,1.Hindus,2.Muslims,3.Jains,423.0
2005.0,1107643,547791,559852,26.58,1022.0,48.57,66.04,31.77,531376,272283,259093,576267,1068319,23549,12542,854.0,853.0,723.0,819.0,rajasthan,dungarpur,21.0,11,9,0.0,9.0,31,30,1,3,39,0,50,0,1026787.0,1.Hindus,2.Muslims,3.Jains,368.0
2005.0,1789423,955378,834045,27.53,873.0,64.74,75.53,52.44,719792,552559,167233,1069631,1299812,441409,42442,2830.0,2820.0,1817.0,1653.0,rajasthan,ganganagar,59.0,114,45,0.0,45.0,53,47,6,10,58,0,373,0,1336066.0,1.Hindus,2.Sikhs,3.Muslims,654.0
2005.0,5251071,2768203,2482868,35.1,897.0,69.9,82.8,55.52,1864055,1584361,279694,3387016,4629461,515124,73631,2077.0,2077.0,1962.0,1863.0,rajasthan,jaipur,88.0,95,82,0.0,82.0,211,163,48,40,212,5,538,0,2659004.0,1.Hindus,2.Muslims,3.Jains,622.0
2005.0,508247,279101,229146,47.45,821.0,50.97,66.26,32.05,211687,153139,58548,296560,383638,120174,2086,600.0,576.0,183.0,473.0,rajasthan,jaisalmer,7.0,0,2,0.0,2.0,9,4,5,5,16,0,16,0,431853.0,1.Hindus,2.Muslims,3.Sikhs,144.0
2005.0,1180323,612804,567519,23.34,926.0,57.32,73.31,40.02,554781,399386,155395,625542,1087934,78962,11759,1477.0,1476.0,1185.0,1173.0,rajasthan,jhalawar,40.0,87,40,0.0,40.0,68,46,22,6,160,6,199,0,1012081.0,1.Hindus,2.Muslims,3.Jains,214.0
2005.0,2886505,1513890,1372615,33.77,907.0,56.67,72.96,38.64,1105009,829721,275288,1781496,2528049,310114,36694,1058.0,1058.0,911.0,983.0,rajasthan,jodhpur,47.0,102,29,0.0,29.0,75,58,17,16,98,5,221,0,1909423.0,1.Hindus,2.Muslims,3.Jains,462.0
2005.0,1568525,827128,741397,28.52,896.0,73.53,85.23,60.43,541362,420734,120628,1027163,1344633,183716,23259,812.0,811.0,736.0,715.0,rajasthan,kota,44.0,303,40,0.0,40.0,109,93,16,5,154,1,361,0,729948.0,1.Hindus,2.Muslims,3.Jains,225.0
2005.0,2775058,1424967,1350091,29.33,947.0,57.28,74.1,39.67,1129514,844039,285475,1645544,2399173,356405,17478,1480.0,1466.0,1417.0,1417.0,rajasthan,nagaur,38.0,27,33,0.0,33.0,43,40,3,15,169,0,136,0,2297721.0,1.Hindus,2.Muslims,3.Jains,580.0
2005.0,1820251,918856,901395,22.39,981.0,54.39,72.2,36.48,724883,518158,206725,1095368,1677038,114088,25599,936.0,936.0,883.0,906.0,rajasthan,pali,33.0,35,36,0.0,36.0,68,59,9,8,145,1,211,0,1429364.0,1.Hindus,2.Muslims,3.Jains,451.0
2005.0,2287788,1172753,1115035,24.11,951.0,70.47,84.34,56.11,887915,633421,254494,1399873,2019396,261714,4957,986.0,985.0,965.0,945.0,rajasthan,sikar,51.0,46,21,0.0,21.0,68,44,24,12,22,0,137,0,1815250.0,1.Hindus,2.Muslims,3.Jains,470.0
2005.0,851107,437949,413158,30.08,943.0,53.94,69.89,37.15,343905,245762,98143,507202,810765,25439,12427,455.0,454.0,399.0,423.0,rajasthan,sirohi,30.0,24,23,0.0,23.0,24,21,3,4,51,0,104,0,700217.0,1.Hindus,2.Muslims,3.Jains,201.0
2005.0,1211671,626436,585235,24.24,934.0,51.97,70.52,32.15,532682,425230,107452,678989,1062365,124440,23644,1032.0,1031.0,818.0,887.0,rajasthan,tonk,24.0,26,18,0.0,18.0,64,52,12,1,37,1,188,0,958503.0,1.Hindus,2.Muslims,3.Jains,246.0
2005.0,2633312,1336004,1297308,27.37,971.0,58.62,73.62,43.26,1100880,724120,376760,1532432,2449773,88262,83699,2339.0,2337.0,1647.0,2030.0,rajasthan,udaipur,61.0,75,45,0.0,45.0,105,88,17,11,101,1,205,0,2142995.0,1.Hindus,2.Muslims,3.Jains,619.0
2005.0,245040,132917,112123,37.17,844.0,74.67,81.2,66.8,116529,92577,23952,128511,157321,64729,14502,131.0,131.0,125.0,112.0,sikkim,east,5.0,10,8,0.0,8.0,2,1,1,0,8,0,3,0,192188.0,1.Hindus,2.Buddhists,3.Christians,100.0
2005.0,41030,23414,17616,31.32,752.0,67.21,75.69,55.39,23542,17553,5989,17488,22603,16128,1623,53.0,53.0,46.0,42.0,sikkim,north,0.0,2,1,0.0,1.0,0,0,0,0,1,0,0,0,39782.0,1.Buddhists,2.Hindus,3.Christians,44.0
2005.0,131525,68241,63284,33.37,927.0,67.31,74.29,59.72,69693,57367,12326,61832,84213,31109,12757,145.0,145.0,142.0,131.0,sikkim,south,2.0,2,6,0.0,6.0,1,1,0,0,22,0,0,0,127579.0,1.Hindus,2.Buddhists,3.Christians,99.0
2005.0,123256,63912,59344,25.48,929.0,58.8,66.82,50.11,53279,45407,7872,69977,71886,33601,9567,121.0,121.0,115.0,107.0,sikkim,west,1.0,2,3,0.0,3.0,0,0,0,0,7,0,1,0,121432.0,1.Hindus,2.Buddhists,3.Others,86.0
2005.0,307868,159095,148773,10.79,935.0,60.93,70.17,50.99,126761,92570,34191,181107,257834,28180,14848,148.0,148.0,108.0,138.0,tripura,dhalai,12.0,5,15,0.0,15.0,21,8,13,1,13,0,29,0,289001.0,1.Hindus,2.Buddhists,3.Christians,58.0
2005.0,900635,506938,393697,40.33,777.0,81.94,86.14,76.47,340422,328989,11433,560213,707978,145175,35548,23.0,23.0,23.0,18.0,chandigarh,chandigarh,18.0,15,33,0.0,33.0,54,45,9,3,31,9,75,0,92120.0,1.Hindus,2.Sikhs,3.Muslims,18.0
2006.0,1647201,848578,798623,18.53,941.0,56.24,64.83,47.07,517088,408537,108551,1130113,977943,662066,5267,1050.0,1050.0,775.0,967.0,assam,barpeta,57.0,3,58,0.0,58.0,75,70,5,4,18,0,116,0,1520333.0,1.Hindus,2.Muslims,3.Christians,430.0
2006.0,904835,465240,439595,12.23,945.0,59.33,67.67,50.44,293243,233087,60156,611592,535464,348573,18728,881.0,881.0,607.0,805.0,assam,bongaigaon,15.0,1,13,0.0,13.0,19,19,0,0,20,0,28,0,795053.0,1.Hindus,2.Muslims,3.Christians,112.0
2006.0,1444921,743042,701879,18.66,945.0,67.82,75.73,59.41,465734,364814,100920,979187,886761,522051,31306,1020.0,1020.0,741.0,902.0,assam,cachar,58.0,18,60,0.0,60.0,129,105,24,5,181,0,306,0,1243534.0,1.Hindus,2.Muslims,3.Christians,134.0
2006.0,1504320,773861,730459,15.79,944.0,55.44,63.91,46.4,527993,404428,123565,976327,868532,534658,97306,1319.0,1319.0,1032.0,1246.0,assam,darrang,25.0,14,70,0.0,70.0,53,46,7,2,109,0,75,0,1429492.0,1.Hindus,2.Muslims,3.Christians,356.0
2006.0,571944,294643,277301,18.93,941.0,64.48,74.41,53.86,250146,155431,94715,321798,548780,10533,6390,1236.0,1236.0,253.0,1068.0,assam,dhemaji,23.0,33,58,0.0,58.0,45,30,15,1,28,0,94,0,533112.0,1.Hindus,2.Muslims,3.Christians,83.0
2006.0,1637344,841044,796300,23.42,947.0,48.21,55.91,40.04,470360,399201,71159,1166984,1216455,405065,12477,1261.0,1261.0,904.0,1138.0,assam,dhubri,40.0,37,115,0.0,115.0,118,94,24,7,132,0,217,0,1444901.0,1.Hindus,2.Muslims,3.Christians,374.0
2006.0,1185072,613555,571517,12.43,931.0,68.96,77.3,59.95,472419,342708,129711,712653,1075878,53306,45040,1309.0,1309.0,1195.0,1169.0,assam,dibrugarh,104.0,25,53,0.0,53.0,65,56,9,4,48,0,44,0,956634.0,1.Hindus,2.Muslims,3.Christians,263.0
2006.0,822035,420251,401784,23.07,956.0,58.03,64.86,50.85,273925,209928,63997,548110,441516,314157,64662,761.0,761.0,689.0,723.0,assam,goalpara,23.0,9,55,0.0,55.0,40,35,5,4,45,0,151,0,755133.0,1.Hindus,2.Muslims,3.Christians,243.0
2006.0,946279,490286,455993,14.21,930.0,69.38,77.14,60.99,388640,269896,118744,557639,813263,74808,52277,1066.0,1066.0,595.0,769.0,assam,golaghat,72.0,24,63,0.0,63.0,91,70,21,1,44,0,76,0,865141.0,1.Hindus,2.Muslims,3.Christians,87.0
2006.0,542872,280513,262359,20.92,935.0,59.64,68.24,50.46,179881,138216,41665,362991,312849,223191,5424,327.0,327.0,268.0,308.0,assam,hailakandi,18.0,1,23,0.0,23.0,56,48,8,1,9,0,49,0,498787.0,1.Hindus,2.Muslims,3.Christians,110.0
2006.0,999221,517015,482206,15.84,933.0,76.34,83.62,68.49,414348,285092,129256,584873,927858,47658,18610,787.0,787.0,650.0,717.0,assam,jorhat,37.0,6,30,0.0,30.0,54,52,2,0,40,0,56,0,827901.0,1.Hindus,2.Muslims,3.Christians,215.0
2006.0,2522324,1326981,1195343,25.75,901.0,74.16,81.16,66.31,842253,697810,144443,1680071,1836153,625002,44257,1342.0,1342.0,1042.0,1190.0,assam,kamrup,43.0,3,37,0.0,37.0,80,60,20,10,58,0,115,0,1614107.0,1.Hindus,2.Muslims,3.Christians,468.0
2006.0,1007976,517680,490296,21.35,947.0,66.24,74.69,57.28,303294,235016,68278,704682,527214,470708,8746,915.0,915.0,639.0,865.0,assam,karimganj,38.0,22,44,0.0,44.0,46,46,0,4,3,0,74,0,934126.0,1.Hindus,2.Muslims,3.Christians,224.0
2006.0,905764,466191,439573,15.05,943.0,51.63,60.32,42.4,334849,234771,100078,570915,594168,184441,124270,951.0,951.0,704.0,906.0,assam,kokrajhar,38.0,14,29,0.0,29.0,47,39,8,14,26,0,69,0,841823.0,1.Hindus,2.Muslims,3.Christians,211.0
2006.0,889010,455691,433319,18.34,951.0,68.56,77.06,59.59,497745,288052,209693,391265,702881,143505,36667,1139.0,1139.0,680.0,1046.0,assam,lakhimpur,43.0,4,79,0.0,79.0,96,93,3,6,38,0,110,0,823857.0,1.Hindus,2.Muslims,3.Christians,211.0
2006.0,2314629,1190950,1123679,22.3,944.0,61.73,68.27,54.74,727641,566195,161446,1586988,1180267,1106354,21473,1375.0,1374.0,1190.0,1257.0,assam,nagaon,83.0,33,133,0.0,133.0,179,177,2,8,10,10,278,0,2036342.0,1.Hindus,2.Muslims,3.Christians,480.0
2006.0,1148824,592375,556449,11.98,939.0,67.23,76.56,57.26,383932,291665,92267,764892,873749,253842,18495,798.0,798.0,733.0,769.0,assam,nalbari,24.0,21,17,0.0,17.0,33,26,7,1,32,0,24,0,1121338.0,1.Hindus,2.Muslims,3.Christians,179.0
2006.0,1051736,545476,506260,15.95,928.0,74.47,81.53,66.81,430523,287319,143204,621213,927706,85761,28488,866.0,866.0,772.0,825.0,assam,sibsagar,77.0,30,54,0.0,54.0,79,79,0,3,65,0,133,0,954557.0,1.Hindus,2.Muslims,3.Christians,317.0
2006.0,1681513,871568,809945,17.8,929.0,59.0,67.54,49.73,634723,465283,169440,1046790,1287646,268078,115623,1784.0,1784.0,1331.0,1372.0,assam,sonitpur,88.0,16,56,0.0,56.0,108,105,3,7,7,0,155,0,1505719.0,1.Hindus,2.Muslims,3.Christians,235.0
2006.0,1150062,601099,548963,19.52,913.0,60.95,70.15,50.78,466351,349847,116504,683711,1029142,62403,40000,1107.0,1107.0,871.0,936.0,assam,tinsukia,48.0,13,23,0.0,23.0,57,38,19,3,20,0,47,0,926105.0,1.Hindus,2.Muslims,3.Christians,198.0
2006.0,2158608,1128105,1030503,31.84,913.0,35.01,46.38,22.37,853445,657446,195999,1305163,1263766,887972,2504,713.0,713.0,129.0,552.0,bihar,araria,63.0,37,42,0.0,42.0,104,12,92,19,10,0,52,0,2026257.0,1.Hindus,2.Muslims,3.Jains,60.0
2006.0,2013055,1040945,972110,30.19,934.0,57.03,71.13,41.9,671011,476390,194621,1342044,1814612,196030,1161,1739.0,1739.0,527.0,1148.0,bihar,aurangabad,82.0,175,18,0.0,18.0,42,41,1,23,5,0,35,0,1842998.0,1.Hindus,2.Muslims,3.Religion not stated,270.0
2006.0,2349366,1228874,1120492,29.11,912.0,47.98,59.13,35.64,746075,571564,174511,1603291,2033039,313713,1224,729.0,729.0,457.0,503.0,bihar,begusarai,111.0,225,23,0.0,23.0,69,41,28,36,16,0,55,0,2241743.0,1.Hindus,2.Muslims,3.Religion not stated,167.0
2006.0,2423172,1291658,1131514,27.24,876.0,49.5,59.22,38.13,855345,580731,274614,1567827,1990976,423246,1853,935.0,935.0,445.0,642.0,bihar,bhagalpur,119.0,94,43,0.0,43.0,83,44,39,19,19,1,22,0,1970745.0,1.Hindus,2.Muslims,3.Christians,229.0
2006.0,2243144,1179611,1063533,24.58,902.0,58.96,74.29,41.8,653811,491916,161895,1589333,2076589,163193,913,999.0,999.0,247.0,885.0,bihar,bhojpur,127.0,235,17,0.0,17.0,57,34,23,26,18,0,81,0,1930730.0,1.Hindus,2.Muslims,3.Religion not stated,133.0
2006.0,3295789,1722189,1573600,30.85,914.0,44.33,56.72,30.78,1028558,761464,267094,2267231,2543284,748971,2245,1083.0,1083.0,490.0,850.0,bihar,darbhanga,70.0,74,74,0.0,74.0,68,17,51,33,54,3,76,4,3028441.0,1.Hindus,2.Muslims,3.Religion not stated,271.0
2006.0,3473428,1792163,1681265,30.19,938.0,50.45,63.27,36.66,1277639,994459,283180,2195789,3063841,403439,1622,2680.0,2680.0,539.0,1635.0,bihar,gaya,158.0,178,25,0.0,25.0,68,50,18,168,0,0,9,0,2997479.0,1.Hindus,2.Muslims,3.Religion not stated,278.0
2006.0,2152638,1075710,1076928,26.11,1001.0,47.48,62.96,32.16,641672,466811,174861,1510966,1784275,367219,850,1383.0,1383.0,439.0,866.0,bihar,gopalganj,72.0,46,23,0.0,23.0,55,34,21,32,16,0,94,0,2022048.0,1.Hindus,2.Muslims,3.Religion not stated,261.0
2006.0,1514315,784946,729369,28.64,929.0,55.26,70.07,39.37,580905,422789,158116,933410,1389053,124149,743,856.0,856.0,219.0,672.0,bihar,jehanabad,39.0,14,10,0.0,10.0,20,1,19,15,5,0,5,0,1402703.0,1.Hindus,2.Muslims,3.Religion not stated,123.0
2006.0,2392638,1246872,1145766,30.91,919.0,35.09,45.31,23.8,898326,664259,234067,1494312,1363523,1017495,4994,1290.0,1290.0,277.0,785.0,bihar,katihar,59.0,46,82,0.0,82.0,57,31,26,35,33,6,29,0,2174361.0,1.Hindus,2.Muslims,3.Christians,248.0
2006.0,1280354,679267,601087,29.32,885.0,41.35,51.82,29.35,467240,333262,133978,813114,1147346,131441,546,241.0,241.0,114.0,220.0,bihar,khagaria,53.0,148,22,0.0,22.0,47,0,47,15,6,0,12,0,1204027.0,1.Hindus,2.Muslims,3.Others,124.0
2006.0,1296348,669552,626796,31.5,936.0,31.09,42.71,18.63,417151,359819,57332,879197,876105,412995,2856,730.0,730.0,116.0,442.0,bihar,kishanganj,20.0,3,81,0.0,81.0,84,69,15,9,0,0,57,0,1167340.0,1.Muslims,2.Hindus,3.Christians,120.0
2006.0,1526646,797180,729466,29.45,915.0,36.07,48.8,22.11,683976,498367,185609,842670,1351978,173605,494,384.0,384.0,168.0,311.0,bihar,madhepura,60.0,24,10,0.0,10.0,16,10,6,12,4,0,7,0,1458679.0,1.Hindus,2.Muslims,3.Religion not stated,141.0
2006.0,3575281,1840997,1734284,26.08,942.0,41.97,56.79,26.25,1227723,877412,350311,2347558,2930501,641579,1477,1034.0,1034.0,437.0,901.0,bihar,madhubani,62.0,89,58,0.0,58.0,76,12,64,10,14,0,14,0,3450736.0,1.Hindus,2.Muslims,3.Religion not stated,232.0
2006.0,1137797,607730,530067,20.34,872.0,59.47,69.89,47.4,331451,233688,97763,806346,1045233,89791,1135,525.0,525.0,321.0,382.0,bihar,munger,73.0,35,13,0.0,13.0,53,0,53,7,10,0,40,0,819950.0,1.Hindus,2.Muslims,3.Christians,149.0
2006.0,3746714,1951466,1795248,26.74,920.0,47.95,59.1,35.81,1139830,895830,244000,2606884,3168225,573951,2104,1725.0,1725.0,1021.0,1423.0,bihar,muzaffarpur,134.0,24,48,0.0,48.0,148,23,125,65,7,0,75,0,3398361.0,1.Hindus,2.Muslims,3.Religion not stated,526.0
2006.0,2370528,1238599,1131929,18.64,914.0,53.19,66.44,38.58,903144,700007,203137,1467384,2191552,176871,888,1000.0,1000.0,366.0,879.0,bihar,nalanda,143.0,91,31,0.0,31.0,76,35,41,63,45,0,90,0,2016899.0,1.Hindus,2.Muslims,3.Religion not stated,198.0
2006.0,4718592,2519942,2198650,30.17,873.0,62.92,73.34,50.83,1425647,1161984,263663,3292945,4333556,366164,8951,1288.0,1288.0,615.0,1199.0,bihar,patna,338.0,88,54,0.0,54.0,309,84,225,54,13,2,239,0,2757060.0,1.Hindus,2.Muslims,3.Christians,390.0
2006.0,2450748,1283485,1167263,27.71,909.0,61.29,75.31,45.71,744183,544731,199452,1706565,2199049,246760,2549,1710.0,1710.0,493.0,1185.0,bihar,rohtas,102.0,88,17,0.0,17.0,45,20,25,36,9,0,25,0,2123942.0,1.Hindus,2.Muslims,3.Sikhs,153.0
2006.0,1508182,789432,718750,33.03,910.0,39.08,51.66,25.27,589467,411566,177901,918715,1289364,217922,437,441.0,441.0,127.0,374.0,bihar,saharsa,44.0,97,33,0.0,33.0,41,4,37,12,21,0,24,0,1383015.0,1.Hindus,2.Muslims,3.Christians,63.0
2006.0,3394793,1760692,1634101,25.63,928.0,45.13,57.59,31.67,1071974,843356,228618,2322819,3035755,355897,1432,1122.0,1122.0,674.0,878.0,bihar,samastipur,102.0,195,53,0.0,53.0,109,11,98,47,11,5,33,27,3271338.0,1.Hindus,2.Muslims,3.Religion not stated,195.0
2006.0,3248701,1652661,1596040,26.37,966.0,51.8,67.3,35.82,860940,644618,216322,2387761,2909213,337767,758,1566.0,1566.0,544.0,1213.0,bihar,saran,134.0,290,48,0.0,48.0,104,70,34,74,49,0,102,0,2950064.0,1.Hindus,2.Muslims,3.Religion not stated,342.0
2006.0,2682720,1417611,1265109,32.58,892.0,38.46,49.36,26.13,855156,714136,141020,1827564,2111476,568992,1237,802.0,802.0,302.0,709.0,bihar,sitamarhi,45.0,30,27,0.0,27.0,61,45,16,13,19,2,76,1,2529407.0,1.Hindus,2.Muslims,3.Religion not stated,216.0
2006.0,2714349,1336283,1378066,24.78,1031.0,51.65,67.26,36.88,730437,511578,218859,1983912,2218632,494176,899,1438.0,1438.0,441.0,1119.0,bihar,siwan,93.0,72,18,0.0,18.0,103,88,15,41,12,1,75,0,2564860.0,1.Hindus,2.Muslims,3.Religion not stated,254.0
2006.0,2718421,1415603,1302818,26.39,920.0,50.49,63.23,36.58,782717,624452,158265,1935704,2457636,259158,922,1414.0,1414.0,970.0,929.0,bihar,vaishali,99.0,39,14,0.0,14.0,101,49,52,77,7,0,43,0,2531766.0,1.Hindus,2.Muslims,3.Religion not stated,154.0
2006.0,1998355,1013875,984480,17.59,971.0,63.51,78.43,48.17,857577,630504,227073,1140778,1904580,45342,19325,1579.0,1545.0,1494.0,1426.0,chhattisgarh,bilaspur,95.0,62,68,0.0,68.0,27,27,0,23,192,13,120,0,1511661.0,1.Hindus,2.Muslims,3.Others,452.0
2006.0,2810436,1417893,1392543,16.88,982.0,75.62,86.43,64.64,1162833,965624,197209,1647603,2654202,70398,23399,1776.0,1762.0,1737.0,1698.0,chhattisgarh,durg,71.0,54,108,0.0,108.0,33,18,15,19,241,27,102,0,1738127.0,1.Hindus,2.Muslims,3.Sikhs,669.0
2006.0,1265529,634597,630932,18.68,994.0,70.16,82.7,57.62,601564,430725,170839,663965,1212180,36098,12637,1433.0,1410.0,1385.0,1350.0,chhattisgarh,raigarh,54.0,21,38,0.0,38.0,7,7,0,4,92,9,22,0,1096073.0,1.Hindus,2.Christians,3.Muslims,279.0
2006.0,3016930,1523925,1493005,18.97,980.0,68.51,81.97,54.81,1264663,961507,303156,1752267,2881933,77963,16857,2124.0,2101.0,1955.0,1987.0,chhattisgarh,raipur,106.0,66,130,0.0,130.0,54,42,12,25,228,34,98,0,2099312.0,1.Hindus,2.Muslims,3.Christians,696.0
2006.0,1283224,634342,648882,17.7,1023.0,77.21,87.17,67.55,649401,558996,90405,633823,1215492,28020,21035,1605.0,1595.0,1550.0,1484.0,chhattisgarh,rajnandgaon,50.0,31,69,0.0,69.0,10,9,1,5,83,7,40,1,1051577.0,1.Hindus,2.Buddhists,3.Muslims,343.0
2006.0,1393918,701593,692325,6.45,987.0,66.09,76.44,55.78,600819,470043,130776,793099,1307460,83077,2309,615.0,614.0,615.0,614.0,gujarat,amreli,20.0,11,15,0.0,15.0,31,30,1,3,20,0,112,0,1080960.0,1.Hindus,2.Muslims,3.Jains,383.0
2006.0,1856872,972000,884872,13.03,910.0,74.51,86.09,61.94,784711,617669,167042,1072161,1616127,199263,29461,350.0,350.0,350.0,350.0,gujarat,anand,26.0,6,14,0.0,14.0,33,30,3,0,30,5,141,0,1348901.0,1.Hindus,2.Muslims,3.Christians,301.0
2006.0,1370656,713676,656980,19.32,921.0,74.41,82.98,65.11,570693,469551,101142,799963,1059796,293459,8824,657.0,657.0,656.0,644.0,gujarat,bharuch,37.0,9,7,0.0,7.0,7,6,1,0,8,0,66,0,1018096.0,1.Hindus,2.Muslims,3.Christians,403.0
2006.0,2469630,1274920,1194710,19.29,937.0,66.2,78.02,53.73,944559,781166,163393,1525071,2264062,172740,28921,790.0,790.0,789.0,786.0,gujarat,bhavnagar,59.0,40,26,0.0,26.0,128,116,12,7,101,61,285,0,1534592.0,1.Hindus,2.Muslims,3.Jains,526.0
2006.0,1334455,697999,636456,23.88,912.0,76.59,87.74,64.58,554336,467413,86923,780119,1269766,50559,7769,291.0,291.0,291.0,290.0,gujarat,gandhinagar,23.0,13,14,0.0,14.0,24,20,4,0,17,6,119,0,867195.0,1.Hindus,2.Muslims,3.Jains,244.0
2006.0,1904278,981320,922958,22.39,941.0,66.48,76.25,56.18,734382,624057,110325,1169896,1605941,270223,21907,698.0,695.0,666.0,666.0,gujarat,jamnagar,29.0,11,13,0.0,13.0,21,18,3,0,14,11,206,0,1068022.0,1.Hindus,2.Muslims,3.Jains,286.0
2006.0,2448173,1252350,1195823,17.08,955.0,67.78,78.74,56.43,1000842,785530,215312,1447331,2165734,274481,4291,923.0,922.0,901.0,858.0,gujarat,junagadh,54.0,19,6,0.0,6.0,52,44,8,3,38,4,415,0,1736645.0,1.Hindus,2.Muslims,3.Jains,803.0
2006.0,514404,263986,250418,14.4,949.0,59.86,72.44,46.61,259116,176372,82744,255288,482552,20429,5122,552.0,552.0,530.0,515.0,gujarat,narmada,11.0,8,2,0.0,2.0,6,6,0,0,6,0,10,0,462298.0,1.Hindus,2.Muslims,3.Christians,324.0
2006.0,1229463,628988,600475,13.22,955.0,75.83,82.77,68.61,545215,457002,88213,684248,1135525,69972,13575,374.0,374.0,374.0,368.0,gujarat,navsari,16.0,6,2,0.0,2.0,8,7,1,0,4,0,38,0,893110.0,1.Hindus,2.Muslims,3.Jains,268.0
2006.0,1182709,612100,570609,14.08,932.0,60.36,73.63,46.33,533078,395470,137608,649631,1057013,119748,5136,517.0,516.0,517.0,514.0,gujarat,patan,14.0,9,10,0.0,10.0,13,11,2,0,25,0,147,0,944281.0,1.Hindus,2.Muslims,3.Jains,265.0
2006.0,536835,275821,261014,14.35,946.0,68.62,78.36,58.42,215134,173594,41540,321701,507176,28404,589,182.0,182.0,155.0,156.0,gujarat,porbandar,9.0,5,2,0.0,2.0,7,6,1,1,1,0,45,0,275460.0,1.Hindus,2.Muslims,3.Jains,130.0
2006.0,1515148,787650,727498,25.34,924.0,61.61,74.19,48.1,647609,512038,135571,867539,1392451,97846,22721,650.0,649.0,650.0,648.0,gujarat,surendranagar,30.0,15,17,0.0,17.0,23,20,3,1,34,2,81,0,1112700.0,1.Hindus,2.Muslims,3.Jains,170.0
2006.0,1410553,734799,675754,29.66,920.0,69.15,77.9,59.62,650257,503333,146924,760296,1300005,66440,15399,450.0,450.0,425.0,449.0,gujarat,valsad,43.0,17,1,0.0,1.0,18,12,6,0,10,0,32,0,1029392.0,1.Hindus,2.Muslims,3.Christians,303.0
2006.0,1014411,542977,471434,25.69,868.0,75.31,82.31,67.39,324521,275648,48873,689890,856193,132463,17263,482.0,482.0,479.0,432.0,haryana,ambala,39.0,12,19,0.0,19.0,22,16,6,9,26,27,174,0,657383.0,1.Hindus,2.Sikhs,3.Muslims,204.0
2006.0,1425022,758253,666769,22.45,879.0,67.45,80.26,53.0,609320,425210,184110,815702,1407363,12740,2542,437.0,437.0,437.0,429.0,haryana,bhiwani,45.0,29,35,0.0,35.0,34,26,8,19,38,8,100,0,1154629.0,1.Hindus,2.Muslims,3.Sikhs,252.0
2006.0,2194586,1193063,1001523,48.47,839.0,70.03,81.52,56.31,785762,609663,176099,1408824,1896698,247293,36005,413.0,413.0,413.0,376.0,haryana,faridabad,58.0,45,40,0.0,40.0,86,66,20,14,35,144,146,0,973242.0,1.Hindus,2.Muslims,3.Sikhs,188.0
2006.0,1660289,886451,773838,44.64,873.0,62.91,76.17,47.78,629658,464644,165014,1030631,1026542,617918,6672,694.0,694.0,693.0,642.0,haryana,gurgaon,93.0,63,30,0.0,30.0,70,51,19,20,32,56,89,0,1291285.0,1.Hindus,2.Muslims,3.Sikhs,203.0
2006.0,1189827,642282,547545,21.35,852.0,62.12,73.82,48.51,521946,372049,149897,667881,1134539,29159,20618,306.0,306.0,306.0,300.0,haryana,jind,42.0,27,32,0.0,32.0,15,7,8,13,17,12,53,0,948250.0,1.Hindus,2.Sikhs,3.Muslims,247.0
2006.0,946131,510513,435618,20.95,853.0,59.02,69.15,47.31,372011,268127,103884,574120,848765,88700,6777,270.0,270.0,270.0,261.0,haryana,kaithal,24.0,11,25,0.0,25.0,14,6,8,9,14,0,149,0,762649.0,1.Hindus,2.Sikhs,3.Muslims,160.0
2006.0,1274183,683368,590815,23.13,865.0,67.74,76.29,57.97,455455,355466,99989,818728,1125279,123160,22614,422.0,422.0,422.0,385.0,haryana,karnal,32.0,29,51,0.0,51.0,40,23,17,13,35,1,214,0,936341.0,1.Hindus,2.Sikhs,3.Muslims,186.0
2006.0,825454,442328,383126,23.72,866.0,69.88,78.06,60.61,308392,250596,57796,517062,675381,135545,12028,407.0,402.0,406.0,385.0,haryana,kurukshetra,24.0,19,34,0.0,34.0,24,15,9,5,10,37,116,0,609943.0,1.Hindus,2.Sikhs,3.Muslims,179.0
2006.0,812521,423578,388943,19.09,918.0,69.89,84.72,54.08,351864,204704,147160,460657,805991,3434,2026,368.0,368.0,368.0,350.0,haryana,mahendragarh,28.0,12,17,0.0,17.0,26,16,10,10,32,0,41,0,702885.0,1.Hindus,2.Muslims,3.Sikhs,190.0
2006.0,967449,528860,438589,38.57,829.0,69.17,78.5,57.97,382801,289013,93788,584648,873593,59696,27437,179.0,179.0,179.0,168.0,haryana,panipat,46.0,25,65,0.0,65.0,46,29,17,19,18,13,104,0,575369.0,1.Hindus,2.Muslims,3.Sikhs,116.0
2006.0,765351,403034,362317,25.24,899.0,75.25,88.45,60.83,333622,204855,128767,431729,758328,3194,1668,397.0,397.0,397.0,379.0,haryana,rewari,32.0,26,21,0.0,21.0,15,9,6,4,23,0,51,0,629177.0,1.Hindus,2.Muslims,3.Sikhs,175.0
2006.0,940128,509038,431090,20.99,847.0,73.72,83.23,62.59,371073,288225,82848,569055,924541,5665,5079,146.0,146.0,146.0,130.0,haryana,rohtak,62.0,36,34,0.0,34.0,23,17,6,22,13,29,80,0,610524.0,1.Hindus,2.Muslims,3.Sikhs,118.0
2006.0,1116649,593245,523404,22.96,882.0,60.55,70.05,49.93,475571,363946,111625,641078,801747,302942,7056,321.0,321.0,318.0,312.0,haryana,sirsa,37.0,28,18,0.0,18.0,11,2,9,4,14,0,129,0,823184.0,1.Hindus,2.Sikhs,3.Muslims,197.0
2006.0,1279175,695723,583452,22.36,839.0,72.79,83.06,60.68,523031,383449,139582,756144,1234225,31954,6729,323.0,323.0,323.0,316.0,haryana,sonipat,69.0,39,31,0.0,31.0,67,49,18,26,46,28,165,0,957800.0,1.Hindus,2.Muslims,3.Jains,248.0
2006.0,1041630,559444,482186,21.84,862.0,71.63,78.82,63.39,336533,280728,55805,705097,849255,104073,83524,613.0,613.0,607.0,483.0,haryana,yamunanagar,27.0,17,28,0.0,28.0,28,24,4,8,19,0,110,0,648608.0,1.Hindus,2.Muslims,3.Sikhs,248.0
2006.0,1165390,608878,556512,24.46,914.0,50.09,66.38,31.99,432714,283711,149003,732676,910409,221705,27263,2356.0,2356.0,289.0,768.0,jharkhand,deoghar,33.0,6,33,0.0,33.0,8,4,4,19,4,14,27,0,1005539.0,1.Hindus,2.Muslims,3.Others,94.0
2006.0,2397102,1278946,1118156,22.82,874.0,67.0,79.54,52.43,664058,492501,171557,1733044,1944757,364807,61505,1121.0,1121.0,503.0,708.0,jharkhand,dhanbad,86.0,64,37,0.0,37.0,65,58,7,32,28,14,31,0,1141744.0,1.Hindus,2.Muslims,3.Others,154.0
2006.0,1759602,897364,862238,17.31,961.0,47.94,62.86,32.35,778378,470354,308024,981224,1323468,203741,170201,3737.0,3737.0,213.0,1732.0,jharkhand,dumka,50.0,18,55,0.0,55.0,28,27,1,7,46,0,30,1,1644690.0,1.Hindus,2.Muslims,3.Others,312.0
2006.0,1904430,960679,943751,27.09,982.0,44.5,62.09,26.62,644644,340925,303719,1259786,1475201,383253,30778,2532.0,2532.0,481.0,1232.0,jharkhand,giridih,56.0,145,56,0.0,56.0,35,18,17,39,65,0,68,0,1782066.0,1.Hindus,2.Muslims,3.Others,229.0
2006.0,1047939,544043,503896,21.61,926.0,43.13,57.52,27.39,421941,238694,183247,625998,745237,210734,68055,1633.0,1633.0,257.0,892.0,jharkhand,godda,40.0,79,33,0.0,33.0,25,0,25,8,16,0,47,0,1010931.0,1.Hindus,2.Muslims,3.Others,141.0
2006.0,1346767,675769,670998,16.6,993.0,51.74,63.5,39.95,658921,446953,211968,687846,440373,425107,419004,1393.0,1393.0,92.0,1015.0,jharkhand,gumla,126.0,58,55,0.0,55.0,26,23,3,1,12,0,12,0,1273025.0,1.Hindus,2.Christians,3.Others,365.0
2006.0,2277475,1167793,1109682,24.02,950.0,57.74,71.81,42.87,790049,532895,257154,1487426,1870586,337117,36789,1543.0,1543.0,413.0,962.0,jharkhand,hazaribagh,97.0,103,45,0.0,45.0,77,54,23,39,70,0,69,0,1748406.0,1.Hindus,2.Muslims,3.Others,147.0
2006.0,2098359,1084417,1013942,26.8,935.0,44.95,58.91,29.88,793658,444921,348737,1304701,1740948,242980,63100,2465.0,2465.0,410.0,1474.0,jharkhand,palamu,90.0,47,32,0.0,32.0,28,10,18,19,0,7,32,0,1973266.0,1.Hindus,2.Muslims,3.Others,349.0
2006.0,2785064,1436976,1348088,25.72,938.0,64.57,76.56,51.72,1076904,750962,325942,1708160,1399301,767672,348774,2052.0,2052.0,331.0,1343.0,jharkhand,ranchi,253.0,60,79,0.0,79.0,94,40,54,14,36,2,40,4,1807243.0,1.Hindus,2.Others,3.Muslims,377.0
2006.0,4214505,2150090,2064415,17.4,960.0,64.21,75.7,52.32,1877774,1537645,340129,2336731,3565153,440836,169466,1255.0,1254.0,1247.0,1240.0,karnataka,belgaum,98.0,91,22,0.0,22.0,35,23,12,13,107,2,152,0,3201814.0,1.Hindus,2.Muslims,3.Christians,740.0
2006.0,2027140,1029714,997426,22.3,969.0,57.4,69.2,45.28,920821,801369,119452,1106319,1739522,257806,13226,524.0,523.0,524.0,381.0,karnataka,bellary,56.0,44,15,0.0,15.0,23,22,1,13,59,0,70,0,1320290.0,1.Hindus,2.Muslims,3.Christians,260.0
2006.0,1502373,771022,731351,19.56,949.0,60.94,72.46,48.81,557603,424985,132618,944770,1020174,295762,122083,599.0,596.0,596.0,591.0,karnataka,bidar,38.0,53,8,0.0,8.0,20,13,7,10,82,2,69,0,1157498.0,1.Hindus,2.Muslims,3.Buddhists,293.0
2006.0,1806918,926424,880494,17.63,950.0,57.01,69.94,43.47,718213,551972,166241,1088705,1495080,294491,8356,660.0,659.0,657.0,626.0,karnataka,bijapur,63.0,59,18,0.0,18.0,26,19,7,4,89,0,126,0,1410829.0,1.Hindus,2.Muslims,3.Jains,392.0
2006.0,1517896,776221,741675,15.05,955.0,64.45,74.66,53.78,721835,576035,145800,796061,1388506,109412,8411,946.0,916.0,946.0,879.0,karnataka,chitradurga,38.0,21,16,0.0,16.0,19,17,2,3,52,0,28,0,1243658.0,1.Hindus,2.Muslims,3.Religion not stated,197.0
2006.0,1790952,917705,873247,14.78,952.0,67.43,76.37,58.04,783781,631726,152055,1007171,1532714,226708,10944,810.0,786.0,808.0,727.0,karnataka,davanagere,23.0,13,17,0.0,17.0,14,12,2,11,60,6,79,0,1247954.0,1.Hindus,2.Muslims,3.Religion not stated,278.0
2006.0,3130922,1592789,1538133,21.02,966.0,50.01,61.77,37.9,1350072,1010430,339642,1780850,2381497,551171,153619,1360.0,1327.0,1342.0,1337.0,karnataka,gulbarga,99.0,125,18,0.0,18.0,45,28,17,9,78,0,122,0,2278301.0,1.Hindus,2.Muslims,3.Buddhists,708.0
2006.0,1721669,859086,862583,9.66,1004.0,68.63,78.37,59.0,864711,702827,161884,856958,1587287,104730,15598,2394.0,2330.0,2341.0,1990.0,karnataka,hassan,61.0,38,13,0.0,13.0,11,7,4,7,62,0,62,0,1416996.0,1.Hindus,2.Muslims,3.Christians,482.0
2006.0,548561,274831,273730,11.64,996.0,77.99,83.7,72.26,266378,247574,18804,282183,450694,78466,17951,291.0,279.0,286.0,267.0,karnataka,kodagu,27.0,33,6,0.0,6.0,6,1,5,0,21,2,26,0,473179.0,1.Hindus,2.Muslims,3.Christians,138.0
2006.0,2536069,1286193,1249876,13.83,972.0,62.84,73.17,52.23,1235028,1014667,220361,1301041,2196660,298767,32547,2919.0,2797.0,2785.0,2342.0,karnataka,kolar,96.0,59,13,0.0,13.0,27,19,8,16,50,0,47,0,1910546.0,1.Hindus,2.Muslims,3.Christians,490.0
2006.0,1196089,603312,592777,24.57,983.0,54.1,68.42,39.61,554506,422208,132298,641583,1042294,137174,5395,594.0,590.0,594.0,560.0,karnataka,koppal,25.0,9,6,0.0,6.0,7,7,0,3,28,0,23,0,997797.0,1.Hindus,2.Muslims,3.Religion not stated,281.0
2006.0,1763705,888034,875671,7.14,986.0,61.05,70.5,51.53,840419,682440,157979,923286,1667640,69890,11093,1369.0,1330.0,1323.0,1185.0,karnataka,mandya,58.0,46,19,0.0,19.0,14,13,1,8,79,0,89,0,1480990.0,1.Hindus,2.Muslims,3.Buddhists,458.0
2006.0,1669762,841840,827922,21.93,983.0,48.81,61.52,35.93,732762,544347,188415,937000,1417051,228652,12390,830.0,806.0,796.0,306.0,karnataka,raichur,32.0,46,13,0.0,13.0,18,12,6,6,76,5,85,0,1248925.0,1.Hindus,2.Muslims,3.Christians,338.0
2006.0,1642545,830559,811986,12.9,978.0,74.52,82.01,66.88,714671,586832,127839,927874,1401087,200979,26474,1443.0,1415.0,1399.0,989.0,karnataka,shimoga,50.0,52,23,0.0,23.0,21,14,7,5,61,2,191,0,1071535.0,1.Hindus,2.Muslims,3.Christians,311.0
2006.0,2584711,1313801,1270910,11.87,967.0,67.01,76.78,56.94,1316939,1050291,266648,1267772,2349801,211732,7736,2574.0,2477.0,2573.0,2123.0,karnataka,tumkur,62.0,41,13,0.0,13.0,15,5,10,10,87,0,47,0,2077509.0,1.Hindus,2.Muslims,3.Christians,382.0
2006.0,1129221,566682,562539,6.96,993.0,88.69,92.33,85.02,487352,400699,86653,641869,566744,480108,81222,64.0,64.0,64.0,60.0,kerala,idukki,31.0,7,30,0.0,30.0,14,11,3,2,133,12,131,0,1071628.0,1.Hindus,2.Muslims,3.Christians,62.0
2006.0,2408956,1152817,1256139,7.13,1090.0,92.59,96.13,89.4,767197,626876,140321,1641759,1480748,665648,261019,78.0,78.0,78.0,78.0,kerala,kannur,20.0,29,37,0.0,37.0,16,8,8,0,116,12,227,0,1196058.0,1.Hindus,2.Muslims,3.Christians,78.0
2006.0,2585208,1249621,1335587,7.33,1069.0,91.18,94.43,88.18,828566,654823,173743,1756642,1685044,474071,423745,93.0,93.0,93.0,93.0,kerala,kollam,34.0,39,75,0.0,75.0,35,28,7,1,351,10,445,0,2119230.0,1.Hindus,2.Muslims,3.Christians,92.0
2006.0,1953646,964926,988720,6.76,1025.0,95.82,97.34,94.35,642157,539609,102548,1311489,963497,871371,116686,89.0,89.0,89.0,89.0,kerala,kottayam,21.0,18,30,0.0,30.0,22,19,3,2,196,29,186,0,1653838.0,1.Hindus,2.Muslims,3.Christians,88.0
2006.0,3625471,1754576,1870895,17.22,1066.0,89.61,93.25,86.26,874476,691848,182628,2750995,2484576,1057418,80650,122.0,122.0,122.0,122.0,kerala,malappuram,19.0,15,45,0.0,45.0,10,5,5,1,145,12,458,0,3269301.0,1.Hindus,2.Muslims,3.Christians,121.0
2006.0,2617482,1266985,1350497,9.86,1066.0,84.35,89.52,79.56,945052,768620,176432,1672430,1802766,703596,109249,144.0,144.0,144.0,141.0,kerala,palakkad,44.0,30,59,0.0,59.0,8,2,6,4,52,17,363,0,2260907.0,1.Hindus,2.Muslims,3.Christians,139.0
2006.0,1234016,589398,644618,3.72,1094.0,94.84,96.41,93.43,366049,285844,80205,867967,694560,481602,56457,65.0,65.0,65.0,64.0,kerala,pathanamthitta,18.0,8,24,0.0,24.0,15,9,6,0,145,9,129,0,1110218.0,1.Hindus,2.Muslims,3.Christians,63.0
2006.0,2974232,1422052,1552180,8.7,1092.0,92.27,95.11,89.71,955300,808965,146335,2018932,1761842,720152,488697,204.0,204.0,204.0,196.0,kerala,thrissur,44.0,48,55,0.0,55.0,18,6,12,3,220,22,302,0,2134799.0,1.Hindus,2.Muslims,3.Christians,194.0
2006.0,1630239,841253,788986,20.51,938.0,81.41,88.91,73.43,648243,582264,65979,981996,1024080,296272,293184,862.0,851.0,840.0,786.0,maharashtra,akola,47.0,52,25,0.0,25.0,28,26,2,1,95,14,135,0,1002742.0,1.Hindus,2.Muslims,3.Buddhists,212.0
2006.0,1136146,573445,562701,11.2,981.0,78.47,88.97,67.82,536885,365464,171421,599261,953507,144541,23324,778.0,772.0,774.0,716.0,maharashtra,bhandara,35.0,18,40,0.0,40.0,15,10,5,4,54,29,89,0,960418.0,1.Hindus,2.Buddhists,3.Muslims,442.0
2006.0,2071101,1062993,1008108,17.26,948.0,73.17,82.94,62.89,930791,683029,247762,1140310,1680113,274067,76050,1472.0,1462.0,1444.0,1359.0,maharashtra,chandrapur,42.0,20,30,0.0,30.0,17,14,3,6,81,47,123,0,1406034.0,1.Hindus,2.Buddhists,3.Muslims,318.0
2006.0,1707947,878372,829575,16.01,944.0,71.65,81.4,61.39,737941,573496,164445,970006,1522895,149466,14613,678.0,675.0,673.0,669.0,maharashtra,dhule,38.0,33,12,0.0,12.0,8,8,0,6,33,12,189,0,1262062.0,1.Hindus,2.Muslims,3.Buddhists,276.0
2006.0,970294,491101,479193,23.25,976.0,60.1,71.86,48.07,497104,336959,160145,473190,818640,78058,44825,1521.0,1509.0,1320.0,1279.0,maharashtra,gadchiroli,59.0,52,14,0.0,14.0,10,8,2,2,52,5,47,0,903033.0,1.Hindus,2.Buddhists,3.Others,369.0
2006.0,3682690,1905493,1777197,15.44,933.0,75.43,85.91,64.3,1563983,1300086,263897,2118707,3049368,455288,126136,1491.0,1491.0,1486.0,1470.0,maharashtra,jalgaon,75.0,53,52,0.0,52.0,21,21,0,14,111,25,305,0,2629896.0,1.Hindus,2.Muslims,3.Buddhists,934.0
2006.0,1612980,826903,786077,18.17,951.0,64.4,79.14,49.04,716900,611998,104902,896080,1255041,211531,121033,963.0,963.0,959.0,952.0,maharashtra,jalna,52.0,25,19,0.0,19.0,13,6,7,19,58,8,248,0,1305115.0,1.Hindus,2.Muslims,3.Buddhists,380.0
2006.0,3523162,1807470,1715692,17.59,949.0,76.93,87.47,66.02,1652970,1394882,258088,1870192,3077263,236875,147285,1196.0,1194.0,1190.0,1185.0,maharashtra,kolhapur,65.0,45,33,0.0,33.0,29,22,7,25,71,15,132,0,2472809.0,1.Hindus,2.Muslims,3.Jains,638.0
2006.0,2080285,1075257,1005028,23.95,935.0,71.54,82.94,59.4,840518,712849,127669,1239767,1700679,292996,74351,921.0,921.0,919.0,917.0,maharashtra,latur,54.0,40,15,0.0,15.0,22,22,0,65,53,5,144,0,1590024.0,1.Hindus,2.Muslims,3.Buddhists,409.0
2006.0,2876259,1481358,1394901,23.08,942.0,67.77,80.44,54.35,1202037,965087,236950,1674222,2162185,385081,302161,1546.0,1538.0,1531.0,1536.0,maharashtra,nanded,71.0,73,33,0.0,33.0,35,21,14,16,82,0,221,0,2187195.0,1.Hindus,2.Muslims,3.Buddhists,209.0
2006.0,1486586,769368,717218,15.35,932.0,69.02,80.42,56.89,653522,555202,98320,833064,1297858,151181,28356,729.0,729.0,727.0,726.0,maharashtra,osmanabad,58.0,27,37,0.0,37.0,10,7,3,3,57,5,150,0,1253330.0,1.Hindus,2.Muslims,3.Buddhists,400.0
2006.0,1527715,780191,747524,15.31,958.0,66.07,79.63,52.02,644752,559917,84835,882963,1121246,243935,153231,830.0,830.0,824.0,821.0,maharashtra,parbhani,69.0,47,18,0.0,18.0,18,11,7,10,73,4,162,0,1042529.0,1.Hindus,2.Muslims,3.Buddhists,386.0
2006.0,1696777,794498,902279,9.87,1136.0,75.05,85.89,65.77,763387,557613,205774,933390,1391137,175672,120855,1539.0,1538.0,1539.0,1484.0,maharashtra,ratnagiri,16.0,7,25,0.0,25.0,9,8,1,1,32,24,52,0,1504568.0,1.Hindus,2.Muslims,3.Buddhists,810.0
2006.0,2583524,1320088,1263436,17.59,957.0,76.62,86.26,66.73,1218655,952241,266414,1364869,2243478,203524,85160,721.0,721.0,721.0,719.0,maharashtra,sangli,61.0,34,24,0.0,24.0,21,14,7,8,51,4,99,0,1950306.0,1.Hindus,2.Muslims,3.Jains,567.0
2006.0,2808994,1408326,1400668,14.1,995.0,78.22,88.2,68.38,1303658,1044989,258669,1505336,2533359,128570,125661,1716.0,1716.0,1701.0,1680.0,maharashtra,satara,64.0,40,34,1.0,33.0,41,32,9,8,88,10,255,0,2410873.0,1.Hindus,2.Buddhists,3.Muslims,646.0
2006.0,868825,417890,450935,3.55,1079.0,80.3,90.26,71.23,404985,233827,171158,463840,802498,24320,23668,743.0,743.0,735.0,722.0,maharashtra,sindhudurg,15.0,6,9,0.0,9.0,4,4,0,3,13,10,13,0,786506.0,1.Hindus,2.Buddhists,3.Muslims,593.0
2006.0,1236736,638990,597746,15.3,935.0,80.06,87.18,72.45,550351,431330,119021,686385,1006235,169579,47605,1004.0,998.0,998.0,842.0,maharashtra,wardha,49.0,28,31,0.0,31.0,22,21,1,2,96,35,134,0,911695.0,1.Hindus,2.Buddhists,3.Muslims,392.0
2006.0,2458271,1265681,1192590,18.46,942.0,73.62,84.09,62.52,1118937,949453,169484,1339334,1999368,221793,196909,1856.0,1820.0,1795.0,1729.0,maharashtra,yavatmal,61.0,87,66,0.0,66.0,37,34,3,8,142,51,201,0,2001060.0,1.Hindus,2.Buddhists,3.Muslims,723.0
2006.0,208368,104550,103818,13.9,993.0,67.63,79.61,55.66,89703,55557,34146,118665,148903,38763,14194,48.0,48.0,46.0,47.0,manipur,bishnupur,14.0,27,1,0.0,1.0,9,5,4,0,6,0,2,0,133627.0,1.Hindus,2.Others,3.Muslims,28.0
2006.0,118327,59741,58586,72.8,981.0,56.23,64.34,47.98,54545,39935,14610,63782,109128,5701,2318,350.0,323.0,190.0,214.0,manipur,chandel,14.0,12,2,0.0,2.0,2,0,2,0,1,0,0,0,103365.0,1.Christians,2.Hindus,3.Muslims,25.0
2006.0,227905,117232,110673,29.81,944.0,70.59,77.67,63.06,99363,71933,27430,128542,213186,10538,2573,540.0,539.0,306.0,395.0,manipur,churachandpur,43.0,30,20,0.0,20.0,1,0,1,0,5,0,0,0,227905.0,1.Christians,2.Hindus,3.Muslims,66.0
2006.0,111499,58014,53485,29.23,922.0,59.25,68.72,48.95,50863,43353,7510,60636,105791,3187,1431,171.0,171.0,75.0,157.0,manipur,tamenglong,9.0,5,0,0.0,0.0,0,0,0,0,0,0,0,0,111499.0,1.Christians,2.Hindus,3.Muslims,42.0
2006.0,364140,182250,181890,24.62,998.0,66.41,80.43,52.46,177343,111486,65857,186797,221096,86849,50819,90.0,90.0,84.0,88.0,manipur,thoubal,36.0,52,5,0.0,5.0,35,24,11,0,1,0,3,0,232868.0,1.Hindus,2.Muslims,3.Others,36.0
2006.0,140778,73465,67313,28.98,916.0,73.12,80.13,65.41,66515,51564,14951,74263,133966,5687,881,198.0,198.0,154.0,188.0,manipur,ukhrul,4.0,1,0,0.0,0.0,0,0,0,0,0,0,0,0,140778.0,1.Christians,2.Hindus,3.Muslims,47.0
2006.0,325676,166877,158799,39.24,952.0,96.51,96.75,96.26,162961,125328,37633,162715,303893,14508,5185,96.0,96.0,81.0,86.0,mizoram,aizawl,7.0,9,31,0.0,31.0,2,0,2,0,24,0,1,0,77531.0,1.Christians,2.Hindus,3.Muslims,46.0
2006.0,73620,38776,34844,34.78,899.0,64.74,70.9,57.81,34093,26188,7905,39527,38410,32877,1910,139.0,139.0,27.0,134.0,mizoram,lawngtlai,3.0,0,1,0.0,1.0,0,0,0,0,2,0,0,0,73620.0,1.Buddhists,2.Christians,3.Hindus,24.0
2006.0,137223,71402,65821,23.1,922.0,84.17,87.44,80.6,71792,60870,10922,65431,109204,22429,4612,160.0,160.0,101.0,130.0,mizoram,lunglei,2.0,1,9,0.0,9.0,0,0,0,0,7,0,0,0,79267.0,1.Christians,2.Buddhists,3.Hindus,55.0
2006.0,310084,162251,147833,49.96,911.0,74.54,80.3,68.15,135023,114456,20567,175061,278844,21950,5457,180.0,179.0,148.0,164.0,nagaland,kohima,31.0,19,8,0.0,8.0,10,0,10,0,0,0,0,0,233054.0,1.Christians,2.Hindus,3.Others,82.0
2006.0,232085,120929,111156,43.48,919.0,83.92,86.03,81.61,109260,82160,27100,122825,219282,10433,2128,102.0,101.0,97.0,99.0,nagaland,mokokchung,9.0,1,0,0.0,0.0,3,0,3,0,0,0,0,0,200871.0,1.Christians,2.Hindus,3.Muslims,82.0
2006.0,260652,138753,121899,73.42,879.0,41.83,46.56,36.35,130848,108206,22642,129804,248684,9963,1748,110.0,110.0,102.0,107.0,nagaland,mon,15.0,3,2,0.0,2.0,2,0,2,0,0,0,0,0,244062.0,1.Christians,2.Hindus,3.Muslims,69.0
2006.0,148195,77141,71054,45.12,921.0,70.65,78.37,62.26,71398,57454,13944,76797,143048,4095,517,104.0,104.0,102.0,102.0,nagaland,phek,9.0,2,5,0.0,5.0,0,0,0,0,0,0,0,0,135331.0,1.Christians,2.Hindus,3.Muslims,54.0
2006.0,414818,218678,196140,78.1,897.0,50.64,55.12,45.58,184924,156950,27974,229894,406287,6856,1329,251.0,251.0,238.0,230.0,nagaland,tuensang,4.0,1,1,0.0,1.0,0,0,0,0,0,0,0,0,385046.0,1.Christians,2.Hindus,3.Muslims,123.0
2006.0,161223,83670,77553,95.01,927.0,80.55,85.35,75.32,56254,49679,6575,104969,155009,4787,1209,128.0,128.0,105.0,104.0,nagaland,wokha,4.0,2,0,0.0,0.0,1,1,0,0,0,0,0,0,123587.0,1.Christians,2.Hindus,3.Muslims,67.0
2006.0,153955,79056,74899,61.0,947.0,69.28,73.74,64.57,56783,47491,9292,97172,150097,3193,492,187.0,186.0,187.0,178.0,nagaland,zunheboto,14.0,3,2,0.0,2.0,0,0,0,0,0,0,0,0,130874.0,1.Christians,2.Hindus,3.Muslims,57.0
2006.0,3096077,1650589,1445488,22.72,876.0,67.27,72.61,61.26,1112200,938100,174100,1983877,2383575,648284,51948,1185.0,1151.0,1185.0,1114.0,punjab,amritsar,44.0,44,13,0.0,13.0,25,19,6,5,6,0,55,0,1872802.0,1.Sikhs,2.Hindus,3.Christians,696.0
2006.0,550892,292596,258296,21.42,883.0,61.95,68.15,55.03,209754,181873,27881,341138,427104,119702,1739,163.0,163.0,163.0,160.0,punjab,faridkot,18.0,30,9,0.0,9.0,13,5,8,5,25,1,19,0,357321.0,1.Sikhs,2.Hindus,3.Muslims,107.0
2006.0,2104011,1113077,990934,19.33,890.0,73.77,79.78,67.15,700557,568322,132235,1403454,996246,934963,148981,1532.0,1531.0,1532.0,1375.0,punjab,gurdaspur,30.0,21,25,0.0,25.0,16,12,4,14,12,0,31,0,1568788.0,1.Hindus,2.Sikhs,3.Christians,517.0
2006.0,1480736,765132,715604,13.81,935.0,81.02,86.45,75.32,513351,415123,98228,967385,871923,574862,15394,1386.0,1386.0,1386.0,1232.0,punjab,hoshiarpur,36.0,47,25,0.0,25.0,25,15,10,13,14,1,57,0,1188662.0,1.Hindus,2.Sikhs,3.Muslims,382.0
2006.0,1962700,1040177,922523,18.4,887.0,78.04,82.49,73.08,676835,599324,77511,1285865,1158868,740841,22106,934.0,934.0,934.0,832.0,punjab,jalandhar,80.0,122,52,0.0,52.0,125,95,30,6,30,2,93,0,1030717.0,1.Hindus,2.Sikhs,3.Christians,598.0
2006.0,754521,399623,354898,16.34,888.0,73.93,79.02,68.29,262741,231222,31519,491780,448654,286438,7740,618.0,618.0,618.0,478.0,punjab,kapurthala,28.0,29,13,0.0,13.0,21,15,6,6,12,0,23,0,507994.0,1.Sikhs,2.Hindus,3.Buddhists,359.0
2006.0,3032831,1662716,1370115,24.79,824.0,76.5,80.25,71.95,1149638,1041517,108121,1883193,1744446,1205128,52220,897.0,897.0,897.0,842.0,punjab,ludhiana,63.0,79,41,0.0,41.0,100,61,39,12,25,17,93,0,1339178.0,1.Sikhs,2.Hindus,3.Muslims,550.0
2006.0,1844934,987390,857544,20.31,868.0,69.78,75.88,62.86,681951,589015,92936,1162983,1024546,778427,34828,1054.0,1053.0,1054.0,986.0,punjab,patiala,43.0,55,29,0.0,29.0,26,23,3,4,27,1,39,0,1200224.0,1.Sikhs,2.Hindus,3.Muslims,172.0
2006.0,2000173,1069289,930884,18.57,871.0,59.98,65.81,53.38,814098,714076,100022,1186075,1400149,434873,157838,697.0,697.0,697.0,684.0,punjab,sangrur,23.0,32,24,0.0,24.0,14,10,4,7,18,4,46,0,1415354.0,1.Sikhs,2.Hindus,3.Muslims,291.0
2006.0,2181670,1129920,1051750,26.1,931.0,64.65,79.37,48.86,856809,690818,165991,1324861,1869044,244341,47812,1025.0,1025.0,966.0,970.0,rajasthan,ajmer,44.0,64,53,0.0,53.0,90,90,0,9,114,1,405,0,1306994.0,1.Hindus,2.Muslims,3.Jains,352.0
2006.0,2992592,1586752,1405840,30.23,886.0,61.74,78.09,43.28,1458686,947587,511099,1533906,2535155,383204,55530,1954.0,1954.0,1843.0,1811.0,rajasthan,alwar,75.0,83,81,0.0,81.0,102,68,34,36,111,0,314,0,2557653.0,1.Hindus,2.Muslims,3.Sikhs,553.0
2006.0,1501589,760686,740903,29.84,974.0,44.63,60.45,28.43,709412,529393,180019,792177,1425287,39079,18406,1476.0,1476.0,853.0,1348.0,rajasthan,banswara,29.0,22,27,0.0,27.0,38,36,2,5,79,3,93,0,1394226.0,1.Hindus,2.Muslims,3.Jains,450.0
2006.0,1964835,1038247,926588,36.83,892.0,58.99,72.76,43.45,919729,680208,239521,1045106,1695047,231918,35744,1933.0,1933.0,948.0,1777.0,rajasthan,barmer,20.0,24,12,0.0,12.0,26,21,5,7,85,0,74,0,1819431.0,1.Hindus,2.Muslims,3.Jains,433.0
2006.0,2101142,1133425,967717,27.05,854.0,63.57,80.54,43.56,852913,573547,279366,1248229,1804599,264709,23472,1366.0,1365.0,1238.0,1298.0,rajasthan,bharatpur,75.0,60,35,0.0,35.0,82,66,16,16,40,0,274,0,1692182.0,1.Hindus,2.Muslims,3.Sikhs,481.0
2006.0,2013789,1026650,987139,26.14,962.0,50.74,67.39,33.48,939848,764916,174932,1073941,1859972,112802,37659,1693.0,1693.0,1553.0,1516.0,rajasthan,bhilwara,36.0,61,40,0.0,40.0,97,76,21,9,81,0,221,0,1598938.0,1.Hindus,2.Muslims,3.Jains,473.0
2006.0,1674271,886075,788196,38.18,890.0,56.91,70.05,42.03,661457,522482,138975,1012814,1445088,172372,31235,712.0,686.0,485.0,611.0,rajasthan,bikaner,35.0,102,29,0.0,29.0,28,27,1,16,63,0,287,0,1079235.0,1.Hindus,2.Muslims,3.Jains,173.0
2006.0,962620,504818,457802,24.8,907.0,55.57,71.68,37.79,456937,305977,150960,505683,881956,56220,13186,839.0,838.0,733.0,764.0,rajasthan,bundi,22.0,52,39,0.0,39.0,64,53,11,5,103,0,260,0,783058.0,1.Hindus,2.Muslims,3.Jains,178.0
2006.0,1923878,987781,936097,24.6,948.0,66.81,79.69,53.35,853899,587431,266468,1069979,1698106,210446,13882,946.0,925.0,877.0,909.0,rajasthan,churu,18.0,22,17,0.0,17.0,19,11,8,10,16,0,183,0,1387682.0,1.Hindus,2.Muslims,3.Jains,423.0
2006.0,1107643,547791,559852,26.58,1022.0,48.57,66.04,31.77,531376,272283,259093,576267,1068319,23549,12542,854.0,853.0,723.0,819.0,rajasthan,dungarpur,23.0,14,18,0.0,18.0,25,20,5,2,64,0,47,0,1026787.0,1.Hindus,2.Muslims,3.Jains,368.0
2006.0,1789423,955378,834045,27.53,873.0,64.74,75.53,52.44,719792,552559,167233,1069631,1299812,441409,42442,2830.0,2820.0,1817.0,1653.0,rajasthan,ganganagar,67.0,101,39,0.0,39.0,38,35,3,16,64,1,457,0,1336066.0,1.Hindus,2.Sikhs,3.Muslims,654.0
2006.0,508247,279101,229146,47.45,821.0,50.97,66.26,32.05,211687,153139,58548,296560,383638,120174,2086,600.0,576.0,183.0,473.0,rajasthan,jaisalmer,4.0,6,1,0.0,1.0,7,3,4,5,14,0,15,1,431853.0,1.Hindus,2.Muslims,3.Sikhs,144.0
2006.0,1180323,612804,567519,23.34,926.0,57.32,73.31,40.02,554781,399386,155395,625542,1087934,78962,11759,1477.0,1476.0,1185.0,1173.0,rajasthan,jhalawar,28.0,80,42,0.0,42.0,66,51,15,10,151,3,189,0,1012081.0,1.Hindus,2.Muslims,3.Jains,214.0
2006.0,2775058,1424967,1350091,29.33,947.0,57.28,74.1,39.67,1129514,844039,285475,1645544,2399173,356405,17478,1480.0,1466.0,1417.0,1417.0,rajasthan,nagaur,56.0,31,35,0.0,35.0,49,37,12,12,193,0,221,0,2297721.0,1.Hindus,2.Muslims,3.Jains,580.0
2006.0,1820251,918856,901395,22.39,981.0,54.39,72.2,36.48,724883,518158,206725,1095368,1677038,114088,25599,936.0,936.0,883.0,906.0,rajasthan,pali,35.0,46,30,0.0,30.0,68,62,6,10,131,1,220,0,1429364.0,1.Hindus,2.Muslims,3.Jains,451.0
2006.0,2287788,1172753,1115035,24.11,951.0,70.47,84.34,56.11,887915,633421,254494,1399873,2019396,261714,4957,986.0,985.0,965.0,945.0,rajasthan,sikar,45.0,34,29,0.0,29.0,60,34,26,9,31,0,165,0,1815250.0,1.Hindus,2.Muslims,3.Jains,470.0
2006.0,851107,437949,413158,30.08,943.0,53.94,69.89,37.15,343905,245762,98143,507202,810765,25439,12427,455.0,454.0,399.0,423.0,rajasthan,sirohi,17.0,20,20,0.0,20.0,26,25,1,7,50,1,99,0,700217.0,1.Hindus,2.Muslims,3.Jains,201.0
2006.0,1211671,626436,585235,24.24,934.0,51.97,70.52,32.15,532682,425230,107452,678989,1062365,124440,23644,1032.0,1031.0,818.0,887.0,rajasthan,tonk,17.0,31,12,0.0,12.0,56,50,6,5,18,2,249,2,958503.0,1.Hindus,2.Muslims,3.Jains,246.0
2006.0,2633312,1336004,1297308,27.37,971.0,58.62,73.62,43.26,1100880,724120,376760,1532432,2449773,88262,83699,2339.0,2337.0,1647.0,2030.0,rajasthan,udaipur,55.0,71,74,0.0,74.0,121,98,23,7,99,1,258,0,2142995.0,1.Hindus,2.Muslims,3.Jains,619.0
2006.0,245040,132917,112123,37.17,844.0,74.67,81.2,66.8,116529,92577,23952,128511,157321,64729,14502,131.0,131.0,125.0,112.0,sikkim,east,10.0,10,10,0.0,10.0,5,4,1,0,6,0,4,0,192188.0,1.Hindus,2.Buddhists,3.Christians,100.0
2006.0,41030,23414,17616,31.32,752.0,67.21,75.69,55.39,23542,17553,5989,17488,22603,16128,1623,53.0,53.0,46.0,42.0,sikkim,north,1.0,1,3,0.0,3.0,0,0,0,0,0,0,0,0,39782.0,1.Buddhists,2.Hindus,3.Christians,44.0
2006.0,131525,68241,63284,33.37,927.0,67.31,74.29,59.72,69693,57367,12326,61832,84213,31109,12757,145.0,145.0,142.0,131.0,sikkim,south,6.0,2,5,0.0,5.0,2,2,0,0,5,0,2,0,127579.0,1.Hindus,2.Buddhists,3.Christians,99.0
2006.0,123256,63912,59344,25.48,929.0,58.8,66.82,50.11,53279,45407,7872,69977,71886,33601,9567,121.0,121.0,115.0,107.0,sikkim,west,4.0,3,2,0.0,2.0,1,1,0,0,3,0,0,0,121432.0,1.Hindus,2.Buddhists,3.Others,86.0
2006.0,307868,159095,148773,10.79,935.0,60.93,70.17,50.99,126761,92570,34191,181107,257834,28180,14848,148.0,148.0,108.0,138.0,tripura,dhalai,21.0,8,16,0.0,16.0,14,8,6,2,19,0,22,0,289001.0,1.Hindus,2.Buddhists,3.Christians,58.0
2006.0,900635,506938,393697,40.33,777.0,81.94,86.14,76.47,340422,328989,11433,560213,707978,145175,35548,23.0,23.0,23.0,18.0,chandigarh,chandigarh,12.0,21,19,0.0,19.0,65,57,8,10,20,13,102,0,92120.0,1.Hindus,2.Sikhs,3.Muslims,18.0
2007.0,1647201,848578,798623,18.53,941.0,56.24,64.83,47.07,517088,408537,108551,1130113,977943,662066,5267,1050.0,1050.0,775.0,967.0,assam,barpeta,40.0,7,83,0.0,83.0,87,81,6,10,16,0,180,0,1520333.0,1.Hindus,2.Muslims,3.Christians,430.0
2007.0,904835,465240,439595,12.23,945.0,59.33,67.67,50.44,293243,233087,60156,611592,535464,348573,18728,881.0,881.0,607.0,805.0,assam,bongaigaon,15.0,2,40,0.0,40.0,45,38,7,5,13,0,124,0,795053.0,1.Hindus,2.Muslims,3.Christians,112.0
2007.0,1444921,743042,701879,18.66,945.0,67.82,75.73,59.41,465734,364814,100920,979187,886761,522051,31306,1020.0,1020.0,741.0,902.0,assam,cachar,61.0,20,58,0.0,58.0,117,105,12,4,30,0,364,0,1243534.0,1.Hindus,2.Muslims,3.Christians,134.0
2007.0,1504320,773861,730459,15.79,944.0,55.44,63.91,46.4,527993,404428,123565,976327,868532,534658,97306,1319.0,1319.0,1032.0,1246.0,assam,darrang,23.0,8,61,0.0,61.0,45,40,5,3,111,1,81,0,1429492.0,1.Hindus,2.Muslims,3.Christians,356.0
2007.0,571944,294643,277301,18.93,941.0,64.48,74.41,53.86,250146,155431,94715,321798,548780,10533,6390,1236.0,1236.0,253.0,1068.0,assam,dhemaji,20.0,19,70,0.0,70.0,42,28,14,0,40,0,121,0,533112.0,1.Hindus,2.Muslims,3.Christians,83.0
2007.0,1637344,841044,796300,23.42,947.0,48.21,55.91,40.04,470360,399201,71159,1166984,1216455,405065,12477,1261.0,1261.0,904.0,1138.0,assam,dhubri,44.0,42,148,0.0,148.0,138,111,27,12,128,0,392,0,1444901.0,1.Hindus,2.Muslims,3.Christians,374.0
2007.0,1185072,613555,571517,12.43,931.0,68.96,77.3,59.95,472419,342708,129711,712653,1075878,53306,45040,1309.0,1309.0,1195.0,1169.0,assam,dibrugarh,112.0,17,55,0.0,55.0,93,2,91,0,29,0,30,0,956634.0,1.Hindus,2.Muslims,3.Christians,263.0
2007.0,822035,420251,401784,23.07,956.0,58.03,64.86,50.85,273925,209928,63997,548110,441516,314157,64662,761.0,761.0,689.0,723.0,assam,goalpara,31.0,5,51,0.0,51.0,51,39,12,4,45,0,105,0,755133.0,1.Hindus,2.Muslims,3.Christians,243.0
2007.0,946279,490286,455993,14.21,930.0,69.38,77.14,60.99,388640,269896,118744,557639,813263,74808,52277,1066.0,1066.0,595.0,769.0,assam,golaghat,80.0,23,64,0.0,64.0,78,58,20,0,50,0,99,0,865141.0,1.Hindus,2.Muslims,3.Christians,87.0
2007.0,542872,280513,262359,20.92,935.0,59.64,68.24,50.46,179881,138216,41665,362991,312849,223191,5424,327.0,327.0,268.0,308.0,assam,hailakandi,27.0,2,26,0.0,26.0,42,30,12,3,15,0,60,0,498787.0,1.Hindus,2.Muslims,3.Christians,110.0
2007.0,999221,517015,482206,15.84,933.0,76.34,83.62,68.49,414348,285092,129256,584873,927858,47658,18610,787.0,787.0,650.0,717.0,assam,jorhat,46.0,14,45,0.0,45.0,70,59,11,3,21,0,55,0,827901.0,1.Hindus,2.Muslims,3.Christians,215.0
2007.0,2522324,1326981,1195343,25.75,901.0,74.16,81.16,66.31,842253,697810,144443,1680071,1836153,625002,44257,1342.0,1342.0,1042.0,1190.0,assam,kamrup,47.0,24,74,0.0,74.0,63,36,27,0,7,0,144,0,1614107.0,1.Hindus,2.Muslims,3.Christians,468.0
2007.0,1007976,517680,490296,21.35,947.0,66.24,74.69,57.28,303294,235016,68278,704682,527214,470708,8746,915.0,915.0,639.0,865.0,assam,karimganj,29.0,19,49,0.0,49.0,40,37,3,13,5,0,82,0,934126.0,1.Hindus,2.Muslims,3.Christians,224.0
2007.0,905764,466191,439573,15.05,943.0,51.63,60.32,42.4,334849,234771,100078,570915,594168,184441,124270,951.0,951.0,704.0,906.0,assam,kokrajhar,41.0,8,42,0.0,42.0,47,38,9,1,35,0,82,0,841823.0,1.Hindus,2.Muslims,3.Christians,211.0
2007.0,889010,455691,433319,18.34,951.0,68.56,77.06,59.59,497745,288052,209693,391265,702881,143505,36667,1139.0,1139.0,680.0,1046.0,assam,lakhimpur,41.0,18,62,0.0,62.0,84,82,2,0,47,0,147,0,823857.0,1.Hindus,2.Muslims,3.Christians,211.0
2007.0,2314629,1190950,1123679,22.3,944.0,61.73,68.27,54.74,727641,566195,161446,1586988,1180267,1106354,21473,1375.0,1374.0,1190.0,1257.0,assam,nagaon,92.0,49,114,0.0,114.0,208,203,5,11,5,9,225,0,2036342.0,1.Hindus,2.Muslims,3.Christians,480.0
2007.0,1148824,592375,556449,11.98,939.0,67.23,76.56,57.26,383932,291665,92267,764892,873749,253842,18495,798.0,798.0,733.0,769.0,assam,nalbari,21.0,15,12,0.0,12.0,32,22,10,3,18,0,32,0,1121338.0,1.Hindus,2.Muslims,3.Christians,179.0
2007.0,1051736,545476,506260,15.95,928.0,74.47,81.53,66.81,430523,287319,143204,621213,927706,85761,28488,866.0,866.0,772.0,825.0,assam,sibsagar,78.0,43,53,0.0,53.0,54,43,11,0,24,0,104,0,954557.0,1.Hindus,2.Muslims,3.Christians,317.0
2007.0,1681513,871568,809945,17.8,929.0,59.0,67.54,49.73,634723,465283,169440,1046790,1287646,268078,115623,1784.0,1784.0,1331.0,1372.0,assam,sonitpur,102.0,16,70,0.0,70.0,80,75,5,8,20,0,155,0,1505719.0,1.Hindus,2.Muslims,3.Christians,235.0
2007.0,1150062,601099,548963,19.52,913.0,60.95,70.15,50.78,466351,349847,116504,683711,1029142,62403,40000,1107.0,1107.0,871.0,936.0,assam,tinsukia,143.0,6,57,0.0,57.0,91,76,15,0,9,0,92,0,926105.0,1.Hindus,2.Muslims,3.Christians,198.0
2007.0,2158608,1128105,1030503,31.84,913.0,35.01,46.38,22.37,853445,657446,195999,1305163,1263766,887972,2504,713.0,713.0,129.0,552.0,bihar,araria,48.0,185,47,0.0,47.0,27,5,22,11,51,0,86,0,2026257.0,1.Hindus,2.Muslims,3.Jains,60.0
2007.0,2013055,1040945,972110,30.19,934.0,57.03,71.13,41.9,671011,476390,194621,1342044,1814612,196030,1161,1739.0,1739.0,527.0,1148.0,bihar,aurangabad,68.0,12,30,0.0,30.0,35,28,7,36,25,0,30,0,1842998.0,1.Hindus,2.Muslims,3.Religion not stated,270.0
2007.0,2349366,1228874,1120492,29.11,912.0,47.98,59.13,35.64,746075,571564,174511,1603291,2033039,313713,1224,729.0,729.0,457.0,503.0,bihar,begusarai,100.0,145,25,0.0,25.0,85,38,47,43,15,0,34,0,2241743.0,1.Hindus,2.Muslims,3.Religion not stated,167.0
2007.0,2423172,1291658,1131514,27.24,876.0,49.5,59.22,38.13,855345,580731,274614,1567827,1990976,423246,1853,935.0,935.0,445.0,642.0,bihar,bhagalpur,92.0,85,25,0.0,25.0,76,59,17,21,33,2,16,0,1970745.0,1.Hindus,2.Muslims,3.Christians,229.0
2007.0,2243144,1179611,1063533,24.58,902.0,58.96,74.29,41.8,653811,491916,161895,1589333,2076589,163193,913,999.0,999.0,247.0,885.0,bihar,bhojpur,112.0,133,41,0.0,41.0,57,40,17,42,60,0,83,0,1930730.0,1.Hindus,2.Muslims,3.Religion not stated,133.0
2007.0,3295789,1722189,1573600,30.85,914.0,44.33,56.72,30.78,1028558,761464,267094,2267231,2543284,748971,2245,1083.0,1083.0,490.0,850.0,bihar,darbhanga,72.0,109,47,0.0,47.0,91,60,31,39,41,0,59,0,3028441.0,1.Hindus,2.Muslims,3.Religion not stated,271.0
2007.0,3473428,1792163,1681265,30.19,938.0,50.45,63.27,36.66,1277639,994459,283180,2195789,3063841,403439,1622,2680.0,2680.0,539.0,1635.0,bihar,gaya,157.0,170,28,0.0,28.0,59,55,4,74,15,0,15,0,2997479.0,1.Hindus,2.Muslims,3.Religion not stated,278.0
2007.0,2152638,1075710,1076928,26.11,1001.0,47.48,62.96,32.16,641672,466811,174861,1510966,1784275,367219,850,1383.0,1383.0,439.0,866.0,bihar,gopalganj,48.0,79,9,0.0,9.0,21,14,7,22,15,0,46,0,2022048.0,1.Hindus,2.Muslims,3.Religion not stated,261.0
2007.0,1514315,784946,729369,28.64,929.0,55.26,70.07,39.37,580905,422789,158116,933410,1389053,124149,743,856.0,856.0,219.0,672.0,bihar,jehanabad,40.0,16,7,0.0,7.0,27,18,9,19,7,0,24,0,1402703.0,1.Hindus,2.Muslims,3.Religion not stated,123.0
2007.0,2392638,1246872,1145766,30.91,919.0,35.09,45.31,23.8,898326,664259,234067,1494312,1363523,1017495,4994,1290.0,1290.0,277.0,785.0,bihar,katihar,71.0,50,149,0.0,149.0,135,90,45,14,25,0,27,0,2174361.0,1.Hindus,2.Muslims,3.Christians,248.0
2007.0,1280354,679267,601087,29.32,885.0,41.35,51.82,29.35,467240,333262,133978,813114,1147346,131441,546,241.0,241.0,114.0,220.0,bihar,khagaria,48.0,70,21,0.0,21.0,44,14,30,14,15,0,12,0,1204027.0,1.Hindus,2.Muslims,3.Others,124.0
2007.0,1296348,669552,626796,31.5,936.0,31.09,42.71,18.63,417151,359819,57332,879197,876105,412995,2856,730.0,730.0,116.0,442.0,bihar,kishanganj,23.0,12,53,0.0,53.0,65,40,25,8,25,0,18,0,1167340.0,1.Muslims,2.Hindus,3.Christians,120.0
2007.0,1526646,797180,729466,29.45,915.0,36.07,48.8,22.11,683976,498367,185609,842670,1351978,173605,494,384.0,384.0,168.0,311.0,bihar,madhepura,65.0,18,32,0.0,32.0,36,21,15,7,3,0,18,4,1458679.0,1.Hindus,2.Muslims,3.Religion not stated,141.0
2007.0,3575281,1840997,1734284,26.08,942.0,41.97,56.79,26.25,1227723,877412,350311,2347558,2930501,641579,1477,1034.0,1034.0,437.0,901.0,bihar,madhubani,76.0,176,47,0.0,47.0,71,46,25,27,36,0,29,0,3450736.0,1.Hindus,2.Muslims,3.Religion not stated,232.0
2007.0,1137797,607730,530067,20.34,872.0,59.47,69.89,47.4,331451,233688,97763,806346,1045233,89791,1135,525.0,525.0,321.0,382.0,bihar,munger,76.0,63,25,0.0,25.0,52,26,26,10,0,0,52,0,819950.0,1.Hindus,2.Muslims,3.Christians,149.0
2007.0,3746714,1951466,1795248,26.74,920.0,47.95,59.1,35.81,1139830,895830,244000,2606884,3168225,573951,2104,1725.0,1725.0,1021.0,1423.0,bihar,muzaffarpur,143.0,26,77,0.0,77.0,169,64,105,93,12,0,87,0,3398361.0,1.Hindus,2.Muslims,3.Religion not stated,526.0
2007.0,2370528,1238599,1131929,18.64,914.0,53.19,66.44,38.58,903144,700007,203137,1467384,2191552,176871,888,1000.0,1000.0,366.0,879.0,bihar,nalanda,102.0,62,14,0.0,14.0,105,51,54,57,33,0,104,0,2016899.0,1.Hindus,2.Muslims,3.Religion not stated,198.0
2007.0,4718592,2519942,2198650,30.17,873.0,62.92,73.34,50.83,1425647,1161984,263663,3292945,4333556,366164,8951,1288.0,1288.0,615.0,1199.0,bihar,patna,317.0,115,74,0.0,74.0,313,65,248,80,19,0,296,0,2757060.0,1.Hindus,2.Muslims,3.Christians,390.0
2007.0,2450748,1283485,1167263,27.71,909.0,61.29,75.31,45.71,744183,544731,199452,1706565,2199049,246760,2549,1710.0,1710.0,493.0,1185.0,bihar,rohtas,89.0,207,23,0.0,23.0,29,26,3,58,21,0,34,0,2123942.0,1.Hindus,2.Muslims,3.Sikhs,153.0
2007.0,1508182,789432,718750,33.03,910.0,39.08,51.66,25.27,589467,411566,177901,918715,1289364,217922,437,441.0,441.0,127.0,374.0,bihar,saharsa,50.0,123,17,0.0,17.0,35,4,31,14,31,0,22,0,1383015.0,1.Hindus,2.Muslims,3.Christians,63.0
2007.0,3394793,1760692,1634101,25.63,928.0,45.13,57.59,31.67,1071974,843356,228618,2322819,3035755,355897,1432,1122.0,1122.0,674.0,878.0,bihar,samastipur,78.0,205,54,0.0,54.0,98,29,69,55,11,7,42,25,3271338.0,1.Hindus,2.Muslims,3.Religion not stated,195.0
2007.0,3248701,1652661,1596040,26.37,966.0,51.8,67.3,35.82,860940,644618,216322,2387761,2909213,337767,758,1566.0,1566.0,544.0,1213.0,bihar,saran,112.0,345,57,0.0,57.0,41,30,11,47,4,0,39,0,2950064.0,1.Hindus,2.Muslims,3.Religion not stated,342.0
2007.0,2682720,1417611,1265109,32.58,892.0,38.46,49.36,26.13,855156,714136,141020,1827564,2111476,568992,1237,802.0,802.0,302.0,709.0,bihar,sitamarhi,55.0,14,12,0.0,12.0,52,43,9,30,13,0,30,22,2529407.0,1.Hindus,2.Muslims,3.Religion not stated,216.0
2007.0,2714349,1336283,1378066,24.78,1031.0,51.65,67.26,36.88,730437,511578,218859,1983912,2218632,494176,899,1438.0,1438.0,441.0,1119.0,bihar,siwan,80.0,61,17,0.0,17.0,75,21,54,32,9,2,45,0,2564860.0,1.Hindus,2.Muslims,3.Religion not stated,254.0
2007.0,2718421,1415603,1302818,26.39,920.0,50.49,63.23,36.58,782717,624452,158265,1935704,2457636,259158,922,1414.0,1414.0,970.0,929.0,bihar,vaishali,120.0,35,23,0.0,23.0,131,74,57,68,46,0,36,0,2531766.0,1.Hindus,2.Muslims,3.Religion not stated,154.0
2007.0,1998355,1013875,984480,17.59,971.0,63.51,78.43,48.17,857577,630504,227073,1140778,1904580,45342,19325,1579.0,1545.0,1494.0,1426.0,chhattisgarh,bilaspur,93.0,43,61,0.0,61.0,22,22,0,26,179,8,129,0,1511661.0,1.Hindus,2.Muslims,3.Others,452.0
2007.0,2810436,1417893,1392543,16.88,982.0,75.62,86.43,64.64,1162833,965624,197209,1647603,2654202,70398,23399,1776.0,1762.0,1737.0,1698.0,chhattisgarh,durg,76.0,47,119,0.0,119.0,35,22,13,14,200,13,101,0,1738127.0,1.Hindus,2.Muslims,3.Sikhs,669.0
2007.0,1265529,634597,630932,18.68,994.0,70.16,82.7,57.62,601564,430725,170839,663965,1212180,36098,12637,1433.0,1410.0,1385.0,1350.0,chhattisgarh,raigarh,62.0,30,55,0.0,55.0,7,7,0,7,86,12,33,0,1096073.0,1.Hindus,2.Christians,3.Muslims,279.0
2007.0,3016930,1523925,1493005,18.97,980.0,68.51,81.97,54.81,1264663,961507,303156,1752267,2881933,77963,16857,2124.0,2101.0,1955.0,1987.0,chhattisgarh,raipur,110.0,77,120,0.0,120.0,53,39,14,15,253,28,131,0,2099312.0,1.Hindus,2.Muslims,3.Christians,696.0
2007.0,1283224,634342,648882,17.7,1023.0,77.21,87.17,67.55,649401,558996,90405,633823,1215492,28020,21035,1605.0,1595.0,1550.0,1484.0,chhattisgarh,rajnandgaon,44.0,25,54,0.0,54.0,16,11,5,8,78,6,59,0,1051577.0,1.Hindus,2.Buddhists,3.Muslims,343.0
2007.0,1393918,701593,692325,6.45,987.0,66.09,76.44,55.78,600819,470043,130776,793099,1307460,83077,2309,615.0,614.0,615.0,614.0,gujarat,amreli,30.0,13,7,0.0,7.0,49,49,0,0,20,0,162,0,1080960.0,1.Hindus,2.Muslims,3.Jains,383.0
2007.0,1856872,972000,884872,13.03,910.0,74.51,86.09,61.94,784711,617669,167042,1072161,1616127,199263,29461,350.0,350.0,350.0,350.0,gujarat,anand,26.0,7,10,0.0,10.0,59,53,6,0,22,2,170,0,1348901.0,1.Hindus,2.Muslims,3.Christians,301.0
2007.0,1370656,713676,656980,19.32,921.0,74.41,82.98,65.11,570693,469551,101142,799963,1059796,293459,8824,657.0,657.0,656.0,644.0,gujarat,bharuch,38.0,10,8,0.0,8.0,15,14,1,0,18,4,68,0,1018096.0,1.Hindus,2.Muslims,3.Christians,403.0
2007.0,2469630,1274920,1194710,19.29,937.0,66.2,78.02,53.73,944559,781166,163393,1525071,2264062,172740,28921,790.0,790.0,789.0,786.0,gujarat,bhavnagar,43.0,37,18,0.0,18.0,104,90,14,1,94,35,280,0,1534592.0,1.Hindus,2.Muslims,3.Jains,526.0
2007.0,1334455,697999,636456,23.88,912.0,76.59,87.74,64.58,554336,467413,86923,780119,1269766,50559,7769,291.0,291.0,291.0,290.0,gujarat,gandhinagar,19.0,12,12,0.0,12.0,24,17,7,1,17,2,170,0,867195.0,1.Hindus,2.Muslims,3.Jains,244.0
2007.0,1904278,981320,922958,22.39,941.0,66.48,76.25,56.18,734382,624057,110325,1169896,1605941,270223,21907,698.0,695.0,666.0,666.0,gujarat,jamnagar,41.0,34,11,0.0,11.0,22,21,1,0,15,4,245,0,1068022.0,1.Hindus,2.Muslims,3.Jains,286.0
2007.0,2448173,1252350,1195823,17.08,955.0,67.78,78.74,56.43,1000842,785530,215312,1447331,2165734,274481,4291,923.0,922.0,901.0,858.0,gujarat,junagadh,46.0,15,13,0.0,13.0,56,46,10,1,42,11,419,0,1736645.0,1.Hindus,2.Muslims,3.Jains,803.0
2007.0,514404,263986,250418,14.4,949.0,59.86,72.44,46.61,259116,176372,82744,255288,482552,20429,5122,552.0,552.0,530.0,515.0,gujarat,narmada,15.0,2,6,0.0,6.0,4,4,0,0,8,0,13,0,462298.0,1.Hindus,2.Muslims,3.Christians,324.0
2007.0,1229463,628988,600475,13.22,955.0,75.83,82.77,68.61,545215,457002,88213,684248,1135525,69972,13575,374.0,374.0,374.0,368.0,gujarat,navsari,26.0,5,2,0.0,2.0,14,11,3,0,3,0,23,0,893110.0,1.Hindus,2.Muslims,3.Jains,268.0
2007.0,1182709,612100,570609,14.08,932.0,60.36,73.63,46.33,533078,395470,137608,649631,1057013,119748,5136,517.0,516.0,517.0,514.0,gujarat,patan,18.0,14,6,0.0,6.0,43,41,2,0,33,0,178,0,944281.0,1.Hindus,2.Muslims,3.Jains,265.0
2007.0,536835,275821,261014,14.35,946.0,68.62,78.36,58.42,215134,173594,41540,321701,507176,28404,589,182.0,182.0,155.0,156.0,gujarat,porbandar,6.0,2,1,0.0,1.0,8,7,1,0,4,0,59,0,275460.0,1.Hindus,2.Muslims,3.Jains,130.0
2007.0,1515148,787650,727498,25.34,924.0,61.61,74.19,48.1,647609,512038,135571,867539,1392451,97846,22721,650.0,649.0,650.0,648.0,gujarat,surendranagar,22.0,16,17,0.0,17.0,29,28,1,0,48,5,119,0,1112700.0,1.Hindus,2.Muslims,3.Jains,170.0
2007.0,1410553,734799,675754,29.66,920.0,69.15,77.9,59.62,650257,503333,146924,760296,1300005,66440,15399,450.0,450.0,425.0,449.0,gujarat,valsad,39.0,11,8,0.0,8.0,5,2,3,0,6,0,25,0,1029392.0,1.Hindus,2.Muslims,3.Christians,303.0
2007.0,1014411,542977,471434,25.69,868.0,75.31,82.31,67.39,324521,275648,48873,689890,856193,132463,17263,482.0,482.0,479.0,432.0,haryana,ambala,39.0,12,23,0.0,23.0,15,10,5,16,11,15,154,0,657383.0,1.Hindus,2.Sikhs,3.Muslims,204.0
2007.0,1425022,758253,666769,22.45,879.0,67.45,80.26,53.0,609320,425210,184110,815702,1407363,12740,2542,437.0,437.0,437.0,429.0,haryana,bhiwani,62.0,22,17,0.0,17.0,32,23,9,17,23,15,128,0,1154629.0,1.Hindus,2.Muslims,3.Sikhs,252.0
2007.0,2194586,1193063,1001523,48.47,839.0,70.03,81.52,56.31,785762,609663,176099,1408824,1896698,247293,36005,413.0,413.0,413.0,376.0,haryana,faridabad,65.0,36,37,0.0,37.0,154,117,37,19,23,0,167,0,973242.0,1.Hindus,2.Muslims,3.Sikhs,188.0
2007.0,1660289,886451,773838,44.64,873.0,62.91,76.17,47.78,629658,464644,165014,1030631,1026542,617918,6672,694.0,694.0,693.0,642.0,haryana,gurgaon,93.0,58,40,0.0,40.0,111,75,36,17,36,43,122,0,1291285.0,1.Hindus,2.Muslims,3.Sikhs,203.0
2007.0,1189827,642282,547545,21.35,852.0,62.12,73.82,48.51,521946,372049,149897,667881,1134539,29159,20618,306.0,306.0,306.0,300.0,haryana,jind,34.0,38,19,0.0,19.0,24,18,6,12,14,15,95,0,948250.0,1.Hindus,2.Sikhs,3.Muslims,247.0
2007.0,946131,510513,435618,20.95,853.0,59.02,69.15,47.31,372011,268127,103884,574120,848765,88700,6777,270.0,270.0,270.0,261.0,haryana,kaithal,32.0,15,14,0.0,14.0,16,10,6,14,26,0,178,0,762649.0,1.Hindus,2.Sikhs,3.Muslims,160.0
2007.0,1274183,683368,590815,23.13,865.0,67.74,76.29,57.97,455455,355466,99989,818728,1125279,123160,22614,422.0,422.0,422.0,385.0,haryana,karnal,53.0,22,47,0.0,47.0,26,13,13,13,28,0,169,0,936341.0,1.Hindus,2.Sikhs,3.Muslims,186.0
2007.0,825454,442328,383126,23.72,866.0,69.88,78.06,60.61,308392,250596,57796,517062,675381,135545,12028,407.0,402.0,406.0,385.0,haryana,kurukshetra,27.0,19,21,0.0,21.0,18,13,5,11,11,16,99,0,609943.0,1.Hindus,2.Sikhs,3.Muslims,179.0
2007.0,812521,423578,388943,19.09,918.0,69.89,84.72,54.08,351864,204704,147160,460657,805991,3434,2026,368.0,368.0,368.0,350.0,haryana,mahendragarh,28.0,14,10,0.0,10.0,25,22,3,14,17,0,47,0,702885.0,1.Hindus,2.Muslims,3.Sikhs,190.0
2007.0,967449,528860,438589,38.57,829.0,69.17,78.5,57.97,382801,289013,93788,584648,873593,59696,27437,179.0,179.0,179.0,168.0,haryana,panipat,35.0,20,34,0.0,34.0,33,24,9,11,13,18,63,0,575369.0,1.Hindus,2.Muslims,3.Sikhs,116.0
2007.0,765351,403034,362317,25.24,899.0,75.25,88.45,60.83,333622,204855,128767,431729,758328,3194,1668,397.0,397.0,397.0,379.0,haryana,rewari,18.0,17,22,0.0,22.0,35,29,6,12,30,1,76,0,629177.0,1.Hindus,2.Muslims,3.Sikhs,175.0
2007.0,940128,509038,431090,20.99,847.0,73.72,83.23,62.59,371073,288225,82848,569055,924541,5665,5079,146.0,146.0,146.0,130.0,haryana,rohtak,56.0,49,18,0.0,18.0,30,20,10,31,18,32,92,0,610524.0,1.Hindus,2.Muslims,3.Sikhs,118.0
2007.0,1116649,593245,523404,22.96,882.0,60.55,70.05,49.93,475571,363946,111625,641078,801747,302942,7056,321.0,321.0,318.0,312.0,haryana,sirsa,29.0,22,23,0.0,23.0,21,14,7,5,21,0,154,0,823184.0,1.Hindus,2.Sikhs,3.Muslims,197.0
2007.0,1279175,695723,583452,22.36,839.0,72.79,83.06,60.68,523031,383449,139582,756144,1234225,31954,6729,323.0,323.0,323.0,316.0,haryana,sonipat,75.0,44,24,0.0,24.0,42,26,16,16,30,27,149,0,957800.0,1.Hindus,2.Muslims,3.Jains,248.0
2007.0,1041630,559444,482186,21.84,862.0,71.63,78.82,63.39,336533,280728,55805,705097,849255,104073,83524,613.0,613.0,607.0,483.0,haryana,yamunanagar,32.0,23,25,0.0,25.0,35,33,2,6,17,0,76,0,648608.0,1.Hindus,2.Muslims,3.Sikhs,248.0
2007.0,1165390,608878,556512,24.46,914.0,50.09,66.38,31.99,432714,283711,149003,732676,910409,221705,27263,2356.0,2356.0,289.0,768.0,jharkhand,deoghar,48.0,29,24,0.0,24.0,26,6,20,21,2,1,0,0,1005539.0,1.Hindus,2.Muslims,3.Others,94.0
2007.0,2397102,1278946,1118156,22.82,874.0,67.0,79.54,52.43,664058,492501,171557,1733044,1944757,364807,61505,1121.0,1121.0,503.0,708.0,jharkhand,dhanbad,80.0,56,41,0.0,41.0,87,68,19,29,32,9,38,0,1141744.0,1.Hindus,2.Muslims,3.Others,154.0
2007.0,1759602,897364,862238,17.31,961.0,47.94,62.86,32.35,778378,470354,308024,981224,1323468,203741,170201,3737.0,3737.0,213.0,1732.0,jharkhand,dumka,65.0,27,52,0.0,52.0,29,22,7,23,35,0,49,0,1644690.0,1.Hindus,2.Muslims,3.Others,312.0
2007.0,1904430,960679,943751,27.09,982.0,44.5,62.09,26.62,644644,340925,303719,1259786,1475201,383253,30778,2532.0,2532.0,481.0,1232.0,jharkhand,giridih,59.0,114,46,0.0,46.0,35,30,5,20,61,0,71,0,1782066.0,1.Hindus,2.Muslims,3.Others,229.0
2007.0,1047939,544043,503896,21.61,926.0,43.13,57.52,27.39,421941,238694,183247,625998,745237,210734,68055,1633.0,1633.0,257.0,892.0,jharkhand,godda,55.0,85,30,0.0,30.0,39,19,20,7,3,0,42,0,1010931.0,1.Hindus,2.Muslims,3.Others,141.0
2007.0,1346767,675769,670998,16.6,993.0,51.74,63.5,39.95,658921,446953,211968,687846,440373,425107,419004,1393.0,1393.0,92.0,1015.0,jharkhand,gumla,137.0,59,60,0.0,60.0,34,29,5,1,11,0,9,0,1273025.0,1.Hindus,2.Christians,3.Others,365.0
2007.0,2277475,1167793,1109682,24.02,950.0,57.74,71.81,42.87,790049,532895,257154,1487426,1870586,337117,36789,1543.0,1543.0,413.0,962.0,jharkhand,hazaribagh,78.0,72,41,0.0,41.0,28,25,3,45,40,0,86,0,1748406.0,1.Hindus,2.Muslims,3.Others,147.0
2007.0,2098359,1084417,1013942,26.8,935.0,44.95,58.91,29.88,793658,444921,348737,1304701,1740948,242980,63100,2465.0,2465.0,410.0,1474.0,jharkhand,palamu,67.0,31,29,0.0,29.0,36,28,8,17,6,3,31,0,1973266.0,1.Hindus,2.Muslims,3.Others,349.0
2007.0,2785064,1436976,1348088,25.72,938.0,64.57,76.56,51.72,1076904,750962,325942,1708160,1399301,767672,348774,2052.0,2052.0,331.0,1343.0,jharkhand,ranchi,203.0,78,53,0.0,53.0,88,64,24,17,27,2,100,0,1807243.0,1.Hindus,2.Others,3.Muslims,377.0
2007.0,4214505,2150090,2064415,17.4,960.0,64.21,75.7,52.32,1877774,1537645,340129,2336731,3565153,440836,169466,1255.0,1254.0,1247.0,1240.0,karnataka,belgaum,110.0,84,22,0.0,22.0,42,28,14,10,129,2,232,0,3201814.0,1.Hindus,2.Muslims,3.Christians,740.0
2007.0,2027140,1029714,997426,22.3,969.0,57.4,69.2,45.28,920821,801369,119452,1106319,1739522,257806,13226,524.0,523.0,524.0,381.0,karnataka,bellary,62.0,51,14,0.0,14.0,17,15,2,7,71,0,62,0,1320290.0,1.Hindus,2.Muslims,3.Christians,260.0
2007.0,1502373,771022,731351,19.56,949.0,60.94,72.46,48.81,557603,424985,132618,944770,1020174,295762,122083,599.0,596.0,596.0,591.0,karnataka,bidar,42.0,46,11,0.0,11.0,26,20,6,4,103,1,81,0,1157498.0,1.Hindus,2.Muslims,3.Buddhists,293.0
2007.0,1806918,926424,880494,17.63,950.0,57.01,69.94,43.47,718213,551972,166241,1088705,1495080,294491,8356,660.0,659.0,657.0,626.0,karnataka,bijapur,49.0,28,17,0.0,17.0,30,13,17,2,80,0,145,0,1410829.0,1.Hindus,2.Muslims,3.Jains,392.0
2007.0,1517896,776221,741675,15.05,955.0,64.45,74.66,53.78,721835,576035,145800,796061,1388506,109412,8411,946.0,916.0,946.0,879.0,karnataka,chitradurga,32.0,20,10,0.0,10.0,21,7,14,9,65,1,51,0,1243658.0,1.Hindus,2.Muslims,3.Religion not stated,197.0
2007.0,1790952,917705,873247,14.78,952.0,67.43,76.37,58.04,783781,631726,152055,1007171,1532714,226708,10944,810.0,786.0,808.0,727.0,karnataka,davanagere,19.0,22,10,0.0,10.0,16,11,5,5,49,2,102,0,1247954.0,1.Hindus,2.Muslims,3.Religion not stated,278.0
2007.0,3130922,1592789,1538133,21.02,966.0,50.01,61.77,37.9,1350072,1010430,339642,1780850,2381497,551171,153619,1360.0,1327.0,1342.0,1337.0,karnataka,gulbarga,91.0,90,35,0.0,35.0,54,38,16,19,91,0,127,0,2278301.0,1.Hindus,2.Muslims,3.Buddhists,708.0
2007.0,1721669,859086,862583,9.66,1004.0,68.63,78.37,59.0,864711,702827,161884,856958,1587287,104730,15598,2394.0,2330.0,2341.0,1990.0,karnataka,hassan,54.0,35,13,0.0,13.0,15,9,6,11,77,0,83,0,1416996.0,1.Hindus,2.Muslims,3.Christians,482.0
2007.0,548561,274831,273730,11.64,996.0,77.99,83.7,72.26,266378,247574,18804,282183,450694,78466,17951,291.0,279.0,286.0,267.0,karnataka,kodagu,25.0,28,4,0.0,4.0,11,9,2,4,20,1,43,0,473179.0,1.Hindus,2.Muslims,3.Christians,138.0
2007.0,2536069,1286193,1249876,13.83,972.0,62.84,73.17,52.23,1235028,1014667,220361,1301041,2196660,298767,32547,2919.0,2797.0,2785.0,2342.0,karnataka,kolar,66.0,62,19,0.0,19.0,35,24,11,17,44,0,50,0,1910546.0,1.Hindus,2.Muslims,3.Christians,490.0
2007.0,1196089,603312,592777,24.57,983.0,54.1,68.42,39.61,554506,422208,132298,641583,1042294,137174,5395,594.0,590.0,594.0,560.0,karnataka,koppal,19.0,10,6,0.0,6.0,5,5,0,1,32,0,48,0,997797.0,1.Hindus,2.Muslims,3.Religion not stated,281.0
2007.0,1763705,888034,875671,7.14,986.0,61.05,70.5,51.53,840419,682440,157979,923286,1667640,69890,11093,1369.0,1330.0,1323.0,1185.0,karnataka,mandya,48.0,43,17,0.0,17.0,15,14,1,15,66,0,95,0,1480990.0,1.Hindus,2.Muslims,3.Buddhists,458.0
2007.0,1669762,841840,827922,21.93,983.0,48.81,61.52,35.93,732762,544347,188415,937000,1417051,228652,12390,830.0,806.0,796.0,306.0,karnataka,raichur,44.0,31,19,0.0,19.0,23,20,3,3,61,2,97,0,1248925.0,1.Hindus,2.Muslims,3.Christians,338.0
2007.0,1642545,830559,811986,12.9,978.0,74.52,82.01,66.88,714671,586832,127839,927874,1401087,200979,26474,1443.0,1415.0,1399.0,989.0,karnataka,shimoga,40.0,43,23,0.0,23.0,26,21,5,3,81,3,158,0,1071535.0,1.Hindus,2.Muslims,3.Christians,311.0
2007.0,2584711,1313801,1270910,11.87,967.0,67.01,76.78,56.94,1316939,1050291,266648,1267772,2349801,211732,7736,2574.0,2477.0,2573.0,2123.0,karnataka,tumkur,74.0,41,17,0.0,17.0,25,19,6,10,105,0,77,0,2077509.0,1.Hindus,2.Muslims,3.Christians,382.0
2007.0,1129221,566682,562539,6.96,993.0,88.69,92.33,85.02,487352,400699,86653,641869,566744,480108,81222,64.0,64.0,64.0,60.0,kerala,idukki,24.0,22,28,0.0,28.0,9,7,2,0,155,21,186,0,1071628.0,1.Hindus,2.Muslims,3.Christians,62.0
2007.0,2408956,1152817,1256139,7.13,1090.0,92.59,96.13,89.4,767197,626876,140321,1641759,1480748,665648,261019,78.0,78.0,78.0,78.0,kerala,kannur,14.0,47,34,0.0,34.0,16,10,6,1,123,14,247,0,1196058.0,1.Hindus,2.Muslims,3.Christians,78.0
2007.0,2585208,1249621,1335587,7.33,1069.0,91.18,94.43,88.18,828566,654823,173743,1756642,1685044,474071,423745,93.0,93.0,93.0,93.0,kerala,kollam,43.0,27,46,0.0,46.0,22,20,2,4,282,10,447,0,2119230.0,1.Hindus,2.Muslims,3.Christians,92.0
2007.0,1953646,964926,988720,6.76,1025.0,95.82,97.34,94.35,642157,539609,102548,1311489,963497,871371,116686,89.0,89.0,89.0,89.0,kerala,kottayam,17.0,17,25,0.0,25.0,20,16,4,1,224,31,185,0,1653838.0,1.Hindus,2.Muslims,3.Christians,88.0
2007.0,3625471,1754576,1870895,17.22,1066.0,89.61,93.25,86.26,874476,691848,182628,2750995,2484576,1057418,80650,122.0,122.0,122.0,122.0,kerala,malappuram,22.0,29,41,0.0,41.0,13,3,10,0,139,37,503,0,3269301.0,1.Hindus,2.Muslims,3.Christians,121.0
2007.0,2617482,1266985,1350497,9.86,1066.0,84.35,89.52,79.56,945052,768620,176432,1672430,1802766,703596,109249,144.0,144.0,144.0,141.0,kerala,palakkad,41.0,19,39,0.0,39.0,9,4,5,6,82,5,356,0,2260907.0,1.Hindus,2.Muslims,3.Christians,139.0
2007.0,1234016,589398,644618,3.72,1094.0,94.84,96.41,93.43,366049,285844,80205,867967,694560,481602,56457,65.0,65.0,65.0,64.0,kerala,pathanamthitta,21.0,12,19,0.0,19.0,19,18,1,0,153,18,162,0,1110218.0,1.Hindus,2.Muslims,3.Christians,63.0
2007.0,2974232,1422052,1552180,8.7,1092.0,92.27,95.11,89.71,955300,808965,146335,2018932,1761842,720152,488697,204.0,204.0,204.0,196.0,kerala,thrissur,38.0,50,48,0.0,48.0,27,19,8,0,202,28,332,0,2134799.0,1.Hindus,2.Muslims,3.Christians,194.0
2007.0,1630239,841253,788986,20.51,938.0,81.41,88.91,73.43,648243,582264,65979,981996,1024080,296272,293184,862.0,851.0,840.0,786.0,maharashtra,akola,38.0,43,22,0.0,22.0,17,15,2,3,86,48,165,0,1002742.0,1.Hindus,2.Muslims,3.Buddhists,212.0
2007.0,1136146,573445,562701,11.2,981.0,78.47,88.97,67.82,536885,365464,171421,599261,953507,144541,23324,778.0,772.0,774.0,716.0,maharashtra,bhandara,30.0,10,19,0.0,19.0,7,4,3,2,55,27,68,0,960418.0,1.Hindus,2.Buddhists,3.Muslims,442.0
2007.0,2071101,1062993,1008108,17.26,948.0,73.17,82.94,62.89,930791,683029,247762,1140310,1680113,274067,76050,1472.0,1462.0,1444.0,1359.0,maharashtra,chandrapur,59.0,23,35,0.0,35.0,25,19,6,5,115,109,169,0,1406034.0,1.Hindus,2.Buddhists,3.Muslims,318.0
2007.0,1707947,878372,829575,16.01,944.0,71.65,81.4,61.39,737941,573496,164445,970006,1522895,149466,14613,678.0,675.0,673.0,669.0,maharashtra,dhule,49.0,23,15,0.0,15.0,5,5,0,10,37,14,223,0,1262062.0,1.Hindus,2.Muslims,3.Buddhists,276.0
2007.0,970294,491101,479193,23.25,976.0,60.1,71.86,48.07,497104,336959,160145,473190,818640,78058,44825,1521.0,1509.0,1320.0,1279.0,maharashtra,gadchiroli,53.0,47,11,0.0,11.0,8,7,1,3,31,7,44,0,903033.0,1.Hindus,2.Buddhists,3.Others,369.0
2007.0,3682690,1905493,1777197,15.44,933.0,75.43,85.91,64.3,1563983,1300086,263897,2118707,3049368,455288,126136,1491.0,1491.0,1486.0,1470.0,maharashtra,jalgaon,94.0,38,52,0.0,52.0,27,27,0,20,75,19,420,0,2629896.0,1.Hindus,2.Muslims,3.Buddhists,934.0
2007.0,1612980,826903,786077,18.17,951.0,64.4,79.14,49.04,716900,611998,104902,896080,1255041,211531,121033,963.0,963.0,959.0,952.0,maharashtra,jalna,52.0,22,17,0.0,17.0,17,10,7,31,43,5,266,0,1305115.0,1.Hindus,2.Muslims,3.Buddhists,380.0
2007.0,3523162,1807470,1715692,17.59,949.0,76.93,87.47,66.02,1652970,1394882,258088,1870192,3077263,236875,147285,1196.0,1194.0,1190.0,1185.0,maharashtra,kolhapur,65.0,47,30,0.0,30.0,16,8,8,16,51,24,125,0,2472809.0,1.Hindus,2.Muslims,3.Jains,638.0
2007.0,2080285,1075257,1005028,23.95,935.0,71.54,82.94,59.4,840518,712849,127669,1239767,1700679,292996,74351,921.0,921.0,919.0,917.0,maharashtra,latur,73.0,37,17,0.0,17.0,26,26,0,66,73,0,107,0,1590024.0,1.Hindus,2.Muslims,3.Buddhists,409.0
2007.0,2876259,1481358,1394901,23.08,942.0,67.77,80.44,54.35,1202037,965087,236950,1674222,2162185,385081,302161,1546.0,1538.0,1531.0,1536.0,maharashtra,nanded,83.0,82,33,0.0,33.0,40,29,11,19,83,7,213,0,2187195.0,1.Hindus,2.Muslims,3.Buddhists,209.0
2007.0,1486586,769368,717218,15.35,932.0,69.02,80.42,56.89,653522,555202,98320,833064,1297858,151181,28356,729.0,729.0,727.0,726.0,maharashtra,osmanabad,44.0,24,29,0.0,29.0,23,18,5,2,84,7,172,0,1253330.0,1.Hindus,2.Muslims,3.Buddhists,400.0
2007.0,1527715,780191,747524,15.31,958.0,66.07,79.63,52.02,644752,559917,84835,882963,1121246,243935,153231,830.0,830.0,824.0,821.0,maharashtra,parbhani,47.0,39,22,0.0,22.0,14,9,5,8,54,6,183,0,1042529.0,1.Hindus,2.Muslims,3.Buddhists,386.0
2007.0,1696777,794498,902279,9.87,1136.0,75.05,85.89,65.77,763387,557613,205774,933390,1391137,175672,120855,1539.0,1538.0,1539.0,1484.0,maharashtra,ratnagiri,19.0,4,17,0.0,17.0,9,4,5,2,33,31,48,0,1504568.0,1.Hindus,2.Muslims,3.Buddhists,810.0
2007.0,2583524,1320088,1263436,17.59,957.0,76.62,86.26,66.73,1218655,952241,266414,1364869,2243478,203524,85160,721.0,721.0,721.0,719.0,maharashtra,sangli,74.0,24,28,0.0,28.0,18,11,7,11,72,3,116,0,1950306.0,1.Hindus,2.Muslims,3.Jains,567.0
2007.0,2808994,1408326,1400668,14.1,995.0,78.22,88.2,68.38,1303658,1044989,258669,1505336,2533359,128570,125661,1716.0,1716.0,1701.0,1680.0,maharashtra,satara,75.0,26,43,0.0,43.0,38,26,12,9,59,13,256,0,2410873.0,1.Hindus,2.Buddhists,3.Muslims,646.0
2007.0,868825,417890,450935,3.55,1079.0,80.3,90.26,71.23,404985,233827,171158,463840,802498,24320,23668,743.0,743.0,735.0,722.0,maharashtra,sindhudurg,17.0,3,9,0.0,9.0,4,2,2,4,13,14,8,0,786506.0,1.Hindus,2.Buddhists,3.Muslims,593.0
2007.0,1236736,638990,597746,15.3,935.0,80.06,87.18,72.45,550351,431330,119021,686385,1006235,169579,47605,1004.0,998.0,998.0,842.0,maharashtra,wardha,49.0,32,31,0.0,31.0,26,25,1,0,107,35,92,0,911695.0,1.Hindus,2.Buddhists,3.Muslims,392.0
2007.0,2458271,1265681,1192590,18.46,942.0,73.62,84.09,62.52,1118937,949453,169484,1339334,1999368,221793,196909,1856.0,1820.0,1795.0,1729.0,maharashtra,yavatmal,70.0,50,49,0.0,49.0,32,31,1,8,129,27,174,0,2001060.0,1.Hindus,2.Buddhists,3.Muslims,723.0
2007.0,208368,104550,103818,13.9,993.0,67.63,79.61,55.66,89703,55557,34146,118665,148903,38763,14194,48.0,48.0,46.0,47.0,manipur,bishnupur,31.0,31,4,0.0,4.0,9,6,3,0,21,0,0,0,133627.0,1.Hindus,2.Others,3.Muslims,28.0
2007.0,118327,59741,58586,72.8,981.0,56.23,64.34,47.98,54545,39935,14610,63782,109128,5701,2318,350.0,323.0,190.0,214.0,manipur,chandel,16.0,17,0,0.0,0.0,2,0,2,0,0,0,0,0,103365.0,1.Christians,2.Hindus,3.Muslims,25.0
2007.0,227905,117232,110673,29.81,944.0,70.59,77.67,63.06,99363,71933,27430,128542,213186,10538,2573,540.0,539.0,306.0,395.0,manipur,churachandpur,28.0,5,1,0.0,1.0,6,1,5,0,0,0,0,0,227905.0,1.Christians,2.Hindus,3.Muslims,66.0
2007.0,111499,58014,53485,29.23,922.0,59.25,68.72,48.95,50863,43353,7510,60636,105791,3187,1431,171.0,171.0,75.0,157.0,manipur,tamenglong,3.0,4,0,0.0,0.0,2,0,2,0,0,0,0,0,111499.0,1.Christians,2.Hindus,3.Muslims,42.0
2007.0,364140,182250,181890,24.62,998.0,66.41,80.43,52.46,177343,111486,65857,186797,221096,86849,50819,90.0,90.0,84.0,88.0,manipur,thoubal,39.0,74,6,0.0,6.0,27,17,10,0,17,0,3,0,232868.0,1.Hindus,2.Muslims,3.Others,36.0
2007.0,140778,73465,67313,28.98,916.0,73.12,80.13,65.41,66515,51564,14951,74263,133966,5687,881,198.0,198.0,154.0,188.0,manipur,ukhrul,4.0,12,0,0.0,0.0,4,1,3,0,0,0,0,0,140778.0,1.Christians,2.Hindus,3.Muslims,47.0
2007.0,325676,166877,158799,39.24,952.0,96.51,96.75,96.26,162961,125328,37633,162715,303893,14508,5185,96.0,96.0,81.0,86.0,mizoram,aizawl,18.0,11,35,0.0,35.0,3,0,3,0,38,0,2,0,77531.0,1.Christians,2.Hindus,3.Muslims,46.0
2007.0,73620,38776,34844,34.78,899.0,64.74,70.9,57.81,34093,26188,7905,39527,38410,32877,1910,139.0,139.0,27.0,134.0,mizoram,lawngtlai,5.0,2,3,0.0,3.0,0,0,0,0,5,0,0,0,73620.0,1.Buddhists,2.Christians,3.Hindus,24.0
2007.0,137223,71402,65821,23.1,922.0,84.17,87.44,80.6,71792,60870,10922,65431,109204,22429,4612,160.0,160.0,101.0,130.0,mizoram,lunglei,2.0,1,9,0.0,9.0,0,0,0,0,7,0,0,0,79267.0,1.Christians,2.Buddhists,3.Hindus,55.0
2007.0,310084,162251,147833,49.96,911.0,74.54,80.3,68.15,135023,114456,20567,175061,278844,21950,5457,180.0,179.0,148.0,164.0,nagaland,kohima,24.0,14,4,0.0,4.0,4,1,3,0,1,0,0,0,233054.0,1.Christians,2.Hindus,3.Others,82.0
2007.0,232085,120929,111156,43.48,919.0,83.92,86.03,81.61,109260,82160,27100,122825,219282,10433,2128,102.0,101.0,97.0,99.0,nagaland,mokokchung,17.0,3,1,0.0,1.0,3,0,3,0,0,0,0,0,200871.0,1.Christians,2.Hindus,3.Muslims,82.0
2007.0,260652,138753,121899,73.42,879.0,41.83,46.56,36.35,130848,108206,22642,129804,248684,9963,1748,110.0,110.0,102.0,107.0,nagaland,mon,9.0,1,0,0.0,0.0,0,0,0,0,1,0,0,0,244062.0,1.Christians,2.Hindus,3.Muslims,69.0
2007.0,148195,77141,71054,45.12,921.0,70.65,78.37,62.26,71398,57454,13944,76797,143048,4095,517,104.0,104.0,102.0,102.0,nagaland,phek,5.0,5,0,0.0,0.0,0,0,0,0,1,0,0,0,135331.0,1.Christians,2.Hindus,3.Muslims,54.0
2007.0,414818,218678,196140,78.1,897.0,50.64,55.12,45.58,184924,156950,27974,229894,406287,6856,1329,251.0,251.0,238.0,230.0,nagaland,tuensang,7.0,4,0,0.0,0.0,1,0,1,0,0,0,0,0,385046.0,1.Christians,2.Hindus,3.Muslims,123.0
2007.0,161223,83670,77553,95.01,927.0,80.55,85.35,75.32,56254,49679,6575,104969,155009,4787,1209,128.0,128.0,105.0,104.0,nagaland,wokha,8.0,7,3,0.0,3.0,0,0,0,0,0,0,0,0,123587.0,1.Christians,2.Hindus,3.Muslims,67.0
2007.0,153955,79056,74899,61.0,947.0,69.28,73.74,64.57,56783,47491,9292,97172,150097,3193,492,187.0,186.0,187.0,178.0,nagaland,zunheboto,4.0,5,0,0.0,0.0,0,0,0,0,0,0,0,0,130874.0,1.Christians,2.Hindus,3.Muslims,57.0
2007.0,3096077,1650589,1445488,22.72,876.0,67.27,72.61,61.26,1112200,938100,174100,1983877,2383575,648284,51948,1185.0,1151.0,1185.0,1114.0,punjab,amritsar,43.0,46,21,0.0,21.0,48,46,2,5,20,6,78,0,1872802.0,1.Sikhs,2.Hindus,3.Christians,696.0
2007.0,550892,292596,258296,21.42,883.0,61.95,68.15,55.03,209754,181873,27881,341138,427104,119702,1739,163.0,163.0,163.0,160.0,punjab,faridkot,23.0,29,13,0.0,13.0,17,11,6,2,19,0,28,0,357321.0,1.Sikhs,2.Hindus,3.Muslims,107.0
2007.0,2104011,1113077,990934,19.33,890.0,73.77,79.78,67.15,700557,568322,132235,1403454,996246,934963,148981,1532.0,1531.0,1532.0,1375.0,punjab,gurdaspur,19.0,17,30,0.0,30.0,26,21,5,9,15,0,28,0,1568788.0,1.Hindus,2.Sikhs,3.Christians,517.0
2007.0,1480736,765132,715604,13.81,935.0,81.02,86.45,75.32,513351,415123,98228,967385,871923,574862,15394,1386.0,1386.0,1386.0,1232.0,punjab,hoshiarpur,43.0,39,27,0.0,27.0,25,15,10,6,18,0,71,0,1188662.0,1.Hindus,2.Sikhs,3.Muslims,382.0
2007.0,1962700,1040177,922523,18.4,887.0,78.04,82.49,73.08,676835,599324,77511,1285865,1158868,740841,22106,934.0,934.0,934.0,832.0,punjab,jalandhar,63.0,118,54,0.0,54.0,113,82,31,12,48,2,120,0,1030717.0,1.Hindus,2.Sikhs,3.Christians,598.0
2007.0,754521,399623,354898,16.34,888.0,73.93,79.02,68.29,262741,231222,31519,491780,448654,286438,7740,618.0,618.0,618.0,478.0,punjab,kapurthala,29.0,33,22,0.0,22.0,22,10,12,7,25,0,42,0,507994.0,1.Sikhs,2.Hindus,3.Buddhists,359.0
2007.0,3032831,1662716,1370115,24.79,824.0,76.5,80.25,71.95,1149638,1041517,108121,1883193,1744446,1205128,52220,897.0,897.0,897.0,842.0,punjab,ludhiana,63.0,76,58,0.0,58.0,120,93,27,9,25,13,107,0,1339178.0,1.Sikhs,2.Hindus,3.Muslims,550.0
2007.0,1844934,987390,857544,20.31,868.0,69.78,75.88,62.86,681951,589015,92936,1162983,1024546,778427,34828,1054.0,1053.0,1054.0,986.0,punjab,patiala,51.0,55,22,0.0,22.0,25,14,11,17,22,0,109,0,1200224.0,1.Sikhs,2.Hindus,3.Muslims,172.0
2007.0,2000173,1069289,930884,18.57,871.0,59.98,65.81,53.38,814098,714076,100022,1186075,1400149,434873,157838,697.0,697.0,697.0,684.0,punjab,sangrur,36.0,58,31,0.0,31.0,26,17,9,5,31,2,51,0,1415354.0,1.Sikhs,2.Hindus,3.Muslims,291.0
2007.0,2181670,1129920,1051750,26.1,931.0,64.65,79.37,48.86,856809,690818,165991,1324861,1869044,244341,47812,1025.0,1025.0,966.0,970.0,rajasthan,ajmer,53.0,71,31,0.0,31.0,89,65,24,19,105,3,515,0,1306994.0,1.Hindus,2.Muslims,3.Jains,352.0
2007.0,2992592,1586752,1405840,30.23,886.0,61.74,78.09,43.28,1458686,947587,511099,1533906,2535155,383204,55530,1954.0,1954.0,1843.0,1811.0,rajasthan,alwar,89.0,62,73,0.0,73.0,109,65,44,43,141,1,391,0,2557653.0,1.Hindus,2.Muslims,3.Sikhs,553.0
2007.0,1501589,760686,740903,29.84,974.0,44.63,60.45,28.43,709412,529393,180019,792177,1425287,39079,18406,1476.0,1476.0,853.0,1348.0,rajasthan,banswara,39.0,13,39,0.0,39.0,46,42,4,4,55,1,100,0,1394226.0,1.Hindus,2.Muslims,3.Jains,450.0
2007.0,1964835,1038247,926588,36.83,892.0,58.99,72.76,43.45,919729,680208,239521,1045106,1695047,231918,35744,1933.0,1933.0,948.0,1777.0,rajasthan,barmer,26.0,27,19,0.0,19.0,29,24,5,9,78,0,103,0,1819431.0,1.Hindus,2.Muslims,3.Jains,433.0
2007.0,2101142,1133425,967717,27.05,854.0,63.57,80.54,43.56,852913,573547,279366,1248229,1804599,264709,23472,1366.0,1365.0,1238.0,1298.0,rajasthan,bharatpur,69.0,48,62,0.0,62.0,112,83,29,30,41,1,360,0,1692182.0,1.Hindus,2.Muslims,3.Sikhs,481.0
2007.0,2013789,1026650,987139,26.14,962.0,50.74,67.39,33.48,939848,764916,174932,1073941,1859972,112802,37659,1693.0,1693.0,1553.0,1516.0,rajasthan,bhilwara,34.0,46,48,0.0,48.0,66,47,19,10,80,1,329,0,1598938.0,1.Hindus,2.Muslims,3.Jains,473.0
2007.0,1674271,886075,788196,38.18,890.0,56.91,70.05,42.03,661457,522482,138975,1012814,1445088,172372,31235,712.0,686.0,485.0,611.0,rajasthan,bikaner,39.0,85,32,0.0,32.0,36,33,3,18,76,0,307,0,1079235.0,1.Hindus,2.Muslims,3.Jains,173.0
2007.0,962620,504818,457802,24.8,907.0,55.57,71.68,37.79,456937,305977,150960,505683,881956,56220,13186,839.0,838.0,733.0,764.0,rajasthan,bundi,28.0,55,28,0.0,28.0,57,47,10,2,87,0,204,0,783058.0,1.Hindus,2.Muslims,3.Jains,178.0
2007.0,1923878,987781,936097,24.6,948.0,66.81,79.69,53.35,853899,587431,266468,1069979,1698106,210446,13882,946.0,925.0,877.0,909.0,rajasthan,churu,20.0,29,27,0.0,27.0,27,18,9,11,38,0,244,0,1387682.0,1.Hindus,2.Muslims,3.Jains,423.0
2007.0,1107643,547791,559852,26.58,1022.0,48.57,66.04,31.77,531376,272283,259093,576267,1068319,23549,12542,854.0,853.0,723.0,819.0,rajasthan,dungarpur,23.0,17,10,0.0,10.0,42,40,2,2,58,0,66,0,1026787.0,1.Hindus,2.Muslims,3.Jains,368.0
2007.0,1789423,955378,834045,27.53,873.0,64.74,75.53,52.44,719792,552559,167233,1069631,1299812,441409,42442,2830.0,2820.0,1817.0,1653.0,rajasthan,ganganagar,61.0,73,66,0.0,66.0,56,44,12,11,64,2,625,0,1336066.0,1.Hindus,2.Sikhs,3.Muslims,654.0
2007.0,508247,279101,229146,47.45,821.0,50.97,66.26,32.05,211687,153139,58548,296560,383638,120174,2086,600.0,576.0,183.0,473.0,rajasthan,jaisalmer,5.0,3,4,0.0,4.0,13,7,6,7,9,0,23,0,431853.0,1.Hindus,2.Muslims,3.Sikhs,144.0
2007.0,1180323,612804,567519,23.34,926.0,57.32,73.31,40.02,554781,399386,155395,625542,1087934,78962,11759,1477.0,1476.0,1185.0,1173.0,rajasthan,jhalawar,43.0,105,54,0.0,54.0,49,35,14,10,113,0,222,0,1012081.0,1.Hindus,2.Muslims,3.Jains,214.0
2007.0,2775058,1424967,1350091,29.33,947.0,57.28,74.1,39.67,1129514,844039,285475,1645544,2399173,356405,17478,1480.0,1466.0,1417.0,1417.0,rajasthan,nagaur,42.0,46,38,0.0,38.0,49,37,12,12,119,0,252,0,2297721.0,1.Hindus,2.Muslims,3.Jains,580.0
2007.0,1820251,918856,901395,22.39,981.0,54.39,72.2,36.48,724883,518158,206725,1095368,1677038,114088,25599,936.0,936.0,883.0,906.0,rajasthan,pali,30.0,36,39,0.0,39.0,71,62,9,5,108,0,268,0,1429364.0,1.Hindus,2.Muslims,3.Jains,451.0
2007.0,2287788,1172753,1115035,24.11,951.0,70.47,84.34,56.11,887915,633421,254494,1399873,2019396,261714,4957,986.0,985.0,965.0,945.0,rajasthan,sikar,36.0,35,34,0.0,34.0,59,42,17,19,32,0,183,0,1815250.0,1.Hindus,2.Muslims,3.Jains,470.0
2007.0,851107,437949,413158,30.08,943.0,53.94,69.89,37.15,343905,245762,98143,507202,810765,25439,12427,455.0,454.0,399.0,423.0,rajasthan,sirohi,22.0,21,23,0.0,23.0,37,32,5,5,51,0,130,0,700217.0,1.Hindus,2.Muslims,3.Jains,201.0
2007.0,1211671,626436,585235,24.24,934.0,51.97,70.52,32.15,532682,425230,107452,678989,1062365,124440,23644,1032.0,1031.0,818.0,887.0,rajasthan,tonk,23.0,36,19,0.0,19.0,60,50,10,3,20,1,212,0,958503.0,1.Hindus,2.Muslims,3.Jains,246.0
2007.0,2633312,1336004,1297308,27.37,971.0,58.62,73.62,43.26,1100880,724120,376760,1532432,2449773,88262,83699,2339.0,2337.0,1647.0,2030.0,rajasthan,udaipur,84.0,85,94,0.0,94.0,135,108,27,10,189,2,297,0,2142995.0,1.Hindus,2.Muslims,3.Jains,619.0
2007.0,245040,132917,112123,37.17,844.0,74.67,81.2,66.8,116529,92577,23952,128511,157321,64729,14502,131.0,131.0,125.0,112.0,sikkim,east,2.0,10,8,0.0,8.0,5,5,0,0,3,0,3,0,192188.0,1.Hindus,2.Buddhists,3.Christians,100.0
2007.0,41030,23414,17616,31.32,752.0,67.21,75.69,55.39,23542,17553,5989,17488,22603,16128,1623,53.0,53.0,46.0,42.0,sikkim,north,0.0,0,0,0.0,0.0,0,0,0,0,0,0,1,0,39782.0,1.Buddhists,2.Hindus,3.Christians,44.0
2007.0,131525,68241,63284,33.37,927.0,67.31,74.29,59.72,69693,57367,12326,61832,84213,31109,12757,145.0,145.0,142.0,131.0,sikkim,south,1.0,2,12,0.0,12.0,1,1,0,0,3,0,2,0,127579.0,1.Hindus,2.Buddhists,3.Christians,99.0
2007.0,123256,63912,59344,25.48,929.0,58.8,66.82,50.11,53279,45407,7872,69977,71886,33601,9567,121.0,121.0,115.0,107.0,sikkim,west,6.0,2,4,0.0,4.0,3,3,0,0,7,0,1,0,121432.0,1.Hindus,2.Buddhists,3.Others,86.0
2007.0,307868,159095,148773,10.79,935.0,60.93,70.17,50.99,126761,92570,34191,181107,257834,28180,14848,148.0,148.0,108.0,138.0,tripura,dhalai,18.0,3,13,0.0,13.0,27,11,16,4,19,0,28,0,289001.0,1.Hindus,2.Buddhists,3.Christians,58.0
2007.0,900635,506938,393697,40.33,777.0,81.94,86.14,76.47,340422,328989,11433,560213,707978,145175,35548,23.0,23.0,23.0,18.0,chandigarh,chandigarh,19.0,26,22,0.0,22.0,52,46,6,1,32,11,112,0,92120.0,1.Hindus,2.Sikhs,3.Muslims,18.0
2008.0,1647201,848578,798623,18.53,941.0,56.24,64.83,47.07,517088,408537,108551,1130113,977943,662066,5267,1050.0,1050.0,775.0,967.0,assam,barpeta,54.0,20,97,0.0,97.0,128,117,11,14,34,0,240,0,1520333.0,1.Hindus,2.Muslims,3.Christians,430.0
2008.0,904835,465240,439595,12.23,945.0,59.33,67.67,50.44,293243,233087,60156,611592,535464,348573,18728,881.0,881.0,607.0,805.0,assam,bongaigaon,15.0,10,51,0.0,51.0,60,35,25,5,13,0,106,0,795053.0,1.Hindus,2.Muslims,3.Christians,112.0
2008.0,1444921,743042,701879,18.66,945.0,67.82,75.73,59.41,465734,364814,100920,979187,886761,522051,31306,1020.0,1020.0,741.0,902.0,assam,cachar,56.0,6,72,0.0,72.0,128,106,22,13,19,0,216,0,1243534.0,1.Hindus,2.Muslims,3.Christians,134.0
2008.0,1504320,773861,730459,15.79,944.0,55.44,63.91,46.4,527993,404428,123565,976327,868532,534658,97306,1319.0,1319.0,1032.0,1246.0,assam,darrang,38.0,5,57,0.0,57.0,59,57,2,2,162,2,119,0,1429492.0,1.Hindus,2.Muslims,3.Christians,356.0
2008.0,571944,294643,277301,18.93,941.0,64.48,74.41,53.86,250146,155431,94715,321798,548780,10533,6390,1236.0,1236.0,253.0,1068.0,assam,dhemaji,21.0,30,88,0.0,88.0,66,51,15,0,40,0,165,0,533112.0,1.Hindus,2.Muslims,3.Christians,83.0
2008.0,1637344,841044,796300,23.42,947.0,48.21,55.91,40.04,470360,399201,71159,1166984,1216455,405065,12477,1261.0,1261.0,904.0,1138.0,assam,dhubri,44.0,20,116,0.0,116.0,139,126,13,4,88,0,393,0,1444901.0,1.Hindus,2.Muslims,3.Christians,374.0
2008.0,1185072,613555,571517,12.43,931.0,68.96,77.3,59.95,472419,342708,129711,712653,1075878,53306,45040,1309.0,1309.0,1195.0,1169.0,assam,dibrugarh,99.0,21,46,0.0,46.0,89,60,29,4,60,0,100,0,956634.0,1.Hindus,2.Muslims,3.Christians,263.0
2008.0,822035,420251,401784,23.07,956.0,58.03,64.86,50.85,273925,209928,63997,548110,441516,314157,64662,761.0,761.0,689.0,723.0,assam,goalpara,36.0,5,66,0.0,66.0,76,64,12,4,32,0,117,0,755133.0,1.Hindus,2.Muslims,3.Christians,243.0
2008.0,946279,490286,455993,14.21,930.0,69.38,77.14,60.99,388640,269896,118744,557639,813263,74808,52277,1066.0,1066.0,595.0,769.0,assam,golaghat,65.0,15,42,0.0,42.0,61,50,11,0,46,0,86,0,865141.0,1.Hindus,2.Muslims,3.Christians,87.0
2008.0,542872,280513,262359,20.92,935.0,59.64,68.24,50.46,179881,138216,41665,362991,312849,223191,5424,327.0,327.0,268.0,308.0,assam,hailakandi,27.0,0,39,0.0,39.0,61,52,9,3,8,0,62,0,498787.0,1.Hindus,2.Muslims,3.Christians,110.0
2008.0,999221,517015,482206,15.84,933.0,76.34,83.62,68.49,414348,285092,129256,584873,927858,47658,18610,787.0,787.0,650.0,717.0,assam,jorhat,51.0,24,44,0.0,44.0,54,41,13,0,59,0,76,0,827901.0,1.Hindus,2.Muslims,3.Christians,215.0
2008.0,2522324,1326981,1195343,25.75,901.0,74.16,81.16,66.31,842253,697810,144443,1680071,1836153,625002,44257,1342.0,1342.0,1042.0,1190.0,assam,kamrup,46.0,23,36,0.0,36.0,113,78,35,3,75,0,101,0,1614107.0,1.Hindus,2.Muslims,3.Christians,468.0
2008.0,1007976,517680,490296,21.35,947.0,66.24,74.69,57.28,303294,235016,68278,704682,527214,470708,8746,915.0,915.0,639.0,865.0,assam,karimganj,27.0,13,19,0.0,19.0,49,44,5,5,10,0,99,0,934126.0,1.Hindus,2.Muslims,3.Christians,224.0
2008.0,905764,466191,439573,15.05,943.0,51.63,60.32,42.4,334849,234771,100078,570915,594168,184441,124270,951.0,951.0,704.0,906.0,assam,kokrajhar,53.0,32,55,0.0,55.0,51,24,27,4,16,0,58,0,841823.0,1.Hindus,2.Muslims,3.Christians,211.0
2008.0,889010,455691,433319,18.34,951.0,68.56,77.06,59.59,497745,288052,209693,391265,702881,143505,36667,1139.0,1139.0,680.0,1046.0,assam,lakhimpur,41.0,6,52,0.0,52.0,91,71,20,1,24,0,160,0,823857.0,1.Hindus,2.Muslims,3.Christians,211.0
2008.0,2314629,1190950,1123679,22.3,944.0,61.73,68.27,54.74,727641,566195,161446,1586988,1180267,1106354,21473,1375.0,1374.0,1190.0,1257.0,assam,nagaon,83.0,41,112,0.0,112.0,215,209,6,9,200,0,371,0,2036342.0,1.Hindus,2.Muslims,3.Christians,480.0
2008.0,1148824,592375,556449,11.98,939.0,67.23,76.56,57.26,383932,291665,92267,764892,873749,253842,18495,798.0,798.0,733.0,769.0,assam,nalbari,31.0,29,30,0.0,30.0,55,47,8,6,42,0,54,0,1121338.0,1.Hindus,2.Muslims,3.Christians,179.0
2008.0,1051736,545476,506260,15.95,928.0,74.47,81.53,66.81,430523,287319,143204,621213,927706,85761,28488,866.0,866.0,772.0,825.0,assam,sibsagar,108.0,7,46,0.0,46.0,111,94,17,4,27,0,139,0,954557.0,1.Hindus,2.Muslims,3.Christians,317.0
2008.0,1681513,871568,809945,17.8,929.0,59.0,67.54,49.73,634723,465283,169440,1046790,1287646,268078,115623,1784.0,1784.0,1331.0,1372.0,assam,sonitpur,94.0,31,56,0.0,56.0,136,125,11,6,34,0,294,0,1505719.0,1.Hindus,2.Muslims,3.Christians,235.0
2008.0,1150062,601099,548963,19.52,913.0,60.95,70.15,50.78,466351,349847,116504,683711,1029142,62403,40000,1107.0,1107.0,871.0,936.0,assam,tinsukia,114.0,0,60,0.0,60.0,87,60,27,2,8,0,84,0,926105.0,1.Hindus,2.Muslims,3.Christians,198.0
2008.0,2158608,1128105,1030503,31.84,913.0,35.01,46.38,22.37,853445,657446,195999,1305163,1263766,887972,2504,713.0,713.0,129.0,552.0,bihar,araria,50.0,37,37,0.0,37.0,40,30,10,3,35,0,92,2,2026257.0,1.Hindus,2.Muslims,3.Jains,60.0
2008.0,2013055,1040945,972110,30.19,934.0,57.03,71.13,41.9,671011,476390,194621,1342044,1814612,196030,1161,1739.0,1739.0,527.0,1148.0,bihar,aurangabad,92.0,27,30,0.0,30.0,56,38,18,32,13,0,65,0,1842998.0,1.Hindus,2.Muslims,3.Religion not stated,270.0
2008.0,2349366,1228874,1120492,29.11,912.0,47.98,59.13,35.64,746075,571564,174511,1603291,2033039,313713,1224,729.0,729.0,457.0,503.0,bihar,begusarai,101.0,170,25,0.0,25.0,110,34,76,41,3,0,56,0,2241743.0,1.Hindus,2.Muslims,3.Religion not stated,167.0
2008.0,2423172,1291658,1131514,27.24,876.0,49.5,59.22,38.13,855345,580731,274614,1567827,1990976,423246,1853,935.0,935.0,445.0,642.0,bihar,bhagalpur,90.0,81,35,0.0,35.0,133,98,35,27,35,5,120,0,1970745.0,1.Hindus,2.Muslims,3.Christians,229.0
2008.0,2243144,1179611,1063533,24.58,902.0,58.96,74.29,41.8,653811,491916,161895,1589333,2076589,163193,913,999.0,999.0,247.0,885.0,bihar,bhojpur,138.0,167,18,0.0,18.0,72,47,25,57,31,1,122,0,1930730.0,1.Hindus,2.Muslims,3.Religion not stated,133.0
2008.0,3295789,1722189,1573600,30.85,914.0,44.33,56.72,30.78,1028558,761464,267094,2267231,2543284,748971,2245,1083.0,1083.0,490.0,850.0,bihar,darbhanga,76.0,154,67,0.0,67.0,123,80,43,48,53,0,45,0,3028441.0,1.Hindus,2.Muslims,3.Religion not stated,271.0
2008.0,3473428,1792163,1681265,30.19,938.0,50.45,63.27,36.66,1277639,994459,283180,2195789,3063841,403439,1622,2680.0,2680.0,539.0,1635.0,bihar,gaya,136.0,60,52,0.0,52.0,90,77,13,43,8,0,40,3,2997479.0,1.Hindus,2.Muslims,3.Religion not stated,278.0
2008.0,2152638,1075710,1076928,26.11,1001.0,47.48,62.96,32.16,641672,466811,174861,1510966,1784275,367219,850,1383.0,1383.0,439.0,866.0,bihar,gopalganj,74.0,93,23,0.0,23.0,80,63,17,36,27,0,110,0,2022048.0,1.Hindus,2.Muslims,3.Religion not stated,261.0
2008.0,1514315,784946,729369,28.64,929.0,55.26,70.07,39.37,580905,422789,158116,933410,1389053,124149,743,856.0,856.0,219.0,672.0,bihar,jehanabad,35.0,10,6,0.0,6.0,38,19,19,23,0,0,17,0,1402703.0,1.Hindus,2.Muslims,3.Religion not stated,123.0
2008.0,2392638,1246872,1145766,30.91,919.0,35.09,45.31,23.8,898326,664259,234067,1494312,1363523,1017495,4994,1290.0,1290.0,277.0,785.0,bihar,katihar,63.0,13,120,0.0,120.0,103,66,37,15,12,0,28,0,2174361.0,1.Hindus,2.Muslims,3.Christians,248.0
2008.0,1280354,679267,601087,29.32,885.0,41.35,51.82,29.35,467240,333262,133978,813114,1147346,131441,546,241.0,241.0,114.0,220.0,bihar,khagaria,55.0,63,16,0.0,16.0,48,17,31,9,2,0,13,0,1204027.0,1.Hindus,2.Muslims,3.Others,124.0
2008.0,1296348,669552,626796,31.5,936.0,31.09,42.71,18.63,417151,359819,57332,879197,876105,412995,2856,730.0,730.0,116.0,442.0,bihar,kishanganj,32.0,42,30,0.0,30.0,33,26,7,8,0,0,23,0,1167340.0,1.Muslims,2.Hindus,3.Christians,120.0
2008.0,1526646,797180,729466,29.45,915.0,36.07,48.8,22.11,683976,498367,185609,842670,1351978,173605,494,384.0,384.0,168.0,311.0,bihar,madhepura,34.0,7,16,0.0,16.0,45,30,15,16,10,0,12,0,1458679.0,1.Hindus,2.Muslims,3.Religion not stated,141.0
2008.0,3575281,1840997,1734284,26.08,942.0,41.97,56.79,26.25,1227723,877412,350311,2347558,2930501,641579,1477,1034.0,1034.0,437.0,901.0,bihar,madhubani,62.0,72,24,0.0,24.0,51,36,15,24,182,0,51,0,3450736.0,1.Hindus,2.Muslims,3.Religion not stated,232.0
2008.0,1137797,607730,530067,20.34,872.0,59.47,69.89,47.4,331451,233688,97763,806346,1045233,89791,1135,525.0,525.0,321.0,382.0,bihar,munger,85.0,92,20,0.0,20.0,61,31,30,14,2,0,40,0,819950.0,1.Hindus,2.Muslims,3.Christians,149.0
2008.0,3746714,1951466,1795248,26.74,920.0,47.95,59.1,35.81,1139830,895830,244000,2606884,3168225,573951,2104,1725.0,1725.0,1021.0,1423.0,bihar,muzaffarpur,138.0,11,28,0.0,28.0,136,97,39,75,15,0,90,0,3398361.0,1.Hindus,2.Muslims,3.Religion not stated,526.0
2008.0,2370528,1238599,1131929,18.64,914.0,53.19,66.44,38.58,903144,700007,203137,1467384,2191552,176871,888,1000.0,1000.0,366.0,879.0,bihar,nalanda,120.0,53,23,0.0,23.0,100,56,44,70,36,0,77,0,2016899.0,1.Hindus,2.Muslims,3.Religion not stated,198.0
2008.0,4718592,2519942,2198650,30.17,873.0,62.92,73.34,50.83,1425647,1161984,263663,3292945,4333556,366164,8951,1288.0,1288.0,615.0,1199.0,bihar,patna,341.0,189,57,0.0,57.0,341,78,263,99,31,1,189,0,2757060.0,1.Hindus,2.Muslims,3.Christians,390.0
2008.0,2450748,1283485,1167263,27.71,909.0,61.29,75.31,45.71,744183,544731,199452,1706565,2199049,246760,2549,1710.0,1710.0,493.0,1185.0,bihar,rohtas,112.0,19,21,0.0,21.0,63,55,8,36,15,0,42,0,2123942.0,1.Hindus,2.Muslims,3.Sikhs,153.0
2008.0,1508182,789432,718750,33.03,910.0,39.08,51.66,25.27,589467,411566,177901,918715,1289364,217922,437,441.0,441.0,127.0,374.0,bihar,saharsa,30.0,139,22,0.0,22.0,41,20,21,17,75,0,21,0,1383015.0,1.Hindus,2.Muslims,3.Christians,63.0
2008.0,3394793,1760692,1634101,25.63,928.0,45.13,57.59,31.67,1071974,843356,228618,2322819,3035755,355897,1432,1122.0,1122.0,674.0,878.0,bihar,samastipur,81.0,292,32,0.0,32.0,74,62,12,60,15,5,52,15,3271338.0,1.Hindus,2.Muslims,3.Religion not stated,195.0
2008.0,3248701,1652661,1596040,26.37,966.0,51.8,67.3,35.82,860940,644618,216322,2387761,2909213,337767,758,1566.0,1566.0,544.0,1213.0,bihar,saran,119.0,137,34,0.0,34.0,98,58,40,58,10,0,41,0,2950064.0,1.Hindus,2.Muslims,3.Religion not stated,342.0
2008.0,2682720,1417611,1265109,32.58,892.0,38.46,49.36,26.13,855156,714136,141020,1827564,2111476,568992,1237,802.0,802.0,302.0,709.0,bihar,sitamarhi,72.0,37,12,0.0,12.0,70,43,27,24,18,0,12,0,2529407.0,1.Hindus,2.Muslims,3.Religion not stated,216.0
2008.0,2714349,1336283,1378066,24.78,1031.0,51.65,67.26,36.88,730437,511578,218859,1983912,2218632,494176,899,1438.0,1438.0,441.0,1119.0,bihar,siwan,74.0,65,24,0.0,24.0,67,35,32,31,9,2,54,0,2564860.0,1.Hindus,2.Muslims,3.Religion not stated,254.0
2008.0,2718421,1415603,1302818,26.39,920.0,50.49,63.23,36.58,782717,624452,158265,1935704,2457636,259158,922,1414.0,1414.0,970.0,929.0,bihar,vaishali,106.0,29,36,0.0,36.0,218,114,104,64,34,0,30,0,2531766.0,1.Hindus,2.Muslims,3.Religion not stated,154.0
2008.0,1998355,1013875,984480,17.59,971.0,63.51,78.43,48.17,857577,630504,227073,1140778,1904580,45342,19325,1579.0,1545.0,1494.0,1426.0,chhattisgarh,bilaspur,112.0,48,71,0.0,71.0,33,25,8,19,171,4,136,0,1511661.0,1.Hindus,2.Muslims,3.Others,452.0
2008.0,2810436,1417893,1392543,16.88,982.0,75.62,86.43,64.64,1162833,965624,197209,1647603,2654202,70398,23399,1776.0,1762.0,1737.0,1698.0,chhattisgarh,durg,83.0,39,109,0.0,109.0,18,12,6,11,218,17,118,0,1738127.0,1.Hindus,2.Muslims,3.Sikhs,669.0
2008.0,1265529,634597,630932,18.68,994.0,70.16,82.7,57.62,601564,430725,170839,663965,1212180,36098,12637,1433.0,1410.0,1385.0,1350.0,chhattisgarh,raigarh,89.0,24,30,0.0,30.0,10,7,3,7,74,8,45,0,1096073.0,1.Hindus,2.Christians,3.Muslims,279.0
2008.0,3016930,1523925,1493005,18.97,980.0,68.51,81.97,54.81,1264663,961507,303156,1752267,2881933,77963,16857,2124.0,2101.0,1955.0,1987.0,chhattisgarh,raipur,112.0,91,128,0.0,128.0,46,36,10,11,247,34,124,0,2099312.0,1.Hindus,2.Muslims,3.Christians,696.0
2008.0,1283224,634342,648882,17.7,1023.0,77.21,87.17,67.55,649401,558996,90405,633823,1215492,28020,21035,1605.0,1595.0,1550.0,1484.0,chhattisgarh,rajnandgaon,47.0,33,60,0.0,60.0,12,12,0,7,72,5,57,0,1051577.0,1.Hindus,2.Buddhists,3.Muslims,343.0
2008.0,1393918,701593,692325,6.45,987.0,66.09,76.44,55.78,600819,470043,130776,793099,1307460,83077,2309,615.0,614.0,615.0,614.0,gujarat,amreli,22.0,6,8,0.0,8.0,60,58,2,0,31,3,128,0,1080960.0,1.Hindus,2.Muslims,3.Jains,383.0
2008.0,1856872,972000,884872,13.03,910.0,74.51,86.09,61.94,784711,617669,167042,1072161,1616127,199263,29461,350.0,350.0,350.0,350.0,gujarat,anand,40.0,10,11,0.0,11.0,51,45,6,0,25,2,170,0,1348901.0,1.Hindus,2.Muslims,3.Christians,301.0
2008.0,1370656,713676,656980,19.32,921.0,74.41,82.98,65.11,570693,469551,101142,799963,1059796,293459,8824,657.0,657.0,656.0,644.0,gujarat,bharuch,36.0,15,13,0.0,13.0,34,29,5,0,13,2,114,0,1018096.0,1.Hindus,2.Muslims,3.Christians,403.0
2008.0,2469630,1274920,1194710,19.29,937.0,66.2,78.02,53.73,944559,781166,163393,1525071,2264062,172740,28921,790.0,790.0,789.0,786.0,gujarat,bhavnagar,35.0,33,9,0.0,9.0,90,80,10,0,69,51,197,0,1534592.0,1.Hindus,2.Muslims,3.Jains,526.0
2008.0,1334455,697999,636456,23.88,912.0,76.59,87.74,64.58,554336,467413,86923,780119,1269766,50559,7769,291.0,291.0,291.0,290.0,gujarat,gandhinagar,32.0,12,8,0.0,8.0,44,35,9,3,18,2,200,0,867195.0,1.Hindus,2.Muslims,3.Jains,244.0
2008.0,1904278,981320,922958,22.39,941.0,66.48,76.25,56.18,734382,624057,110325,1169896,1605941,270223,21907,698.0,695.0,666.0,666.0,gujarat,jamnagar,34.0,12,17,0.0,17.0,30,25,5,0,14,1,239,0,1068022.0,1.Hindus,2.Muslims,3.Jains,286.0
2008.0,2448173,1252350,1195823,17.08,955.0,67.78,78.74,56.43,1000842,785530,215312,1447331,2165734,274481,4291,923.0,922.0,901.0,858.0,gujarat,junagadh,33.0,20,5,0.0,5.0,48,43,5,3,66,3,456,0,1736645.0,1.Hindus,2.Muslims,3.Jains,803.0
2008.0,514404,263986,250418,14.4,949.0,59.86,72.44,46.61,259116,176372,82744,255288,482552,20429,5122,552.0,552.0,530.0,515.0,gujarat,narmada,11.0,3,7,0.0,7.0,7,7,0,0,8,1,12,0,462298.0,1.Hindus,2.Muslims,3.Christians,324.0
2008.0,1229463,628988,600475,13.22,955.0,75.83,82.77,68.61,545215,457002,88213,684248,1135525,69972,13575,374.0,374.0,374.0,368.0,gujarat,navsari,25.0,3,2,0.0,2.0,9,4,5,0,1,1,5,0,893110.0,1.Hindus,2.Muslims,3.Jains,268.0
2008.0,1182709,612100,570609,14.08,932.0,60.36,73.63,46.33,533078,395470,137608,649631,1057013,119748,5136,517.0,516.0,517.0,514.0,gujarat,patan,14.0,15,19,0.0,19.0,29,24,5,0,29,0,157,0,944281.0,1.Hindus,2.Muslims,3.Jains,265.0
2008.0,536835,275821,261014,14.35,946.0,68.62,78.36,58.42,215134,173594,41540,321701,507176,28404,589,182.0,182.0,155.0,156.0,gujarat,porbandar,7.0,6,3,0.0,3.0,12,11,1,0,5,0,48,0,275460.0,1.Hindus,2.Muslims,3.Jains,130.0
2008.0,1515148,787650,727498,25.34,924.0,61.61,74.19,48.1,647609,512038,135571,867539,1392451,97846,22721,650.0,649.0,650.0,648.0,gujarat,surendranagar,35.0,15,21,0.0,21.0,44,38,6,0,50,1,133,0,1112700.0,1.Hindus,2.Muslims,3.Jains,170.0
2008.0,1410553,734799,675754,29.66,920.0,69.15,77.9,59.62,650257,503333,146924,760296,1300005,66440,15399,450.0,450.0,425.0,449.0,gujarat,valsad,33.0,5,4,0.0,4.0,15,9,6,0,6,0,32,0,1029392.0,1.Hindus,2.Muslims,3.Christians,303.0
2008.0,1014411,542977,471434,25.69,868.0,75.31,82.31,67.39,324521,275648,48873,689890,856193,132463,17263,482.0,482.0,479.0,432.0,haryana,ambala,31.0,31,35,0.0,35.0,55,49,6,11,27,21,172,0,657383.0,1.Hindus,2.Sikhs,3.Muslims,204.0
2008.0,1425022,758253,666769,22.45,879.0,67.45,80.26,53.0,609320,425210,184110,815702,1407363,12740,2542,437.0,437.0,437.0,429.0,haryana,bhiwani,56.0,27,33,0.0,33.0,47,36,11,14,24,20,111,0,1154629.0,1.Hindus,2.Muslims,3.Sikhs,252.0
2008.0,2194586,1193063,1001523,48.47,839.0,70.03,81.52,56.31,785762,609663,176099,1408824,1896698,247293,36005,413.0,413.0,413.0,376.0,haryana,faridabad,59.0,24,46,0.0,46.0,109,94,15,21,23,97,173,0,973242.0,1.Hindus,2.Muslims,3.Sikhs,188.0
2008.0,1660289,886451,773838,44.64,873.0,62.91,76.17,47.78,629658,464644,165014,1030631,1026542,617918,6672,694.0,694.0,693.0,642.0,haryana,gurgaon,80.0,59,35,0.0,35.0,89,66,23,19,27,32,123,0,1291285.0,1.Hindus,2.Muslims,3.Sikhs,203.0
2008.0,1189827,642282,547545,21.35,852.0,62.12,73.82,48.51,521946,372049,149897,667881,1134539,29159,20618,306.0,306.0,306.0,300.0,haryana,jind,39.0,24,38,0.0,38.0,29,23,6,18,21,15,73,0,948250.0,1.Hindus,2.Sikhs,3.Muslims,247.0
2008.0,946131,510513,435618,20.95,853.0,59.02,69.15,47.31,372011,268127,103884,574120,848765,88700,6777,270.0,270.0,270.0,261.0,haryana,kaithal,22.0,24,14,0.0,14.0,16,16,0,13,14,0,150,0,762649.0,1.Hindus,2.Sikhs,3.Muslims,160.0
2008.0,1274183,683368,590815,23.13,865.0,67.74,76.29,57.97,455455,355466,99989,818728,1125279,123160,22614,422.0,422.0,422.0,385.0,haryana,karnal,39.0,46,50,0.0,50.0,35,23,12,17,31,21,124,0,936341.0,1.Hindus,2.Sikhs,3.Muslims,186.0
2008.0,825454,442328,383126,23.72,866.0,69.88,78.06,60.61,308392,250596,57796,517062,675381,135545,12028,407.0,402.0,406.0,385.0,haryana,kurukshetra,20.0,19,41,0.0,41.0,30,24,6,12,11,27,72,0,609943.0,1.Hindus,2.Sikhs,3.Muslims,179.0
2008.0,812521,423578,388943,19.09,918.0,69.89,84.72,54.08,351864,204704,147160,460657,805991,3434,2026,368.0,368.0,368.0,350.0,haryana,mahendragarh,31.0,6,21,0.0,21.0,26,20,6,16,17,0,73,0,702885.0,1.Hindus,2.Muslims,3.Sikhs,190.0
2008.0,967449,528860,438589,38.57,829.0,69.17,78.5,57.97,382801,289013,93788,584648,873593,59696,27437,179.0,179.0,179.0,168.0,haryana,panipat,46.0,16,30,0.0,30.0,52,34,18,13,16,17,62,0,575369.0,1.Hindus,2.Muslims,3.Sikhs,116.0
2008.0,765351,403034,362317,25.24,899.0,75.25,88.45,60.83,333622,204855,128767,431729,758328,3194,1668,397.0,397.0,397.0,379.0,haryana,rewari,27.0,24,23,0.0,23.0,27,25,2,13,31,0,72,0,629177.0,1.Hindus,2.Muslims,3.Sikhs,175.0
2008.0,940128,509038,431090,20.99,847.0,73.72,83.23,62.59,371073,288225,82848,569055,924541,5665,5079,146.0,146.0,146.0,130.0,haryana,rohtak,67.0,53,39,0.0,39.0,32,20,12,17,25,38,106,0,610524.0,1.Hindus,2.Muslims,3.Sikhs,118.0
2008.0,1116649,593245,523404,22.96,882.0,60.55,70.05,49.93,475571,363946,111625,641078,801747,302942,7056,321.0,321.0,318.0,312.0,haryana,sirsa,48.0,35,31,0.0,31.0,25,16,9,9,14,0,127,0,823184.0,1.Hindus,2.Sikhs,3.Muslims,197.0
2008.0,1279175,695723,583452,22.36,839.0,72.79,83.06,60.68,523031,383449,139582,756144,1234225,31954,6729,323.0,323.0,323.0,316.0,haryana,sonipat,84.0,48,36,0.0,36.0,59,43,16,24,31,50,149,0,957800.0,1.Hindus,2.Muslims,3.Jains,248.0
2008.0,1041630,559444,482186,21.84,862.0,71.63,78.82,63.39,336533,280728,55805,705097,849255,104073,83524,613.0,613.0,607.0,483.0,haryana,yamunanagar,41.0,23,28,0.0,28.0,43,35,8,9,25,5,101,0,648608.0,1.Hindus,2.Muslims,3.Sikhs,248.0
2008.0,1165390,608878,556512,24.46,914.0,50.09,66.38,31.99,432714,283711,149003,732676,910409,221705,27263,2356.0,2356.0,289.0,768.0,jharkhand,deoghar,46.0,4,33,0.0,33.0,11,2,9,6,5,5,29,12,1005539.0,1.Hindus,2.Muslims,3.Others,94.0
2008.0,2397102,1278946,1118156,22.82,874.0,67.0,79.54,52.43,664058,492501,171557,1733044,1944757,364807,61505,1121.0,1121.0,503.0,708.0,jharkhand,dhanbad,72.0,41,47,0.0,47.0,88,76,12,36,35,10,57,0,1141744.0,1.Hindus,2.Muslims,3.Others,154.0
2008.0,1759602,897364,862238,17.31,961.0,47.94,62.86,32.35,778378,470354,308024,981224,1323468,203741,170201,3737.0,3737.0,213.0,1732.0,jharkhand,dumka,77.0,17,60,0.0,60.0,26,23,3,17,7,0,66,0,1644690.0,1.Hindus,2.Muslims,3.Others,312.0
2008.0,1904430,960679,943751,27.09,982.0,44.5,62.09,26.62,644644,340925,303719,1259786,1475201,383253,30778,2532.0,2532.0,481.0,1232.0,jharkhand,giridih,63.0,30,48,0.0,48.0,52,44,8,33,22,1,25,0,1782066.0,1.Hindus,2.Muslims,3.Others,229.0
2008.0,1047939,544043,503896,21.61,926.0,43.13,57.52,27.39,421941,238694,183247,625998,745237,210734,68055,1633.0,1633.0,257.0,892.0,jharkhand,godda,61.0,44,26,0.0,26.0,41,6,35,7,16,0,50,0,1010931.0,1.Hindus,2.Muslims,3.Others,141.0
2008.0,1346767,675769,670998,16.6,993.0,51.74,63.5,39.95,658921,446953,211968,687846,440373,425107,419004,1393.0,1393.0,92.0,1015.0,jharkhand,gumla,158.0,79,38,0.0,38.0,37,11,26,0,11,0,8,0,1273025.0,1.Hindus,2.Christians,3.Others,365.0
2008.0,2277475,1167793,1109682,24.02,950.0,57.74,71.81,42.87,790049,532895,257154,1487426,1870586,337117,36789,1543.0,1543.0,413.0,962.0,jharkhand,hazaribagh,80.0,52,57,0.0,57.0,65,61,4,36,31,0,97,0,1748406.0,1.Hindus,2.Muslims,3.Others,147.0
2008.0,2098359,1084417,1013942,26.8,935.0,44.95,58.91,29.88,793658,444921,348737,1304701,1740948,242980,63100,2465.0,2465.0,410.0,1474.0,jharkhand,palamu,102.0,174,30,0.0,30.0,57,31,26,18,1,0,32,0,1973266.0,1.Hindus,2.Muslims,3.Others,349.0
2008.0,2785064,1436976,1348088,25.72,938.0,64.57,76.56,51.72,1076904,750962,325942,1708160,1399301,767672,348774,2052.0,2052.0,331.0,1343.0,jharkhand,ranchi,209.0,72,62,0.0,62.0,117,62,55,12,23,0,88,27,1807243.0,1.Hindus,2.Others,3.Muslims,377.0
2008.0,4214505,2150090,2064415,17.4,960.0,64.21,75.7,52.32,1877774,1537645,340129,2336731,3565153,440836,169466,1255.0,1254.0,1247.0,1240.0,karnataka,belgaum,124.0,94,30,0.0,30.0,59,45,14,9,180,9,233,0,3201814.0,1.Hindus,2.Muslims,3.Christians,740.0
2008.0,2027140,1029714,997426,22.3,969.0,57.4,69.2,45.28,920821,801369,119452,1106319,1739522,257806,13226,524.0,523.0,524.0,381.0,karnataka,bellary,46.0,47,11,0.0,11.0,19,10,9,10,41,0,49,0,1320290.0,1.Hindus,2.Muslims,3.Christians,260.0
2008.0,1502373,771022,731351,19.56,949.0,60.94,72.46,48.81,557603,424985,132618,944770,1020174,295762,122083,599.0,596.0,596.0,591.0,karnataka,bidar,28.0,36,7,0.0,7.0,23,17,6,11,105,2,55,0,1157498.0,1.Hindus,2.Muslims,3.Buddhists,293.0
2008.0,1806918,926424,880494,17.63,950.0,57.01,69.94,43.47,718213,551972,166241,1088705,1495080,294491,8356,660.0,659.0,657.0,626.0,karnataka,bijapur,83.0,73,19,0.0,19.0,23,17,6,1,83,0,135,0,1410829.0,1.Hindus,2.Muslims,3.Jains,392.0
2008.0,1517896,776221,741675,15.05,955.0,64.45,74.66,53.78,721835,576035,145800,796061,1388506,109412,8411,946.0,916.0,946.0,879.0,karnataka,chitradurga,42.0,15,18,0.0,18.0,20,15,5,6,82,0,49,0,1243658.0,1.Hindus,2.Muslims,3.Religion not stated,197.0
2008.0,1790952,917705,873247,14.78,952.0,67.43,76.37,58.04,783781,631726,152055,1007171,1532714,226708,10944,810.0,786.0,808.0,727.0,karnataka,davanagere,26.0,18,10,0.0,10.0,35,31,4,9,60,5,102,0,1247954.0,1.Hindus,2.Muslims,3.Religion not stated,278.0
2008.0,3130922,1592789,1538133,21.02,966.0,50.01,61.77,37.9,1350072,1010430,339642,1780850,2381497,551171,153619,1360.0,1327.0,1342.0,1337.0,karnataka,gulbarga,104.0,104,25,0.0,25.0,47,31,16,7,75,0,169,0,2278301.0,1.Hindus,2.Muslims,3.Buddhists,708.0
2008.0,1721669,859086,862583,9.66,1004.0,68.63,78.37,59.0,864711,702827,161884,856958,1587287,104730,15598,2394.0,2330.0,2341.0,1990.0,karnataka,hassan,72.0,59,17,0.0,17.0,28,24,4,8,76,0,79,1,1416996.0,1.Hindus,2.Muslims,3.Christians,482.0
2008.0,548561,274831,273730,11.64,996.0,77.99,83.7,72.26,266378,247574,18804,282183,450694,78466,17951,291.0,279.0,286.0,267.0,karnataka,kodagu,22.0,33,20,0.0,20.0,6,5,1,2,27,1,41,0,473179.0,1.Hindus,2.Muslims,3.Christians,138.0
2008.0,2536069,1286193,1249876,13.83,972.0,62.84,73.17,52.23,1235028,1014667,220361,1301041,2196660,298767,32547,2919.0,2797.0,2785.0,2342.0,karnataka,kolar,37.0,22,14,0.0,14.0,15,11,4,14,22,0,21,0,1910546.0,1.Hindus,2.Muslims,3.Christians,490.0
2008.0,1196089,603312,592777,24.57,983.0,54.1,68.42,39.61,554506,422208,132298,641583,1042294,137174,5395,594.0,590.0,594.0,560.0,karnataka,koppal,22.0,4,6,0.0,6.0,12,12,0,4,26,0,39,0,997797.0,1.Hindus,2.Muslims,3.Religion not stated,281.0
2008.0,1763705,888034,875671,7.14,986.0,61.05,70.5,51.53,840419,682440,157979,923286,1667640,69890,11093,1369.0,1330.0,1323.0,1185.0,karnataka,mandya,50.0,41,18,0.0,18.0,14,13,1,11,59,0,72,0,1480990.0,1.Hindus,2.Muslims,3.Buddhists,458.0
2008.0,1669762,841840,827922,21.93,983.0,48.81,61.52,35.93,732762,544347,188415,937000,1417051,228652,12390,830.0,806.0,796.0,306.0,karnataka,raichur,53.0,34,19,0.0,19.0,21,21,0,7,86,0,106,0,1248925.0,1.Hindus,2.Muslims,3.Christians,338.0
2008.0,1642545,830559,811986,12.9,978.0,74.52,82.01,66.88,714671,586832,127839,927874,1401087,200979,26474,1443.0,1415.0,1399.0,989.0,karnataka,shimoga,45.0,45,14,0.0,14.0,27,23,4,3,101,5,207,0,1071535.0,1.Hindus,2.Muslims,3.Christians,311.0
2008.0,2584711,1313801,1270910,11.87,967.0,67.01,76.78,56.94,1316939,1050291,266648,1267772,2349801,211732,7736,2574.0,2477.0,2573.0,2123.0,karnataka,tumkur,69.0,55,12,0.0,12.0,18,10,8,16,90,0,80,0,2077509.0,1.Hindus,2.Muslims,3.Christians,382.0
2008.0,1129221,566682,562539,6.96,993.0,88.69,92.33,85.02,487352,400699,86653,641869,566744,480108,81222,64.0,64.0,64.0,60.0,kerala,idukki,15.0,28,28,0.0,28.0,15,12,3,0,131,3,193,0,1071628.0,1.Hindus,2.Muslims,3.Christians,62.0
2008.0,2408956,1152817,1256139,7.13,1090.0,92.59,96.13,89.4,767197,626876,140321,1641759,1480748,665648,261019,78.0,78.0,78.0,78.0,kerala,kannur,26.0,38,33,0.0,33.0,13,7,6,1,111,13,276,0,1196058.0,1.Hindus,2.Muslims,3.Christians,78.0
2008.0,2585208,1249621,1335587,7.33,1069.0,91.18,94.43,88.18,828566,654823,173743,1756642,1685044,474071,423745,93.0,93.0,93.0,93.0,kerala,kollam,26.0,21,61,0.0,61.0,23,20,3,2,273,11,442,0,2119230.0,1.Hindus,2.Muslims,3.Christians,92.0
2008.0,1953646,964926,988720,6.76,1025.0,95.82,97.34,94.35,642157,539609,102548,1311489,963497,871371,116686,89.0,89.0,89.0,89.0,kerala,kottayam,26.0,16,31,0.0,31.0,16,11,5,0,221,32,193,0,1653838.0,1.Hindus,2.Muslims,3.Christians,88.0
2008.0,3625471,1754576,1870895,17.22,1066.0,89.61,93.25,86.26,874476,691848,182628,2750995,2484576,1057418,80650,122.0,122.0,122.0,122.0,kerala,malappuram,29.0,27,51,0.0,51.0,13,7,6,2,149,28,525,0,3269301.0,1.Hindus,2.Muslims,3.Christians,121.0
2008.0,2617482,1266985,1350497,9.86,1066.0,84.35,89.52,79.56,945052,768620,176432,1672430,1802766,703596,109249,144.0,144.0,144.0,141.0,kerala,palakkad,34.0,19,42,0.0,42.0,15,8,7,4,133,4,296,0,2260907.0,1.Hindus,2.Muslims,3.Christians,139.0
2008.0,1234016,589398,644618,3.72,1094.0,94.84,96.41,93.43,366049,285844,80205,867967,694560,481602,56457,65.0,65.0,65.0,64.0,kerala,pathanamthitta,17.0,18,32,0.0,32.0,10,8,2,0,168,12,173,0,1110218.0,1.Hindus,2.Muslims,3.Christians,63.0
2008.0,2974232,1422052,1552180,8.7,1092.0,92.27,95.11,89.71,955300,808965,146335,2018932,1761842,720152,488697,204.0,204.0,204.0,196.0,kerala,thrissur,38.0,64,46,0.0,46.0,17,12,5,2,214,29,332,0,2134799.0,1.Hindus,2.Muslims,3.Christians,194.0
2008.0,1630239,841253,788986,20.51,938.0,81.41,88.91,73.43,648243,582264,65979,981996,1024080,296272,293184,862.0,851.0,840.0,786.0,maharashtra,akola,54.0,72,26,0.0,26.0,35,33,2,7,111,61,153,0,1002742.0,1.Hindus,2.Muslims,3.Buddhists,212.0
2008.0,1136146,573445,562701,11.2,981.0,78.47,88.97,67.82,536885,365464,171421,599261,953507,144541,23324,778.0,772.0,774.0,716.0,maharashtra,bhandara,28.0,14,26,0.0,26.0,14,13,1,0,69,18,73,0,960418.0,1.Hindus,2.Buddhists,3.Muslims,442.0
2008.0,2071101,1062993,1008108,17.26,948.0,73.17,82.94,62.89,930791,683029,247762,1140310,1680113,274067,76050,1472.0,1462.0,1444.0,1359.0,maharashtra,chandrapur,51.0,47,37,0.0,37.0,34,28,6,14,112,146,221,0,1406034.0,1.Hindus,2.Buddhists,3.Muslims,318.0
2008.0,1707947,878372,829575,16.01,944.0,71.65,81.4,61.39,737941,573496,164445,970006,1522895,149466,14613,678.0,675.0,673.0,669.0,maharashtra,dhule,54.0,38,10,0.0,10.0,8,8,0,3,32,8,196,0,1262062.0,1.Hindus,2.Muslims,3.Buddhists,276.0
2008.0,970294,491101,479193,23.25,976.0,60.1,71.86,48.07,497104,336959,160145,473190,818640,78058,44825,1521.0,1509.0,1320.0,1279.0,maharashtra,gadchiroli,56.0,33,22,0.0,22.0,13,11,2,2,30,7,46,0,903033.0,1.Hindus,2.Buddhists,3.Others,369.0
2008.0,3682690,1905493,1777197,15.44,933.0,75.43,85.91,64.3,1563983,1300086,263897,2118707,3049368,455288,126136,1491.0,1491.0,1486.0,1470.0,maharashtra,jalgaon,83.0,57,42,0.0,42.0,29,19,10,18,107,29,456,0,2629896.0,1.Hindus,2.Muslims,3.Buddhists,934.0
2008.0,1612980,826903,786077,18.17,951.0,64.4,79.14,49.04,716900,611998,104902,896080,1255041,211531,121033,963.0,963.0,959.0,952.0,maharashtra,jalna,58.0,33,16,0.0,16.0,13,10,3,27,53,7,309,0,1305115.0,1.Hindus,2.Muslims,3.Buddhists,380.0
2008.0,3523162,1807470,1715692,17.59,949.0,76.93,87.47,66.02,1652970,1394882,258088,1870192,3077263,236875,147285,1196.0,1194.0,1190.0,1185.0,maharashtra,kolhapur,59.0,26,34,0.0,34.0,30,18,12,17,76,13,153,0,2472809.0,1.Hindus,2.Muslims,3.Jains,638.0
2008.0,2080285,1075257,1005028,23.95,935.0,71.54,82.94,59.4,840518,712849,127669,1239767,1700679,292996,74351,921.0,921.0,919.0,917.0,maharashtra,latur,74.0,28,22,0.0,22.0,29,29,0,77,74,0,187,0,1590024.0,1.Hindus,2.Muslims,3.Buddhists,409.0
2008.0,2876259,1481358,1394901,23.08,942.0,67.77,80.44,54.35,1202037,965087,236950,1674222,2162185,385081,302161,1546.0,1538.0,1531.0,1536.0,maharashtra,nanded,88.0,57,23,0.0,23.0,29,22,7,8,77,6,252,0,2187195.0,1.Hindus,2.Muslims,3.Buddhists,209.0
2008.0,1486586,769368,717218,15.35,932.0,69.02,80.42,56.89,653522,555202,98320,833064,1297858,151181,28356,729.0,729.0,727.0,726.0,maharashtra,osmanabad,53.0,25,22,0.0,22.0,22,19,3,2,80,7,183,0,1253330.0,1.Hindus,2.Muslims,3.Buddhists,400.0
2008.0,1527715,780191,747524,15.31,958.0,66.07,79.63,52.02,644752,559917,84835,882963,1121246,243935,153231,830.0,830.0,824.0,821.0,maharashtra,parbhani,49.0,37,12,0.0,12.0,17,11,6,15,56,6,204,0,1042529.0,1.Hindus,2.Muslims,3.Buddhists,386.0
2008.0,1696777,794498,902279,9.87,1136.0,75.05,85.89,65.77,763387,557613,205774,933390,1391137,175672,120855,1539.0,1538.0,1539.0,1484.0,maharashtra,ratnagiri,18.0,15,26,0.0,26.0,15,12,3,0,33,27,55,0,1504568.0,1.Hindus,2.Muslims,3.Buddhists,810.0
2008.0,2583524,1320088,1263436,17.59,957.0,76.62,86.26,66.73,1218655,952241,266414,1364869,2243478,203524,85160,721.0,721.0,721.0,719.0,maharashtra,sangli,46.0,27,42,0.0,42.0,21,13,8,12,67,14,140,0,1950306.0,1.Hindus,2.Muslims,3.Jains,567.0
2008.0,2808994,1408326,1400668,14.1,995.0,78.22,88.2,68.38,1303658,1044989,258669,1505336,2533359,128570,125661,1716.0,1716.0,1701.0,1680.0,maharashtra,satara,60.0,27,30,0.0,30.0,21,14,7,3,66,26,164,0,2410873.0,1.Hindus,2.Buddhists,3.Muslims,646.0
2008.0,868825,417890,450935,3.55,1079.0,80.3,90.26,71.23,404985,233827,171158,463840,802498,24320,23668,743.0,743.0,735.0,722.0,maharashtra,sindhudurg,6.0,7,8,0.0,8.0,2,2,0,0,34,15,14,0,786506.0,1.Hindus,2.Buddhists,3.Muslims,593.0
2008.0,1236736,638990,597746,15.3,935.0,80.06,87.18,72.45,550351,431330,119021,686385,1006235,169579,47605,1004.0,998.0,998.0,842.0,maharashtra,wardha,36.0,27,26,0.0,26.0,26,22,4,5,128,36,116,0,911695.0,1.Hindus,2.Buddhists,3.Muslims,392.0
2008.0,2458271,1265681,1192590,18.46,942.0,73.62,84.09,62.52,1118937,949453,169484,1339334,1999368,221793,196909,1856.0,1820.0,1795.0,1729.0,maharashtra,yavatmal,74.0,55,43,0.0,43.0,34,33,1,6,114,30,171,0,2001060.0,1.Hindus,2.Buddhists,3.Muslims,723.0
2008.0,208368,104550,103818,13.9,993.0,67.63,79.61,55.66,89703,55557,34146,118665,148903,38763,14194,48.0,48.0,46.0,47.0,manipur,bishnupur,16.0,43,3,0.0,3.0,14,11,3,0,16,0,4,0,133627.0,1.Hindus,2.Others,3.Muslims,28.0
2008.0,118327,59741,58586,72.8,981.0,56.23,64.34,47.98,54545,39935,14610,63782,109128,5701,2318,350.0,323.0,190.0,214.0,manipur,chandel,13.0,10,0,0.0,0.0,2,0,2,0,0,0,0,0,103365.0,1.Christians,2.Hindus,3.Muslims,25.0
2008.0,227905,117232,110673,29.81,944.0,70.59,77.67,63.06,99363,71933,27430,128542,213186,10538,2573,540.0,539.0,306.0,395.0,manipur,churachandpur,18.0,5,2,0.0,2.0,5,0,5,0,0,0,0,0,227905.0,1.Christians,2.Hindus,3.Muslims,66.0
2008.0,111499,58014,53485,29.23,922.0,59.25,68.72,48.95,50863,43353,7510,60636,105791,3187,1431,171.0,171.0,75.0,157.0,manipur,tamenglong,3.0,3,0,0.0,0.0,2,0,2,0,0,0,0,0,111499.0,1.Christians,2.Hindus,3.Muslims,42.0
2008.0,364140,182250,181890,24.62,998.0,66.41,80.43,52.46,177343,111486,65857,186797,221096,86849,50819,90.0,90.0,84.0,88.0,manipur,thoubal,46.0,126,9,0.0,9.0,44,21,23,0,5,0,12,0,232868.0,1.Hindus,2.Muslims,3.Others,36.0
2008.0,140778,73465,67313,28.98,916.0,73.12,80.13,65.41,66515,51564,14951,74263,133966,5687,881,198.0,198.0,154.0,188.0,manipur,ukhrul,5.0,10,1,0.0,1.0,0,0,0,0,0,0,0,0,140778.0,1.Christians,2.Hindus,3.Muslims,47.0
2008.0,325676,166877,158799,39.24,952.0,96.51,96.75,96.26,162961,125328,37633,162715,303893,14508,5185,96.0,96.0,81.0,86.0,mizoram,aizawl,12.0,7,39,0.0,39.0,1,0,1,0,36,0,4,0,77531.0,1.Christians,2.Hindus,3.Muslims,46.0
2008.0,73620,38776,34844,34.78,899.0,64.74,70.9,57.81,34093,26188,7905,39527,38410,32877,1910,139.0,139.0,27.0,134.0,mizoram,lawngtlai,3.0,1,8,0.0,8.0,0,0,0,0,2,0,0,0,73620.0,1.Buddhists,2.Christians,3.Hindus,24.0
2008.0,137223,71402,65821,23.1,922.0,84.17,87.44,80.6,71792,60870,10922,65431,109204,22429,4612,160.0,160.0,101.0,130.0,mizoram,lunglei,8.0,0,8,0.0,8.0,2,0,2,0,13,0,0,0,79267.0,1.Christians,2.Buddhists,3.Hindus,55.0
2008.0,310084,162251,147833,49.96,911.0,74.54,80.3,68.15,135023,114456,20567,175061,278844,21950,5457,180.0,179.0,148.0,164.0,nagaland,kohima,27.0,7,6,0.0,6.0,5,0,5,0,1,0,2,0,233054.0,1.Christians,2.Hindus,3.Others,82.0
2008.0,232085,120929,111156,43.48,919.0,83.92,86.03,81.61,109260,82160,27100,122825,219282,10433,2128,102.0,101.0,97.0,99.0,nagaland,mokokchung,15.0,3,1,0.0,1.0,3,0,3,0,0,0,0,0,200871.0,1.Christians,2.Hindus,3.Muslims,82.0
2008.0,260652,138753,121899,73.42,879.0,41.83,46.56,36.35,130848,108206,22642,129804,248684,9963,1748,110.0,110.0,102.0,107.0,nagaland,mon,12.0,5,1,0.0,1.0,0,0,0,0,1,0,0,0,244062.0,1.Christians,2.Hindus,3.Muslims,69.0
2008.0,148195,77141,71054,45.12,921.0,70.65,78.37,62.26,71398,57454,13944,76797,143048,4095,517,104.0,104.0,102.0,102.0,nagaland,phek,9.0,8,2,0.0,2.0,1,0,1,0,1,0,0,0,135331.0,1.Christians,2.Hindus,3.Muslims,54.0
2008.0,414818,218678,196140,78.1,897.0,50.64,55.12,45.58,184924,156950,27974,229894,406287,6856,1329,251.0,251.0,238.0,230.0,nagaland,tuensang,3.0,0,1,0.0,1.0,0,0,0,0,0,0,0,0,385046.0,1.Christians,2.Hindus,3.Muslims,123.0
2008.0,161223,83670,77553,95.01,927.0,80.55,85.35,75.32,56254,49679,6575,104969,155009,4787,1209,128.0,128.0,105.0,104.0,nagaland,wokha,5.0,5,0,0.0,0.0,4,2,2,0,1,1,0,0,123587.0,1.Christians,2.Hindus,3.Muslims,67.0
2008.0,153955,79056,74899,61.0,947.0,69.28,73.74,64.57,56783,47491,9292,97172,150097,3193,492,187.0,186.0,187.0,178.0,nagaland,zunheboto,0.0,2,1,0.0,1.0,0,0,0,0,0,0,0,0,130874.0,1.Christians,2.Hindus,3.Muslims,57.0
2008.0,3096077,1650589,1445488,22.72,876.0,67.27,72.61,61.26,1112200,938100,174100,1983877,2383575,648284,51948,1185.0,1151.0,1185.0,1114.0,punjab,amritsar,46.0,71,15,0.0,15.0,54,44,10,6,25,11,66,0,1872802.0,1.Sikhs,2.Hindus,3.Christians,696.0
2008.0,550892,292596,258296,21.42,883.0,61.95,68.15,55.03,209754,181873,27881,341138,427104,119702,1739,163.0,163.0,163.0,160.0,punjab,faridkot,17.0,20,15,0.0,15.0,13,10,3,1,9,0,16,0,357321.0,1.Sikhs,2.Hindus,3.Muslims,107.0
2008.0,2104011,1113077,990934,19.33,890.0,73.77,79.78,67.15,700557,568322,132235,1403454,996246,934963,148981,1532.0,1531.0,1532.0,1375.0,punjab,gurdaspur,20.0,21,24,0.0,24.0,25,21,4,9,15,0,28,0,1568788.0,1.Hindus,2.Sikhs,3.Christians,517.0
2008.0,1480736,765132,715604,13.81,935.0,81.02,86.45,75.32,513351,415123,98228,967385,871923,574862,15394,1386.0,1386.0,1386.0,1232.0,punjab,hoshiarpur,33.0,49,35,0.0,35.0,22,17,5,13,21,0,73,0,1188662.0,1.Hindus,2.Sikhs,3.Muslims,382.0
2008.0,1962700,1040177,922523,18.4,887.0,78.04,82.49,73.08,676835,599324,77511,1285865,1158868,740841,22106,934.0,934.0,934.0,832.0,punjab,jalandhar,72.0,105,51,0.0,51.0,110,83,27,10,52,0,133,0,1030717.0,1.Hindus,2.Sikhs,3.Christians,598.0
2008.0,754521,399623,354898,16.34,888.0,73.93,79.02,68.29,262741,231222,31519,491780,448654,286438,7740,618.0,618.0,618.0,478.0,punjab,kapurthala,23.0,70,24,0.0,24.0,23,14,9,4,19,0,27,0,507994.0,1.Sikhs,2.Hindus,3.Buddhists,359.0
2008.0,3032831,1662716,1370115,24.79,824.0,76.5,80.25,71.95,1149638,1041517,108121,1883193,1744446,1205128,52220,897.0,897.0,897.0,842.0,punjab,ludhiana,73.0,69,46,0.0,46.0,115,78,37,10,36,21,92,0,1339178.0,1.Sikhs,2.Hindus,3.Muslims,550.0
2008.0,1844934,987390,857544,20.31,868.0,69.78,75.88,62.86,681951,589015,92936,1162983,1024546,778427,34828,1054.0,1053.0,1054.0,986.0,punjab,patiala,42.0,49,35,0.0,35.0,44,37,7,13,17,0,116,0,1200224.0,1.Sikhs,2.Hindus,3.Muslims,172.0
2008.0,2000173,1069289,930884,18.57,871.0,59.98,65.81,53.38,814098,714076,100022,1186075,1400149,434873,157838,697.0,697.0,697.0,684.0,punjab,sangrur,42.0,53,34,0.0,34.0,23,13,10,4,15,3,62,0,1415354.0,1.Sikhs,2.Hindus,3.Muslims,291.0
2008.0,2181670,1129920,1051750,26.1,931.0,64.65,79.37,48.86,856809,690818,165991,1324861,1869044,244341,47812,1025.0,1025.0,966.0,970.0,rajasthan,ajmer,47.0,36,45,0.0,45.0,102,84,18,17,108,0,516,0,1306994.0,1.Hindus,2.Muslims,3.Jains,352.0
2008.0,2992592,1586752,1405840,30.23,886.0,61.74,78.09,43.28,1458686,947587,511099,1533906,2535155,383204,55530,1954.0,1954.0,1843.0,1811.0,rajasthan,alwar,101.0,59,88,0.0,88.0,142,91,51,38,134,0,429,0,2557653.0,1.Hindus,2.Muslims,3.Sikhs,553.0
2008.0,1501589,760686,740903,29.84,974.0,44.63,60.45,28.43,709412,529393,180019,792177,1425287,39079,18406,1476.0,1476.0,853.0,1348.0,rajasthan,banswara,33.0,18,42,0.0,42.0,50,45,5,8,66,1,85,0,1394226.0,1.Hindus,2.Muslims,3.Jains,450.0
2008.0,1964835,1038247,926588,36.83,892.0,58.99,72.76,43.45,919729,680208,239521,1045106,1695047,231918,35744,1933.0,1933.0,948.0,1777.0,rajasthan,barmer,18.0,23,20,0.0,20.0,24,21,3,14,82,0,116,0,1819431.0,1.Hindus,2.Muslims,3.Jains,433.0
2008.0,2101142,1133425,967717,27.05,854.0,63.57,80.54,43.56,852913,573547,279366,1248229,1804599,264709,23472,1366.0,1365.0,1238.0,1298.0,rajasthan,bharatpur,63.0,53,74,0.0,74.0,100,75,25,24,39,0,371,0,1692182.0,1.Hindus,2.Muslims,3.Sikhs,481.0
2008.0,2013789,1026650,987139,26.14,962.0,50.74,67.39,33.48,939848,764916,174932,1073941,1859972,112802,37659,1693.0,1693.0,1553.0,1516.0,rajasthan,bhilwara,37.0,35,42,0.0,42.0,68,58,10,13,77,0,370,0,1598938.0,1.Hindus,2.Muslims,3.Jains,473.0
2008.0,1674271,886075,788196,38.18,890.0,56.91,70.05,42.03,661457,522482,138975,1012814,1445088,172372,31235,712.0,686.0,485.0,611.0,rajasthan,bikaner,38.0,70,48,0.0,48.0,29,28,1,12,74,0,306,0,1079235.0,1.Hindus,2.Muslims,3.Jains,173.0
2008.0,962620,504818,457802,24.8,907.0,55.57,71.68,37.79,456937,305977,150960,505683,881956,56220,13186,839.0,838.0,733.0,764.0,rajasthan,bundi,17.0,67,33,0.0,33.0,70,52,18,3,98,0,224,0,783058.0,1.Hindus,2.Muslims,3.Jains,178.0
2008.0,1923878,987781,936097,24.6,948.0,66.81,79.69,53.35,853899,587431,266468,1069979,1698106,210446,13882,946.0,925.0,877.0,909.0,rajasthan,churu,16.0,39,37,0.0,37.0,43,22,21,16,16,0,212,0,1387682.0,1.Hindus,2.Muslims,3.Jains,423.0
2008.0,1107643,547791,559852,26.58,1022.0,48.57,66.04,31.77,531376,272283,259093,576267,1068319,23549,12542,854.0,853.0,723.0,819.0,rajasthan,dungarpur,23.0,15,26,0.0,26.0,50,48,2,11,66,0,94,0,1026787.0,1.Hindus,2.Muslims,3.Jains,368.0
2008.0,1789423,955378,834045,27.53,873.0,64.74,75.53,52.44,719792,552559,167233,1069631,1299812,441409,42442,2830.0,2820.0,1817.0,1653.0,rajasthan,ganganagar,39.0,71,70,0.0,70.0,66,43,23,16,59,2,276,0,1336066.0,1.Hindus,2.Sikhs,3.Muslims,654.0
2008.0,508247,279101,229146,47.45,821.0,50.97,66.26,32.05,211687,153139,58548,296560,383638,120174,2086,600.0,576.0,183.0,473.0,rajasthan,jaisalmer,6.0,1,4,0.0,4.0,11,6,5,10,19,0,24,0,431853.0,1.Hindus,2.Muslims,3.Sikhs,144.0
2008.0,1180323,612804,567519,23.34,926.0,57.32,73.31,40.02,554781,399386,155395,625542,1087934,78962,11759,1477.0,1476.0,1185.0,1173.0,rajasthan,jhalawar,58.0,99,44,0.0,44.0,66,44,22,6,144,2,262,0,1012081.0,1.Hindus,2.Muslims,3.Jains,214.0
2008.0,2775058,1424967,1350091,29.33,947.0,57.28,74.1,39.67,1129514,844039,285475,1645544,2399173,356405,17478,1480.0,1466.0,1417.0,1417.0,rajasthan,nagaur,36.0,42,33,0.0,33.0,64,48,16,18,142,0,257,0,2297721.0,1.Hindus,2.Muslims,3.Jains,580.0
2008.0,1820251,918856,901395,22.39,981.0,54.39,72.2,36.48,724883,518158,206725,1095368,1677038,114088,25599,936.0,936.0,883.0,906.0,rajasthan,pali,33.0,24,43,0.0,43.0,96,79,17,13,116,1,323,0,1429364.0,1.Hindus,2.Muslims,3.Jains,451.0
2008.0,2287788,1172753,1115035,24.11,951.0,70.47,84.34,56.11,887915,633421,254494,1399873,2019396,261714,4957,986.0,985.0,965.0,945.0,rajasthan,sikar,43.0,28,40,0.0,40.0,48,38,10,15,18,0,217,0,1815250.0,1.Hindus,2.Muslims,3.Jains,470.0
2008.0,851107,437949,413158,30.08,943.0,53.94,69.89,37.15,343905,245762,98143,507202,810765,25439,12427,455.0,454.0,399.0,423.0,rajasthan,sirohi,26.0,21,17,0.0,17.0,40,36,4,5,66,0,110,0,700217.0,1.Hindus,2.Muslims,3.Jains,201.0
2008.0,1211671,626436,585235,24.24,934.0,51.97,70.52,32.15,532682,425230,107452,678989,1062365,124440,23644,1032.0,1031.0,818.0,887.0,rajasthan,tonk,15.0,28,22,0.0,22.0,50,46,4,6,41,3,206,0,958503.0,1.Hindus,2.Muslims,3.Jains,246.0
2008.0,2633312,1336004,1297308,27.37,971.0,58.62,73.62,43.26,1100880,724120,376760,1532432,2449773,88262,83699,2339.0,2337.0,1647.0,2030.0,rajasthan,udaipur,65.0,77,91,0.0,91.0,174,148,26,11,159,0,294,0,2142995.0,1.Hindus,2.Muslims,3.Jains,619.0
2008.0,245040,132917,112123,37.17,844.0,74.67,81.2,66.8,116529,92577,23952,128511,157321,64729,14502,131.0,131.0,125.0,112.0,sikkim,east,5.0,5,5,0.0,5.0,2,2,0,0,5,0,3,0,192188.0,1.Hindus,2.Buddhists,3.Christians,100.0
2008.0,41030,23414,17616,31.32,752.0,67.21,75.69,55.39,23542,17553,5989,17488,22603,16128,1623,53.0,53.0,46.0,42.0,sikkim,north,1.0,2,1,0.0,1.0,0,0,0,0,1,0,0,0,39782.0,1.Buddhists,2.Hindus,3.Christians,44.0
2008.0,131525,68241,63284,33.37,927.0,67.31,74.29,59.72,69693,57367,12326,61832,84213,31109,12757,145.0,145.0,142.0,131.0,sikkim,south,1.0,0,9,0.0,9.0,1,1,0,0,10,0,0,0,127579.0,1.Hindus,2.Buddhists,3.Christians,99.0
2008.0,123256,63912,59344,25.48,929.0,58.8,66.82,50.11,53279,45407,7872,69977,71886,33601,9567,121.0,121.0,115.0,107.0,sikkim,west,2.0,0,5,0.0,5.0,1,1,0,0,3,0,2,0,121432.0,1.Hindus,2.Buddhists,3.Others,86.0
2008.0,307868,159095,148773,10.79,935.0,60.93,70.17,50.99,126761,92570,34191,181107,257834,28180,14848,148.0,148.0,108.0,138.0,tripura,dhalai,20.0,3,32,0.0,32.0,18,7,11,2,22,0,34,0,289001.0,1.Hindus,2.Buddhists,3.Christians,58.0
2008.0,900635,506938,393697,40.33,777.0,81.94,86.14,76.47,340422,328989,11433,560213,707978,145175,35548,23.0,23.0,23.0,18.0,chandigarh,chandigarh,17.0,28,20,0.0,20.0,50,42,8,3,19,2,49,0,92120.0,1.Hindus,2.Sikhs,3.Muslims,18.0
2009.0,1647201,848578,798623,18.53,941.0,56.24,64.83,47.07,517088,408537,108551,1130113,977943,662066,5267,1050.0,1050.0,775.0,967.0,assam,barpeta,46.0,20,123,0.0,123.0,113,98,15,29,130,0,206,0,1520333.0,1.Hindus,2.Muslims,3.Christians,430.0
2009.0,904835,465240,439595,12.23,945.0,59.33,67.67,50.44,293243,233087,60156,611592,535464,348573,18728,881.0,881.0,607.0,805.0,assam,bongaigaon,13.0,9,54,0.0,54.0,58,53,5,4,5,0,118,0,795053.0,1.Hindus,2.Muslims,3.Christians,112.0
2009.0,1444921,743042,701879,18.66,945.0,67.82,75.73,59.41,465734,364814,100920,979187,886761,522051,31306,1020.0,1020.0,741.0,902.0,assam,cachar,56.0,10,70,0.0,70.0,152,131,21,23,29,1,479,0,1243534.0,1.Hindus,2.Muslims,3.Christians,134.0
2009.0,1504320,773861,730459,15.79,944.0,55.44,63.91,46.4,527993,404428,123565,976327,868532,534658,97306,1319.0,1319.0,1032.0,1246.0,assam,darrang,29.0,8,80,0.0,80.0,99,96,3,7,139,0,236,0,1429492.0,1.Hindus,2.Muslims,3.Christians,356.0
2009.0,571944,294643,277301,18.93,941.0,64.48,74.41,53.86,250146,155431,94715,321798,548780,10533,6390,1236.0,1236.0,253.0,1068.0,assam,dhemaji,20.0,27,62,0.0,62.0,71,63,8,1,42,0,110,0,533112.0,1.Hindus,2.Muslims,3.Christians,83.0
2009.0,1637344,841044,796300,23.42,947.0,48.21,55.91,40.04,470360,399201,71159,1166984,1216455,405065,12477,1261.0,1261.0,904.0,1138.0,assam,dhubri,53.0,16,150,0.0,150.0,185,147,38,20,154,2,375,0,1444901.0,1.Hindus,2.Muslims,3.Christians,374.0
2009.0,1185072,613555,571517,12.43,931.0,68.96,77.3,59.95,472419,342708,129711,712653,1075878,53306,45040,1309.0,1309.0,1195.0,1169.0,assam,dibrugarh,77.0,4,46,0.0,46.0,110,6,104,3,44,0,92,0,956634.0,1.Hindus,2.Muslims,3.Christians,263.0
2009.0,822035,420251,401784,23.07,956.0,58.03,64.86,50.85,273925,209928,63997,548110,441516,314157,64662,761.0,761.0,689.0,723.0,assam,goalpara,51.0,4,90,0.0,90.0,89,89,0,2,2,0,252,0,755133.0,1.Hindus,2.Muslims,3.Christians,243.0
2009.0,946279,490286,455993,14.21,930.0,69.38,77.14,60.99,388640,269896,118744,557639,813263,74808,52277,1066.0,1066.0,595.0,769.0,assam,golaghat,55.0,22,35,0.0,35.0,101,97,4,0,46,0,108,0,865141.0,1.Hindus,2.Muslims,3.Christians,87.0
2009.0,542872,280513,262359,20.92,935.0,59.64,68.24,50.46,179881,138216,41665,362991,312849,223191,5424,327.0,327.0,268.0,308.0,assam,hailakandi,12.0,1,45,0.0,45.0,59,44,15,8,12,0,81,0,498787.0,1.Hindus,2.Muslims,3.Christians,110.0
2009.0,999221,517015,482206,15.84,933.0,76.34,83.62,68.49,414348,285092,129256,584873,927858,47658,18610,787.0,787.0,650.0,717.0,assam,jorhat,26.0,4,36,0.0,36.0,54,40,14,1,53,0,116,0,827901.0,1.Hindus,2.Muslims,3.Christians,215.0
2009.0,2522324,1326981,1195343,25.75,901.0,74.16,81.16,66.31,842253,697810,144443,1680071,1836153,625002,44257,1342.0,1342.0,1042.0,1190.0,assam,kamrup,43.0,20,57,0.0,57.0,121,108,13,3,35,0,108,0,1614107.0,1.Hindus,2.Muslims,3.Christians,468.0
2009.0,1007976,517680,490296,21.35,947.0,66.24,74.69,57.28,303294,235016,68278,704682,527214,470708,8746,915.0,915.0,639.0,865.0,assam,karimganj,34.0,10,26,0.0,26.0,39,36,3,12,9,0,106,1,934126.0,1.Hindus,2.Muslims,3.Christians,224.0
2009.0,905764,466191,439573,15.05,943.0,51.63,60.32,42.4,334849,234771,100078,570915,594168,184441,124270,951.0,951.0,704.0,906.0,assam,kokrajhar,69.0,25,44,0.0,44.0,71,35,36,1,26,0,70,0,841823.0,1.Hindus,2.Muslims,3.Christians,211.0
2009.0,889010,455691,433319,18.34,951.0,68.56,77.06,59.59,497745,288052,209693,391265,702881,143505,36667,1139.0,1139.0,680.0,1046.0,assam,lakhimpur,31.0,20,54,0.0,54.0,123,97,26,3,42,0,187,0,823857.0,1.Hindus,2.Muslims,3.Christians,211.0
2009.0,2314629,1190950,1123679,22.3,944.0,61.73,68.27,54.74,727641,566195,161446,1586988,1180267,1106354,21473,1375.0,1374.0,1190.0,1257.0,assam,nagaon,75.0,67,162,0.0,162.0,233,221,12,12,134,7,655,0,2036342.0,1.Hindus,2.Muslims,3.Christians,480.0
2009.0,1148824,592375,556449,11.98,939.0,67.23,76.56,57.26,383932,291665,92267,764892,873749,253842,18495,798.0,798.0,733.0,769.0,assam,nalbari,23.0,22,31,0.0,31.0,58,48,10,6,76,0,73,0,1121338.0,1.Hindus,2.Muslims,3.Christians,179.0
2009.0,1051736,545476,506260,15.95,928.0,74.47,81.53,66.81,430523,287319,143204,621213,927706,85761,28488,866.0,866.0,772.0,825.0,assam,sibsagar,68.0,24,71,0.0,71.0,120,0,120,4,52,0,149,0,954557.0,1.Hindus,2.Muslims,3.Christians,317.0
2009.0,1681513,871568,809945,17.8,929.0,59.0,67.54,49.73,634723,465283,169440,1046790,1287646,268078,115623,1784.0,1784.0,1331.0,1372.0,assam,sonitpur,109.0,20,89,0.0,89.0,174,169,5,11,38,0,246,0,1505719.0,1.Hindus,2.Muslims,3.Christians,235.0
2009.0,1150062,601099,548963,19.52,913.0,60.95,70.15,50.78,466351,349847,116504,683711,1029142,62403,40000,1107.0,1107.0,871.0,936.0,assam,tinsukia,85.0,0,58,0.0,58.0,106,87,19,2,8,0,62,0,926105.0,1.Hindus,2.Muslims,3.Christians,198.0
2009.0,2158608,1128105,1030503,31.84,913.0,35.01,46.38,22.37,853445,657446,195999,1305163,1263766,887972,2504,713.0,713.0,129.0,552.0,bihar,araria,50.0,21,28,0.0,28.0,56,50,6,21,4,0,18,0,2026257.0,1.Hindus,2.Muslims,3.Jains,60.0
2009.0,2013055,1040945,972110,30.19,934.0,57.03,71.13,41.9,671011,476390,194621,1342044,1814612,196030,1161,1739.0,1739.0,527.0,1148.0,bihar,aurangabad,67.0,6,19,0.0,19.0,54,53,1,37,16,0,46,0,1842998.0,1.Hindus,2.Muslims,3.Religion not stated,270.0
2009.0,2349366,1228874,1120492,29.11,912.0,47.98,59.13,35.64,746075,571564,174511,1603291,2033039,313713,1224,729.0,729.0,457.0,503.0,bihar,begusarai,109.0,237,12,0.0,12.0,79,39,40,46,10,0,47,2,2241743.0,1.Hindus,2.Muslims,3.Religion not stated,167.0
2009.0,2423172,1291658,1131514,27.24,876.0,49.5,59.22,38.13,855345,580731,274614,1567827,1990976,423246,1853,935.0,935.0,445.0,642.0,bihar,bhagalpur,73.0,8,28,0.0,28.0,57,44,13,15,2,0,47,0,1970745.0,1.Hindus,2.Muslims,3.Christians,229.0
2009.0,2243144,1179611,1063533,24.58,902.0,58.96,74.29,41.8,653811,491916,161895,1589333,2076589,163193,913,999.0,999.0,247.0,885.0,bihar,bhojpur,94.0,34,11,0.0,11.0,50,37,13,54,0,2,275,0,1930730.0,1.Hindus,2.Muslims,3.Religion not stated,133.0
2009.0,3295789,1722189,1573600,30.85,914.0,44.33,56.72,30.78,1028558,761464,267094,2267231,2543284,748971,2245,1083.0,1083.0,490.0,850.0,bihar,darbhanga,49.0,121,27,0.0,27.0,83,77,6,33,10,0,247,0,3028441.0,1.Hindus,2.Muslims,3.Religion not stated,271.0
2009.0,3473428,1792163,1681265,30.19,938.0,50.45,63.27,36.66,1277639,994459,283180,2195789,3063841,403439,1622,2680.0,2680.0,539.0,1635.0,bihar,gaya,155.0,33,20,0.0,20.0,108,66,42,46,12,0,106,5,2997479.0,1.Hindus,2.Muslims,3.Religion not stated,278.0
2009.0,2152638,1075710,1076928,26.11,1001.0,47.48,62.96,32.16,641672,466811,174861,1510966,1784275,367219,850,1383.0,1383.0,439.0,866.0,bihar,gopalganj,81.0,127,37,0.0,37.0,112,71,41,42,39,0,127,0,2022048.0,1.Hindus,2.Muslims,3.Religion not stated,261.0
2009.0,1514315,784946,729369,28.64,929.0,55.26,70.07,39.37,580905,422789,158116,933410,1389053,124149,743,856.0,856.0,219.0,672.0,bihar,jehanabad,48.0,10,8,0.0,8.0,40,9,31,43,11,0,42,0,1402703.0,1.Hindus,2.Muslims,3.Religion not stated,123.0
2009.0,2392638,1246872,1145766,30.91,919.0,35.09,45.31,23.8,898326,664259,234067,1494312,1363523,1017495,4994,1290.0,1290.0,277.0,785.0,bihar,katihar,89.0,19,120,0.0,120.0,130,41,89,17,5,0,55,0,2174361.0,1.Hindus,2.Muslims,3.Christians,248.0
2009.0,1280354,679267,601087,29.32,885.0,41.35,51.82,29.35,467240,333262,133978,813114,1147346,131441,546,241.0,241.0,114.0,220.0,bihar,khagaria,46.0,114,8,0.0,8.0,49,28,21,23,37,0,7,1,1204027.0,1.Hindus,2.Muslims,3.Others,124.0
2009.0,1296348,669552,626796,31.5,936.0,31.09,42.71,18.63,417151,359819,57332,879197,876105,412995,2856,730.0,730.0,116.0,442.0,bihar,kishanganj,32.0,0,33,0.0,33.0,41,30,11,6,0,0,32,0,1167340.0,1.Muslims,2.Hindus,3.Christians,120.0
2009.0,1526646,797180,729466,29.45,915.0,36.07,48.8,22.11,683976,498367,185609,842670,1351978,173605,494,384.0,384.0,168.0,311.0,bihar,madhepura,45.0,10,11,0.0,11.0,50,28,22,19,4,0,11,0,1458679.0,1.Hindus,2.Muslims,3.Religion not stated,141.0
2009.0,3575281,1840997,1734284,26.08,942.0,41.97,56.79,26.25,1227723,877412,350311,2347558,2930501,641579,1477,1034.0,1034.0,437.0,901.0,bihar,madhubani,66.0,7,19,0.0,19.0,81,78,3,31,20,0,71,0,3450736.0,1.Hindus,2.Muslims,3.Religion not stated,232.0
2009.0,1137797,607730,530067,20.34,872.0,59.47,69.89,47.4,331451,233688,97763,806346,1045233,89791,1135,525.0,525.0,321.0,382.0,bihar,munger,79.0,133,12,0.0,12.0,68,48,20,12,0,0,54,0,819950.0,1.Hindus,2.Muslims,3.Christians,149.0
2009.0,3746714,1951466,1795248,26.74,920.0,47.95,59.1,35.81,1139830,895830,244000,2606884,3168225,573951,2104,1725.0,1725.0,1021.0,1423.0,bihar,muzaffarpur,150.0,19,55,0.0,55.0,151,111,40,77,13,0,109,0,3398361.0,1.Hindus,2.Muslims,3.Religion not stated,526.0
2009.0,2370528,1238599,1131929,18.64,914.0,53.19,66.44,38.58,903144,700007,203137,1467384,2191552,176871,888,1000.0,1000.0,366.0,879.0,bihar,nalanda,114.0,301,33,0.0,33.0,99,67,32,74,88,0,33,0,2016899.0,1.Hindus,2.Muslims,3.Religion not stated,198.0
2009.0,4718592,2519942,2198650,30.17,873.0,62.92,73.34,50.83,1425647,1161984,263663,3292945,4333556,366164,8951,1288.0,1288.0,615.0,1199.0,bihar,patna,314.0,104,46,0.0,46.0,351,167,184,95,21,0,341,0,2757060.0,1.Hindus,2.Muslims,3.Christians,390.0
2009.0,2450748,1283485,1167263,27.71,909.0,61.29,75.31,45.71,744183,544731,199452,1706565,2199049,246760,2549,1710.0,1710.0,493.0,1185.0,bihar,rohtas,110.0,63,18,0.0,18.0,83,11,72,41,38,0,57,23,2123942.0,1.Hindus,2.Muslims,3.Sikhs,153.0
2009.0,1508182,789432,718750,33.03,910.0,39.08,51.66,25.27,589467,411566,177901,918715,1289364,217922,437,441.0,441.0,127.0,374.0,bihar,saharsa,49.0,123,28,0.0,28.0,55,9,46,11,36,0,15,0,1383015.0,1.Hindus,2.Muslims,3.Christians,63.0
2009.0,3394793,1760692,1634101,25.63,928.0,45.13,57.59,31.67,1071974,843356,228618,2322819,3035755,355897,1432,1122.0,1122.0,674.0,878.0,bihar,samastipur,109.0,211,26,0.0,26.0,130,27,103,68,21,0,64,0,3271338.0,1.Hindus,2.Muslims,3.Religion not stated,195.0
2009.0,3248701,1652661,1596040,26.37,966.0,51.8,67.3,35.82,860940,644618,216322,2387761,2909213,337767,758,1566.0,1566.0,544.0,1213.0,bihar,saran,112.0,175,11,0.0,11.0,91,73,18,57,20,0,132,0,2950064.0,1.Hindus,2.Muslims,3.Religion not stated,342.0
2009.0,2682720,1417611,1265109,32.58,892.0,38.46,49.36,26.13,855156,714136,141020,1827564,2111476,568992,1237,802.0,802.0,302.0,709.0,bihar,sitamarhi,67.0,22,8,0.0,8.0,104,81,23,27,20,0,14,0,2529407.0,1.Hindus,2.Muslims,3.Religion not stated,216.0
2009.0,2714349,1336283,1378066,24.78,1031.0,51.65,67.26,36.88,730437,511578,218859,1983912,2218632,494176,899,1438.0,1438.0,441.0,1119.0,bihar,siwan,82.0,50,14,0.0,14.0,89,72,17,42,6,0,25,0,2564860.0,1.Hindus,2.Muslims,3.Religion not stated,254.0
2009.0,2718421,1415603,1302818,26.39,920.0,50.49,63.23,36.58,782717,624452,158265,1935704,2457636,259158,922,1414.0,1414.0,970.0,929.0,bihar,vaishali,107.0,56,45,0.0,45.0,208,128,80,73,28,0,83,0,2531766.0,1.Hindus,2.Muslims,3.Religion not stated,154.0
2009.0,1998355,1013875,984480,17.59,971.0,63.51,78.43,48.17,857577,630504,227073,1140778,1904580,45342,19325,1579.0,1545.0,1494.0,1426.0,chhattisgarh,bilaspur,96.0,52,59,0.0,59.0,45,32,13,30,175,17,131,0,1511661.0,1.Hindus,2.Muslims,3.Others,452.0
2009.0,2810436,1417893,1392543,16.88,982.0,75.62,86.43,64.64,1162833,965624,197209,1647603,2654202,70398,23399,1776.0,1762.0,1737.0,1698.0,chhattisgarh,durg,87.0,45,109,0.0,109.0,19,17,2,8,223,20,124,0,1738127.0,1.Hindus,2.Muslims,3.Sikhs,669.0
2009.0,1265529,634597,630932,18.68,994.0,70.16,82.7,57.62,601564,430725,170839,663965,1212180,36098,12637,1433.0,1410.0,1385.0,1350.0,chhattisgarh,raigarh,82.0,24,43,0.0,43.0,18,18,0,9,73,4,36,0,1096073.0,1.Hindus,2.Christians,3.Muslims,279.0
2009.0,3016930,1523925,1493005,18.97,980.0,68.51,81.97,54.81,1264663,961507,303156,1752267,2881933,77963,16857,2124.0,2101.0,1955.0,1987.0,chhattisgarh,raipur,101.0,94,145,0.0,145.0,42,35,7,26,260,32,120,0,2099312.0,1.Hindus,2.Muslims,3.Christians,696.0
2009.0,1283224,634342,648882,17.7,1023.0,77.21,87.17,67.55,649401,558996,90405,633823,1215492,28020,21035,1605.0,1595.0,1550.0,1484.0,chhattisgarh,rajnandgaon,55.0,31,47,0.0,47.0,13,12,1,8,78,5,59,0,1051577.0,1.Hindus,2.Buddhists,3.Muslims,343.0
2009.0,1393918,701593,692325,6.45,987.0,66.09,76.44,55.78,600819,470043,130776,793099,1307460,83077,2309,615.0,614.0,615.0,614.0,gujarat,amreli,27.0,8,8,0.0,8.0,52,50,2,1,21,4,131,0,1080960.0,1.Hindus,2.Muslims,3.Jains,383.0
2009.0,1856872,972000,884872,13.03,910.0,74.51,86.09,61.94,784711,617669,167042,1072161,1616127,199263,29461,350.0,350.0,350.0,350.0,gujarat,anand,36.0,4,13,0.0,13.0,43,35,8,0,29,3,231,0,1348901.0,1.Hindus,2.Muslims,3.Christians,301.0
2009.0,1370656,713676,656980,19.32,921.0,74.41,82.98,65.11,570693,469551,101142,799963,1059796,293459,8824,657.0,657.0,656.0,644.0,gujarat,bharuch,26.0,19,18,0.0,18.0,28,25,3,0,22,3,113,0,1018096.0,1.Hindus,2.Muslims,3.Christians,403.0
2009.0,2469630,1274920,1194710,19.29,937.0,66.2,78.02,53.73,944559,781166,163393,1525071,2264062,172740,28921,790.0,790.0,789.0,786.0,gujarat,bhavnagar,41.0,24,9,0.0,9.0,71,64,7,0,41,42,157,0,1534592.0,1.Hindus,2.Muslims,3.Jains,526.0
2009.0,1334455,697999,636456,23.88,912.0,76.59,87.74,64.58,554336,467413,86923,780119,1269766,50559,7769,291.0,291.0,291.0,290.0,gujarat,gandhinagar,28.0,8,7,0.0,7.0,30,28,2,0,10,3,174,0,867195.0,1.Hindus,2.Muslims,3.Jains,244.0
2009.0,1904278,981320,922958,22.39,941.0,66.48,76.25,56.18,734382,624057,110325,1169896,1605941,270223,21907,698.0,695.0,666.0,666.0,gujarat,jamnagar,32.0,19,17,0.0,17.0,24,20,4,1,18,3,241,0,1068022.0,1.Hindus,2.Muslims,3.Jains,286.0
2009.0,2448173,1252350,1195823,17.08,955.0,67.78,78.74,56.43,1000842,785530,215312,1447331,2165734,274481,4291,923.0,922.0,901.0,858.0,gujarat,junagadh,48.0,28,14,0.0,14.0,69,60,9,1,48,10,473,0,1736645.0,1.Hindus,2.Muslims,3.Jains,803.0
2009.0,514404,263986,250418,14.4,949.0,59.86,72.44,46.61,259116,176372,82744,255288,482552,20429,5122,552.0,552.0,530.0,515.0,gujarat,narmada,13.0,3,6,0.0,6.0,3,3,0,0,6,0,10,0,462298.0,1.Hindus,2.Muslims,3.Christians,324.0
2009.0,1229463,628988,600475,13.22,955.0,75.83,82.77,68.61,545215,457002,88213,684248,1135525,69972,13575,374.0,374.0,374.0,368.0,gujarat,navsari,18.0,5,4,0.0,4.0,1,1,0,0,0,1,31,0,893110.0,1.Hindus,2.Muslims,3.Jains,268.0
2009.0,1182709,612100,570609,14.08,932.0,60.36,73.63,46.33,533078,395470,137608,649631,1057013,119748,5136,517.0,516.0,517.0,514.0,gujarat,patan,21.0,11,19,0.0,19.0,21,20,1,0,43,0,136,0,944281.0,1.Hindus,2.Muslims,3.Jains,265.0
2009.0,536835,275821,261014,14.35,946.0,68.62,78.36,58.42,215134,173594,41540,321701,507176,28404,589,182.0,182.0,155.0,156.0,gujarat,porbandar,11.0,7,3,0.0,3.0,18,17,1,0,2,2,53,0,275460.0,1.Hindus,2.Muslims,3.Jains,130.0
2009.0,1515148,787650,727498,25.34,924.0,61.61,74.19,48.1,647609,512038,135571,867539,1392451,97846,22721,650.0,649.0,650.0,648.0,gujarat,surendranagar,40.0,10,18,0.0,18.0,58,54,4,0,39,3,120,0,1112700.0,1.Hindus,2.Muslims,3.Jains,170.0
2009.0,1410553,734799,675754,29.66,920.0,69.15,77.9,59.62,650257,503333,146924,760296,1300005,66440,15399,450.0,450.0,425.0,449.0,gujarat,valsad,22.0,2,10,0.0,10.0,12,12,0,0,5,0,27,0,1029392.0,1.Hindus,2.Muslims,3.Christians,303.0
2009.0,1014411,542977,471434,25.69,868.0,75.31,82.31,67.39,324521,275648,48873,689890,856193,132463,17263,482.0,482.0,479.0,432.0,haryana,ambala,35.0,18,28,0.0,28.0,20,16,4,14,18,17,155,0,657383.0,1.Hindus,2.Sikhs,3.Muslims,204.0
2009.0,1425022,758253,666769,22.45,879.0,67.45,80.26,53.0,609320,425210,184110,815702,1407363,12740,2542,437.0,437.0,437.0,429.0,haryana,bhiwani,48.0,40,37,0.0,37.0,74,53,21,17,37,21,88,0,1154629.0,1.Hindus,2.Muslims,3.Sikhs,252.0
2009.0,2194586,1193063,1001523,48.47,839.0,70.03,81.52,56.31,785762,609663,176099,1408824,1896698,247293,36005,413.0,413.0,413.0,376.0,haryana,faridabad,60.0,47,35,0.0,35.0,86,62,24,17,26,4,179,0,973242.0,1.Hindus,2.Muslims,3.Sikhs,188.0
2009.0,1660289,886451,773838,44.64,873.0,62.91,76.17,47.78,629658,464644,165014,1030631,1026542,617918,6672,694.0,694.0,693.0,642.0,haryana,gurgaon,84.0,38,29,0.0,29.0,59,42,17,24,21,40,128,0,1291285.0,1.Hindus,2.Muslims,3.Sikhs,203.0
2009.0,1189827,642282,547545,21.35,852.0,62.12,73.82,48.51,521946,372049,149897,667881,1134539,29159,20618,306.0,306.0,306.0,300.0,haryana,jind,47.0,39,35,0.0,35.0,46,30,16,11,33,49,97,0,948250.0,1.Hindus,2.Sikhs,3.Muslims,247.0
2009.0,946131,510513,435618,20.95,853.0,59.02,69.15,47.31,372011,268127,103884,574120,848765,88700,6777,270.0,270.0,270.0,261.0,haryana,kaithal,21.0,19,24,0.0,24.0,19,16,3,13,20,0,187,0,762649.0,1.Hindus,2.Sikhs,3.Muslims,160.0
2009.0,1274183,683368,590815,23.13,865.0,67.74,76.29,57.97,455455,355466,99989,818728,1125279,123160,22614,422.0,422.0,422.0,385.0,haryana,karnal,27.0,46,48,0.0,48.0,51,40,11,17,32,21,225,0,936341.0,1.Hindus,2.Sikhs,3.Muslims,186.0
2009.0,825454,442328,383126,23.72,866.0,69.88,78.06,60.61,308392,250596,57796,517062,675381,135545,12028,407.0,402.0,406.0,385.0,haryana,kurukshetra,29.0,20,43,0.0,43.0,57,47,10,5,20,29,101,0,609943.0,1.Hindus,2.Sikhs,3.Muslims,179.0
2009.0,812521,423578,388943,19.09,918.0,69.89,84.72,54.08,351864,204704,147160,460657,805991,3434,2026,368.0,368.0,368.0,350.0,haryana,mahendragarh,28.0,7,10,0.0,10.0,21,19,2,10,13,0,58,0,702885.0,1.Hindus,2.Muslims,3.Sikhs,190.0
2009.0,967449,528860,438589,38.57,829.0,69.17,78.5,57.97,382801,289013,93788,584648,873593,59696,27437,179.0,179.0,179.0,168.0,haryana,panipat,64.0,30,45,0.0,45.0,51,31,20,19,26,44,117,0,575369.0,1.Hindus,2.Muslims,3.Sikhs,116.0
2009.0,765351,403034,362317,25.24,899.0,75.25,88.45,60.83,333622,204855,128767,431729,758328,3194,1668,397.0,397.0,397.0,379.0,haryana,rewari,34.0,23,19,0.0,19.0,36,29,7,14,19,20,55,0,629177.0,1.Hindus,2.Muslims,3.Sikhs,175.0
2009.0,940128,509038,431090,20.99,847.0,73.72,83.23,62.59,371073,288225,82848,569055,924541,5665,5079,146.0,146.0,146.0,130.0,haryana,rohtak,65.0,61,36,0.0,36.0,43,30,13,18,30,38,113,0,610524.0,1.Hindus,2.Muslims,3.Sikhs,118.0
2009.0,1116649,593245,523404,22.96,882.0,60.55,70.05,49.93,475571,363946,111625,641078,801747,302942,7056,321.0,321.0,318.0,312.0,haryana,sirsa,36.0,18,24,0.0,24.0,43,28,15,6,10,0,97,0,823184.0,1.Hindus,2.Sikhs,3.Muslims,197.0
2009.0,1279175,695723,583452,22.36,839.0,72.79,83.06,60.68,523031,383449,139582,756144,1234225,31954,6729,323.0,323.0,323.0,316.0,haryana,sonipat,83.0,70,32,0.0,32.0,57,42,15,17,21,46,129,0,957800.0,1.Hindus,2.Muslims,3.Jains,248.0
2009.0,1041630,559444,482186,21.84,862.0,71.63,78.82,63.39,336533,280728,55805,705097,849255,104073,83524,613.0,613.0,607.0,483.0,haryana,yamunanagar,36.0,30,26,0.0,26.0,58,51,7,11,20,16,180,0,648608.0,1.Hindus,2.Muslims,3.Sikhs,248.0
2009.0,1165390,608878,556512,24.46,914.0,50.09,66.38,31.99,432714,283711,149003,732676,910409,221705,27263,2356.0,2356.0,289.0,768.0,jharkhand,deoghar,51.0,57,45,0.0,45.0,29,15,14,18,4,22,36,0,1005539.0,1.Hindus,2.Muslims,3.Others,94.0
2009.0,2397102,1278946,1118156,22.82,874.0,67.0,79.54,52.43,664058,492501,171557,1733044,1944757,364807,61505,1121.0,1121.0,503.0,708.0,jharkhand,dhanbad,69.0,33,36,0.0,36.0,81,65,16,45,24,3,59,0,1141744.0,1.Hindus,2.Muslims,3.Others,154.0
2009.0,1759602,897364,862238,17.31,961.0,47.94,62.86,32.35,778378,470354,308024,981224,1323468,203741,170201,3737.0,3737.0,213.0,1732.0,jharkhand,dumka,68.0,8,61,0.0,61.0,34,21,13,5,2,0,56,0,1644690.0,1.Hindus,2.Muslims,3.Others,312.0
2009.0,1904430,960679,943751,27.09,982.0,44.5,62.09,26.62,644644,340925,303719,1259786,1475201,383253,30778,2532.0,2532.0,481.0,1232.0,jharkhand,giridih,86.0,32,28,0.0,28.0,36,0,36,45,37,51,3,0,1782066.0,1.Hindus,2.Muslims,3.Others,229.0
2009.0,1047939,544043,503896,21.61,926.0,43.13,57.52,27.39,421941,238694,183247,625998,745237,210734,68055,1633.0,1633.0,257.0,892.0,jharkhand,godda,66.0,41,24,0.0,24.0,36,29,7,7,20,0,30,0,1010931.0,1.Hindus,2.Muslims,3.Others,141.0
2009.0,1346767,675769,670998,16.6,993.0,51.74,63.5,39.95,658921,446953,211968,687846,440373,425107,419004,1393.0,1393.0,92.0,1015.0,jharkhand,gumla,168.0,37,39,0.0,39.0,36,14,22,1,7,0,12,0,1273025.0,1.Hindus,2.Christians,3.Others,365.0
2009.0,2277475,1167793,1109682,24.02,950.0,57.74,71.81,42.87,790049,532895,257154,1487426,1870586,337117,36789,1543.0,1543.0,413.0,962.0,jharkhand,hazaribagh,61.0,93,33,0.0,33.0,53,48,5,32,9,0,9,0,1748406.0,1.Hindus,2.Muslims,3.Others,147.0
2009.0,2098359,1084417,1013942,26.8,935.0,44.95,58.91,29.88,793658,444921,348737,1304701,1740948,242980,63100,2465.0,2465.0,410.0,1474.0,jharkhand,palamu,79.0,149,37,0.0,37.0,61,40,21,18,18,0,34,0,1973266.0,1.Hindus,2.Muslims,3.Others,349.0
2009.0,2785064,1436976,1348088,25.72,938.0,64.57,76.56,51.72,1076904,750962,325942,1708160,1399301,767672,348774,2052.0,2052.0,331.0,1343.0,jharkhand,ranchi,202.0,211,63,0.0,63.0,113,42,71,19,12,0,68,4,1807243.0,1.Hindus,2.Others,3.Muslims,377.0
2009.0,4214505,2150090,2064415,17.4,960.0,64.21,75.7,52.32,1877774,1537645,340129,2336731,3565153,440836,169466,1255.0,1254.0,1247.0,1240.0,karnataka,belgaum,106.0,92,39,0.0,39.0,60,43,17,10,220,3,311,0,3201814.0,1.Hindus,2.Muslims,3.Christians,740.0
2009.0,2027140,1029714,997426,22.3,969.0,57.4,69.2,45.28,920821,801369,119452,1106319,1739522,257806,13226,524.0,523.0,524.0,381.0,karnataka,bellary,44.0,46,11,0.0,11.0,25,19,6,7,66,0,75,0,1320290.0,1.Hindus,2.Muslims,3.Christians,260.0
2009.0,1502373,771022,731351,19.56,949.0,60.94,72.46,48.81,557603,424985,132618,944770,1020174,295762,122083,599.0,596.0,596.0,591.0,karnataka,bidar,22.0,41,12,0.0,12.0,14,4,10,3,38,0,81,0,1157498.0,1.Hindus,2.Muslims,3.Buddhists,293.0
2009.0,1806918,926424,880494,17.63,950.0,57.01,69.94,43.47,718213,551972,166241,1088705,1495080,294491,8356,660.0,659.0,657.0,626.0,karnataka,bijapur,64.0,64,19,0.0,19.0,28,23,5,0,73,0,139,0,1410829.0,1.Hindus,2.Muslims,3.Jains,392.0
2009.0,1517896,776221,741675,15.05,955.0,64.45,74.66,53.78,721835,576035,145800,796061,1388506,109412,8411,946.0,916.0,946.0,879.0,karnataka,chitradurga,43.0,27,26,0.0,26.0,24,21,3,10,102,0,83,0,1243658.0,1.Hindus,2.Muslims,3.Religion not stated,197.0
2009.0,1790952,917705,873247,14.78,952.0,67.43,76.37,58.04,783781,631726,152055,1007171,1532714,226708,10944,810.0,786.0,808.0,727.0,karnataka,davanagere,27.0,24,16,0.0,16.0,17,15,2,12,90,0,112,0,1247954.0,1.Hindus,2.Muslims,3.Religion not stated,278.0
2009.0,3130922,1592789,1538133,21.02,966.0,50.01,61.77,37.9,1350072,1010430,339642,1780850,2381497,551171,153619,1360.0,1327.0,1342.0,1337.0,karnataka,gulbarga,145.0,104,32,0.0,32.0,49,41,8,8,68,0,170,0,2278301.0,1.Hindus,2.Muslims,3.Buddhists,708.0
2009.0,1721669,859086,862583,9.66,1004.0,68.63,78.37,59.0,864711,702827,161884,856958,1587287,104730,15598,2394.0,2330.0,2341.0,1990.0,karnataka,hassan,59.0,48,22,0.0,22.0,22,15,7,15,75,0,103,2,1416996.0,1.Hindus,2.Muslims,3.Christians,482.0
2009.0,548561,274831,273730,11.64,996.0,77.99,83.7,72.26,266378,247574,18804,282183,450694,78466,17951,291.0,279.0,286.0,267.0,karnataka,kodagu,31.0,23,14,0.0,14.0,13,8,5,5,24,2,46,0,473179.0,1.Hindus,2.Muslims,3.Christians,138.0
2009.0,2536069,1286193,1249876,13.83,972.0,62.84,73.17,52.23,1235028,1014667,220361,1301041,2196660,298767,32547,2919.0,2797.0,2785.0,2342.0,karnataka,kolar,30.0,28,10,0.0,10.0,15,8,7,11,17,2,18,0,1910546.0,1.Hindus,2.Muslims,3.Christians,490.0
2009.0,1196089,603312,592777,24.57,983.0,54.1,68.42,39.61,554506,422208,132298,641583,1042294,137174,5395,594.0,590.0,594.0,560.0,karnataka,koppal,22.0,20,14,0.0,14.0,13,13,0,5,32,0,57,0,997797.0,1.Hindus,2.Muslims,3.Religion not stated,281.0
2009.0,1763705,888034,875671,7.14,986.0,61.05,70.5,51.53,840419,682440,157979,923286,1667640,69890,11093,1369.0,1330.0,1323.0,1185.0,karnataka,mandya,74.0,72,16,0.0,16.0,27,19,8,8,85,0,125,0,1480990.0,1.Hindus,2.Muslims,3.Buddhists,458.0
2009.0,1669762,841840,827922,21.93,983.0,48.81,61.52,35.93,732762,544347,188415,937000,1417051,228652,12390,830.0,806.0,796.0,306.0,karnataka,raichur,49.0,27,21,0.0,21.0,18,18,0,9,85,4,141,0,1248925.0,1.Hindus,2.Muslims,3.Christians,338.0
2009.0,1642545,830559,811986,12.9,978.0,74.52,82.01,66.88,714671,586832,127839,927874,1401087,200979,26474,1443.0,1415.0,1399.0,989.0,karnataka,shimoga,53.0,54,15,0.0,15.0,38,27,11,5,137,3,255,0,1071535.0,1.Hindus,2.Muslims,3.Christians,311.0
2009.0,2584711,1313801,1270910,11.87,967.0,67.01,76.78,56.94,1316939,1050291,266648,1267772,2349801,211732,7736,2574.0,2477.0,2573.0,2123.0,karnataka,tumkur,83.0,54,19,0.0,19.0,23,6,17,13,85,0,79,0,2077509.0,1.Hindus,2.Muslims,3.Christians,382.0
2009.0,1129221,566682,562539,6.96,993.0,88.69,92.33,85.02,487352,400699,86653,641869,566744,480108,81222,64.0,64.0,64.0,60.0,kerala,idukki,19.0,16,23,0.0,23.0,3,1,2,1,130,20,199,0,1071628.0,1.Hindus,2.Muslims,3.Christians,62.0
2009.0,2408956,1152817,1256139,7.13,1090.0,92.59,96.13,89.4,767197,626876,140321,1641759,1480748,665648,261019,78.0,78.0,78.0,78.0,kerala,kannur,14.0,35,37,0.0,37.0,10,5,5,0,131,16,280,0,1196058.0,1.Hindus,2.Muslims,3.Christians,78.0
2009.0,2585208,1249621,1335587,7.33,1069.0,91.18,94.43,88.18,828566,654823,173743,1756642,1685044,474071,423745,93.0,93.0,93.0,93.0,kerala,kollam,34.0,29,51,0.0,51.0,21,19,2,2,299,11,432,0,2119230.0,1.Hindus,2.Muslims,3.Christians,92.0
2009.0,1953646,964926,988720,6.76,1025.0,95.82,97.34,94.35,642157,539609,102548,1311489,963497,871371,116686,89.0,89.0,89.0,89.0,kerala,kottayam,19.0,18,28,0.0,28.0,14,8,6,0,162,34,192,0,1653838.0,1.Hindus,2.Muslims,3.Christians,88.0
2009.0,3625471,1754576,1870895,17.22,1066.0,89.61,93.25,86.26,874476,691848,182628,2750995,2484576,1057418,80650,122.0,122.0,122.0,122.0,kerala,malappuram,24.0,31,35,0.0,35.0,17,10,7,0,141,33,545,0,3269301.0,1.Hindus,2.Muslims,3.Christians,121.0
2009.0,2617482,1266985,1350497,9.86,1066.0,84.35,89.52,79.56,945052,768620,176432,1672430,1802766,703596,109249,144.0,144.0,144.0,141.0,kerala,palakkad,36.0,21,49,0.0,49.0,13,7,6,3,105,30,315,0,2260907.0,1.Hindus,2.Muslims,3.Christians,139.0
2009.0,1234016,589398,644618,3.72,1094.0,94.84,96.41,93.43,366049,285844,80205,867967,694560,481602,56457,65.0,65.0,65.0,64.0,kerala,pathanamthitta,15.0,18,24,0.0,24.0,11,10,1,0,156,19,120,0,1110218.0,1.Hindus,2.Muslims,3.Christians,63.0
2009.0,2974232,1422052,1552180,8.7,1092.0,92.27,95.11,89.71,955300,808965,146335,2018932,1761842,720152,488697,204.0,204.0,204.0,196.0,kerala,thrissur,23.0,38,32,0.0,32.0,19,10,9,3,153,29,345,0,2134799.0,1.Hindus,2.Muslims,3.Christians,194.0
2009.0,1630239,841253,788986,20.51,938.0,81.41,88.91,73.43,648243,582264,65979,981996,1024080,296272,293184,862.0,851.0,840.0,786.0,maharashtra,akola,43.0,68,21,0.0,21.0,33,26,7,10,97,63,131,0,1002742.0,1.Hindus,2.Muslims,3.Buddhists,212.0
2009.0,1136146,573445,562701,11.2,981.0,78.47,88.97,67.82,536885,365464,171421,599261,953507,144541,23324,778.0,772.0,774.0,716.0,maharashtra,bhandara,26.0,8,17,0.0,17.0,12,12,0,4,31,13,68,0,960418.0,1.Hindus,2.Buddhists,3.Muslims,442.0
2009.0,2071101,1062993,1008108,17.26,948.0,73.17,82.94,62.89,930791,683029,247762,1140310,1680113,274067,76050,1472.0,1462.0,1444.0,1359.0,maharashtra,chandrapur,49.0,33,44,0.0,44.0,19,17,2,9,132,171,158,0,1406034.0,1.Hindus,2.Buddhists,3.Muslims,318.0
2009.0,1707947,878372,829575,16.01,944.0,71.65,81.4,61.39,737941,573496,164445,970006,1522895,149466,14613,678.0,675.0,673.0,669.0,maharashtra,dhule,45.0,36,12,0.0,12.0,13,9,4,7,34,8,281,0,1262062.0,1.Hindus,2.Muslims,3.Buddhists,276.0
2009.0,970294,491101,479193,23.25,976.0,60.1,71.86,48.07,497104,336959,160145,473190,818640,78058,44825,1521.0,1509.0,1320.0,1279.0,maharashtra,gadchiroli,66.0,45,12,0.0,12.0,14,13,1,1,23,6,27,0,903033.0,1.Hindus,2.Buddhists,3.Others,369.0
2009.0,3682690,1905493,1777197,15.44,933.0,75.43,85.91,64.3,1563983,1300086,263897,2118707,3049368,455288,126136,1491.0,1491.0,1486.0,1470.0,maharashtra,jalgaon,75.0,52,30,0.0,30.0,25,25,0,10,109,39,423,0,2629896.0,1.Hindus,2.Muslims,3.Buddhists,934.0
2009.0,1612980,826903,786077,18.17,951.0,64.4,79.14,49.04,716900,611998,104902,896080,1255041,211531,121033,963.0,963.0,959.0,952.0,maharashtra,jalna,55.0,38,22,0.0,22.0,20,17,3,25,54,14,346,0,1305115.0,1.Hindus,2.Muslims,3.Buddhists,380.0
2009.0,3523162,1807470,1715692,17.59,949.0,76.93,87.47,66.02,1652970,1394882,258088,1870192,3077263,236875,147285,1196.0,1194.0,1190.0,1185.0,maharashtra,kolhapur,46.0,36,35,0.0,35.0,22,18,4,18,61,15,130,0,2472809.0,1.Hindus,2.Muslims,3.Jains,638.0
2009.0,2080285,1075257,1005028,23.95,935.0,71.54,82.94,59.4,840518,712849,127669,1239767,1700679,292996,74351,921.0,921.0,919.0,917.0,maharashtra,latur,70.0,36,33,0.0,33.0,28,28,0,15,49,0,159,0,1590024.0,1.Hindus,2.Muslims,3.Buddhists,409.0
2009.0,2876259,1481358,1394901,23.08,942.0,67.77,80.44,54.35,1202037,965087,236950,1674222,2162185,385081,302161,1546.0,1538.0,1531.0,1536.0,maharashtra,nanded,102.0,71,34,0.0,34.0,40,29,11,30,62,3,346,0,2187195.0,1.Hindus,2.Muslims,3.Buddhists,209.0
2009.0,1486586,769368,717218,15.35,932.0,69.02,80.42,56.89,653522,555202,98320,833064,1297858,151181,28356,729.0,729.0,727.0,726.0,maharashtra,osmanabad,33.0,23,20,0.0,20.0,19,16,3,3,64,9,153,0,1253330.0,1.Hindus,2.Muslims,3.Buddhists,400.0
2009.0,1527715,780191,747524,15.31,958.0,66.07,79.63,52.02,644752,559917,84835,882963,1121246,243935,153231,830.0,830.0,824.0,821.0,maharashtra,parbhani,52.0,31,30,0.0,30.0,24,14,10,7,49,7,219,0,1042529.0,1.Hindus,2.Muslims,3.Buddhists,386.0
2009.0,1696777,794498,902279,9.87,1136.0,75.05,85.89,65.77,763387,557613,205774,933390,1391137,175672,120855,1539.0,1538.0,1539.0,1484.0,maharashtra,ratnagiri,24.0,4,14,0.0,14.0,12,8,4,0,36,20,51,0,1504568.0,1.Hindus,2.Muslims,3.Buddhists,810.0
2009.0,2583524,1320088,1263436,17.59,957.0,76.62,86.26,66.73,1218655,952241,266414,1364869,2243478,203524,85160,721.0,721.0,721.0,719.0,maharashtra,sangli,67.0,32,37,0.0,37.0,22,9,13,12,45,10,66,0,1950306.0,1.Hindus,2.Muslims,3.Jains,567.0
2009.0,2808994,1408326,1400668,14.1,995.0,78.22,88.2,68.38,1303658,1044989,258669,1505336,2533359,128570,125661,1716.0,1716.0,1701.0,1680.0,maharashtra,satara,47.0,38,26,0.0,26.0,22,18,4,4,57,7,131,0,2410873.0,1.Hindus,2.Buddhists,3.Muslims,646.0
2009.0,868825,417890,450935,3.55,1079.0,80.3,90.26,71.23,404985,233827,171158,463840,802498,24320,23668,743.0,743.0,735.0,722.0,maharashtra,sindhudurg,11.0,5,8,0.0,8.0,4,3,1,1,12,6,11,0,786506.0,1.Hindus,2.Buddhists,3.Muslims,593.0
2009.0,1236736,638990,597746,15.3,935.0,80.06,87.18,72.45,550351,431330,119021,686385,1006235,169579,47605,1004.0,998.0,998.0,842.0,maharashtra,wardha,29.0,28,41,0.0,41.0,18,15,3,1,84,32,100,0,911695.0,1.Hindus,2.Buddhists,3.Muslims,392.0
2009.0,2458271,1265681,1192590,18.46,942.0,73.62,84.09,62.52,1118937,949453,169484,1339334,1999368,221793,196909,1856.0,1820.0,1795.0,1729.0,maharashtra,yavatmal,77.0,57,40,0.0,40.0,28,25,3,9,128,23,212,0,2001060.0,1.Hindus,2.Buddhists,3.Muslims,723.0
2009.0,208368,104550,103818,13.9,993.0,67.63,79.61,55.66,89703,55557,34146,118665,148903,38763,14194,48.0,48.0,46.0,47.0,manipur,bishnupur,16.0,35,2,0.0,2.0,7,5,2,0,10,0,0,0,133627.0,1.Hindus,2.Others,3.Muslims,28.0
2009.0,118327,59741,58586,72.8,981.0,56.23,64.34,47.98,54545,39935,14610,63782,109128,5701,2318,350.0,323.0,190.0,214.0,manipur,chandel,6.0,31,0,0.0,0.0,0,0,0,0,0,0,0,0,103365.0,1.Christians,2.Hindus,3.Muslims,25.0
2009.0,227905,117232,110673,29.81,944.0,70.59,77.67,63.06,99363,71933,27430,128542,213186,10538,2573,540.0,539.0,306.0,395.0,manipur,churachandpur,15.0,10,3,0.0,3.0,4,3,1,0,1,0,0,0,227905.0,1.Christians,2.Hindus,3.Muslims,66.0
2009.0,111499,58014,53485,29.23,922.0,59.25,68.72,48.95,50863,43353,7510,60636,105791,3187,1431,171.0,171.0,75.0,157.0,manipur,tamenglong,5.0,5,0,0.0,0.0,0,0,0,0,0,0,0,0,111499.0,1.Christians,2.Hindus,3.Muslims,42.0
2009.0,364140,182250,181890,24.62,998.0,66.41,80.43,52.46,177343,111486,65857,186797,221096,86849,50819,90.0,90.0,84.0,88.0,manipur,thoubal,15.0,89,9,0.0,9.0,32,23,9,0,6,1,12,0,232868.0,1.Hindus,2.Muslims,3.Others,36.0
2009.0,140778,73465,67313,28.98,916.0,73.12,80.13,65.41,66515,51564,14951,74263,133966,5687,881,198.0,198.0,154.0,188.0,manipur,ukhrul,6.0,19,1,0.0,1.0,2,0,2,0,0,0,0,0,140778.0,1.Christians,2.Hindus,3.Muslims,47.0
2009.0,325676,166877,158799,39.24,952.0,96.51,96.75,96.26,162961,125328,37633,162715,303893,14508,5185,96.0,96.0,81.0,86.0,mizoram,aizawl,14.0,8,27,0.0,27.0,7,0,7,0,29,0,4,0,77531.0,1.Christians,2.Hindus,3.Muslims,46.0
2009.0,73620,38776,34844,34.78,899.0,64.74,70.9,57.81,34093,26188,7905,39527,38410,32877,1910,139.0,139.0,27.0,134.0,mizoram,lawngtlai,3.0,2,5,0.0,5.0,0,0,0,0,0,0,0,0,73620.0,1.Buddhists,2.Christians,3.Hindus,24.0
2009.0,137223,71402,65821,23.1,922.0,84.17,87.44,80.6,71792,60870,10922,65431,109204,22429,4612,160.0,160.0,101.0,130.0,mizoram,lunglei,1.0,0,12,0.0,12.0,1,0,1,0,8,1,0,0,79267.0,1.Christians,2.Buddhists,3.Hindus,55.0
2009.0,310084,162251,147833,49.96,911.0,74.54,80.3,68.15,135023,114456,20567,175061,278844,21950,5457,180.0,179.0,148.0,164.0,nagaland,kohima,8.0,3,6,0.0,6.0,12,4,8,0,0,0,0,0,233054.0,1.Christians,2.Hindus,3.Others,82.0
2009.0,232085,120929,111156,43.48,919.0,83.92,86.03,81.61,109260,82160,27100,122825,219282,10433,2128,102.0,101.0,97.0,99.0,nagaland,mokokchung,3.0,5,0,0.0,0.0,1,0,1,0,0,0,0,0,200871.0,1.Christians,2.Hindus,3.Muslims,82.0
2009.0,260652,138753,121899,73.42,879.0,41.83,46.56,36.35,130848,108206,22642,129804,248684,9963,1748,110.0,110.0,102.0,107.0,nagaland,mon,4.0,2,0,0.0,0.0,0,0,0,0,0,0,0,0,244062.0,1.Christians,2.Hindus,3.Muslims,69.0
2009.0,148195,77141,71054,45.12,921.0,70.65,78.37,62.26,71398,57454,13944,76797,143048,4095,517,104.0,104.0,102.0,102.0,nagaland,phek,2.0,8,0,0.0,0.0,0,0,0,0,1,0,0,0,135331.0,1.Christians,2.Hindus,3.Muslims,54.0
2009.0,414818,218678,196140,78.1,897.0,50.64,55.12,45.58,184924,156950,27974,229894,406287,6856,1329,251.0,251.0,238.0,230.0,nagaland,tuensang,0.0,1,1,0.0,1.0,1,0,1,0,1,0,0,0,385046.0,1.Christians,2.Hindus,3.Muslims,123.0
2009.0,161223,83670,77553,95.01,927.0,80.55,85.35,75.32,56254,49679,6575,104969,155009,4787,1209,128.0,128.0,105.0,104.0,nagaland,wokha,6.0,3,3,0.0,3.0,0,0,0,0,1,0,0,0,123587.0,1.Christians,2.Hindus,3.Muslims,67.0
2009.0,153955,79056,74899,61.0,947.0,69.28,73.74,64.57,56783,47491,9292,97172,150097,3193,492,187.0,186.0,187.0,178.0,nagaland,zunheboto,1.0,1,3,0.0,3.0,2,2,0,0,0,0,0,0,130874.0,1.Christians,2.Hindus,3.Muslims,57.0
2009.0,3096077,1650589,1445488,22.72,876.0,67.27,72.61,61.26,1112200,938100,174100,1983877,2383575,648284,51948,1185.0,1151.0,1185.0,1114.0,punjab,amritsar,54.0,64,15,0.0,15.0,46,37,9,7,15,6,85,0,1872802.0,1.Sikhs,2.Hindus,3.Christians,696.0
2009.0,550892,292596,258296,21.42,883.0,61.95,68.15,55.03,209754,181873,27881,341138,427104,119702,1739,163.0,163.0,163.0,160.0,punjab,faridkot,24.0,25,17,0.0,17.0,7,6,1,3,9,0,21,0,357321.0,1.Sikhs,2.Hindus,3.Muslims,107.0
2009.0,2104011,1113077,990934,19.33,890.0,73.77,79.78,67.15,700557,568322,132235,1403454,996246,934963,148981,1532.0,1531.0,1532.0,1375.0,punjab,gurdaspur,31.0,32,14,0.0,14.0,32,26,6,2,12,0,40,0,1568788.0,1.Hindus,2.Sikhs,3.Christians,517.0
2009.0,1480736,765132,715604,13.81,935.0,81.02,86.45,75.32,513351,415123,98228,967385,871923,574862,15394,1386.0,1386.0,1386.0,1232.0,punjab,hoshiarpur,39.0,59,37,0.0,37.0,31,24,7,9,12,1,57,0,1188662.0,1.Hindus,2.Sikhs,3.Muslims,382.0
2009.0,1962700,1040177,922523,18.4,887.0,78.04,82.49,73.08,676835,599324,77511,1285865,1158868,740841,22106,934.0,934.0,934.0,832.0,punjab,jalandhar,58.0,133,35,0.0,35.0,96,71,25,13,61,0,140,0,1030717.0,1.Hindus,2.Sikhs,3.Christians,598.0
2009.0,754521,399623,354898,16.34,888.0,73.93,79.02,68.29,262741,231222,31519,491780,448654,286438,7740,618.0,618.0,618.0,478.0,punjab,kapurthala,25.0,47,21,0.0,21.0,20,14,6,3,5,0,23,0,507994.0,1.Sikhs,2.Hindus,3.Buddhists,359.0
2009.0,3032831,1662716,1370115,24.79,824.0,76.5,80.25,71.95,1149638,1041517,108121,1883193,1744446,1205128,52220,897.0,897.0,897.0,842.0,punjab,ludhiana,68.0,101,39,0.0,39.0,95,70,25,10,31,9,92,0,1339178.0,1.Sikhs,2.Hindus,3.Muslims,550.0
2009.0,1844934,987390,857544,20.31,868.0,69.78,75.88,62.86,681951,589015,92936,1162983,1024546,778427,34828,1054.0,1053.0,1054.0,986.0,punjab,patiala,45.0,61,28,0.0,28.0,56,46,10,12,20,0,152,0,1200224.0,1.Sikhs,2.Hindus,3.Muslims,172.0
2009.0,2000173,1069289,930884,18.57,871.0,59.98,65.81,53.38,814098,714076,100022,1186075,1400149,434873,157838,697.0,697.0,697.0,684.0,punjab,sangrur,34.0,46,25,0.0,25.0,26,12,14,9,6,2,60,0,1415354.0,1.Sikhs,2.Hindus,3.Muslims,291.0
2009.0,2181670,1129920,1051750,26.1,931.0,64.65,79.37,48.86,856809,690818,165991,1324861,1869044,244341,47812,1025.0,1025.0,966.0,970.0,rajasthan,ajmer,42.0,44,47,0.0,47.0,93,69,24,17,64,1,546,0,1306994.0,1.Hindus,2.Muslims,3.Jains,352.0
2009.0,2992592,1586752,1405840,30.23,886.0,61.74,78.09,43.28,1458686,947587,511099,1533906,2535155,383204,55530,1954.0,1954.0,1843.0,1811.0,rajasthan,alwar,103.0,77,101,0.0,101.0,184,128,56,35,139,0,516,0,2557653.0,1.Hindus,2.Muslims,3.Sikhs,553.0
2009.0,1501589,760686,740903,29.84,974.0,44.63,60.45,28.43,709412,529393,180019,792177,1425287,39079,18406,1476.0,1476.0,853.0,1348.0,rajasthan,banswara,33.0,12,40,0.0,40.0,53,49,4,3,43,0,143,0,1394226.0,1.Hindus,2.Muslims,3.Jains,450.0
2009.0,1964835,1038247,926588,36.83,892.0,58.99,72.76,43.45,919729,680208,239521,1045106,1695047,231918,35744,1933.0,1933.0,948.0,1777.0,rajasthan,barmer,21.0,29,31,0.0,31.0,29,29,0,14,96,0,150,0,1819431.0,1.Hindus,2.Muslims,3.Jains,433.0
2009.0,2101142,1133425,967717,27.05,854.0,63.57,80.54,43.56,852913,573547,279366,1248229,1804599,264709,23472,1366.0,1365.0,1238.0,1298.0,rajasthan,bharatpur,71.0,78,82,0.0,82.0,188,131,57,35,39,0,437,0,1692182.0,1.Hindus,2.Muslims,3.Sikhs,481.0
2009.0,2013789,1026650,987139,26.14,962.0,50.74,67.39,33.48,939848,764916,174932,1073941,1859972,112802,37659,1693.0,1693.0,1553.0,1516.0,rajasthan,bhilwara,36.0,42,52,0.0,52.0,109,87,22,7,97,0,518,0,1598938.0,1.Hindus,2.Muslims,3.Jains,473.0
2009.0,1674271,886075,788196,38.18,890.0,56.91,70.05,42.03,661457,522482,138975,1012814,1445088,172372,31235,712.0,686.0,485.0,611.0,rajasthan,bikaner,41.0,77,37,0.0,37.0,38,36,2,11,83,0,353,0,1079235.0,1.Hindus,2.Muslims,3.Jains,173.0
2009.0,962620,504818,457802,24.8,907.0,55.57,71.68,37.79,456937,305977,150960,505683,881956,56220,13186,839.0,838.0,733.0,764.0,rajasthan,bundi,24.0,86,37,0.0,37.0,115,93,22,5,138,0,270,0,783058.0,1.Hindus,2.Muslims,3.Jains,178.0
2009.0,1923878,987781,936097,24.6,948.0,66.81,79.69,53.35,853899,587431,266468,1069979,1698106,210446,13882,946.0,925.0,877.0,909.0,rajasthan,churu,32.0,26,33,0.0,33.0,45,22,23,11,19,0,296,0,1387682.0,1.Hindus,2.Muslims,3.Jains,423.0
2009.0,1107643,547791,559852,26.58,1022.0,48.57,66.04,31.77,531376,272283,259093,576267,1068319,23549,12542,854.0,853.0,723.0,819.0,rajasthan,dungarpur,29.0,15,29,0.0,29.0,43,36,7,11,47,0,97,0,1026787.0,1.Hindus,2.Muslims,3.Jains,368.0
2009.0,1789423,955378,834045,27.53,873.0,64.74,75.53,52.44,719792,552559,167233,1069631,1299812,441409,42442,2830.0,2820.0,1817.0,1653.0,rajasthan,ganganagar,67.0,66,89,0.0,89.0,63,56,7,13,61,1,646,0,1336066.0,1.Hindus,2.Sikhs,3.Muslims,654.0
2009.0,508247,279101,229146,47.45,821.0,50.97,66.26,32.05,211687,153139,58548,296560,383638,120174,2086,600.0,576.0,183.0,473.0,rajasthan,jaisalmer,8.0,3,5,0.0,5.0,13,9,4,5,18,0,23,0,431853.0,1.Hindus,2.Muslims,3.Sikhs,144.0
2009.0,1180323,612804,567519,23.34,926.0,57.32,73.31,40.02,554781,399386,155395,625542,1087934,78962,11759,1477.0,1476.0,1185.0,1173.0,rajasthan,jhalawar,47.0,50,55,0.0,55.0,58,45,13,7,215,3,379,0,1012081.0,1.Hindus,2.Muslims,3.Jains,214.0
2009.0,2775058,1424967,1350091,29.33,947.0,57.28,74.1,39.67,1129514,844039,285475,1645544,2399173,356405,17478,1480.0,1466.0,1417.0,1417.0,rajasthan,nagaur,42.0,44,53,0.0,53.0,89,76,13,6,117,0,302,0,2297721.0,1.Hindus,2.Muslims,3.Jains,580.0
2009.0,1820251,918856,901395,22.39,981.0,54.39,72.2,36.48,724883,518158,206725,1095368,1677038,114088,25599,936.0,936.0,883.0,906.0,rajasthan,pali,48.0,37,48,0.0,48.0,101,92,9,8,77,4,403,0,1429364.0,1.Hindus,2.Muslims,3.Jains,451.0
2009.0,2287788,1172753,1115035,24.11,951.0,70.47,84.34,56.11,887915,633421,254494,1399873,2019396,261714,4957,986.0,985.0,965.0,945.0,rajasthan,sikar,55.0,28,36,0.0,36.0,84,59,25,21,18,0,323,0,1815250.0,1.Hindus,2.Muslims,3.Jains,470.0
2009.0,851107,437949,413158,30.08,943.0,53.94,69.89,37.15,343905,245762,98143,507202,810765,25439,12427,455.0,454.0,399.0,423.0,rajasthan,sirohi,27.0,29,18,0.0,18.0,28,25,3,4,64,1,132,0,700217.0,1.Hindus,2.Muslims,3.Jains,201.0
2009.0,1211671,626436,585235,24.24,934.0,51.97,70.52,32.15,532682,425230,107452,678989,1062365,124440,23644,1032.0,1031.0,818.0,887.0,rajasthan,tonk,16.0,29,20,0.0,20.0,47,42,5,4,26,0,252,0,958503.0,1.Hindus,2.Muslims,3.Jains,246.0
2009.0,2633312,1336004,1297308,27.37,971.0,58.62,73.62,43.26,1100880,724120,376760,1532432,2449773,88262,83699,2339.0,2337.0,1647.0,2030.0,rajasthan,udaipur,72.0,71,109,0.0,109.0,180,156,24,15,159,4,353,0,2142995.0,1.Hindus,2.Muslims,3.Jains,619.0
2009.0,245040,132917,112123,37.17,844.0,74.67,81.2,66.8,116529,92577,23952,128511,157321,64729,14502,131.0,131.0,125.0,112.0,sikkim,east,7.0,4,5,0.0,5.0,2,2,0,0,4,0,4,0,192188.0,1.Hindus,2.Buddhists,3.Christians,100.0
2009.0,41030,23414,17616,31.32,752.0,67.21,75.69,55.39,23542,17553,5989,17488,22603,16128,1623,53.0,53.0,46.0,42.0,sikkim,north,2.0,0,0,0.0,0.0,0,0,0,0,0,0,0,0,39782.0,1.Buddhists,2.Hindus,3.Christians,44.0
2009.0,131525,68241,63284,33.37,927.0,67.31,74.29,59.72,69693,57367,12326,61832,84213,31109,12757,145.0,145.0,142.0,131.0,sikkim,south,5.0,3,8,0.0,8.0,2,2,0,0,5,0,1,0,127579.0,1.Hindus,2.Buddhists,3.Christians,99.0
2009.0,123256,63912,59344,25.48,929.0,58.8,66.82,50.11,53279,45407,7872,69977,71886,33601,9567,121.0,121.0,115.0,107.0,sikkim,west,5.0,0,5,0.0,5.0,2,2,0,0,1,0,1,0,121432.0,1.Hindus,2.Buddhists,3.Others,86.0
2009.0,307868,159095,148773,10.79,935.0,60.93,70.17,50.99,126761,92570,34191,181107,257834,28180,14848,148.0,148.0,108.0,138.0,tripura,dhalai,20.0,4,18,0.0,18.0,9,4,5,1,16,0,47,0,289001.0,1.Hindus,2.Buddhists,3.Christians,58.0
2009.0,900635,506938,393697,40.33,777.0,81.94,86.14,76.47,340422,328989,11433,560213,707978,145175,35548,23.0,23.0,23.0,18.0,chandigarh,chandigarh,22.0,18,29,0.0,29.0,40,36,4,2,26,2,51,0,92120.0,1.Hindus,2.Sikhs,3.Muslims,18.0
2010.0,1647201,848578,798623,18.53,941.0,56.24,64.83,47.07,517088,408537,108551,1130113,977943,662066,5267,1050.0,1050.0,775.0,967.0,assam,barpeta,52.0,15,109,0.0,109.0,177,155,22,12,65,0,197,0,1520333.0,1.Hindus,2.Muslims,3.Christians,430.0
2010.0,904835,465240,439595,12.23,945.0,59.33,67.67,50.44,293243,233087,60156,611592,535464,348573,18728,881.0,881.0,607.0,805.0,assam,bongaigaon,27.0,15,51,0.0,51.0,74,65,9,14,46,0,222,0,795053.0,1.Hindus,2.Muslims,3.Christians,112.0
2010.0,1444921,743042,701879,18.66,945.0,67.82,75.73,59.41,465734,364814,100920,979187,886761,522051,31306,1020.0,1020.0,741.0,902.0,assam,cachar,54.0,6,73,0.0,73.0,173,153,20,15,10,0,504,0,1243534.0,1.Hindus,2.Muslims,3.Christians,134.0
2010.0,1504320,773861,730459,15.79,944.0,55.44,63.91,46.4,527993,404428,123565,976327,868532,534658,97306,1319.0,1319.0,1032.0,1246.0,assam,darrang,27.0,7,97,0.0,97.0,139,123,16,4,225,0,378,0,1429492.0,1.Hindus,2.Muslims,3.Christians,356.0
2010.0,571944,294643,277301,18.93,941.0,64.48,74.41,53.86,250146,155431,94715,321798,548780,10533,6390,1236.0,1236.0,253.0,1068.0,assam,dhemaji,20.0,14,75,0.0,75.0,78,76,2,5,40,0,122,0,533112.0,1.Hindus,2.Muslims,3.Christians,83.0
2010.0,1637344,841044,796300,23.42,947.0,48.21,55.91,40.04,470360,399201,71159,1166984,1216455,405065,12477,1261.0,1261.0,904.0,1138.0,assam,dhubri,45.0,18,181,2.0,179.0,241,224,17,16,250,7,719,0,1444901.0,1.Hindus,2.Muslims,3.Christians,374.0
2010.0,1185072,613555,571517,12.43,931.0,68.96,77.3,59.95,472419,342708,129711,712653,1075878,53306,45040,1309.0,1309.0,1195.0,1169.0,assam,dibrugarh,85.0,0,54,0.0,54.0,136,31,105,6,51,0,152,0,956634.0,1.Hindus,2.Muslims,3.Christians,263.0
2010.0,822035,420251,401784,23.07,956.0,58.03,64.86,50.85,273925,209928,63997,548110,441516,314157,64662,761.0,761.0,689.0,723.0,assam,goalpara,31.0,0,119,0.0,119.0,121,117,4,4,10,0,263,0,755133.0,1.Hindus,2.Muslims,3.Christians,243.0
2010.0,946279,490286,455993,14.21,930.0,69.38,77.14,60.99,388640,269896,118744,557639,813263,74808,52277,1066.0,1066.0,595.0,769.0,assam,golaghat,52.0,21,40,0.0,40.0,86,84,2,9,33,0,148,0,865141.0,1.Hindus,2.Muslims,3.Christians,87.0
2010.0,542872,280513,262359,20.92,935.0,59.64,68.24,50.46,179881,138216,41665,362991,312849,223191,5424,327.0,327.0,268.0,308.0,assam,hailakandi,22.0,3,72,0.0,72.0,74,54,20,3,16,0,129,0,498787.0,1.Hindus,2.Muslims,3.Christians,110.0
2010.0,999221,517015,482206,15.84,933.0,76.34,83.62,68.49,414348,285092,129256,584873,927858,47658,18610,787.0,787.0,650.0,717.0,assam,jorhat,50.0,6,51,0.0,51.0,68,51,17,0,60,0,163,0,827901.0,1.Hindus,2.Muslims,3.Christians,215.0
2010.0,2522324,1326981,1195343,25.75,901.0,74.16,81.16,66.31,842253,697810,144443,1680071,1836153,625002,44257,1342.0,1342.0,1042.0,1190.0,assam,kamrup,38.0,21,51,0.0,51.0,120,111,9,5,69,0,159,0,1614107.0,1.Hindus,2.Muslims,3.Christians,468.0
2010.0,1007976,517680,490296,21.35,947.0,66.24,74.69,57.28,303294,235016,68278,704682,527214,470708,8746,915.0,915.0,639.0,865.0,assam,karimganj,38.0,6,36,0.0,36.0,54,47,7,10,7,0,141,0,934126.0,1.Hindus,2.Muslims,3.Christians,224.0
2010.0,905764,466191,439573,15.05,943.0,51.63,60.32,42.4,334849,234771,100078,570915,594168,184441,124270,951.0,951.0,704.0,906.0,assam,kokrajhar,43.0,28,30,0.0,30.0,78,58,20,1,3,0,86,0,841823.0,1.Hindus,2.Muslims,3.Christians,211.0
2010.0,889010,455691,433319,18.34,951.0,68.56,77.06,59.59,497745,288052,209693,391265,702881,143505,36667,1139.0,1139.0,680.0,1046.0,assam,lakhimpur,45.0,17,39,0.0,39.0,128,109,19,0,60,0,229,0,823857.0,1.Hindus,2.Muslims,3.Christians,211.0
2010.0,2314629,1190950,1123679,22.3,944.0,61.73,68.27,54.74,727641,566195,161446,1586988,1180267,1106354,21473,1375.0,1374.0,1190.0,1257.0,assam,nagaon,83.0,67,148,3.0,145.0,302,293,9,15,18,9,769,0,2036342.0,1.Hindus,2.Muslims,3.Christians,480.0
2010.0,1148824,592375,556449,11.98,939.0,67.23,76.56,57.26,383932,291665,92267,764892,873749,253842,18495,798.0,798.0,733.0,769.0,assam,nalbari,24.0,17,24,0.0,24.0,56,51,5,0,75,0,51,0,1121338.0,1.Hindus,2.Muslims,3.Christians,179.0
2010.0,1051736,545476,506260,15.95,928.0,74.47,81.53,66.81,430523,287319,143204,621213,927706,85761,28488,866.0,866.0,772.0,825.0,assam,sibsagar,60.0,24,75,0.0,75.0,142,127,15,2,85,0,101,0,954557.0,1.Hindus,2.Muslims,3.Christians,317.0
2010.0,1681513,871568,809945,17.8,929.0,59.0,67.54,49.73,634723,465283,169440,1046790,1287646,268078,115623,1784.0,1784.0,1331.0,1372.0,assam,sonitpur,81.0,10,80,0.0,80.0,191,169,22,13,30,0,294,0,1505719.0,1.Hindus,2.Muslims,3.Christians,235.0
2010.0,1150062,601099,548963,19.52,913.0,60.95,70.15,50.78,466351,349847,116504,683711,1029142,62403,40000,1107.0,1107.0,871.0,936.0,assam,tinsukia,96.0,17,55,0.0,55.0,112,107,5,16,25,0,100,0,926105.0,1.Hindus,2.Muslims,3.Christians,198.0
2010.0,2158608,1128105,1030503,31.84,913.0,35.01,46.38,22.37,853445,657446,195999,1305163,1263766,887972,2504,713.0,713.0,129.0,552.0,bihar,araria,53.0,42,42,0.0,42.0,84,63,21,26,2,0,26,0,2026257.0,1.Hindus,2.Muslims,3.Jains,60.0
2010.0,2013055,1040945,972110,30.19,934.0,57.03,71.13,41.9,671011,476390,194621,1342044,1814612,196030,1161,1739.0,1739.0,527.0,1148.0,bihar,aurangabad,97.0,10,12,0.0,12.0,58,55,3,24,3,0,97,0,1842998.0,1.Hindus,2.Muslims,3.Religion not stated,270.0
2010.0,2349366,1228874,1120492,29.11,912.0,47.98,59.13,35.64,746075,571564,174511,1603291,2033039,313713,1224,729.0,729.0,457.0,503.0,bihar,begusarai,126.0,156,20,0.0,20.0,92,45,47,42,10,0,41,0,2241743.0,1.Hindus,2.Muslims,3.Religion not stated,167.0
2010.0,2423172,1291658,1131514,27.24,876.0,49.5,59.22,38.13,855345,580731,274614,1567827,1990976,423246,1853,935.0,935.0,445.0,642.0,bihar,bhagalpur,73.0,135,22,0.0,22.0,86,80,6,20,12,0,42,0,1970745.0,1.Hindus,2.Muslims,3.Christians,229.0
2010.0,2243144,1179611,1063533,24.58,902.0,58.96,74.29,41.8,653811,491916,161895,1589333,2076589,163193,913,999.0,999.0,247.0,885.0,bihar,bhojpur,111.0,36,15,0.0,15.0,72,55,17,50,3,0,181,0,1930730.0,1.Hindus,2.Muslims,3.Religion not stated,133.0
2010.0,3295789,1722189,1573600,30.85,914.0,44.33,56.72,30.78,1028558,761464,267094,2267231,2543284,748971,2245,1083.0,1083.0,490.0,850.0,bihar,darbhanga,59.0,167,18,0.0,18.0,97,87,10,23,68,0,151,2,3028441.0,1.Hindus,2.Muslims,3.Religion not stated,271.0
2010.0,3473428,1792163,1681265,30.19,938.0,50.45,63.27,36.66,1277639,994459,283180,2195789,3063841,403439,1622,2680.0,2680.0,539.0,1635.0,bihar,gaya,139.0,35,22,0.0,22.0,109,82,27,42,3,0,97,0,2997479.0,1.Hindus,2.Muslims,3.Religion not stated,278.0
2010.0,2152638,1075710,1076928,26.11,1001.0,47.48,62.96,32.16,641672,466811,174861,1510966,1784275,367219,850,1383.0,1383.0,439.0,866.0,bihar,gopalganj,76.0,53,18,0.0,18.0,109,85,24,48,0,0,125,0,2022048.0,1.Hindus,2.Muslims,3.Religion not stated,261.0
2010.0,1514315,784946,729369,28.64,929.0,55.26,70.07,39.37,580905,422789,158116,933410,1389053,124149,743,856.0,856.0,219.0,672.0,bihar,jehanabad,43.0,13,8,0.0,8.0,42,11,31,33,10,0,30,0,1402703.0,1.Hindus,2.Muslims,3.Religion not stated,123.0
2010.0,2392638,1246872,1145766,30.91,919.0,35.09,45.31,23.8,898326,664259,234067,1494312,1363523,1017495,4994,1290.0,1290.0,277.0,785.0,bihar,katihar,90.0,47,55,0.0,55.0,119,87,32,20,6,0,55,3,2174361.0,1.Hindus,2.Muslims,3.Christians,248.0
2010.0,1280354,679267,601087,29.32,885.0,41.35,51.82,29.35,467240,333262,133978,813114,1147346,131441,546,241.0,241.0,114.0,220.0,bihar,khagaria,63.0,104,5,0.0,5.0,36,28,8,22,14,0,20,0,1204027.0,1.Hindus,2.Muslims,3.Others,124.0
2010.0,1296348,669552,626796,31.5,936.0,31.09,42.71,18.63,417151,359819,57332,879197,876105,412995,2856,730.0,730.0,116.0,442.0,bihar,kishanganj,36.0,41,24,0.0,24.0,50,38,12,4,0,0,41,0,1167340.0,1.Muslims,2.Hindus,3.Christians,120.0
2010.0,1526646,797180,729466,29.45,915.0,36.07,48.8,22.11,683976,498367,185609,842670,1351978,173605,494,384.0,384.0,168.0,311.0,bihar,madhepura,54.0,81,11,0.0,11.0,61,52,9,13,9,0,25,0,1458679.0,1.Hindus,2.Muslims,3.Religion not stated,141.0
2010.0,3575281,1840997,1734284,26.08,942.0,41.97,56.79,26.25,1227723,877412,350311,2347558,2930501,641579,1477,1034.0,1034.0,437.0,901.0,bihar,madhubani,73.0,10,30,0.0,30.0,141,131,10,31,6,0,90,1,3450736.0,1.Hindus,2.Muslims,3.Religion not stated,232.0
2010.0,1137797,607730,530067,20.34,872.0,59.47,69.89,47.4,331451,233688,97763,806346,1045233,89791,1135,525.0,525.0,321.0,382.0,bihar,munger,82.0,98,11,0.0,11.0,80,68,12,14,3,0,43,0,819950.0,1.Hindus,2.Muslims,3.Christians,149.0
2010.0,3746714,1951466,1795248,26.74,920.0,47.95,59.1,35.81,1139830,895830,244000,2606884,3168225,573951,2104,1725.0,1725.0,1021.0,1423.0,bihar,muzaffarpur,148.0,11,52,0.0,52.0,229,187,42,64,7,0,56,0,3398361.0,1.Hindus,2.Muslims,3.Religion not stated,526.0
2010.0,2370528,1238599,1131929,18.64,914.0,53.19,66.44,38.58,903144,700007,203137,1467384,2191552,176871,888,1000.0,1000.0,366.0,879.0,bihar,nalanda,117.0,75,26,0.0,26.0,93,74,19,62,30,0,60,0,2016899.0,1.Hindus,2.Muslims,3.Religion not stated,198.0
2010.0,4718592,2519942,2198650,30.17,873.0,62.92,73.34,50.83,1425647,1161984,263663,3292945,4333556,366164,8951,1288.0,1288.0,615.0,1199.0,bihar,patna,304.0,20,50,0.0,50.0,283,148,135,95,12,3,316,0,2757060.0,1.Hindus,2.Muslims,3.Christians,390.0
2010.0,2450748,1283485,1167263,27.71,909.0,61.29,75.31,45.71,744183,544731,199452,1706565,2199049,246760,2549,1710.0,1710.0,493.0,1185.0,bihar,rohtas,132.0,82,27,0.0,27.0,115,95,20,45,49,11,31,0,2123942.0,1.Hindus,2.Muslims,3.Sikhs,153.0
2010.0,1508182,789432,718750,33.03,910.0,39.08,51.66,25.27,589467,411566,177901,918715,1289364,217922,437,441.0,441.0,127.0,374.0,bihar,saharsa,39.0,102,7,0.0,7.0,51,17,34,9,39,0,22,0,1383015.0,1.Hindus,2.Muslims,3.Christians,63.0
2010.0,3394793,1760692,1634101,25.63,928.0,45.13,57.59,31.67,1071974,843356,228618,2322819,3035755,355897,1432,1122.0,1122.0,674.0,878.0,bihar,samastipur,119.0,215,36,0.0,36.0,189,9,180,62,7,0,42,0,3271338.0,1.Hindus,2.Muslims,3.Religion not stated,195.0
2010.0,3248701,1652661,1596040,26.37,966.0,51.8,67.3,35.82,860940,644618,216322,2387761,2909213,337767,758,1566.0,1566.0,544.0,1213.0,bihar,saran,112.0,90,23,0.0,23.0,136,107,29,78,24,0,103,0,2950064.0,1.Hindus,2.Muslims,3.Religion not stated,342.0
2010.0,2682720,1417611,1265109,32.58,892.0,38.46,49.36,26.13,855156,714136,141020,1827564,2111476,568992,1237,802.0,802.0,302.0,709.0,bihar,sitamarhi,68.0,30,9,0.0,9.0,60,40,20,28,18,0,25,0,2529407.0,1.Hindus,2.Muslims,3.Religion not stated,216.0
2010.0,2714349,1336283,1378066,24.78,1031.0,51.65,67.26,36.88,730437,511578,218859,1983912,2218632,494176,899,1438.0,1438.0,441.0,1119.0,bihar,siwan,78.0,69,19,0.0,19.0,133,105,28,63,10,0,41,0,2564860.0,1.Hindus,2.Muslims,3.Religion not stated,254.0
2010.0,2718421,1415603,1302818,26.39,920.0,50.49,63.23,36.58,782717,624452,158265,1935704,2457636,259158,922,1414.0,1414.0,970.0,929.0,bihar,vaishali,128.0,45,30,0.0,30.0,197,145,52,74,15,0,57,0,2531766.0,1.Hindus,2.Muslims,3.Religion not stated,154.0
2010.0,1998355,1013875,984480,17.59,971.0,63.51,78.43,48.17,857577,630504,227073,1140778,1904580,45342,19325,1579.0,1545.0,1494.0,1426.0,chhattisgarh,bilaspur,106.0,49,69,0.0,69.0,38,26,12,20,167,18,130,0,1511661.0,1.Hindus,2.Muslims,3.Others,452.0
2010.0,2810436,1417893,1392543,16.88,982.0,75.62,86.43,64.64,1162833,965624,197209,1647603,2654202,70398,23399,1776.0,1762.0,1737.0,1698.0,chhattisgarh,durg,85.0,58,106,0.0,106.0,39,35,4,14,269,36,118,0,1738127.0,1.Hindus,2.Muslims,3.Sikhs,669.0
2010.0,1265529,634597,630932,18.68,994.0,70.16,82.7,57.62,601564,430725,170839,663965,1212180,36098,12637,1433.0,1410.0,1385.0,1350.0,chhattisgarh,raigarh,67.0,37,52,0.0,52.0,19,19,0,10,89,7,45,0,1096073.0,1.Hindus,2.Christians,3.Muslims,279.0
2010.0,3016930,1523925,1493005,18.97,980.0,68.51,81.97,54.81,1264663,961507,303156,1752267,2881933,77963,16857,2124.0,2101.0,1955.0,1987.0,chhattisgarh,raipur,102.0,86,136,0.0,136.0,49,39,10,7,268,33,125,2,2099312.0,1.Hindus,2.Muslims,3.Christians,696.0
2010.0,1283224,634342,648882,17.7,1023.0,77.21,87.17,67.55,649401,558996,90405,633823,1215492,28020,21035,1605.0,1595.0,1550.0,1484.0,chhattisgarh,rajnandgaon,47.0,39,43,0.0,43.0,18,15,3,9,72,5,41,0,1051577.0,1.Hindus,2.Buddhists,3.Muslims,343.0
2010.0,1393918,701593,692325,6.45,987.0,66.09,76.44,55.78,600819,470043,130776,793099,1307460,83077,2309,615.0,614.0,615.0,614.0,gujarat,amreli,19.0,5,10,0.0,10.0,65,61,4,0,25,9,162,0,1080960.0,1.Hindus,2.Muslims,3.Jains,383.0
2010.0,1856872,972000,884872,13.03,910.0,74.51,86.09,61.94,784711,617669,167042,1072161,1616127,199263,29461,350.0,350.0,350.0,350.0,gujarat,anand,24.0,8,15,0.0,15.0,45,39,6,0,27,3,190,0,1348901.0,1.Hindus,2.Muslims,3.Christians,301.0
2010.0,1370656,713676,656980,19.32,921.0,74.41,82.98,65.11,570693,469551,101142,799963,1059796,293459,8824,657.0,657.0,656.0,644.0,gujarat,bharuch,37.0,15,9,0.0,9.0,27,23,4,0,18,4,2,0,1018096.0,1.Hindus,2.Muslims,3.Christians,403.0
2010.0,2469630,1274920,1194710,19.29,937.0,66.2,78.02,53.73,944559,781166,163393,1525071,2264062,172740,28921,790.0,790.0,789.0,786.0,gujarat,bhavnagar,50.0,29,8,0.0,8.0,62,58,4,0,32,42,177,0,1534592.0,1.Hindus,2.Muslims,3.Jains,526.0
2010.0,1334455,697999,636456,23.88,912.0,76.59,87.74,64.58,554336,467413,86923,780119,1269766,50559,7769,291.0,291.0,291.0,290.0,gujarat,gandhinagar,16.0,9,13,0.0,13.0,29,27,2,1,11,4,152,0,867195.0,1.Hindus,2.Muslims,3.Jains,244.0
2010.0,1904278,981320,922958,22.39,941.0,66.48,76.25,56.18,734382,624057,110325,1169896,1605941,270223,21907,698.0,695.0,666.0,666.0,gujarat,jamnagar,44.0,26,14,0.0,14.0,32,25,7,0,27,2,232,0,1068022.0,1.Hindus,2.Muslims,3.Jains,286.0
2010.0,2448173,1252350,1195823,17.08,955.0,67.78,78.74,56.43,1000842,785530,215312,1447331,2165734,274481,4291,923.0,922.0,901.0,858.0,gujarat,junagadh,48.0,19,19,0.0,19.0,68,63,5,0,37,8,443,0,1736645.0,1.Hindus,2.Muslims,3.Jains,803.0
2010.0,514404,263986,250418,14.4,949.0,59.86,72.44,46.61,259116,176372,82744,255288,482552,20429,5122,552.0,552.0,530.0,515.0,gujarat,narmada,17.0,2,7,0.0,7.0,4,4,0,0,8,0,5,0,462298.0,1.Hindus,2.Muslims,3.Christians,324.0
2010.0,1229463,628988,600475,13.22,955.0,75.83,82.77,68.61,545215,457002,88213,684248,1135525,69972,13575,374.0,374.0,374.0,368.0,gujarat,navsari,22.0,2,6,0.0,6.0,19,15,4,0,5,1,34,0,893110.0,1.Hindus,2.Muslims,3.Jains,268.0
2010.0,1182709,612100,570609,14.08,932.0,60.36,73.63,46.33,533078,395470,137608,649631,1057013,119748,5136,517.0,516.0,517.0,514.0,gujarat,patan,11.0,9,11,0.0,11.0,38,37,1,0,32,1,101,0,944281.0,1.Hindus,2.Muslims,3.Jains,265.0
2010.0,536835,275821,261014,14.35,946.0,68.62,78.36,58.42,215134,173594,41540,321701,507176,28404,589,182.0,182.0,155.0,156.0,gujarat,porbandar,9.0,7,2,0.0,2.0,12,9,3,1,4,3,69,0,275460.0,1.Hindus,2.Muslims,3.Jains,130.0
2010.0,1515148,787650,727498,25.34,924.0,61.61,74.19,48.1,647609,512038,135571,867539,1392451,97846,22721,650.0,649.0,650.0,648.0,gujarat,surendranagar,24.0,12,29,0.0,29.0,29,27,2,0,36,2,113,0,1112700.0,1.Hindus,2.Muslims,3.Jains,170.0
2010.0,1410553,734799,675754,29.66,920.0,69.15,77.9,59.62,650257,503333,146924,760296,1300005,66440,15399,450.0,450.0,425.0,449.0,gujarat,valsad,29.0,10,11,0.0,11.0,14,8,6,0,4,0,15,0,1029392.0,1.Hindus,2.Muslims,3.Christians,303.0
2010.0,1014411,542977,471434,25.69,868.0,75.31,82.31,67.39,324521,275648,48873,689890,856193,132463,17263,482.0,482.0,479.0,432.0,haryana,ambala,35.0,30,30,0.0,30.0,33,23,10,9,20,14,220,0,657383.0,1.Hindus,2.Sikhs,3.Muslims,204.0
2010.0,1425022,758253,666769,22.45,879.0,67.45,80.26,53.0,609320,425210,184110,815702,1407363,12740,2542,437.0,437.0,437.0,429.0,haryana,bhiwani,61.0,38,30,0.0,30.0,52,36,16,22,45,15,64,0,1154629.0,1.Hindus,2.Muslims,3.Sikhs,252.0
2010.0,2194586,1193063,1001523,48.47,839.0,70.03,81.52,56.31,785762,609663,176099,1408824,1896698,247293,36005,413.0,413.0,413.0,376.0,haryana,faridabad,70.0,49,51,0.0,51.0,102,86,16,23,27,78,224,0,973242.0,1.Hindus,2.Muslims,3.Sikhs,188.0
2010.0,1660289,886451,773838,44.64,873.0,62.91,76.17,47.78,629658,464644,165014,1030631,1026542,617918,6672,694.0,694.0,693.0,642.0,haryana,gurgaon,84.0,59,45,0.0,45.0,58,42,16,22,30,38,86,0,1291285.0,1.Hindus,2.Muslims,3.Sikhs,203.0
2010.0,1189827,642282,547545,21.35,852.0,62.12,73.82,48.51,521946,372049,149897,667881,1134539,29159,20618,306.0,306.0,306.0,300.0,haryana,jind,53.0,40,29,0.0,29.0,35,26,9,17,27,20,88,0,948250.0,1.Hindus,2.Sikhs,3.Muslims,247.0
2010.0,946131,510513,435618,20.95,853.0,59.02,69.15,47.31,372011,268127,103884,574120,848765,88700,6777,270.0,270.0,270.0,261.0,haryana,kaithal,30.0,24,28,0.0,28.0,27,20,7,11,15,0,112,0,762649.0,1.Hindus,2.Sikhs,3.Muslims,160.0
2010.0,1274183,683368,590815,23.13,865.0,67.74,76.29,57.97,455455,355466,99989,818728,1125279,123160,22614,422.0,422.0,422.0,385.0,haryana,karnal,49.0,50,52,0.0,52.0,33,20,13,21,29,22,231,0,936341.0,1.Hindus,2.Sikhs,3.Muslims,186.0
2010.0,825454,442328,383126,23.72,866.0,69.88,78.06,60.61,308392,250596,57796,517062,675381,135545,12028,407.0,402.0,406.0,385.0,haryana,kurukshetra,34.0,21,36,0.0,36.0,34,26,8,13,9,24,79,0,609943.0,1.Hindus,2.Sikhs,3.Muslims,179.0
2010.0,812521,423578,388943,19.09,918.0,69.89,84.72,54.08,351864,204704,147160,460657,805991,3434,2026,368.0,368.0,368.0,350.0,haryana,mahendragarh,31.0,19,28,0.0,28.0,40,36,4,7,25,0,86,0,702885.0,1.Hindus,2.Muslims,3.Sikhs,190.0
2010.0,967449,528860,438589,38.57,829.0,69.17,78.5,57.97,382801,289013,93788,584648,873593,59696,27437,179.0,179.0,179.0,168.0,haryana,panipat,32.0,31,55,0.0,55.0,65,49,16,13,22,30,175,0,575369.0,1.Hindus,2.Muslims,3.Sikhs,116.0
2010.0,765351,403034,362317,25.24,899.0,75.25,88.45,60.83,333622,204855,128767,431729,758328,3194,1668,397.0,397.0,397.0,379.0,haryana,rewari,29.0,29,25,0.0,25.0,33,24,9,14,16,27,71,0,629177.0,1.Hindus,2.Muslims,3.Sikhs,175.0
2010.0,940128,509038,431090,20.99,847.0,73.72,83.23,62.59,371073,288225,82848,569055,924541,5665,5079,146.0,146.0,146.0,130.0,haryana,rohtak,72.0,53,51,0.0,51.0,32,19,13,17,26,57,87,0,610524.0,1.Hindus,2.Muslims,3.Sikhs,118.0
2010.0,1116649,593245,523404,22.96,882.0,60.55,70.05,49.93,475571,363946,111625,641078,801747,302942,7056,321.0,321.0,318.0,312.0,haryana,sirsa,45.0,33,39,0.0,39.0,47,30,17,8,9,0,125,0,823184.0,1.Hindus,2.Sikhs,3.Muslims,197.0
2010.0,1279175,695723,583452,22.36,839.0,72.79,83.06,60.68,523031,383449,139582,756144,1234225,31954,6729,323.0,323.0,323.0,316.0,haryana,sonipat,81.0,66,27,0.0,27.0,75,56,19,26,32,36,123,0,957800.0,1.Hindus,2.Muslims,3.Jains,248.0
2010.0,1041630,559444,482186,21.84,862.0,71.63,78.82,63.39,336533,280728,55805,705097,849255,104073,83524,613.0,613.0,607.0,483.0,haryana,yamunanagar,28.0,47,32,0.0,32.0,42,35,7,6,20,13,155,0,648608.0,1.Hindus,2.Muslims,3.Sikhs,248.0
2010.0,1165390,608878,556512,24.46,914.0,50.09,66.38,31.99,432714,283711,149003,732676,910409,221705,27263,2356.0,2356.0,289.0,768.0,jharkhand,deoghar,58.0,17,33,0.0,33.0,28,17,11,19,7,2,21,0,1005539.0,1.Hindus,2.Muslims,3.Others,94.0
2010.0,2397102,1278946,1118156,22.82,874.0,67.0,79.54,52.43,664058,492501,171557,1733044,1944757,364807,61505,1121.0,1121.0,503.0,708.0,jharkhand,dhanbad,58.0,31,32,0.0,32.0,95,83,12,31,30,2,34,0,1141744.0,1.Hindus,2.Muslims,3.Others,154.0
2010.0,1759602,897364,862238,17.31,961.0,47.94,62.86,32.35,778378,470354,308024,981224,1323468,203741,170201,3737.0,3737.0,213.0,1732.0,jharkhand,dumka,57.0,16,52,0.0,52.0,38,27,11,6,8,0,46,0,1644690.0,1.Hindus,2.Muslims,3.Others,312.0
2010.0,1904430,960679,943751,27.09,982.0,44.5,62.09,26.62,644644,340925,303719,1259786,1475201,383253,30778,2532.0,2532.0,481.0,1232.0,jharkhand,giridih,59.0,55,37,0.0,37.0,58,18,40,39,9,4,63,0,1782066.0,1.Hindus,2.Muslims,3.Others,229.0
2010.0,1047939,544043,503896,21.61,926.0,43.13,57.52,27.39,421941,238694,183247,625998,745237,210734,68055,1633.0,1633.0,257.0,892.0,jharkhand,godda,57.0,104,26,0.0,26.0,42,25,17,7,25,0,11,0,1010931.0,1.Hindus,2.Muslims,3.Others,141.0
2010.0,1346767,675769,670998,16.6,993.0,51.74,63.5,39.95,658921,446953,211968,687846,440373,425107,419004,1393.0,1393.0,92.0,1015.0,jharkhand,gumla,153.0,66,57,0.0,57.0,44,41,3,2,8,0,7,1,1273025.0,1.Hindus,2.Christians,3.Others,365.0
2010.0,2277475,1167793,1109682,24.02,950.0,57.74,71.81,42.87,790049,532895,257154,1487426,1870586,337117,36789,1543.0,1543.0,413.0,962.0,jharkhand,hazaribagh,69.0,50,30,0.0,30.0,53,50,3,27,18,0,42,0,1748406.0,1.Hindus,2.Muslims,3.Others,147.0
2010.0,2098359,1084417,1013942,26.8,935.0,44.95,58.91,29.88,793658,444921,348737,1304701,1740948,242980,63100,2465.0,2465.0,410.0,1474.0,jharkhand,palamu,89.0,151,27,0.0,27.0,63,15,48,23,21,0,22,0,1973266.0,1.Hindus,2.Muslims,3.Others,349.0
2010.0,2785064,1436976,1348088,25.72,938.0,64.57,76.56,51.72,1076904,750962,325942,1708160,1399301,767672,348774,2052.0,2052.0,331.0,1343.0,jharkhand,ranchi,183.0,55,92,0.0,92.0,128,113,15,22,14,3,53,2,1807243.0,1.Hindus,2.Others,3.Muslims,377.0
2010.0,4214505,2150090,2064415,17.4,960.0,64.21,75.7,52.32,1877774,1537645,340129,2336731,3565153,440836,169466,1255.0,1254.0,1247.0,1240.0,karnataka,belgaum,124.0,106,42,0.0,42.0,62,44,18,10,222,8,273,0,3201814.0,1.Hindus,2.Muslims,3.Christians,740.0
2010.0,2027140,1029714,997426,22.3,969.0,57.4,69.2,45.28,920821,801369,119452,1106319,1739522,257806,13226,524.0,523.0,524.0,381.0,karnataka,bellary,58.0,40,12,0.0,12.0,20,15,5,13,80,0,99,0,1320290.0,1.Hindus,2.Muslims,3.Christians,260.0
2010.0,1502373,771022,731351,19.56,949.0,60.94,72.46,48.81,557603,424985,132618,944770,1020174,295762,122083,599.0,596.0,596.0,591.0,karnataka,bidar,41.0,39,8,0.0,8.0,26,19,7,6,26,1,88,0,1157498.0,1.Hindus,2.Muslims,3.Buddhists,293.0
2010.0,1806918,926424,880494,17.63,950.0,57.01,69.94,43.47,718213,551972,166241,1088705,1495080,294491,8356,660.0,659.0,657.0,626.0,karnataka,bijapur,59.0,49,13,0.0,13.0,43,27,16,5,58,0,160,0,1410829.0,1.Hindus,2.Muslims,3.Jains,392.0
2010.0,1517896,776221,741675,15.05,955.0,64.45,74.66,53.78,721835,576035,145800,796061,1388506,109412,8411,946.0,916.0,946.0,879.0,karnataka,chitradurga,40.0,34,26,0.0,26.0,39,38,1,7,158,0,99,0,1243658.0,1.Hindus,2.Muslims,3.Religion not stated,197.0
2010.0,1790952,917705,873247,14.78,952.0,67.43,76.37,58.04,783781,631726,152055,1007171,1532714,226708,10944,810.0,786.0,808.0,727.0,karnataka,davanagere,29.0,25,16,0.0,16.0,20,20,0,9,91,1,120,0,1247954.0,1.Hindus,2.Muslims,3.Religion not stated,278.0
2010.0,3130922,1592789,1538133,21.02,966.0,50.01,61.77,37.9,1350072,1010430,339642,1780850,2381497,551171,153619,1360.0,1327.0,1342.0,1337.0,karnataka,gulbarga,89.0,103,34,0.0,34.0,75,56,19,6,56,0,152,0,2278301.0,1.Hindus,2.Muslims,3.Buddhists,708.0
2010.0,1721669,859086,862583,9.66,1004.0,68.63,78.37,59.0,864711,702827,161884,856958,1587287,104730,15598,2394.0,2330.0,2341.0,1990.0,karnataka,hassan,61.0,83,23,0.0,23.0,34,25,9,14,134,0,180,0,1416996.0,1.Hindus,2.Muslims,3.Christians,482.0
2010.0,548561,274831,273730,11.64,996.0,77.99,83.7,72.26,266378,247574,18804,282183,450694,78466,17951,291.0,279.0,286.0,267.0,karnataka,kodagu,37.0,30,20,0.0,20.0,15,7,8,1,57,0,61,0,473179.0,1.Hindus,2.Muslims,3.Christians,138.0
2010.0,2536069,1286193,1249876,13.83,972.0,62.84,73.17,52.23,1235028,1014667,220361,1301041,2196660,298767,32547,2919.0,2797.0,2785.0,2342.0,karnataka,kolar,40.0,54,12,0.0,12.0,18,5,13,4,29,0,12,0,1910546.0,1.Hindus,2.Muslims,3.Christians,490.0
2010.0,1196089,603312,592777,24.57,983.0,54.1,68.42,39.61,554506,422208,132298,641583,1042294,137174,5395,594.0,590.0,594.0,560.0,karnataka,koppal,28.0,27,10,0.0,10.0,21,0,21,2,29,0,46,0,997797.0,1.Hindus,2.Muslims,3.Religion not stated,281.0
2010.0,1763705,888034,875671,7.14,986.0,61.05,70.5,51.53,840419,682440,157979,923286,1667640,69890,11093,1369.0,1330.0,1323.0,1185.0,karnataka,mandya,83.0,62,30,0.0,30.0,47,35,12,10,117,0,185,0,1480990.0,1.Hindus,2.Muslims,3.Buddhists,458.0
2010.0,1669762,841840,827922,21.93,983.0,48.81,61.52,35.93,732762,544347,188415,937000,1417051,228652,12390,830.0,806.0,796.0,306.0,karnataka,raichur,49.0,47,31,0.0,31.0,38,32,6,3,105,0,195,0,1248925.0,1.Hindus,2.Muslims,3.Christians,338.0
2010.0,1642545,830559,811986,12.9,978.0,74.52,82.01,66.88,714671,586832,127839,927874,1401087,200979,26474,1443.0,1415.0,1399.0,989.0,karnataka,shimoga,34.0,58,17,0.0,17.0,31,24,7,4,113,8,277,0,1071535.0,1.Hindus,2.Muslims,3.Christians,311.0
2010.0,2584711,1313801,1270910,11.87,967.0,67.01,76.78,56.94,1316939,1050291,266648,1267772,2349801,211732,7736,2574.0,2477.0,2573.0,2123.0,karnataka,tumkur,88.0,57,25,0.0,25.0,29,14,15,14,107,0,78,0,2077509.0,1.Hindus,2.Muslims,3.Christians,382.0
2010.0,1129221,566682,562539,6.96,993.0,88.69,92.33,85.02,487352,400699,86653,641869,566744,480108,81222,64.0,64.0,64.0,60.0,kerala,idukki,15.0,37,33,0.0,33.0,7,4,3,0,177,13,208,0,1071628.0,1.Hindus,2.Muslims,3.Christians,62.0
2010.0,2408956,1152817,1256139,7.13,1090.0,92.59,96.13,89.4,767197,626876,140321,1641759,1480748,665648,261019,78.0,78.0,78.0,78.0,kerala,kannur,26.0,19,23,0.0,23.0,11,6,5,0,131,9,300,0,1196058.0,1.Hindus,2.Muslims,3.Christians,78.0
2010.0,2585208,1249621,1335587,7.33,1069.0,91.18,94.43,88.18,828566,654823,173743,1756642,1685044,474071,423745,93.0,93.0,93.0,93.0,kerala,kollam,40.0,30,55,0.0,55.0,36,32,4,4,364,10,581,0,2119230.0,1.Hindus,2.Muslims,3.Christians,92.0
2010.0,1953646,964926,988720,6.76,1025.0,95.82,97.34,94.35,642157,539609,102548,1311489,963497,871371,116686,89.0,89.0,89.0,89.0,kerala,kottayam,17.0,23,46,0.0,46.0,11,7,4,0,236,66,257,0,1653838.0,1.Hindus,2.Muslims,3.Christians,88.0
2010.0,3625471,1754576,1870895,17.22,1066.0,89.61,93.25,86.26,874476,691848,182628,2750995,2484576,1057418,80650,122.0,122.0,122.0,122.0,kerala,malappuram,14.0,34,49,0.0,49.0,21,13,8,0,156,29,658,0,3269301.0,1.Hindus,2.Muslims,3.Christians,121.0
2010.0,2617482,1266985,1350497,9.86,1066.0,84.35,89.52,79.56,945052,768620,176432,1672430,1802766,703596,109249,144.0,144.0,144.0,141.0,kerala,palakkad,42.0,24,49,0.0,49.0,11,9,2,4,96,11,352,0,2260907.0,1.Hindus,2.Muslims,3.Christians,139.0
2010.0,1234016,589398,644618,3.72,1094.0,94.84,96.41,93.43,366049,285844,80205,867967,694560,481602,56457,65.0,65.0,65.0,64.0,kerala,pathanamthitta,19.0,13,29,0.0,29.0,11,10,1,2,132,51,124,0,1110218.0,1.Hindus,2.Muslims,3.Christians,63.0
2010.0,2974232,1422052,1552180,8.7,1092.0,92.27,95.11,89.71,955300,808965,146335,2018932,1761842,720152,488697,204.0,204.0,204.0,196.0,kerala,thrissur,30.0,37,49,0.0,49.0,16,9,7,1,205,39,400,0,2134799.0,1.Hindus,2.Muslims,3.Christians,194.0
2010.0,1630239,841253,788986,20.51,938.0,81.41,88.91,73.43,648243,582264,65979,981996,1024080,296272,293184,862.0,851.0,840.0,786.0,maharashtra,akola,46.0,66,25,0.0,25.0,25,23,2,12,100,55,149,0,1002742.0,1.Hindus,2.Muslims,3.Buddhists,212.0
2010.0,1136146,573445,562701,11.2,981.0,78.47,88.97,67.82,536885,365464,171421,599261,953507,144541,23324,778.0,772.0,774.0,716.0,maharashtra,bhandara,24.0,7,24,0.0,24.0,15,13,2,3,42,12,61,0,960418.0,1.Hindus,2.Buddhists,3.Muslims,442.0
2010.0,2071101,1062993,1008108,17.26,948.0,73.17,82.94,62.89,930791,683029,247762,1140310,1680113,274067,76050,1472.0,1462.0,1444.0,1359.0,maharashtra,chandrapur,56.0,29,43,0.0,43.0,21,16,5,7,117,116,147,0,1406034.0,1.Hindus,2.Buddhists,3.Muslims,318.0
2010.0,1707947,878372,829575,16.01,944.0,71.65,81.4,61.39,737941,573496,164445,970006,1522895,149466,14613,678.0,675.0,673.0,669.0,maharashtra,dhule,48.0,54,18,0.0,18.0,12,12,0,6,28,9,234,0,1262062.0,1.Hindus,2.Muslims,3.Buddhists,276.0
2010.0,970294,491101,479193,23.25,976.0,60.1,71.86,48.07,497104,336959,160145,473190,818640,78058,44825,1521.0,1509.0,1320.0,1279.0,maharashtra,gadchiroli,58.0,30,16,0.0,16.0,11,9,2,0,28,0,20,0,903033.0,1.Hindus,2.Buddhists,3.Others,369.0
2010.0,3682690,1905493,1777197,15.44,933.0,75.43,85.91,64.3,1563983,1300086,263897,2118707,3049368,455288,126136,1491.0,1491.0,1486.0,1470.0,maharashtra,jalgaon,94.0,71,49,0.0,49.0,41,32,9,11,143,41,425,0,2629896.0,1.Hindus,2.Muslims,3.Buddhists,934.0
2010.0,1612980,826903,786077,18.17,951.0,64.4,79.14,49.04,716900,611998,104902,896080,1255041,211531,121033,963.0,963.0,959.0,952.0,maharashtra,jalna,51.0,43,11,0.0,11.0,13,11,2,40,81,10,315,0,1305115.0,1.Hindus,2.Muslims,3.Buddhists,380.0
2010.0,3523162,1807470,1715692,17.59,949.0,76.93,87.47,66.02,1652970,1394882,258088,1870192,3077263,236875,147285,1196.0,1194.0,1190.0,1185.0,maharashtra,kolhapur,52.0,30,27,0.0,27.0,22,13,9,18,71,12,96,0,2472809.0,1.Hindus,2.Muslims,3.Jains,638.0
2010.0,2080285,1075257,1005028,23.95,935.0,71.54,82.94,59.4,840518,712849,127669,1239767,1700679,292996,74351,921.0,921.0,919.0,917.0,maharashtra,latur,65.0,41,28,0.0,28.0,31,31,0,3,85,3,229,0,1590024.0,1.Hindus,2.Muslims,3.Buddhists,409.0
2010.0,2876259,1481358,1394901,23.08,942.0,67.77,80.44,54.35,1202037,965087,236950,1674222,2162185,385081,302161,1546.0,1538.0,1531.0,1536.0,maharashtra,nanded,82.0,67,36,0.0,36.0,52,43,9,68,85,5,315,0,2187195.0,1.Hindus,2.Muslims,3.Buddhists,209.0
2010.0,1486586,769368,717218,15.35,932.0,69.02,80.42,56.89,653522,555202,98320,833064,1297858,151181,28356,729.0,729.0,727.0,726.0,maharashtra,osmanabad,44.0,31,28,0.0,28.0,29,23,6,2,74,11,161,0,1253330.0,1.Hindus,2.Muslims,3.Buddhists,400.0
2010.0,1527715,780191,747524,15.31,958.0,66.07,79.63,52.02,644752,559917,84835,882963,1121246,243935,153231,830.0,830.0,824.0,821.0,maharashtra,parbhani,41.0,49,20,0.0,20.0,36,21,15,5,54,6,209,0,1042529.0,1.Hindus,2.Muslims,3.Buddhists,386.0
2010.0,1696777,794498,902279,9.87,1136.0,75.05,85.89,65.77,763387,557613,205774,933390,1391137,175672,120855,1539.0,1538.0,1539.0,1484.0,maharashtra,ratnagiri,23.0,10,28,0.0,28.0,9,7,2,0,37,12,33,0,1504568.0,1.Hindus,2.Muslims,3.Buddhists,810.0
2010.0,2583524,1320088,1263436,17.59,957.0,76.62,86.26,66.73,1218655,952241,266414,1364869,2243478,203524,85160,721.0,721.0,721.0,719.0,maharashtra,sangli,61.0,33,49,0.0,49.0,26,10,16,18,67,10,84,0,1950306.0,1.Hindus,2.Muslims,3.Jains,567.0
2010.0,2808994,1408326,1400668,14.1,995.0,78.22,88.2,68.38,1303658,1044989,258669,1505336,2533359,128570,125661,1716.0,1716.0,1701.0,1680.0,maharashtra,satara,43.0,59,27,0.0,27.0,42,29,13,0,82,19,170,0,2410873.0,1.Hindus,2.Buddhists,3.Muslims,646.0
2010.0,868825,417890,450935,3.55,1079.0,80.3,90.26,71.23,404985,233827,171158,463840,802498,24320,23668,743.0,743.0,735.0,722.0,maharashtra,sindhudurg,14.0,7,9,0.0,9.0,5,4,1,0,10,12,11,0,786506.0,1.Hindus,2.Buddhists,3.Muslims,593.0
2010.0,1236736,638990,597746,15.3,935.0,80.06,87.18,72.45,550351,431330,119021,686385,1006235,169579,47605,1004.0,998.0,998.0,842.0,maharashtra,wardha,41.0,29,44,0.0,44.0,26,22,4,2,119,57,93,0,911695.0,1.Hindus,2.Buddhists,3.Muslims,392.0
2010.0,2458271,1265681,1192590,18.46,942.0,73.62,84.09,62.52,1118937,949453,169484,1339334,1999368,221793,196909,1856.0,1820.0,1795.0,1729.0,maharashtra,yavatmal,68.0,43,33,0.0,33.0,52,49,3,7,121,38,165,0,2001060.0,1.Hindus,2.Buddhists,3.Muslims,723.0
2010.0,208368,104550,103818,13.9,993.0,67.63,79.61,55.66,89703,55557,34146,118665,148903,38763,14194,48.0,48.0,46.0,47.0,manipur,bishnupur,14.0,28,6,0.0,6.0,20,12,8,0,7,0,4,0,133627.0,1.Hindus,2.Others,3.Muslims,28.0
2010.0,118327,59741,58586,72.8,981.0,56.23,64.34,47.98,54545,39935,14610,63782,109128,5701,2318,350.0,323.0,190.0,214.0,manipur,chandel,3.0,5,0,0.0,0.0,1,0,1,0,0,0,0,0,103365.0,1.Christians,2.Hindus,3.Muslims,25.0
2010.0,227905,117232,110673,29.81,944.0,70.59,77.67,63.06,99363,71933,27430,128542,213186,10538,2573,540.0,539.0,306.0,395.0,manipur,churachandpur,12.0,3,1,0.0,1.0,4,0,4,0,0,0,0,0,227905.0,1.Christians,2.Hindus,3.Muslims,66.0
2010.0,111499,58014,53485,29.23,922.0,59.25,68.72,48.95,50863,43353,7510,60636,105791,3187,1431,171.0,171.0,75.0,157.0,manipur,tamenglong,0.0,1,0,0.0,0.0,1,0,1,0,0,0,0,0,111499.0,1.Christians,2.Hindus,3.Muslims,42.0
2010.0,364140,182250,181890,24.62,998.0,66.41,80.43,52.46,177343,111486,65857,186797,221096,86849,50819,90.0,90.0,84.0,88.0,manipur,thoubal,18.0,43,9,0.0,9.0,37,25,12,0,8,0,8,0,232868.0,1.Hindus,2.Muslims,3.Others,36.0
2010.0,140778,73465,67313,28.98,916.0,73.12,80.13,65.41,66515,51564,14951,74263,133966,5687,881,198.0,198.0,154.0,188.0,manipur,ukhrul,3.0,5,1,0.0,1.0,0,0,0,0,0,0,0,0,140778.0,1.Christians,2.Hindus,3.Muslims,47.0
2010.0,325676,166877,158799,39.24,952.0,96.51,96.75,96.26,162961,125328,37633,162715,303893,14508,5185,96.0,96.0,81.0,86.0,mizoram,aizawl,23.0,10,34,0.0,34.0,3,0,3,0,42,0,2,0,77531.0,1.Christians,2.Hindus,3.Muslims,46.0
2010.0,73620,38776,34844,34.78,899.0,64.74,70.9,57.81,34093,26188,7905,39527,38410,32877,1910,139.0,139.0,27.0,134.0,mizoram,lawngtlai,7.0,1,6,0.0,6.0,1,0,1,0,2,0,0,0,73620.0,1.Buddhists,2.Christians,3.Hindus,24.0
2010.0,137223,71402,65821,23.1,922.0,84.17,87.44,80.6,71792,60870,10922,65431,109204,22429,4612,160.0,160.0,101.0,130.0,mizoram,lunglei,3.0,4,9,0.0,9.0,0,0,0,0,10,0,0,0,79267.0,1.Christians,2.Buddhists,3.Hindus,55.0
2010.0,310084,162251,147833,49.96,911.0,74.54,80.3,68.15,135023,114456,20567,175061,278844,21950,5457,180.0,179.0,148.0,164.0,nagaland,kohima,7.0,6,3,0.0,3.0,6,0,6,0,1,0,0,0,233054.0,1.Christians,2.Hindus,3.Others,82.0
2010.0,232085,120929,111156,43.48,919.0,83.92,86.03,81.61,109260,82160,27100,122825,219282,10433,2128,102.0,101.0,97.0,99.0,nagaland,mokokchung,2.0,4,2,0.0,2.0,1,0,1,0,1,0,0,0,200871.0,1.Christians,2.Hindus,3.Muslims,82.0
2010.0,260652,138753,121899,73.42,879.0,41.83,46.56,36.35,130848,108206,22642,129804,248684,9963,1748,110.0,110.0,102.0,107.0,nagaland,mon,0.0,0,0,0.0,0.0,0,0,0,0,0,0,0,0,244062.0,1.Christians,2.Hindus,3.Muslims,69.0
2010.0,148195,77141,71054,45.12,921.0,70.65,78.37,62.26,71398,57454,13944,76797,143048,4095,517,104.0,104.0,102.0,102.0,nagaland,phek,4.0,1,1,0.0,1.0,1,0,1,0,1,0,0,0,135331.0,1.Christians,2.Hindus,3.Muslims,54.0
2010.0,414818,218678,196140,78.1,897.0,50.64,55.12,45.58,184924,156950,27974,229894,406287,6856,1329,251.0,251.0,238.0,230.0,nagaland,tuensang,1.0,2,1,0.0,1.0,0,0,0,0,2,0,0,0,385046.0,1.Christians,2.Hindus,3.Muslims,123.0
2010.0,161223,83670,77553,95.01,927.0,80.55,85.35,75.32,56254,49679,6575,104969,155009,4787,1209,128.0,128.0,105.0,104.0,nagaland,wokha,4.0,6,2,0.0,2.0,1,1,0,0,0,0,0,0,123587.0,1.Christians,2.Hindus,3.Muslims,67.0
2010.0,153955,79056,74899,61.0,947.0,69.28,73.74,64.57,56783,47491,9292,97172,150097,3193,492,187.0,186.0,187.0,178.0,nagaland,zunheboto,4.0,5,3,0.0,3.0,0,0,0,0,0,0,0,0,130874.0,1.Christians,2.Hindus,3.Muslims,57.0
2010.0,550892,292596,258296,21.42,883.0,61.95,68.15,55.03,209754,181873,27881,341138,427104,119702,1739,163.0,163.0,163.0,160.0,punjab,faridkot,21.0,26,10,0.0,10.0,7,5,2,3,2,0,32,0,357321.0,1.Sikhs,2.Hindus,3.Muslims,107.0
2010.0,2104011,1113077,990934,19.33,890.0,73.77,79.78,67.15,700557,568322,132235,1403454,996246,934963,148981,1532.0,1531.0,1532.0,1375.0,punjab,gurdaspur,22.0,30,30,0.0,30.0,41,28,13,11,19,2,42,0,1568788.0,1.Hindus,2.Sikhs,3.Christians,517.0
2010.0,1480736,765132,715604,13.81,935.0,81.02,86.45,75.32,513351,415123,98228,967385,871923,574862,15394,1386.0,1386.0,1386.0,1232.0,punjab,hoshiarpur,51.0,53,26,0.0,26.0,38,36,2,5,17,1,74,0,1188662.0,1.Hindus,2.Sikhs,3.Muslims,382.0
2010.0,754521,399623,354898,16.34,888.0,73.93,79.02,68.29,262741,231222,31519,491780,448654,286438,7740,618.0,618.0,618.0,478.0,punjab,kapurthala,27.0,54,12,0.0,12.0,25,22,3,2,14,0,31,0,507994.0,1.Sikhs,2.Hindus,3.Buddhists,359.0
2010.0,1844934,987390,857544,20.31,868.0,69.78,75.88,62.86,681951,589015,92936,1162983,1024546,778427,34828,1054.0,1053.0,1054.0,986.0,punjab,patiala,52.0,42,26,0.0,26.0,37,31,6,9,35,1,139,0,1200224.0,1.Sikhs,2.Hindus,3.Muslims,172.0
2010.0,2000173,1069289,930884,18.57,871.0,59.98,65.81,53.38,814098,714076,100022,1186075,1400149,434873,157838,697.0,697.0,697.0,684.0,punjab,sangrur,45.0,47,31,0.0,31.0,19,7,12,8,18,0,51,0,1415354.0,1.Sikhs,2.Hindus,3.Muslims,291.0
2010.0,2181670,1129920,1051750,26.1,931.0,64.65,79.37,48.86,856809,690818,165991,1324861,1869044,244341,47812,1025.0,1025.0,966.0,970.0,rajasthan,ajmer,46.0,43,47,0.0,47.0,105,86,19,12,81,0,615,0,1306994.0,1.Hindus,2.Muslims,3.Jains,352.0
2010.0,2992592,1586752,1405840,30.23,886.0,61.74,78.09,43.28,1458686,947587,511099,1533906,2535155,383204,55530,1954.0,1954.0,1843.0,1811.0,rajasthan,alwar,62.0,51,105,0.0,105.0,164,138,26,42,122,0,588,0,2557653.0,1.Hindus,2.Muslims,3.Sikhs,553.0
2010.0,1501589,760686,740903,29.84,974.0,44.63,60.45,28.43,709412,529393,180019,792177,1425287,39079,18406,1476.0,1476.0,853.0,1348.0,rajasthan,banswara,34.0,15,61,0.0,61.0,57,53,4,8,47,1,151,0,1394226.0,1.Hindus,2.Muslims,3.Jains,450.0
2010.0,1964835,1038247,926588,36.83,892.0,58.99,72.76,43.45,919729,680208,239521,1045106,1695047,231918,35744,1933.0,1933.0,948.0,1777.0,rajasthan,barmer,26.0,27,34,0.0,34.0,33,33,0,18,71,0,194,0,1819431.0,1.Hindus,2.Muslims,3.Jains,433.0
2010.0,2101142,1133425,967717,27.05,854.0,63.57,80.54,43.56,852913,573547,279366,1248229,1804599,264709,23472,1366.0,1365.0,1238.0,1298.0,rajasthan,bharatpur,83.0,86,83,0.0,83.0,203,152,51,33,38,0,437,0,1692182.0,1.Hindus,2.Muslims,3.Sikhs,481.0
2010.0,2013789,1026650,987139,26.14,962.0,50.74,67.39,33.48,939848,764916,174932,1073941,1859972,112802,37659,1693.0,1693.0,1553.0,1516.0,rajasthan,bhilwara,32.0,29,48,0.0,48.0,143,130,13,3,74,1,593,0,1598938.0,1.Hindus,2.Muslims,3.Jains,473.0
2010.0,1674271,886075,788196,38.18,890.0,56.91,70.05,42.03,661457,522482,138975,1012814,1445088,172372,31235,712.0,686.0,485.0,611.0,rajasthan,bikaner,39.0,65,41,0.0,41.0,43,34,9,18,58,0,354,0,1079235.0,1.Hindus,2.Muslims,3.Jains,173.0
2010.0,962620,504818,457802,24.8,907.0,55.57,71.68,37.79,456937,305977,150960,505683,881956,56220,13186,839.0,838.0,733.0,764.0,rajasthan,bundi,23.0,50,31,0.0,31.0,93,80,13,3,113,0,285,0,783058.0,1.Hindus,2.Muslims,3.Jains,178.0
2010.0,1923878,987781,936097,24.6,948.0,66.81,79.69,53.35,853899,587431,266468,1069979,1698106,210446,13882,946.0,925.0,877.0,909.0,rajasthan,churu,39.0,35,49,0.0,49.0,39,17,22,22,10,0,301,0,1387682.0,1.Hindus,2.Muslims,3.Jains,423.0
2010.0,1107643,547791,559852,26.58,1022.0,48.57,66.04,31.77,531376,272283,259093,576267,1068319,23549,12542,854.0,853.0,723.0,819.0,rajasthan,dungarpur,18.0,16,26,0.0,26.0,52,50,2,5,56,0,100,0,1026787.0,1.Hindus,2.Muslims,3.Jains,368.0
2010.0,1789423,955378,834045,27.53,873.0,64.74,75.53,52.44,719792,552559,167233,1069631,1299812,441409,42442,2830.0,2820.0,1817.0,1653.0,rajasthan,ganganagar,60.0,59,72,0.0,72.0,102,94,8,18,74,2,659,0,1336066.0,1.Hindus,2.Sikhs,3.Muslims,654.0
2010.0,508247,279101,229146,47.45,821.0,50.97,66.26,32.05,211687,153139,58548,296560,383638,120174,2086,600.0,576.0,183.0,473.0,rajasthan,jaisalmer,7.0,2,3,0.0,3.0,11,7,4,5,25,0,29,0,431853.0,1.Hindus,2.Muslims,3.Sikhs,144.0
2010.0,1180323,612804,567519,23.34,926.0,57.32,73.31,40.02,554781,399386,155395,625542,1087934,78962,11759,1477.0,1476.0,1185.0,1173.0,rajasthan,jhalawar,44.0,67,62,0.0,62.0,62,48,14,6,187,4,303,0,1012081.0,1.Hindus,2.Muslims,3.Jains,214.0
2010.0,2775058,1424967,1350091,29.33,947.0,57.28,74.1,39.67,1129514,844039,285475,1645544,2399173,356405,17478,1480.0,1466.0,1417.0,1417.0,rajasthan,nagaur,54.0,31,60,0.0,60.0,69,57,12,22,86,0,348,0,2297721.0,1.Hindus,2.Muslims,3.Jains,580.0
2010.0,1820251,918856,901395,22.39,981.0,54.39,72.2,36.48,724883,518158,206725,1095368,1677038,114088,25599,936.0,936.0,883.0,906.0,rajasthan,pali,41.0,34,53,0.0,53.0,102,98,4,9,75,0,442,0,1429364.0,1.Hindus,2.Muslims,3.Jains,451.0
2010.0,2287788,1172753,1115035,24.11,951.0,70.47,84.34,56.11,887915,633421,254494,1399873,2019396,261714,4957,986.0,985.0,965.0,945.0,rajasthan,sikar,58.0,35,52,0.0,52.0,114,86,28,12,11,0,313,0,1815250.0,1.Hindus,2.Muslims,3.Jains,470.0
2010.0,851107,437949,413158,30.08,943.0,53.94,69.89,37.15,343905,245762,98143,507202,810765,25439,12427,455.0,454.0,399.0,423.0,rajasthan,sirohi,28.0,37,20,0.0,20.0,34,27,7,6,63,0,175,0,700217.0,1.Hindus,2.Muslims,3.Jains,201.0
2010.0,1211671,626436,585235,24.24,934.0,51.97,70.52,32.15,532682,425230,107452,678989,1062365,124440,23644,1032.0,1031.0,818.0,887.0,rajasthan,tonk,21.0,21,18,0.0,18.0,50,44,6,4,19,1,338,0,958503.0,1.Hindus,2.Muslims,3.Jains,246.0
2010.0,2633312,1336004,1297308,27.37,971.0,58.62,73.62,43.26,1100880,724120,376760,1532432,2449773,88262,83699,2339.0,2337.0,1647.0,2030.0,rajasthan,udaipur,77.0,107,111,0.0,111.0,186,151,35,14,192,6,327,0,2142995.0,1.Hindus,2.Muslims,3.Jains,619.0
2010.0,245040,132917,112123,37.17,844.0,74.67,81.2,66.8,116529,92577,23952,128511,157321,64729,14502,131.0,131.0,125.0,112.0,sikkim,east,6.0,3,5,0.0,5.0,4,4,0,0,1,0,0,0,192188.0,1.Hindus,2.Buddhists,3.Christians,100.0
2010.0,41030,23414,17616,31.32,752.0,67.21,75.69,55.39,23542,17553,5989,17488,22603,16128,1623,53.0,53.0,46.0,42.0,sikkim,north,2.0,0,0,0.0,0.0,0,0,0,0,0,0,0,0,39782.0,1.Buddhists,2.Hindus,3.Christians,44.0
2010.0,131525,68241,63284,33.37,927.0,67.31,74.29,59.72,69693,57367,12326,61832,84213,31109,12757,145.0,145.0,142.0,131.0,sikkim,south,7.0,3,9,0.0,9.0,1,1,0,0,5,0,2,0,127579.0,1.Hindus,2.Buddhists,3.Christians,99.0
2010.0,123256,63912,59344,25.48,929.0,58.8,66.82,50.11,53279,45407,7872,69977,71886,33601,9567,121.0,121.0,115.0,107.0,sikkim,west,2.0,0,4,0.0,4.0,1,1,0,1,5,0,1,0,121432.0,1.Hindus,2.Buddhists,3.Others,86.0
2010.0,307868,159095,148773,10.79,935.0,60.93,70.17,50.99,126761,92570,34191,181107,257834,28180,14848,148.0,148.0,108.0,138.0,tripura,dhalai,19.0,4,33,0.0,33.0,14,6,8,3,26,1,65,0,289001.0,1.Hindus,2.Buddhists,3.Christians,58.0
2010.0,900635,506938,393697,40.33,777.0,81.94,86.14,76.47,340422,328989,11433,560213,707978,145175,35548,23.0,23.0,23.0,18.0,chandigarh,chandigarh,21.0,30,31,0.0,31.0,38,28,10,5,29,4,41,0,92120.0,1.Hindus,2.Sikhs,3.Muslims,18.0
2011.0,1647201,848578,798623,18.53,941.0,56.24,64.83,47.07,517088,408537,108551,1130113,977943,662066,5267,1050.0,1050.0,775.0,967.0,assam,barpeta,45.0,26,92,0.0,92.0,168,156,12,5,25,0,336,0,1520333.0,1.Hindus,2.Muslims,3.Christians,430.0
2011.0,904835,465240,439595,12.23,945.0,59.33,67.67,50.44,293243,233087,60156,611592,535464,348573,18728,881.0,881.0,607.0,805.0,assam,bongaigaon,22.0,8,72,0.0,72.0,74,64,10,5,2,0,126,0,795053.0,1.Hindus,2.Muslims,3.Christians,112.0
2011.0,1444921,743042,701879,18.66,945.0,67.82,75.73,59.41,465734,364814,100920,979187,886761,522051,31306,1020.0,1020.0,741.0,902.0,assam,cachar,64.0,7,74,0.0,74.0,178,167,11,4,7,0,498,0,1243534.0,1.Hindus,2.Muslims,3.Christians,134.0
2011.0,1504320,773861,730459,15.79,944.0,55.44,63.91,46.4,527993,404428,123565,976327,868532,534658,97306,1319.0,1319.0,1032.0,1246.0,assam,darrang,34.0,3,95,0.0,95.0,200,192,8,2,109,2,164,0,1429492.0,1.Hindus,2.Muslims,3.Christians,356.0
2011.0,571944,294643,277301,18.93,941.0,64.48,74.41,53.86,250146,155431,94715,321798,548780,10533,6390,1236.0,1236.0,253.0,1068.0,assam,dhemaji,23.0,14,62,0.0,62.0,63,59,4,5,40,0,122,0,533112.0,1.Hindus,2.Muslims,3.Christians,83.0
2011.0,1637344,841044,796300,23.42,947.0,48.21,55.91,40.04,470360,399201,71159,1166984,1216455,405065,12477,1261.0,1261.0,904.0,1138.0,assam,dhubri,61.0,19,157,0.0,157.0,307,276,31,12,210,2,693,0,1444901.0,1.Hindus,2.Muslims,3.Christians,374.0
2011.0,1185072,613555,571517,12.43,931.0,68.96,77.3,59.95,472419,342708,129711,712653,1075878,53306,45040,1309.0,1309.0,1195.0,1169.0,assam,dibrugarh,89.0,0,54,0.0,54.0,135,29,106,0,7,0,135,0,956634.0,1.Hindus,2.Muslims,3.Christians,263.0
2011.0,822035,420251,401784,23.07,956.0,58.03,64.86,50.85,273925,209928,63997,548110,441516,314157,64662,761.0,761.0,689.0,723.0,assam,goalpara,39.0,5,99,0.0,99.0,100,89,11,3,2,0,142,2,755133.0,1.Hindus,2.Muslims,3.Christians,243.0
2011.0,946279,490286,455993,14.21,930.0,69.38,77.14,60.99,388640,269896,118744,557639,813263,74808,52277,1066.0,1066.0,595.0,769.0,assam,golaghat,56.0,56,54,0.0,54.0,159,146,13,1,66,0,194,0,865141.0,1.Hindus,2.Muslims,3.Christians,87.0
2011.0,542872,280513,262359,20.92,935.0,59.64,68.24,50.46,179881,138216,41665,362991,312849,223191,5424,327.0,327.0,268.0,308.0,assam,hailakandi,20.0,2,61,0.0,61.0,78,63,15,4,27,0,126,0,498787.0,1.Hindus,2.Muslims,3.Christians,110.0
2011.0,999221,517015,482206,15.84,933.0,76.34,83.62,68.49,414348,285092,129256,584873,927858,47658,18610,787.0,787.0,650.0,717.0,assam,jorhat,48.0,9,49,0.0,49.0,85,11,74,2,49,0,172,0,827901.0,1.Hindus,2.Muslims,3.Christians,215.0
2011.0,2522324,1326981,1195343,25.75,901.0,74.16,81.16,66.31,842253,697810,144443,1680071,1836153,625002,44257,1342.0,1342.0,1042.0,1190.0,assam,kamrup,44.0,4,63,0.0,63.0,156,139,17,6,61,0,147,0,1614107.0,1.Hindus,2.Muslims,3.Christians,468.0
2011.0,1007976,517680,490296,21.35,947.0,66.24,74.69,57.28,303294,235016,68278,704682,527214,470708,8746,915.0,915.0,639.0,865.0,assam,karimganj,45.0,25,46,0.0,46.0,79,68,11,4,15,0,194,0,934126.0,1.Hindus,2.Muslims,3.Christians,224.0
2011.0,905764,466191,439573,15.05,943.0,51.63,60.32,42.4,334849,234771,100078,570915,594168,184441,124270,951.0,951.0,704.0,906.0,assam,kokrajhar,51.0,27,52,0.0,52.0,105,79,26,1,31,0,120,0,841823.0,1.Hindus,2.Muslims,3.Christians,211.0
2011.0,889010,455691,433319,18.34,951.0,68.56,77.06,59.59,497745,288052,209693,391265,702881,143505,36667,1139.0,1139.0,680.0,1046.0,assam,lakhimpur,38.0,16,52,0.0,52.0,143,120,23,0,57,0,119,0,823857.0,1.Hindus,2.Muslims,3.Christians,211.0
2011.0,2314629,1190950,1123679,22.3,944.0,61.73,68.27,54.74,727641,566195,161446,1586988,1180267,1106354,21473,1375.0,1374.0,1190.0,1257.0,assam,nagaon,91.0,70,165,0.0,165.0,374,358,16,20,82,4,772,0,2036342.0,1.Hindus,2.Muslims,3.Christians,480.0
2011.0,1148824,592375,556449,11.98,939.0,67.23,76.56,57.26,383932,291665,92267,764892,873749,253842,18495,798.0,798.0,733.0,769.0,assam,nalbari,20.0,10,28,0.0,28.0,95,83,12,4,95,0,140,0,1121338.0,1.Hindus,2.Muslims,3.Christians,179.0
2011.0,1051736,545476,506260,15.95,928.0,74.47,81.53,66.81,430523,287319,143204,621213,927706,85761,28488,866.0,866.0,772.0,825.0,assam,sibsagar,61.0,30,49,0.0,49.0,132,118,14,8,78,0,99,0,954557.0,1.Hindus,2.Muslims,3.Christians,317.0
2011.0,1681513,871568,809945,17.8,929.0,59.0,67.54,49.73,634723,465283,169440,1046790,1287646,268078,115623,1784.0,1784.0,1331.0,1372.0,assam,sonitpur,84.0,14,96,0.0,96.0,262,231,31,12,34,0,346,0,1505719.0,1.Hindus,2.Muslims,3.Christians,235.0
2011.0,1150062,601099,548963,19.52,913.0,60.95,70.15,50.78,466351,349847,116504,683711,1029142,62403,40000,1107.0,1107.0,871.0,936.0,assam,tinsukia,98.0,49,61,0.0,61.0,153,135,18,1,27,0,121,0,926105.0,1.Hindus,2.Muslims,3.Christians,198.0
2011.0,2158608,1128105,1030503,31.84,913.0,35.01,46.38,22.37,853445,657446,195999,1305163,1263766,887972,2504,713.0,713.0,129.0,552.0,bihar,araria,69.0,44,69,0.0,69.0,115,91,24,26,14,0,24,0,2026257.0,1.Hindus,2.Muslims,3.Jains,60.0
2011.0,2013055,1040945,972110,30.19,934.0,57.03,71.13,41.9,671011,476390,194621,1342044,1814612,196030,1161,1739.0,1739.0,527.0,1148.0,bihar,aurangabad,88.0,105,18,0.0,18.0,62,60,2,30,32,0,152,0,1842998.0,1.Hindus,2.Muslims,3.Religion not stated,270.0
2011.0,2349366,1228874,1120492,29.11,912.0,47.98,59.13,35.64,746075,571564,174511,1603291,2033039,313713,1224,729.0,729.0,457.0,503.0,bihar,begusarai,100.0,40,17,0.0,17.0,119,94,25,39,12,0,39,0,2241743.0,1.Hindus,2.Muslims,3.Religion not stated,167.0
2011.0,2423172,1291658,1131514,27.24,876.0,49.5,59.22,38.13,855345,580731,274614,1567827,1990976,423246,1853,935.0,935.0,445.0,642.0,bihar,bhagalpur,85.0,51,23,0.0,23.0,106,94,12,12,10,0,17,0,1970745.0,1.Hindus,2.Muslims,3.Christians,229.0
2011.0,2243144,1179611,1063533,24.58,902.0,58.96,74.29,41.8,653811,491916,161895,1589333,2076589,163193,913,999.0,999.0,247.0,885.0,bihar,bhojpur,96.0,41,16,0.0,16.0,64,48,16,40,2,0,72,0,1930730.0,1.Hindus,2.Muslims,3.Religion not stated,133.0
2011.0,3295789,1722189,1573600,30.85,914.0,44.33,56.72,30.78,1028558,761464,267094,2267231,2543284,748971,2245,1083.0,1083.0,490.0,850.0,bihar,darbhanga,71.0,92,34,0.0,34.0,128,97,31,38,202,0,284,0,3028441.0,1.Hindus,2.Muslims,3.Religion not stated,271.0
2011.0,3473428,1792163,1681265,30.19,938.0,50.45,63.27,36.66,1277639,994459,283180,2195789,3063841,403439,1622,2680.0,2680.0,539.0,1635.0,bihar,gaya,155.0,22,23,0.0,23.0,155,63,92,56,7,0,47,0,2997479.0,1.Hindus,2.Muslims,3.Religion not stated,278.0
2011.0,2152638,1075710,1076928,26.11,1001.0,47.48,62.96,32.16,641672,466811,174861,1510966,1784275,367219,850,1383.0,1383.0,439.0,866.0,bihar,gopalganj,77.0,169,17,0.0,17.0,139,106,33,35,30,0,56,0,2022048.0,1.Hindus,2.Muslims,3.Religion not stated,261.0
2011.0,1514315,784946,729369,28.64,929.0,55.26,70.07,39.37,580905,422789,158116,933410,1389053,124149,743,856.0,856.0,219.0,672.0,bihar,jehanabad,51.0,10,10,0.0,10.0,31,14,17,20,8,0,22,0,1402703.0,1.Hindus,2.Muslims,3.Religion not stated,123.0
2011.0,2392638,1246872,1145766,30.91,919.0,35.09,45.31,23.8,898326,664259,234067,1494312,1363523,1017495,4994,1290.0,1290.0,277.0,785.0,bihar,katihar,83.0,82,103,0.0,103.0,126,102,24,29,10,0,25,1,2174361.0,1.Hindus,2.Muslims,3.Christians,248.0
2011.0,1280354,679267,601087,29.32,885.0,41.35,51.82,29.35,467240,333262,133978,813114,1147346,131441,546,241.0,241.0,114.0,220.0,bihar,khagaria,55.0,45,14,0.0,14.0,53,42,11,15,0,0,26,0,1204027.0,1.Hindus,2.Muslims,3.Others,124.0
2011.0,1296348,669552,626796,31.5,936.0,31.09,42.71,18.63,417151,359819,57332,879197,876105,412995,2856,730.0,730.0,116.0,442.0,bihar,kishanganj,34.0,5,30,0.0,30.0,63,60,3,13,20,0,50,0,1167340.0,1.Muslims,2.Hindus,3.Christians,120.0
2011.0,1526646,797180,729466,29.45,915.0,36.07,48.8,22.11,683976,498367,185609,842670,1351978,173605,494,384.0,384.0,168.0,311.0,bihar,madhepura,44.0,12,8,0.0,8.0,78,67,11,11,0,0,21,0,1458679.0,1.Hindus,2.Muslims,3.Religion not stated,141.0
2011.0,3575281,1840997,1734284,26.08,942.0,41.97,56.79,26.25,1227723,877412,350311,2347558,2930501,641579,1477,1034.0,1034.0,437.0,901.0,bihar,madhubani,81.0,8,44,0.0,44.0,182,148,34,35,0,0,138,0,3450736.0,1.Hindus,2.Muslims,3.Religion not stated,232.0
2011.0,1137797,607730,530067,20.34,872.0,59.47,69.89,47.4,331451,233688,97763,806346,1045233,89791,1135,525.0,525.0,321.0,382.0,bihar,munger,68.0,49,7,0.0,7.0,72,56,16,10,2,0,49,0,819950.0,1.Hindus,2.Muslims,3.Christians,149.0
2011.0,3746714,1951466,1795248,26.74,920.0,47.95,59.1,35.81,1139830,895830,244000,2606884,3168225,573951,2104,1725.0,1725.0,1021.0,1423.0,bihar,muzaffarpur,154.0,24,56,0.0,56.0,255,219,36,76,4,0,91,2,3398361.0,1.Hindus,2.Muslims,3.Religion not stated,526.0
2011.0,2370528,1238599,1131929,18.64,914.0,53.19,66.44,38.58,903144,700007,203137,1467384,2191552,176871,888,1000.0,1000.0,366.0,879.0,bihar,nalanda,84.0,61,15,0.0,15.0,81,72,9,55,29,0,96,0,2016899.0,1.Hindus,2.Muslims,3.Religion not stated,198.0
2011.0,4718592,2519942,2198650,30.17,873.0,62.92,73.34,50.83,1425647,1161984,263663,3292945,4333556,366164,8951,1288.0,1288.0,615.0,1199.0,bihar,patna,248.0,25,41,0.0,41.0,364,167,197,112,1,2,317,0,2757060.0,1.Hindus,2.Muslims,3.Christians,390.0
2011.0,2450748,1283485,1167263,27.71,909.0,61.29,75.31,45.71,744183,544731,199452,1706565,2199049,246760,2549,1710.0,1710.0,493.0,1185.0,bihar,rohtas,126.0,95,20,0.0,20.0,106,84,22,32,46,0,57,0,2123942.0,1.Hindus,2.Muslims,3.Sikhs,153.0
2011.0,1508182,789432,718750,33.03,910.0,39.08,51.66,25.27,589467,411566,177901,918715,1289364,217922,437,441.0,441.0,127.0,374.0,bihar,saharsa,34.0,109,8,0.0,8.0,63,41,22,17,35,0,27,1,1383015.0,1.Hindus,2.Muslims,3.Christians,63.0
2011.0,3394793,1760692,1634101,25.63,928.0,45.13,57.59,31.67,1071974,843356,228618,2322819,3035755,355897,1432,1122.0,1122.0,674.0,878.0,bihar,samastipur,107.0,221,40,0.0,40.0,166,105,61,46,9,2,66,0,3271338.0,1.Hindus,2.Muslims,3.Religion not stated,195.0
2011.0,3248701,1652661,1596040,26.37,966.0,51.8,67.3,35.82,860940,644618,216322,2387761,2909213,337767,758,1566.0,1566.0,544.0,1213.0,bihar,saran,123.0,408,10,0.0,10.0,146,137,9,74,46,0,131,1,2950064.0,1.Hindus,2.Muslims,3.Religion not stated,342.0
2011.0,2682720,1417611,1265109,32.58,892.0,38.46,49.36,26.13,855156,714136,141020,1827564,2111476,568992,1237,802.0,802.0,302.0,709.0,bihar,sitamarhi,71.0,33,8,0.0,8.0,58,49,9,29,14,0,33,0,2529407.0,1.Hindus,2.Muslims,3.Religion not stated,216.0
2011.0,2714349,1336283,1378066,24.78,1031.0,51.65,67.26,36.88,730437,511578,218859,1983912,2218632,494176,899,1438.0,1438.0,441.0,1119.0,bihar,siwan,85.0,180,16,0.0,16.0,196,150,46,139,4,3,53,5,2564860.0,1.Hindus,2.Muslims,3.Religion not stated,254.0
2011.0,2718421,1415603,1302818,26.39,920.0,50.49,63.23,36.58,782717,624452,158265,1935704,2457636,259158,922,1414.0,1414.0,970.0,929.0,bihar,vaishali,110.0,77,18,0.0,18.0,233,147,86,76,26,0,59,0,2531766.0,1.Hindus,2.Muslims,3.Religion not stated,154.0
2011.0,1998355,1013875,984480,17.59,971.0,63.51,78.43,48.17,857577,630504,227073,1140778,1904580,45342,19325,1579.0,1545.0,1494.0,1426.0,chhattisgarh,bilaspur,112.0,43,70,0.0,70.0,24,16,8,17,146,4,72,0,1511661.0,1.Hindus,2.Muslims,3.Others,452.0
2011.0,2810436,1417893,1392543,16.88,982.0,75.62,86.43,64.64,1162833,965624,197209,1647603,2654202,70398,23399,1776.0,1762.0,1737.0,1698.0,chhattisgarh,durg,93.0,91,115,0.0,115.0,115,86,29,13,291,43,131,1,1738127.0,1.Hindus,2.Muslims,3.Sikhs,669.0
2011.0,1265529,634597,630932,18.68,994.0,70.16,82.7,57.62,601564,430725,170839,663965,1212180,36098,12637,1433.0,1410.0,1385.0,1350.0,chhattisgarh,raigarh,87.0,51,62,0.0,62.0,15,10,5,11,84,6,32,0,1096073.0,1.Hindus,2.Christians,3.Muslims,279.0
2011.0,3016930,1523925,1493005,18.97,980.0,68.51,81.97,54.81,1264663,961507,303156,1752267,2881933,77963,16857,2124.0,2101.0,1955.0,1987.0,chhattisgarh,raipur,95.0,84,133,0.0,133.0,55,35,20,11,232,53,100,0,2099312.0,1.Hindus,2.Muslims,3.Christians,696.0
2011.0,1283224,634342,648882,17.7,1023.0,77.21,87.17,67.55,649401,558996,90405,633823,1215492,28020,21035,1605.0,1595.0,1550.0,1484.0,chhattisgarh,rajnandgaon,43.0,34,38,0.0,38.0,22,21,1,4,70,3,23,0,1051577.0,1.Hindus,2.Buddhists,3.Muslims,343.0
2011.0,1393918,701593,692325,6.45,987.0,66.09,76.44,55.78,600819,470043,130776,793099,1307460,83077,2309,615.0,614.0,615.0,614.0,gujarat,amreli,26.0,3,10,0.0,10.0,79,77,2,0,28,1,143,0,1080960.0,1.Hindus,2.Muslims,3.Jains,383.0
2011.0,1856872,972000,884872,13.03,910.0,74.51,86.09,61.94,784711,617669,167042,1072161,1616127,199263,29461,350.0,350.0,350.0,350.0,gujarat,anand,19.0,4,10,0.0,10.0,45,42,3,0,20,0,196,0,1348901.0,1.Hindus,2.Muslims,3.Christians,301.0
2011.0,1370656,713676,656980,19.32,921.0,74.41,82.98,65.11,570693,469551,101142,799963,1059796,293459,8824,657.0,657.0,656.0,644.0,gujarat,bharuch,34.0,10,13,0.0,13.0,28,27,1,0,9,0,4,0,1018096.0,1.Hindus,2.Muslims,3.Christians,403.0
2011.0,2469630,1274920,1194710,19.29,937.0,66.2,78.02,53.73,944559,781166,163393,1525071,2264062,172740,28921,790.0,790.0,789.0,786.0,gujarat,bhavnagar,55.0,26,8,0.0,8.0,88,88,0,0,35,33,181,0,1534592.0,1.Hindus,2.Muslims,3.Jains,526.0
2011.0,1334455,697999,636456,23.88,912.0,76.59,87.74,64.58,554336,467413,86923,780119,1269766,50559,7769,291.0,291.0,291.0,290.0,gujarat,gandhinagar,27.0,9,14,0.0,14.0,21,16,5,0,16,1,132,0,867195.0,1.Hindus,2.Muslims,3.Jains,244.0
2011.0,1904278,981320,922958,22.39,941.0,66.48,76.25,56.18,734382,624057,110325,1169896,1605941,270223,21907,698.0,695.0,666.0,666.0,gujarat,jamnagar,40.0,25,21,0.0,21.0,65,51,14,0,34,8,356,0,1068022.0,1.Hindus,2.Muslims,3.Jains,286.0
2011.0,2448173,1252350,1195823,17.08,955.0,67.78,78.74,56.43,1000842,785530,215312,1447331,2165734,274481,4291,923.0,922.0,901.0,858.0,gujarat,junagadh,31.0,13,11,0.0,11.0,69,68,1,1,26,4,423,0,1736645.0,1.Hindus,2.Muslims,3.Jains,803.0
2011.0,514404,263986,250418,14.4,949.0,59.86,72.44,46.61,259116,176372,82744,255288,482552,20429,5122,552.0,552.0,530.0,515.0,gujarat,narmada,14.0,2,7,0.0,7.0,4,4,0,0,3,0,5,0,462298.0,1.Hindus,2.Muslims,3.Christians,324.0
2011.0,1229463,628988,600475,13.22,955.0,75.83,82.77,68.61,545215,457002,88213,684248,1135525,69972,13575,374.0,374.0,374.0,368.0,gujarat,navsari,21.0,9,2,0.0,2.0,10,10,0,0,6,2,31,0,893110.0,1.Hindus,2.Muslims,3.Jains,268.0
2011.0,1182709,612100,570609,14.08,932.0,60.36,73.63,46.33,533078,395470,137608,649631,1057013,119748,5136,517.0,516.0,517.0,514.0,gujarat,patan,16.0,15,16,0.0,16.0,47,44,3,0,43,1,156,0,944281.0,1.Hindus,2.Muslims,3.Jains,265.0
2011.0,536835,275821,261014,14.35,946.0,68.62,78.36,58.42,215134,173594,41540,321701,507176,28404,589,182.0,182.0,155.0,156.0,gujarat,porbandar,10.0,9,6,0.0,6.0,12,9,3,0,1,1,84,0,275460.0,1.Hindus,2.Muslims,3.Jains,130.0
2011.0,1515148,787650,727498,25.34,924.0,61.61,74.19,48.1,647609,512038,135571,867539,1392451,97846,22721,650.0,649.0,650.0,648.0,gujarat,surendranagar,32.0,15,19,0.0,19.0,44,41,3,0,28,4,129,0,1112700.0,1.Hindus,2.Muslims,3.Jains,170.0
2011.0,1410553,734799,675754,29.66,920.0,69.15,77.9,59.62,650257,503333,146924,760296,1300005,66440,15399,450.0,450.0,425.0,449.0,gujarat,valsad,35.0,11,9,0.0,9.0,19,19,0,0,6,0,23,0,1029392.0,1.Hindus,2.Muslims,3.Christians,303.0
2011.0,1014411,542977,471434,25.69,868.0,75.31,82.31,67.39,324521,275648,48873,689890,856193,132463,17263,482.0,482.0,479.0,432.0,haryana,ambala,42.0,33,37,0.0,37.0,34,23,11,5,28,20,191,0,657383.0,1.Hindus,2.Sikhs,3.Muslims,204.0
2011.0,1425022,758253,666769,22.45,879.0,67.45,80.26,53.0,609320,425210,184110,815702,1407363,12740,2542,437.0,437.0,437.0,429.0,haryana,bhiwani,74.0,42,41,0.0,41.0,43,30,13,18,26,12,97,0,1154629.0,1.Hindus,2.Muslims,3.Sikhs,252.0
2011.0,2194586,1193063,1001523,48.47,839.0,70.03,81.52,56.31,785762,609663,176099,1408824,1896698,247293,36005,413.0,413.0,413.0,376.0,haryana,faridabad,60.0,59,54,0.0,54.0,105,82,23,10,31,59,218,0,973242.0,1.Hindus,2.Muslims,3.Sikhs,188.0
2011.0,1660289,886451,773838,44.64,873.0,62.91,76.17,47.78,629658,464644,165014,1030631,1026542,617918,6672,694.0,694.0,693.0,642.0,haryana,gurgaon,89.0,57,40,0.0,40.0,49,37,12,25,27,29,107,0,1291285.0,1.Hindus,2.Muslims,3.Sikhs,203.0
2011.0,1189827,642282,547545,21.35,852.0,62.12,73.82,48.51,521946,372049,149897,667881,1134539,29159,20618,306.0,306.0,306.0,300.0,haryana,jind,50.0,34,37,0.0,37.0,32,28,4,15,15,13,91,0,948250.0,1.Hindus,2.Sikhs,3.Muslims,247.0
2011.0,946131,510513,435618,20.95,853.0,59.02,69.15,47.31,372011,268127,103884,574120,848765,88700,6777,270.0,270.0,270.0,261.0,haryana,kaithal,36.0,23,20,0.0,20.0,23,17,6,8,18,0,119,0,762649.0,1.Hindus,2.Sikhs,3.Muslims,160.0
2011.0,1274183,683368,590815,23.13,865.0,67.74,76.29,57.97,455455,355466,99989,818728,1125279,123160,22614,422.0,422.0,422.0,385.0,haryana,karnal,46.0,48,62,0.0,62.0,22,18,4,18,25,26,166,0,936341.0,1.Hindus,2.Sikhs,3.Muslims,186.0
2011.0,825454,442328,383126,23.72,866.0,69.88,78.06,60.61,308392,250596,57796,517062,675381,135545,12028,407.0,402.0,406.0,385.0,haryana,kurukshetra,29.0,21,29,0.0,29.0,34,30,4,7,22,20,68,0,609943.0,1.Hindus,2.Sikhs,3.Muslims,179.0
2011.0,812521,423578,388943,19.09,918.0,69.89,84.72,54.08,351864,204704,147160,460657,805991,3434,2026,368.0,368.0,368.0,350.0,haryana,mahendragarh,33.0,22,26,0.0,26.0,46,38,8,11,22,0,85,0,702885.0,1.Hindus,2.Muslims,3.Sikhs,190.0
2011.0,967449,528860,438589,38.57,829.0,69.17,78.5,57.97,382801,289013,93788,584648,873593,59696,27437,179.0,179.0,179.0,168.0,haryana,panipat,49.0,26,47,0.0,47.0,90,70,20,11,29,19,163,0,575369.0,1.Hindus,2.Muslims,3.Sikhs,116.0
2011.0,765351,403034,362317,25.24,899.0,75.25,88.45,60.83,333622,204855,128767,431729,758328,3194,1668,397.0,397.0,397.0,379.0,haryana,rewari,41.0,28,17,0.0,17.0,26,19,7,7,19,34,94,0,629177.0,1.Hindus,2.Muslims,3.Sikhs,175.0
2011.0,940128,509038,431090,20.99,847.0,73.72,83.23,62.59,371073,288225,82848,569055,924541,5665,5079,146.0,146.0,146.0,130.0,haryana,rohtak,77.0,50,57,0.0,57.0,47,32,15,9,38,52,124,0,610524.0,1.Hindus,2.Muslims,3.Sikhs,118.0
2011.0,1116649,593245,523404,22.96,882.0,60.55,70.05,49.93,475571,363946,111625,641078,801747,302942,7056,321.0,321.0,318.0,312.0,haryana,sirsa,42.0,31,21,0.0,21.0,60,49,11,16,26,0,170,0,823184.0,1.Hindus,2.Sikhs,3.Muslims,197.0
2011.0,1279175,695723,583452,22.36,839.0,72.79,83.06,60.68,523031,383449,139582,756144,1234225,31954,6729,323.0,323.0,323.0,316.0,haryana,sonipat,78.0,65,27,0.0,27.0,54,42,12,23,19,15,156,0,957800.0,1.Hindus,2.Muslims,3.Jains,248.0
2011.0,1041630,559444,482186,21.84,862.0,71.63,78.82,63.39,336533,280728,55805,705097,849255,104073,83524,613.0,613.0,607.0,483.0,haryana,yamunanagar,50.0,56,36,0.0,36.0,50,36,14,13,14,6,169,0,648608.0,1.Hindus,2.Muslims,3.Sikhs,248.0
2011.0,1165390,608878,556512,24.46,914.0,50.09,66.38,31.99,432714,283711,149003,732676,910409,221705,27263,2356.0,2356.0,289.0,768.0,jharkhand,deoghar,48.0,66,34,0.0,34.0,24,10,14,18,16,1,24,0,1005539.0,1.Hindus,2.Muslims,3.Others,94.0
2011.0,2397102,1278946,1118156,22.82,874.0,67.0,79.54,52.43,664058,492501,171557,1733044,1944757,364807,61505,1121.0,1121.0,503.0,708.0,jharkhand,dhanbad,79.0,18,32,0.0,32.0,99,83,16,39,34,0,39,0,1141744.0,1.Hindus,2.Muslims,3.Others,154.0
2011.0,1759602,897364,862238,17.31,961.0,47.94,62.86,32.35,778378,470354,308024,981224,1323468,203741,170201,3737.0,3737.0,213.0,1732.0,jharkhand,dumka,59.0,29,34,0.0,34.0,28,18,10,7,19,0,40,0,1644690.0,1.Hindus,2.Muslims,3.Others,312.0
2011.0,1904430,960679,943751,27.09,982.0,44.5,62.09,26.62,644644,340925,303719,1259786,1475201,383253,30778,2532.0,2532.0,481.0,1232.0,jharkhand,giridih,60.0,8,47,0.0,47.0,63,41,22,30,40,2,35,5,1782066.0,1.Hindus,2.Muslims,3.Others,229.0
2011.0,1047939,544043,503896,21.61,926.0,43.13,57.52,27.39,421941,238694,183247,625998,745237,210734,68055,1633.0,1633.0,257.0,892.0,jharkhand,godda,61.0,0,29,0.0,29.0,38,8,30,0,21,0,10,0,1010931.0,1.Hindus,2.Muslims,3.Others,141.0
2011.0,1346767,675769,670998,16.6,993.0,51.74,63.5,39.95,658921,446953,211968,687846,440373,425107,419004,1393.0,1393.0,92.0,1015.0,jharkhand,gumla,201.0,52,46,0.0,46.0,52,27,25,1,10,0,17,0,1273025.0,1.Hindus,2.Christians,3.Others,365.0
2011.0,2277475,1167793,1109682,24.02,950.0,57.74,71.81,42.87,790049,532895,257154,1487426,1870586,337117,36789,1543.0,1543.0,413.0,962.0,jharkhand,hazaribagh,72.0,41,22,0.0,22.0,58,52,6,26,25,0,22,0,1748406.0,1.Hindus,2.Muslims,3.Others,147.0
2011.0,2098359,1084417,1013942,26.8,935.0,44.95,58.91,29.88,793658,444921,348737,1304701,1740948,242980,63100,2465.0,2465.0,410.0,1474.0,jharkhand,palamu,93.0,72,28,0.0,28.0,63,34,29,28,6,0,12,0,1973266.0,1.Hindus,2.Muslims,3.Others,349.0
2011.0,2785064,1436976,1348088,25.72,938.0,64.57,76.56,51.72,1076904,750962,325942,1708160,1399301,767672,348774,2052.0,2052.0,331.0,1343.0,jharkhand,ranchi,151.0,38,50,0.0,50.0,66,54,12,8,9,2,14,0,1807243.0,1.Hindus,2.Others,3.Muslims,377.0
2011.0,4214505,2150090,2064415,17.4,960.0,64.21,75.7,52.32,1877774,1537645,340129,2336731,3565153,440836,169466,1255.0,1254.0,1247.0,1240.0,karnataka,belgaum,136.0,121,45,0.0,45.0,53,32,21,11,221,4,297,0,3201814.0,1.Hindus,2.Muslims,3.Christians,740.0
2011.0,2027140,1029714,997426,22.3,969.0,57.4,69.2,45.28,920821,801369,119452,1106319,1739522,257806,13226,524.0,523.0,524.0,381.0,karnataka,bellary,58.0,57,6,0.0,6.0,21,15,6,15,65,1,103,1,1320290.0,1.Hindus,2.Muslims,3.Christians,260.0
2011.0,1502373,771022,731351,19.56,949.0,60.94,72.46,48.81,557603,424985,132618,944770,1020174,295762,122083,599.0,596.0,596.0,591.0,karnataka,bidar,51.0,33,14,0.0,14.0,13,11,2,7,27,2,77,0,1157498.0,1.Hindus,2.Muslims,3.Buddhists,293.0
2011.0,1806918,926424,880494,17.63,950.0,57.01,69.94,43.47,718213,551972,166241,1088705,1495080,294491,8356,660.0,659.0,657.0,626.0,karnataka,bijapur,66.0,58,7,0.0,7.0,43,21,22,8,66,0,116,1,1410829.0,1.Hindus,2.Muslims,3.Jains,392.0
2011.0,1517896,776221,741675,15.05,955.0,64.45,74.66,53.78,721835,576035,145800,796061,1388506,109412,8411,946.0,916.0,946.0,879.0,karnataka,chitradurga,38.0,21,27,0.0,27.0,30,24,6,5,93,0,96,0,1243658.0,1.Hindus,2.Muslims,3.Religion not stated,197.0
2011.0,1790952,917705,873247,14.78,952.0,67.43,76.37,58.04,783781,631726,152055,1007171,1532714,226708,10944,810.0,786.0,808.0,727.0,karnataka,davanagere,35.0,18,11,0.0,11.0,17,15,2,6,65,0,93,0,1247954.0,1.Hindus,2.Muslims,3.Religion not stated,278.0
2011.0,3130922,1592789,1538133,21.02,966.0,50.01,61.77,37.9,1350072,1010430,339642,1780850,2381497,551171,153619,1360.0,1327.0,1342.0,1337.0,karnataka,gulbarga,93.0,114,36,0.0,36.0,85,73,12,2,111,0,153,0,2278301.0,1.Hindus,2.Muslims,3.Buddhists,708.0
2011.0,1721669,859086,862583,9.66,1004.0,68.63,78.37,59.0,864711,702827,161884,856958,1587287,104730,15598,2394.0,2330.0,2341.0,1990.0,karnataka,hassan,56.0,87,27,0.0,27.0,27,25,2,32,106,0,264,0,1416996.0,1.Hindus,2.Muslims,3.Christians,482.0
2011.0,548561,274831,273730,11.64,996.0,77.99,83.7,72.26,266378,247574,18804,282183,450694,78466,17951,291.0,279.0,286.0,267.0,karnataka,kodagu,33.0,25,16,0.0,16.0,11,5,6,5,25,1,57,0,473179.0,1.Hindus,2.Muslims,3.Christians,138.0
2011.0,2536069,1286193,1249876,13.83,972.0,62.84,73.17,52.23,1235028,1014667,220361,1301041,2196660,298767,32547,2919.0,2797.0,2785.0,2342.0,karnataka,kolar,37.0,45,17,0.0,17.0,18,13,5,3,21,0,23,0,1910546.0,1.Hindus,2.Muslims,3.Christians,490.0
2011.0,1196089,603312,592777,24.57,983.0,54.1,68.42,39.61,554506,422208,132298,641583,1042294,137174,5395,594.0,590.0,594.0,560.0,karnataka,koppal,25.0,15,13,0.0,13.0,21,0,21,0,23,0,70,0,997797.0,1.Hindus,2.Muslims,3.Religion not stated,281.0
2011.0,1763705,888034,875671,7.14,986.0,61.05,70.5,51.53,840419,682440,157979,923286,1667640,69890,11093,1369.0,1330.0,1323.0,1185.0,karnataka,mandya,71.0,57,31,0.0,31.0,34,31,3,12,98,0,230,0,1480990.0,1.Hindus,2.Muslims,3.Buddhists,458.0
2011.0,1669762,841840,827922,21.93,983.0,48.81,61.52,35.93,732762,544347,188415,937000,1417051,228652,12390,830.0,806.0,796.0,306.0,karnataka,raichur,53.0,32,29,0.0,29.0,37,14,23,10,149,0,174,0,1248925.0,1.Hindus,2.Muslims,3.Christians,338.0
2011.0,1642545,830559,811986,12.9,978.0,74.52,82.01,66.88,714671,586832,127839,927874,1401087,200979,26474,1443.0,1415.0,1399.0,989.0,karnataka,shimoga,54.0,76,23,0.0,23.0,25,18,7,6,123,10,278,0,1071535.0,1.Hindus,2.Muslims,3.Christians,311.0
2011.0,2584711,1313801,1270910,11.87,967.0,67.01,76.78,56.94,1316939,1050291,266648,1267772,2349801,211732,7736,2574.0,2477.0,2573.0,2123.0,karnataka,tumkur,101.0,94,31,0.0,31.0,40,14,26,17,135,0,124,0,2077509.0,1.Hindus,2.Muslims,3.Christians,382.0
2011.0,1129221,566682,562539,6.96,993.0,88.69,92.33,85.02,487352,400699,86653,641869,566744,480108,81222,64.0,64.0,64.0,60.0,kerala,idukki,20.0,31,54,0.0,54.0,10,8,2,0,169,18,237,0,1071628.0,1.Hindus,2.Muslims,3.Christians,62.0
2011.0,2408956,1152817,1256139,7.13,1090.0,92.59,96.13,89.4,767197,626876,140321,1641759,1480748,665648,261019,78.0,78.0,78.0,78.0,kerala,kannur,20.0,45,55,0.0,55.0,14,11,3,0,161,23,373,0,1196058.0,1.Hindus,2.Muslims,3.Christians,78.0
2011.0,1953646,964926,988720,6.76,1025.0,95.82,97.34,94.35,642157,539609,102548,1311489,963497,871371,116686,89.0,89.0,89.0,89.0,kerala,kottayam,22.0,50,51,0.0,51.0,24,21,3,2,258,31,285,0,1653838.0,1.Hindus,2.Muslims,3.Christians,88.0
2011.0,3625471,1754576,1870895,17.22,1066.0,89.61,93.25,86.26,874476,691848,182628,2750995,2484576,1057418,80650,122.0,122.0,122.0,122.0,kerala,malappuram,13.0,17,83,0.0,83.0,24,12,12,0,232,27,661,0,3269301.0,1.Hindus,2.Muslims,3.Christians,121.0
2011.0,2617482,1266985,1350497,9.86,1066.0,84.35,89.52,79.56,945052,768620,176432,1672430,1802766,703596,109249,144.0,144.0,144.0,141.0,kerala,palakkad,41.0,43,85,0.0,85.0,13,9,4,2,156,18,404,0,2260907.0,1.Hindus,2.Muslims,3.Christians,139.0
2011.0,1234016,589398,644618,3.72,1094.0,94.84,96.41,93.43,366049,285844,80205,867967,694560,481602,56457,65.0,65.0,65.0,64.0,kerala,pathanamthitta,20.0,19,33,0.0,33.0,17,15,2,0,157,14,158,0,1110218.0,1.Hindus,2.Muslims,3.Christians,63.0
2011.0,1630239,841253,788986,20.51,938.0,81.41,88.91,73.43,648243,582264,65979,981996,1024080,296272,293184,862.0,851.0,840.0,786.0,maharashtra,akola,46.0,43,30,0.0,30.0,40,37,3,13,93,24,140,0,1002742.0,1.Hindus,2.Muslims,3.Buddhists,212.0
2011.0,1136146,573445,562701,11.2,981.0,78.47,88.97,67.82,536885,365464,171421,599261,953507,144541,23324,778.0,772.0,774.0,716.0,maharashtra,bhandara,33.0,15,23,0.0,23.0,12,9,3,1,30,14,50,0,960418.0,1.Hindus,2.Buddhists,3.Muslims,442.0
2011.0,2071101,1062993,1008108,17.26,948.0,73.17,82.94,62.89,930791,683029,247762,1140310,1680113,274067,76050,1472.0,1462.0,1444.0,1359.0,maharashtra,chandrapur,50.0,39,56,0.0,56.0,30,25,5,4,108,77,109,0,1406034.0,1.Hindus,2.Buddhists,3.Muslims,318.0
2011.0,1707947,878372,829575,16.01,944.0,71.65,81.4,61.39,737941,573496,164445,970006,1522895,149466,14613,678.0,675.0,673.0,669.0,maharashtra,dhule,49.0,31,16,0.0,16.0,27,27,0,4,52,7,203,0,1262062.0,1.Hindus,2.Muslims,3.Buddhists,276.0
2011.0,970294,491101,479193,23.25,976.0,60.1,71.86,48.07,497104,336959,160145,473190,818640,78058,44825,1521.0,1509.0,1320.0,1279.0,maharashtra,gadchiroli,82.0,27,20,0.0,20.0,5,3,2,0,24,3,23,0,903033.0,1.Hindus,2.Buddhists,3.Others,369.0
2011.0,3682690,1905493,1777197,15.44,933.0,75.43,85.91,64.3,1563983,1300086,263897,2118707,3049368,455288,126136,1491.0,1491.0,1486.0,1470.0,maharashtra,jalgaon,81.0,72,48,0.0,48.0,57,25,32,8,146,51,364,0,2629896.0,1.Hindus,2.Muslims,3.Buddhists,934.0
2011.0,1612980,826903,786077,18.17,951.0,64.4,79.14,49.04,716900,611998,104902,896080,1255041,211531,121033,963.0,963.0,959.0,952.0,maharashtra,jalna,47.0,40,15,0.0,15.0,20,17,3,23,73,10,289,0,1305115.0,1.Hindus,2.Muslims,3.Buddhists,380.0
2011.0,3523162,1807470,1715692,17.59,949.0,76.93,87.47,66.02,1652970,1394882,258088,1870192,3077263,236875,147285,1196.0,1194.0,1190.0,1185.0,maharashtra,kolhapur,65.0,41,42,0.0,42.0,38,35,3,19,59,18,121,0,2472809.0,1.Hindus,2.Muslims,3.Jains,638.0
2011.0,2080285,1075257,1005028,23.95,935.0,71.54,82.94,59.4,840518,712849,127669,1239767,1700679,292996,74351,921.0,921.0,919.0,917.0,maharashtra,latur,68.0,48,17,0.0,17.0,37,37,0,4,57,0,156,0,1590024.0,1.Hindus,2.Muslims,3.Buddhists,409.0
2011.0,2876259,1481358,1394901,23.08,942.0,67.77,80.44,54.35,1202037,965087,236950,1674222,2162185,385081,302161,1546.0,1538.0,1531.0,1536.0,maharashtra,nanded,90.0,76,32,0.0,32.0,52,43,9,29,93,3,325,0,2187195.0,1.Hindus,2.Muslims,3.Buddhists,209.0
2011.0,1486586,769368,717218,15.35,932.0,69.02,80.42,56.89,653522,555202,98320,833064,1297858,151181,28356,729.0,729.0,727.0,726.0,maharashtra,osmanabad,42.0,35,30,0.0,30.0,28,18,10,2,88,11,186,0,1253330.0,1.Hindus,2.Muslims,3.Buddhists,400.0
2011.0,1527715,780191,747524,15.31,958.0,66.07,79.63,52.02,644752,559917,84835,882963,1121246,243935,153231,830.0,830.0,824.0,821.0,maharashtra,parbhani,58.0,64,26,0.0,26.0,36,16,20,5,80,6,215,0,1042529.0,1.Hindus,2.Muslims,3.Buddhists,386.0
2011.0,1696777,794498,902279,9.87,1136.0,75.05,85.89,65.77,763387,557613,205774,933390,1391137,175672,120855,1539.0,1538.0,1539.0,1484.0,maharashtra,ratnagiri,15.0,12,30,0.0,30.0,12,10,2,1,35,18,49,0,1504568.0,1.Hindus,2.Muslims,3.Buddhists,810.0
2011.0,2583524,1320088,1263436,17.59,957.0,76.62,86.26,66.73,1218655,952241,266414,1364869,2243478,203524,85160,721.0,721.0,721.0,719.0,maharashtra,sangli,53.0,29,40,0.0,40.0,22,13,9,5,51,8,98,0,1950306.0,1.Hindus,2.Muslims,3.Jains,567.0
2011.0,2808994,1408326,1400668,14.1,995.0,78.22,88.2,68.38,1303658,1044989,258669,1505336,2533359,128570,125661,1716.0,1716.0,1701.0,1680.0,maharashtra,satara,55.0,40,34,0.0,34.0,41,36,5,2,80,16,179,0,2410873.0,1.Hindus,2.Buddhists,3.Muslims,646.0
2011.0,868825,417890,450935,3.55,1079.0,80.3,90.26,71.23,404985,233827,171158,463840,802498,24320,23668,743.0,743.0,735.0,722.0,maharashtra,sindhudurg,12.0,7,11,0.0,11.0,10,7,3,0,8,12,5,0,786506.0,1.Hindus,2.Buddhists,3.Muslims,593.0
2011.0,1236736,638990,597746,15.3,935.0,80.06,87.18,72.45,550351,431330,119021,686385,1006235,169579,47605,1004.0,998.0,998.0,842.0,maharashtra,wardha,37.0,33,34,0.0,34.0,26,23,3,3,88,45,62,0,911695.0,1.Hindus,2.Buddhists,3.Muslims,392.0
2011.0,2458271,1265681,1192590,18.46,942.0,73.62,84.09,62.52,1118937,949453,169484,1339334,1999368,221793,196909,1856.0,1820.0,1795.0,1729.0,maharashtra,yavatmal,84.0,47,44,0.0,44.0,54,46,8,8,118,37,198,0,2001060.0,1.Hindus,2.Buddhists,3.Muslims,723.0
2011.0,208368,104550,103818,13.9,993.0,67.63,79.61,55.66,89703,55557,34146,118665,148903,38763,14194,48.0,48.0,46.0,47.0,manipur,bishnupur,5.0,24,2,0.0,2.0,18,11,7,0,11,0,3,0,133627.0,1.Hindus,2.Others,3.Muslims,28.0
2011.0,118327,59741,58586,72.8,981.0,56.23,64.34,47.98,54545,39935,14610,63782,109128,5701,2318,350.0,323.0,190.0,214.0,manipur,chandel,2.0,8,1,0.0,1.0,0,0,0,0,0,0,0,0,103365.0,1.Christians,2.Hindus,3.Muslims,25.0
2011.0,227905,117232,110673,29.81,944.0,70.59,77.67,63.06,99363,71933,27430,128542,213186,10538,2573,540.0,539.0,306.0,395.0,manipur,churachandpur,7.0,1,0,0.0,0.0,7,3,4,0,0,0,1,0,227905.0,1.Christians,2.Hindus,3.Muslims,66.0
2011.0,111499,58014,53485,29.23,922.0,59.25,68.72,48.95,50863,43353,7510,60636,105791,3187,1431,171.0,171.0,75.0,157.0,manipur,tamenglong,4.0,0,0,0.0,0.0,0,0,0,0,1,0,0,0,111499.0,1.Christians,2.Hindus,3.Muslims,42.0
2011.0,364140,182250,181890,24.62,998.0,66.41,80.43,52.46,177343,111486,65857,186797,221096,86849,50819,90.0,90.0,84.0,88.0,manipur,thoubal,9.0,38,21,0.0,21.0,39,28,11,0,8,0,19,0,232868.0,1.Hindus,2.Muslims,3.Others,36.0
2011.0,140778,73465,67313,28.98,916.0,73.12,80.13,65.41,66515,51564,14951,74263,133966,5687,881,198.0,198.0,154.0,188.0,manipur,ukhrul,7.0,8,1,0.0,1.0,3,0,3,0,0,0,0,0,140778.0,1.Christians,2.Hindus,3.Muslims,47.0
2011.0,325676,166877,158799,39.24,952.0,96.51,96.75,96.26,162961,125328,37633,162715,303893,14508,5185,96.0,96.0,81.0,86.0,mizoram,aizawl,10.0,10,35,0.0,35.0,1,0,1,0,43,0,9,0,77531.0,1.Christians,2.Hindus,3.Muslims,46.0
2011.0,73620,38776,34844,34.78,899.0,64.74,70.9,57.81,34093,26188,7905,39527,38410,32877,1910,139.0,139.0,27.0,134.0,mizoram,lawngtlai,1.0,1,2,0.0,2.0,1,0,1,0,0,0,0,0,73620.0,1.Buddhists,2.Christians,3.Hindus,24.0
2011.0,137223,71402,65821,23.1,922.0,84.17,87.44,80.6,71792,60870,10922,65431,109204,22429,4612,160.0,160.0,101.0,130.0,mizoram,lunglei,2.0,3,13,0.0,13.0,2,0,2,0,3,0,0,0,79267.0,1.Christians,2.Buddhists,3.Hindus,55.0
2011.0,310084,162251,147833,49.96,911.0,74.54,80.3,68.15,135023,114456,20567,175061,278844,21950,5457,180.0,179.0,148.0,164.0,nagaland,kohima,7.0,6,0,0.0,0.0,0,0,0,0,0,0,0,0,233054.0,1.Christians,2.Hindus,3.Others,82.0
2011.0,232085,120929,111156,43.48,919.0,83.92,86.03,81.61,109260,82160,27100,122825,219282,10433,2128,102.0,101.0,97.0,99.0,nagaland,mokokchung,3.0,0,2,0.0,2.0,2,1,1,0,0,0,0,0,200871.0,1.Christians,2.Hindus,3.Muslims,82.0
2011.0,260652,138753,121899,73.42,879.0,41.83,46.56,36.35,130848,108206,22642,129804,248684,9963,1748,110.0,110.0,102.0,107.0,nagaland,mon,6.0,3,2,0.0,2.0,0,0,0,0,0,0,0,0,244062.0,1.Christians,2.Hindus,3.Muslims,69.0
2011.0,148195,77141,71054,45.12,921.0,70.65,78.37,62.26,71398,57454,13944,76797,143048,4095,517,104.0,104.0,102.0,102.0,nagaland,phek,4.0,8,3,0.0,3.0,0,0,0,0,2,0,0,0,135331.0,1.Christians,2.Hindus,3.Muslims,54.0
2011.0,414818,218678,196140,78.1,897.0,50.64,55.12,45.58,184924,156950,27974,229894,406287,6856,1329,251.0,251.0,238.0,230.0,nagaland,tuensang,1.0,2,2,0.0,2.0,4,0,4,0,0,0,0,0,385046.0,1.Christians,2.Hindus,3.Muslims,123.0
2011.0,161223,83670,77553,95.01,927.0,80.55,85.35,75.32,56254,49679,6575,104969,155009,4787,1209,128.0,128.0,105.0,104.0,nagaland,wokha,2.0,7,1,0.0,1.0,2,0,2,0,0,0,0,0,123587.0,1.Christians,2.Hindus,3.Muslims,67.0
2011.0,153955,79056,74899,61.0,947.0,69.28,73.74,64.57,56783,47491,9292,97172,150097,3193,492,187.0,186.0,187.0,178.0,nagaland,zunheboto,4.0,4,3,0.0,3.0,1,1,0,0,0,0,0,0,130874.0,1.Christians,2.Hindus,3.Muslims,57.0
2011.0,3096077,1650589,1445488,22.72,876.0,67.27,72.61,61.26,1112200,938100,174100,1983877,2383575,648284,51948,1185.0,1151.0,1185.0,1114.0,punjab,amritsar,52.0,41,16,0.0,16.0,21,20,1,1,16,0,58,0,1872802.0,1.Sikhs,2.Hindus,3.Christians,696.0
2011.0,550892,292596,258296,21.42,883.0,61.95,68.15,55.03,209754,181873,27881,341138,427104,119702,1739,163.0,163.0,163.0,160.0,punjab,faridkot,17.0,18,8,0.0,8.0,7,6,1,1,10,0,20,0,357321.0,1.Sikhs,2.Hindus,3.Muslims,107.0
2011.0,2104011,1113077,990934,19.33,890.0,73.77,79.78,67.15,700557,568322,132235,1403454,996246,934963,148981,1532.0,1531.0,1532.0,1375.0,punjab,gurdaspur,22.0,29,12,0.0,12.0,26,22,4,6,17,0,38,0,1568788.0,1.Hindus,2.Sikhs,3.Christians,517.0
2011.0,1480736,765132,715604,13.81,935.0,81.02,86.45,75.32,513351,415123,98228,967385,871923,574862,15394,1386.0,1386.0,1386.0,1232.0,punjab,hoshiarpur,51.0,43,28,0.0,28.0,31,23,8,11,13,2,72,0,1188662.0,1.Hindus,2.Sikhs,3.Muslims,382.0
2011.0,1962700,1040177,922523,18.4,887.0,78.04,82.49,73.08,676835,599324,77511,1285865,1158868,740841,22106,934.0,934.0,934.0,832.0,punjab,jalandhar,41.0,51,31,0.0,31.0,32,26,6,6,22,0,57,0,1030717.0,1.Hindus,2.Sikhs,3.Christians,598.0
2011.0,754521,399623,354898,16.34,888.0,73.93,79.02,68.29,262741,231222,31519,491780,448654,286438,7740,618.0,618.0,618.0,478.0,punjab,kapurthala,33.0,39,16,0.0,16.0,20,17,3,2,10,0,39,0,507994.0,1.Sikhs,2.Hindus,3.Buddhists,359.0
2011.0,3032831,1662716,1370115,24.79,824.0,76.5,80.25,71.95,1149638,1041517,108121,1883193,1744446,1205128,52220,897.0,897.0,897.0,842.0,punjab,ludhiana,16.0,30,8,0.0,8.0,15,10,5,4,4,4,22,0,1339178.0,1.Sikhs,2.Hindus,3.Muslims,550.0
2011.0,1844934,987390,857544,20.31,868.0,69.78,75.88,62.86,681951,589015,92936,1162983,1024546,778427,34828,1054.0,1053.0,1054.0,986.0,punjab,patiala,47.0,43,25,0.0,25.0,31,26,5,13,22,0,95,0,1200224.0,1.Sikhs,2.Hindus,3.Muslims,172.0
2011.0,2000173,1069289,930884,18.57,871.0,59.98,65.81,53.38,814098,714076,100022,1186075,1400149,434873,157838,697.0,697.0,697.0,684.0,punjab,sangrur,38.0,52,30,0.0,30.0,25,11,14,14,10,0,36,0,1415354.0,1.Sikhs,2.Hindus,3.Muslims,291.0
2011.0,2181670,1129920,1051750,26.1,931.0,64.65,79.37,48.86,856809,690818,165991,1324861,1869044,244341,47812,1025.0,1025.0,966.0,970.0,rajasthan,ajmer,50.0,41,70,0.0,70.0,123,108,15,15,105,0,709,0,1306994.0,1.Hindus,2.Muslims,3.Jains,352.0
2011.0,2992592,1586752,1405840,30.23,886.0,61.74,78.09,43.28,1458686,947587,511099,1533906,2535155,383204,55530,1954.0,1954.0,1843.0,1811.0,rajasthan,alwar,104.0,51,99,0.0,99.0,161,143,18,53,136,0,556,0,2557653.0,1.Hindus,2.Muslims,3.Sikhs,553.0
2011.0,1501589,760686,740903,29.84,974.0,44.63,60.45,28.43,709412,529393,180019,792177,1425287,39079,18406,1476.0,1476.0,853.0,1348.0,rajasthan,banswara,34.0,14,55,0.0,55.0,102,95,7,6,59,2,190,0,1394226.0,1.Hindus,2.Muslims,3.Jains,450.0
2011.0,1964835,1038247,926588,36.83,892.0,58.99,72.76,43.45,919729,680208,239521,1045106,1695047,231918,35744,1933.0,1933.0,948.0,1777.0,rajasthan,barmer,29.0,27,21,0.0,21.0,34,34,0,27,36,0,201,0,1819431.0,1.Hindus,2.Muslims,3.Jains,433.0
2011.0,2101142,1133425,967717,27.05,854.0,63.57,80.54,43.56,852913,573547,279366,1248229,1804599,264709,23472,1366.0,1365.0,1238.0,1298.0,rajasthan,bharatpur,95.0,83,69,0.0,69.0,193,139,54,29,85,0,478,0,1692182.0,1.Hindus,2.Muslims,3.Sikhs,481.0
2011.0,2013789,1026650,987139,26.14,962.0,50.74,67.39,33.48,939848,764916,174932,1073941,1859972,112802,37659,1693.0,1693.0,1553.0,1516.0,rajasthan,bhilwara,34.0,30,52,0.0,52.0,85,74,11,16,90,0,558,0,1598938.0,1.Hindus,2.Muslims,3.Jains,473.0
2011.0,1674271,886075,788196,38.18,890.0,56.91,70.05,42.03,661457,522482,138975,1012814,1445088,172372,31235,712.0,686.0,485.0,611.0,rajasthan,bikaner,39.0,47,55,0.0,55.0,31,25,6,17,54,0,446,0,1079235.0,1.Hindus,2.Muslims,3.Jains,173.0
2011.0,962620,504818,457802,24.8,907.0,55.57,71.68,37.79,456937,305977,150960,505683,881956,56220,13186,839.0,838.0,733.0,764.0,rajasthan,bundi,22.0,44,40,0.0,40.0,110,99,11,6,114,0,298,0,783058.0,1.Hindus,2.Muslims,3.Jains,178.0
2011.0,1923878,987781,936097,24.6,948.0,66.81,79.69,53.35,853899,587431,266468,1069979,1698106,210446,13882,946.0,925.0,877.0,909.0,rajasthan,churu,40.0,46,37,0.0,37.0,33,26,7,10,11,0,342,0,1387682.0,1.Hindus,2.Muslims,3.Jains,423.0
2011.0,1107643,547791,559852,26.58,1022.0,48.57,66.04,31.77,531376,272283,259093,576267,1068319,23549,12542,854.0,853.0,723.0,819.0,rajasthan,dungarpur,24.0,11,39,0.0,39.0,89,87,2,5,57,0,134,0,1026787.0,1.Hindus,2.Muslims,3.Jains,368.0
2011.0,1789423,955378,834045,27.53,873.0,64.74,75.53,52.44,719792,552559,167233,1069631,1299812,441409,42442,2830.0,2820.0,1817.0,1653.0,rajasthan,ganganagar,56.0,76,99,0.0,99.0,76,68,8,19,73,1,653,0,1336066.0,1.Hindus,2.Sikhs,3.Muslims,654.0
2011.0,508247,279101,229146,47.45,821.0,50.97,66.26,32.05,211687,153139,58548,296560,383638,120174,2086,600.0,576.0,183.0,473.0,rajasthan,jaisalmer,11.0,8,4,0.0,4.0,7,5,2,5,17,0,20,0,431853.0,1.Hindus,2.Muslims,3.Sikhs,144.0
2011.0,1180323,612804,567519,23.34,926.0,57.32,73.31,40.02,554781,399386,155395,625542,1087934,78962,11759,1477.0,1476.0,1185.0,1173.0,rajasthan,jhalawar,33.0,64,67,0.0,67.0,70,55,15,14,201,3,385,0,1012081.0,1.Hindus,2.Muslims,3.Jains,214.0
2011.0,2775058,1424967,1350091,29.33,947.0,57.28,74.1,39.67,1129514,844039,285475,1645544,2399173,356405,17478,1480.0,1466.0,1417.0,1417.0,rajasthan,nagaur,44.0,62,70,0.0,70.0,68,60,8,14,66,0,398,0,2297721.0,1.Hindus,2.Muslims,3.Jains,580.0
2011.0,1820251,918856,901395,22.39,981.0,54.39,72.2,36.48,724883,518158,206725,1095368,1677038,114088,25599,936.0,936.0,883.0,906.0,rajasthan,pali,31.0,80,64,0.0,64.0,106,88,18,11,84,0,451,0,1429364.0,1.Hindus,2.Muslims,3.Jains,451.0
2011.0,2287788,1172753,1115035,24.11,951.0,70.47,84.34,56.11,887915,633421,254494,1399873,2019396,261714,4957,986.0,985.0,965.0,945.0,rajasthan,sikar,49.0,32,50,0.0,50.0,91,69,22,26,11,0,232,0,1815250.0,1.Hindus,2.Muslims,3.Jains,470.0
2011.0,851107,437949,413158,30.08,943.0,53.94,69.89,37.15,343905,245762,98143,507202,810765,25439,12427,455.0,454.0,399.0,423.0,rajasthan,sirohi,19.0,28,27,0.0,27.0,60,52,8,5,76,0,156,0,700217.0,1.Hindus,2.Muslims,3.Jains,201.0
2011.0,1211671,626436,585235,24.24,934.0,51.97,70.52,32.15,532682,425230,107452,678989,1062365,124440,23644,1032.0,1031.0,818.0,887.0,rajasthan,tonk,28.0,14,25,0.0,25.0,79,75,4,5,23,0,315,0,958503.0,1.Hindus,2.Muslims,3.Jains,246.0
2011.0,2633312,1336004,1297308,27.37,971.0,58.62,73.62,43.26,1100880,724120,376760,1532432,2449773,88262,83699,2339.0,2337.0,1647.0,2030.0,rajasthan,udaipur,83.0,90,110,0.0,110.0,198,162,36,14,150,0,444,0,2142995.0,1.Hindus,2.Muslims,3.Jains,619.0
2011.0,245040,132917,112123,37.17,844.0,74.67,81.2,66.8,116529,92577,23952,128511,157321,64729,14502,131.0,131.0,125.0,112.0,sikkim,east,8.0,3,7,0.0,7.0,5,5,0,0,6,0,2,0,192188.0,1.Hindus,2.Buddhists,3.Christians,100.0
2011.0,41030,23414,17616,31.32,752.0,67.21,75.69,55.39,23542,17553,5989,17488,22603,16128,1623,53.0,53.0,46.0,42.0,sikkim,north,1.0,0,0,0.0,0.0,0,0,0,0,1,0,0,0,39782.0,1.Buddhists,2.Hindus,3.Christians,44.0
2011.0,131525,68241,63284,33.37,927.0,67.31,74.29,59.72,69693,57367,12326,61832,84213,31109,12757,145.0,145.0,142.0,131.0,sikkim,south,2.0,3,4,0.0,4.0,4,4,0,0,11,0,1,0,127579.0,1.Hindus,2.Buddhists,3.Christians,99.0
2011.0,123256,63912,59344,25.48,929.0,58.8,66.82,50.11,53279,45407,7872,69977,71886,33601,9567,121.0,121.0,115.0,107.0,sikkim,west,3.0,1,5,0.0,5.0,1,1,0,0,6,0,1,0,121432.0,1.Hindus,2.Buddhists,3.Others,86.0
2011.0,307868,159095,148773,10.79,935.0,60.93,70.17,50.99,126761,92570,34191,181107,257834,28180,14848,148.0,148.0,108.0,138.0,tripura,dhalai,24.0,13,21,0.0,21.0,16,9,7,1,38,0,52,0,289001.0,1.Hindus,2.Buddhists,3.Christians,58.0
2011.0,900635,506938,393697,40.33,777.0,81.94,86.14,76.47,340422,328989,11433,560213,707978,145175,35548,23.0,23.0,23.0,18.0,chandigarh,chandigarh,24.0,40,27,0.0,27.0,58,46,12,2,21,12,46,0,92120.0,1.Hindus,2.Sikhs,3.Muslims,18.0
2012.0,1647201,848578,798623,18.53,941.0,56.24,64.83,47.07,517088,408537,108551,1130113,977943,662066,5267,1050.0,1050.0,775.0,967.0,assam,barpeta,34.0,21,98,0.0,98.0,225,224,1,5,67,0,638,0,1520333.0,1.Hindus,2.Muslims,3.Christians,430.0
2012.0,904835,465240,439595,12.23,945.0,59.33,67.67,50.44,293243,233087,60156,611592,535464,348573,18728,881.0,881.0,607.0,805.0,assam,bongaigaon,17.0,9,50,0.0,50.0,73,59,14,6,15,0,169,0,795053.0,1.Hindus,2.Muslims,3.Christians,112.0
2012.0,1444921,743042,701879,18.66,945.0,67.82,75.73,59.41,465734,364814,100920,979187,886761,522051,31306,1020.0,1020.0,741.0,902.0,assam,cachar,72.0,0,94,0.0,94.0,175,163,12,19,11,0,551,0,1243534.0,1.Hindus,2.Muslims,3.Christians,134.0
2012.0,1504320,773861,730459,15.79,944.0,55.44,63.91,46.4,527993,404428,123565,976327,868532,534658,97306,1319.0,1319.0,1032.0,1246.0,assam,darrang,36.0,3,88,0.0,88.0,191,168,23,9,246,0,387,0,1429492.0,1.Hindus,2.Muslims,3.Christians,356.0
2012.0,571944,294643,277301,18.93,941.0,64.48,74.41,53.86,250146,155431,94715,321798,548780,10533,6390,1236.0,1236.0,253.0,1068.0,assam,dhemaji,24.0,10,74,0.0,74.0,87,61,26,2,17,0,82,0,533112.0,1.Hindus,2.Muslims,3.Christians,83.0
2012.0,1637344,841044,796300,23.42,947.0,48.21,55.91,40.04,470360,399201,71159,1166984,1216455,405065,12477,1261.0,1261.0,904.0,1138.0,assam,dhubri,65.0,46,159,0.0,159.0,315,305,10,13,218,1,729,0,1444901.0,1.Hindus,2.Muslims,3.Christians,374.0
2012.0,1185072,613555,571517,12.43,931.0,68.96,77.3,59.95,472419,342708,129711,712653,1075878,53306,45040,1309.0,1309.0,1195.0,1169.0,assam,dibrugarh,81.0,33,50,0.0,50.0,134,75,59,0,138,0,316,0,956634.0,1.Hindus,2.Muslims,3.Christians,263.0
2012.0,822035,420251,401784,23.07,956.0,58.03,64.86,50.85,273925,209928,63997,548110,441516,314157,64662,761.0,761.0,689.0,723.0,assam,goalpara,55.0,44,65,0.0,65.0,84,68,16,3,97,0,323,0,755133.0,1.Hindus,2.Muslims,3.Christians,243.0
2012.0,946279,490286,455993,14.21,930.0,69.38,77.14,60.99,388640,269896,118744,557639,813263,74808,52277,1066.0,1066.0,595.0,769.0,assam,golaghat,58.0,34,60,0.0,60.0,181,154,27,1,72,0,226,0,865141.0,1.Hindus,2.Muslims,3.Christians,87.0
2012.0,542872,280513,262359,20.92,935.0,59.64,68.24,50.46,179881,138216,41665,362991,312849,223191,5424,327.0,327.0,268.0,308.0,assam,hailakandi,24.0,13,56,0.0,56.0,96,65,31,6,52,0,125,0,498787.0,1.Hindus,2.Muslims,3.Christians,110.0
2012.0,999221,517015,482206,15.84,933.0,76.34,83.62,68.49,414348,285092,129256,584873,927858,47658,18610,787.0,787.0,650.0,717.0,assam,jorhat,36.0,36,42,0.0,42.0,106,95,11,1,53,0,254,0,827901.0,1.Hindus,2.Muslims,3.Christians,215.0
2012.0,2522324,1326981,1195343,25.75,901.0,74.16,81.16,66.31,842253,697810,144443,1680071,1836153,625002,44257,1342.0,1342.0,1042.0,1190.0,assam,kamrup,48.0,11,54,0.0,54.0,121,107,14,5,70,0,172,0,1614107.0,1.Hindus,2.Muslims,3.Christians,468.0
2012.0,1007976,517680,490296,21.35,947.0,66.24,74.69,57.28,303294,235016,68278,704682,527214,470708,8746,915.0,915.0,639.0,865.0,assam,karimganj,36.0,22,32,0.0,32.0,85,85,0,11,4,0,262,0,934126.0,1.Hindus,2.Muslims,3.Christians,224.0
2012.0,905764,466191,439573,15.05,943.0,51.63,60.32,42.4,334849,234771,100078,570915,594168,184441,124270,951.0,951.0,704.0,906.0,assam,kokrajhar,110.0,42,27,0.0,27.0,90,65,25,3,31,0,84,2,841823.0,1.Hindus,2.Muslims,3.Christians,211.0
2012.0,889010,455691,433319,18.34,951.0,68.56,77.06,59.59,497745,288052,209693,391265,702881,143505,36667,1139.0,1139.0,680.0,1046.0,assam,lakhimpur,37.0,10,62,0.0,62.0,128,97,31,0,25,0,19,0,823857.0,1.Hindus,2.Muslims,3.Christians,211.0
2012.0,2314629,1190950,1123679,22.3,944.0,61.73,68.27,54.74,727641,566195,161446,1586988,1180267,1106354,21473,1375.0,1374.0,1190.0,1257.0,assam,nagaon,74.0,86,173,0.0,173.0,351,348,3,10,245,3,875,0,2036342.0,1.Hindus,2.Muslims,3.Christians,480.0
2012.0,1148824,592375,556449,11.98,939.0,67.23,76.56,57.26,383932,291665,92267,764892,873749,253842,18495,798.0,798.0,733.0,769.0,assam,nalbari,22.0,3,34,0.0,34.0,101,89,12,3,83,0,131,0,1121338.0,1.Hindus,2.Muslims,3.Christians,179.0
2012.0,1051736,545476,506260,15.95,928.0,74.47,81.53,66.81,430523,287319,143204,621213,927706,85761,28488,866.0,866.0,772.0,825.0,assam,sibsagar,71.0,60,78,0.0,78.0,168,153,15,5,134,0,269,0,954557.0,1.Hindus,2.Muslims,3.Christians,317.0
2012.0,1681513,871568,809945,17.8,929.0,59.0,67.54,49.73,634723,465283,169440,1046790,1287646,268078,115623,1784.0,1784.0,1331.0,1372.0,assam,sonitpur,91.0,41,97,0.0,97.0,241,220,21,11,39,0,124,0,1505719.0,1.Hindus,2.Muslims,3.Christians,235.0
2012.0,1150062,601099,548963,19.52,913.0,60.95,70.15,50.78,466351,349847,116504,683711,1029142,62403,40000,1107.0,1107.0,871.0,936.0,assam,tinsukia,86.0,32,64,0.0,64.0,160,142,18,1,43,0,137,0,926105.0,1.Hindus,2.Muslims,3.Christians,198.0
2012.0,2158608,1128105,1030503,31.84,913.0,35.01,46.38,22.37,853445,657446,195999,1305163,1263766,887972,2504,713.0,713.0,129.0,552.0,bihar,araria,81.0,107,53,0.0,53.0,122,78,44,21,8,7,32,0,2026257.0,1.Hindus,2.Muslims,3.Jains,60.0
2012.0,2013055,1040945,972110,30.19,934.0,57.03,71.13,41.9,671011,476390,194621,1342044,1814612,196030,1161,1739.0,1739.0,527.0,1148.0,bihar,aurangabad,89.0,192,22,0.0,22.0,71,58,13,27,2,0,110,0,1842998.0,1.Hindus,2.Muslims,3.Religion not stated,270.0
2012.0,2349366,1228874,1120492,29.11,912.0,47.98,59.13,35.64,746075,571564,174511,1603291,2033039,313713,1224,729.0,729.0,457.0,503.0,bihar,begusarai,120.0,261,11,0.0,11.0,143,113,30,27,0,0,79,0,2241743.0,1.Hindus,2.Muslims,3.Religion not stated,167.0
2012.0,2423172,1291658,1131514,27.24,876.0,49.5,59.22,38.13,855345,580731,274614,1567827,1990976,423246,1853,935.0,935.0,445.0,642.0,bihar,bhagalpur,99.0,77,31,0.0,31.0,132,106,26,24,0,4,119,0,1970745.0,1.Hindus,2.Muslims,3.Christians,229.0
2012.0,2243144,1179611,1063533,24.58,902.0,58.96,74.29,41.8,653811,491916,161895,1589333,2076589,163193,913,999.0,999.0,247.0,885.0,bihar,bhojpur,71.0,121,9,0.0,9.0,74,69,5,38,0,0,56,0,1930730.0,1.Hindus,2.Muslims,3.Religion not stated,133.0
2012.0,3295789,1722189,1573600,30.85,914.0,44.33,56.72,30.78,1028558,761464,267094,2267231,2543284,748971,2245,1083.0,1083.0,490.0,850.0,bihar,darbhanga,78.0,407,44,0.0,44.0,207,150,57,34,0,1,377,0,3028441.0,1.Hindus,2.Muslims,3.Religion not stated,271.0
2012.0,3473428,1792163,1681265,30.19,938.0,50.45,63.27,36.66,1277639,994459,283180,2195789,3063841,403439,1622,2680.0,2680.0,539.0,1635.0,bihar,gaya,153.0,39,35,0.0,35.0,154,120,34,53,0,0,92,0,2997479.0,1.Hindus,2.Muslims,3.Religion not stated,278.0
2012.0,2152638,1075710,1076928,26.11,1001.0,47.48,62.96,32.16,641672,466811,174861,1510966,1784275,367219,850,1383.0,1383.0,439.0,866.0,bihar,gopalganj,103.0,37,20,0.0,20.0,135,89,46,43,0,0,190,0,2022048.0,1.Hindus,2.Muslims,3.Religion not stated,261.0
2012.0,1514315,784946,729369,28.64,929.0,55.26,70.07,39.37,580905,422789,158116,933410,1389053,124149,743,856.0,856.0,219.0,672.0,bihar,jehanabad,46.0,12,8,0.0,8.0,47,41,6,24,0,0,37,0,1402703.0,1.Hindus,2.Muslims,3.Religion not stated,123.0
2012.0,2392638,1246872,1145766,30.91,919.0,35.09,45.31,23.8,898326,664259,234067,1494312,1363523,1017495,4994,1290.0,1290.0,277.0,785.0,bihar,katihar,91.0,94,73,0.0,73.0,137,112,25,24,1,1,111,0,2174361.0,1.Hindus,2.Muslims,3.Christians,248.0
2012.0,1280354,679267,601087,29.32,885.0,41.35,51.82,29.35,467240,333262,133978,813114,1147346,131441,546,241.0,241.0,114.0,220.0,bihar,khagaria,65.0,72,18,0.0,18.0,53,34,19,12,0,0,41,0,1204027.0,1.Hindus,2.Muslims,3.Others,124.0
2012.0,1296348,669552,626796,31.5,936.0,31.09,42.71,18.63,417151,359819,57332,879197,876105,412995,2856,730.0,730.0,116.0,442.0,bihar,kishanganj,39.0,0,32,0.0,32.0,72,71,1,19,0,0,50,0,1167340.0,1.Muslims,2.Hindus,3.Christians,120.0
2012.0,1526646,797180,729466,29.45,915.0,36.07,48.8,22.11,683976,498367,185609,842670,1351978,173605,494,384.0,384.0,168.0,311.0,bihar,madhepura,56.0,130,31,0.0,31.0,77,56,21,15,0,2,46,0,1458679.0,1.Hindus,2.Muslims,3.Religion not stated,141.0
2012.0,3575281,1840997,1734284,26.08,942.0,41.97,56.79,26.25,1227723,877412,350311,2347558,2930501,641579,1477,1034.0,1034.0,437.0,901.0,bihar,madhubani,77.0,71,31,0.0,31.0,191,163,28,27,0,0,195,0,3450736.0,1.Hindus,2.Muslims,3.Religion not stated,232.0
2012.0,1137797,607730,530067,20.34,872.0,59.47,69.89,47.4,331451,233688,97763,806346,1045233,89791,1135,525.0,525.0,321.0,382.0,bihar,munger,68.0,32,9,0.0,9.0,65,49,16,8,1,0,40,0,819950.0,1.Hindus,2.Muslims,3.Christians,149.0
2012.0,3746714,1951466,1795248,26.74,920.0,47.95,59.1,35.81,1139830,895830,244000,2606884,3168225,573951,2104,1725.0,1725.0,1021.0,1423.0,bihar,muzaffarpur,198.0,611,34,0.0,34.0,279,220,59,83,0,0,80,3,3398361.0,1.Hindus,2.Muslims,3.Religion not stated,526.0
2012.0,2370528,1238599,1131929,18.64,914.0,53.19,66.44,38.58,903144,700007,203137,1467384,2191552,176871,888,1000.0,1000.0,366.0,879.0,bihar,nalanda,114.0,75,11,0.0,11.0,113,85,28,79,7,1,116,0,2016899.0,1.Hindus,2.Muslims,3.Religion not stated,198.0
2012.0,4718592,2519942,2198650,30.17,873.0,62.92,73.34,50.83,1425647,1161984,263663,3292945,4333556,366164,8951,1288.0,1288.0,615.0,1199.0,bihar,patna,356.0,86,49,0.0,49.0,376,300,76,97,19,1,377,0,2757060.0,1.Hindus,2.Muslims,3.Christians,390.0
2012.0,2450748,1283485,1167263,27.71,909.0,61.29,75.31,45.71,744183,544731,199452,1706565,2199049,246760,2549,1710.0,1710.0,493.0,1185.0,bihar,rohtas,132.0,214,26,0.0,26.0,130,94,36,44,15,0,92,0,2123942.0,1.Hindus,2.Muslims,3.Sikhs,153.0
2012.0,1508182,789432,718750,33.03,910.0,39.08,51.66,25.27,589467,411566,177901,918715,1289364,217922,437,441.0,441.0,127.0,374.0,bihar,saharsa,53.0,198,16,0.0,16.0,95,76,19,10,0,0,72,0,1383015.0,1.Hindus,2.Muslims,3.Christians,63.0
2012.0,3394793,1760692,1634101,25.63,928.0,45.13,57.59,31.67,1071974,843356,228618,2322819,3035755,355897,1432,1122.0,1122.0,674.0,878.0,bihar,samastipur,99.0,241,24,0.0,24.0,131,112,19,34,0,0,114,0,3271338.0,1.Hindus,2.Muslims,3.Religion not stated,195.0
2012.0,3248701,1652661,1596040,26.37,966.0,51.8,67.3,35.82,860940,644618,216322,2387761,2909213,337767,758,1566.0,1566.0,544.0,1213.0,bihar,saran,128.0,289,23,0.0,23.0,178,137,41,74,0,0,138,0,2950064.0,1.Hindus,2.Muslims,3.Religion not stated,342.0
2012.0,2682720,1417611,1265109,32.58,892.0,38.46,49.36,26.13,855156,714136,141020,1827564,2111476,568992,1237,802.0,802.0,302.0,709.0,bihar,sitamarhi,97.0,35,20,0.0,20.0,167,143,24,30,0,0,100,0,2529407.0,1.Hindus,2.Muslims,3.Religion not stated,216.0
2012.0,2714349,1336283,1378066,24.78,1031.0,51.65,67.26,36.88,730437,511578,218859,1983912,2218632,494176,899,1438.0,1438.0,441.0,1119.0,bihar,siwan,112.0,55,20,0.0,20.0,193,166,27,64,2,0,101,0,2564860.0,1.Hindus,2.Muslims,3.Religion not stated,254.0
2012.0,2718421,1415603,1302818,26.39,920.0,50.49,63.23,36.58,782717,624452,158265,1935704,2457636,259158,922,1414.0,1414.0,970.0,929.0,bihar,vaishali,122.0,153,20,0.0,20.0,223,171,52,62,1,0,196,0,2531766.0,1.Hindus,2.Muslims,3.Religion not stated,154.0
2012.0,1998355,1013875,984480,17.59,971.0,63.51,78.43,48.17,857577,630504,227073,1140778,1904580,45342,19325,1579.0,1545.0,1494.0,1426.0,chhattisgarh,bilaspur,74.0,42,47,0.0,47.0,33,28,5,10,169,11,95,0,1511661.0,1.Hindus,2.Muslims,3.Others,452.0
2012.0,2810436,1417893,1392543,16.88,982.0,75.62,86.43,64.64,1162833,965624,197209,1647603,2654202,70398,23399,1776.0,1762.0,1737.0,1698.0,chhattisgarh,durg,52.0,44,91,0.0,91.0,55,47,8,9,178,25,111,0,1738127.0,1.Hindus,2.Muslims,3.Sikhs,669.0
2012.0,1265529,634597,630932,18.68,994.0,70.16,82.7,57.62,601564,430725,170839,663965,1212180,36098,12637,1433.0,1410.0,1385.0,1350.0,chhattisgarh,raigarh,61.0,41,69,0.0,69.0,15,14,1,6,81,8,55,0,1096073.0,1.Hindus,2.Christians,3.Muslims,279.0
2012.0,3016930,1523925,1493005,18.97,980.0,68.51,81.97,54.81,1264663,961507,303156,1752267,2881933,77963,16857,2124.0,2101.0,1955.0,1987.0,chhattisgarh,raipur,56.0,46,111,0.0,111.0,22,14,8,8,148,38,109,0,2099312.0,1.Hindus,2.Muslims,3.Christians,696.0
2012.0,1283224,634342,648882,17.7,1023.0,77.21,87.17,67.55,649401,558996,90405,633823,1215492,28020,21035,1605.0,1595.0,1550.0,1484.0,chhattisgarh,rajnandgaon,45.0,29,31,0.0,31.0,9,7,2,3,52,7,17,0,1051577.0,1.Hindus,2.Buddhists,3.Muslims,343.0
2012.0,1393918,701593,692325,6.45,987.0,66.09,76.44,55.78,600819,470043,130776,793099,1307460,83077,2309,615.0,614.0,615.0,614.0,gujarat,amreli,18.0,19,10,0.0,10.0,80,75,5,0,20,7,146,0,1080960.0,1.Hindus,2.Muslims,3.Jains,383.0
2012.0,1856872,972000,884872,13.03,910.0,74.51,86.09,61.94,784711,617669,167042,1072161,1616127,199263,29461,350.0,350.0,350.0,350.0,gujarat,anand,25.0,24,9,0.0,9.0,56,53,3,0,22,1,188,0,1348901.0,1.Hindus,2.Muslims,3.Christians,301.0
2012.0,1370656,713676,656980,19.32,921.0,74.41,82.98,65.11,570693,469551,101142,799963,1059796,293459,8824,657.0,657.0,656.0,644.0,gujarat,bharuch,42.0,12,12,0.0,12.0,28,22,6,0,19,1,0,0,1018096.0,1.Hindus,2.Muslims,3.Christians,403.0
2012.0,2469630,1274920,1194710,19.29,937.0,66.2,78.02,53.73,944559,781166,163393,1525071,2264062,172740,28921,790.0,790.0,789.0,786.0,gujarat,bhavnagar,46.0,23,13,0.0,13.0,105,96,9,0,30,42,221,0,1534592.0,1.Hindus,2.Muslims,3.Jains,526.0
2012.0,1334455,697999,636456,23.88,912.0,76.59,87.74,64.58,554336,467413,86923,780119,1269766,50559,7769,291.0,291.0,291.0,290.0,gujarat,gandhinagar,23.0,4,20,0.0,20.0,29,26,3,0,10,1,159,0,867195.0,1.Hindus,2.Muslims,3.Jains,244.0
2012.0,1904278,981320,922958,22.39,941.0,66.48,76.25,56.18,734382,624057,110325,1169896,1605941,270223,21907,698.0,695.0,666.0,666.0,gujarat,jamnagar,43.0,40,22,0.0,22.0,41,37,4,0,40,4,439,0,1068022.0,1.Hindus,2.Muslims,3.Jains,286.0
2012.0,2448173,1252350,1195823,17.08,955.0,67.78,78.74,56.43,1000842,785530,215312,1447331,2165734,274481,4291,923.0,922.0,901.0,858.0,gujarat,junagadh,40.0,17,15,0.0,15.0,63,53,10,1,37,5,411,0,1736645.0,1.Hindus,2.Muslims,3.Jains,803.0
2012.0,514404,263986,250418,14.4,949.0,59.86,72.44,46.61,259116,176372,82744,255288,482552,20429,5122,552.0,552.0,530.0,515.0,gujarat,narmada,17.0,3,7,0.0,7.0,6,5,1,0,3,0,13,0,462298.0,1.Hindus,2.Muslims,3.Christians,324.0
2012.0,1229463,628988,600475,13.22,955.0,75.83,82.77,68.61,545215,457002,88213,684248,1135525,69972,13575,374.0,374.0,374.0,368.0,gujarat,navsari,19.0,9,4,0.0,4.0,15,15,0,0,4,0,114,0,893110.0,1.Hindus,2.Muslims,3.Jains,268.0
2012.0,1182709,612100,570609,14.08,932.0,60.36,73.63,46.33,533078,395470,137608,649631,1057013,119748,5136,517.0,516.0,517.0,514.0,gujarat,patan,18.0,15,7,0.0,7.0,31,31,0,0,32,1,151,0,944281.0,1.Hindus,2.Muslims,3.Jains,265.0
2012.0,536835,275821,261014,14.35,946.0,68.62,78.36,58.42,215134,173594,41540,321701,507176,28404,589,182.0,182.0,155.0,156.0,gujarat,porbandar,18.0,8,10,0.0,10.0,8,7,1,1,8,0,73,0,275460.0,1.Hindus,2.Muslims,3.Jains,130.0
2012.0,1515148,787650,727498,25.34,924.0,61.61,74.19,48.1,647609,512038,135571,867539,1392451,97846,22721,650.0,649.0,650.0,648.0,gujarat,surendranagar,40.0,26,19,0.0,19.0,51,46,5,0,51,5,124,0,1112700.0,1.Hindus,2.Muslims,3.Jains,170.0
2012.0,1410553,734799,675754,29.66,920.0,69.15,77.9,59.62,650257,503333,146924,760296,1300005,66440,15399,450.0,450.0,425.0,449.0,gujarat,valsad,21.0,14,12,0.0,12.0,25,19,6,0,9,0,15,0,1029392.0,1.Hindus,2.Muslims,3.Christians,303.0
2012.0,1425022,758253,666769,22.45,879.0,67.45,80.26,53.0,609320,425210,184110,815702,1407363,12740,2542,437.0,437.0,437.0,429.0,haryana,bhiwani,81.0,48,28,0.0,28.0,109,69,40,19,45,23,179,0,1154629.0,1.Hindus,2.Muslims,3.Sikhs,252.0
2012.0,2194586,1193063,1001523,48.47,839.0,70.03,81.52,56.31,785762,609663,176099,1408824,1896698,247293,36005,413.0,413.0,413.0,376.0,haryana,faridabad,72.0,50,47,0.0,47.0,103,87,16,8,31,84,197,0,973242.0,1.Hindus,2.Muslims,3.Sikhs,188.0
2012.0,1660289,886451,773838,44.64,873.0,62.91,76.17,47.78,629658,464644,165014,1030631,1026542,617918,6672,694.0,694.0,693.0,642.0,haryana,gurgaon,82.0,66,44,0.0,44.0,56,47,9,15,18,31,150,0,1291285.0,1.Hindus,2.Muslims,3.Sikhs,203.0
2012.0,1189827,642282,547545,21.35,852.0,62.12,73.82,48.51,521946,372049,149897,667881,1134539,29159,20618,306.0,306.0,306.0,300.0,haryana,jind,50.0,36,34,0.0,34.0,58,40,18,17,27,0,114,0,948250.0,1.Hindus,2.Sikhs,3.Muslims,247.0
2012.0,946131,510513,435618,20.95,853.0,59.02,69.15,47.31,372011,268127,103884,574120,848765,88700,6777,270.0,270.0,270.0,261.0,haryana,kaithal,31.0,20,18,0.0,18.0,38,20,18,6,15,0,127,0,762649.0,1.Hindus,2.Sikhs,3.Muslims,160.0
2012.0,1274183,683368,590815,23.13,865.0,67.74,76.29,57.97,455455,355466,99989,818728,1125279,123160,22614,422.0,422.0,422.0,385.0,haryana,karnal,59.0,60,63,0.0,63.0,103,41,62,23,50,28,204,0,936341.0,1.Hindus,2.Sikhs,3.Muslims,186.0
2012.0,825454,442328,383126,23.72,866.0,69.88,78.06,60.61,308392,250596,57796,517062,675381,135545,12028,407.0,402.0,406.0,385.0,haryana,kurukshetra,26.0,38,25,0.0,25.0,37,30,7,11,20,27,110,0,609943.0,1.Hindus,2.Sikhs,3.Muslims,179.0
2012.0,812521,423578,388943,19.09,918.0,69.89,84.72,54.08,351864,204704,147160,460657,805991,3434,2026,368.0,368.0,368.0,350.0,haryana,mahendragarh,39.0,28,14,0.0,14.0,25,18,7,10,26,0,78,0,702885.0,1.Hindus,2.Muslims,3.Sikhs,190.0
2012.0,967449,528860,438589,38.57,829.0,69.17,78.5,57.97,382801,289013,93788,584648,873593,59696,27437,179.0,179.0,179.0,168.0,haryana,panipat,47.0,28,35,0.0,35.0,87,67,20,15,23,12,136,0,575369.0,1.Hindus,2.Muslims,3.Sikhs,116.0
2012.0,765351,403034,362317,25.24,899.0,75.25,88.45,60.83,333622,204855,128767,431729,758328,3194,1668,397.0,397.0,397.0,379.0,haryana,rewari,31.0,40,24,0.0,24.0,26,20,6,12,16,1,102,0,629177.0,1.Hindus,2.Muslims,3.Sikhs,175.0
2012.0,940128,509038,431090,20.99,847.0,73.72,83.23,62.59,371073,288225,82848,569055,924541,5665,5079,146.0,146.0,146.0,130.0,haryana,rohtak,60.0,63,37,0.0,37.0,35,23,12,12,24,40,143,0,610524.0,1.Hindus,2.Muslims,3.Sikhs,118.0
2012.0,1116649,593245,523404,22.96,882.0,60.55,70.05,49.93,475571,363946,111625,641078,801747,302942,7056,321.0,321.0,318.0,312.0,haryana,sirsa,27.0,26,30,0.0,30.0,90,55,35,6,25,1,159,0,823184.0,1.Hindus,2.Sikhs,3.Muslims,197.0
2012.0,1279175,695723,583452,22.36,839.0,72.79,83.06,60.68,523031,383449,139582,756144,1234225,31954,6729,323.0,323.0,323.0,316.0,haryana,sonipat,86.0,67,32,0.0,32.0,62,49,13,30,26,25,185,0,957800.0,1.Hindus,2.Muslims,3.Jains,248.0
2012.0,1041630,559444,482186,21.84,862.0,71.63,78.82,63.39,336533,280728,55805,705097,849255,104073,83524,613.0,613.0,607.0,483.0,haryana,yamunanagar,24.0,34,25,0.0,25.0,83,46,37,7,15,9,122,0,648608.0,1.Hindus,2.Muslims,3.Sikhs,248.0
2012.0,1165390,608878,556512,24.46,914.0,50.09,66.38,31.99,432714,283711,149003,732676,910409,221705,27263,2356.0,2356.0,289.0,768.0,jharkhand,deoghar,58.0,101,38,0.0,38.0,48,3,45,18,35,0,159,0,1005539.0,1.Hindus,2.Muslims,3.Others,94.0
2012.0,2397102,1278946,1118156,22.82,874.0,67.0,79.54,52.43,664058,492501,171557,1733044,1944757,364807,61505,1121.0,1121.0,503.0,708.0,jharkhand,dhanbad,69.0,18,41,0.0,41.0,121,101,20,49,4,2,89,0,1141744.0,1.Hindus,2.Muslims,3.Others,154.0
2012.0,1759602,897364,862238,17.31,961.0,47.94,62.86,32.35,778378,470354,308024,981224,1323468,203741,170201,3737.0,3737.0,213.0,1732.0,jharkhand,dumka,66.0,34,29,0.0,29.0,34,26,8,8,12,0,43,0,1644690.0,1.Hindus,2.Muslims,3.Others,312.0
2012.0,1904430,960679,943751,27.09,982.0,44.5,62.09,26.62,644644,340925,303719,1259786,1475201,383253,30778,2532.0,2532.0,481.0,1232.0,jharkhand,giridih,72.0,92,37,0.0,37.0,53,36,17,32,46,0,104,0,1782066.0,1.Hindus,2.Muslims,3.Others,229.0
2012.0,1047939,544043,503896,21.61,926.0,43.13,57.52,27.39,421941,238694,183247,625998,745237,210734,68055,1633.0,1633.0,257.0,892.0,jharkhand,godda,49.0,0,22,0.0,22.0,63,42,21,11,2,0,0,0,1010931.0,1.Hindus,2.Muslims,3.Others,141.0
2012.0,1346767,675769,670998,16.6,993.0,51.74,63.5,39.95,658921,446953,211968,687846,440373,425107,419004,1393.0,1393.0,92.0,1015.0,jharkhand,gumla,192.0,45,36,0.0,36.0,55,44,11,2,9,0,6,0,1273025.0,1.Hindus,2.Christians,3.Others,365.0
2012.0,2277475,1167793,1109682,24.02,950.0,57.74,71.81,42.87,790049,532895,257154,1487426,1870586,337117,36789,1543.0,1543.0,413.0,962.0,jharkhand,hazaribagh,68.0,31,42,0.0,42.0,53,49,4,24,9,0,54,0,1748406.0,1.Hindus,2.Muslims,3.Others,147.0
2012.0,2098359,1084417,1013942,26.8,935.0,44.95,58.91,29.88,793658,444921,348737,1304701,1740948,242980,63100,2465.0,2465.0,410.0,1474.0,jharkhand,palamu,70.0,61,26,0.0,26.0,57,30,27,28,10,0,20,0,1973266.0,1.Hindus,2.Muslims,3.Others,349.0
2012.0,2785064,1436976,1348088,25.72,938.0,64.57,76.56,51.72,1076904,750962,325942,1708160,1399301,767672,348774,2052.0,2052.0,331.0,1343.0,jharkhand,ranchi,145.0,77,52,0.0,52.0,76,53,23,11,22,1,45,0,1807243.0,1.Hindus,2.Others,3.Muslims,377.0
2012.0,4214505,2150090,2064415,17.4,960.0,64.21,75.7,52.32,1877774,1537645,340129,2336731,3565153,440836,169466,1255.0,1254.0,1247.0,1240.0,karnataka,belgaum,142.0,120,37,0.0,37.0,54,34,20,5,205,9,307,0,3201814.0,1.Hindus,2.Muslims,3.Christians,740.0
2012.0,2027140,1029714,997426,22.3,969.0,57.4,69.2,45.28,920821,801369,119452,1106319,1739522,257806,13226,524.0,523.0,524.0,381.0,karnataka,bellary,54.0,46,18,0.0,18.0,31,24,7,9,48,0,104,0,1320290.0,1.Hindus,2.Muslims,3.Christians,260.0
2012.0,1502373,771022,731351,19.56,949.0,60.94,72.46,48.81,557603,424985,132618,944770,1020174,295762,122083,599.0,596.0,596.0,591.0,karnataka,bidar,38.0,39,11,0.0,11.0,30,24,6,10,40,2,99,0,1157498.0,1.Hindus,2.Muslims,3.Buddhists,293.0
2012.0,1806918,926424,880494,17.63,950.0,57.01,69.94,43.47,718213,551972,166241,1088705,1495080,294491,8356,660.0,659.0,657.0,626.0,karnataka,bijapur,69.0,64,18,0.0,18.0,30,24,6,4,41,0,128,9,1410829.0,1.Hindus,2.Muslims,3.Jains,392.0
2012.0,1517896,776221,741675,15.05,955.0,64.45,74.66,53.78,721835,576035,145800,796061,1388506,109412,8411,946.0,916.0,946.0,879.0,karnataka,chitradurga,43.0,38,26,0.0,26.0,34,34,0,6,140,0,75,0,1243658.0,1.Hindus,2.Muslims,3.Religion not stated,197.0
2012.0,1790952,917705,873247,14.78,952.0,67.43,76.37,58.04,783781,631726,152055,1007171,1532714,226708,10944,810.0,786.0,808.0,727.0,karnataka,davanagere,42.0,35,17,0.0,17.0,23,20,3,8,117,0,119,0,1247954.0,1.Hindus,2.Muslims,3.Religion not stated,278.0
2012.0,3130922,1592789,1538133,21.02,966.0,50.01,61.77,37.9,1350072,1010430,339642,1780850,2381497,551171,153619,1360.0,1327.0,1342.0,1337.0,karnataka,gulbarga,82.0,87,29,0.0,29.0,53,39,14,10,132,0,151,0,2278301.0,1.Hindus,2.Muslims,3.Buddhists,708.0
2012.0,1721669,859086,862583,9.66,1004.0,68.63,78.37,59.0,864711,702827,161884,856958,1587287,104730,15598,2394.0,2330.0,2341.0,1990.0,karnataka,hassan,77.0,80,21,0.0,21.0,26,19,7,5,120,1,155,0,1416996.0,1.Hindus,2.Muslims,3.Christians,482.0
2012.0,548561,274831,273730,11.64,996.0,77.99,83.7,72.26,266378,247574,18804,282183,450694,78466,17951,291.0,279.0,286.0,267.0,karnataka,kodagu,29.0,36,12,0.0,12.0,5,3,2,2,25,0,43,0,473179.0,1.Hindus,2.Muslims,3.Christians,138.0
2012.0,2536069,1286193,1249876,13.83,972.0,62.84,73.17,52.23,1235028,1014667,220361,1301041,2196660,298767,32547,2919.0,2797.0,2785.0,2342.0,karnataka,kolar,46.0,58,18,0.0,18.0,20,14,6,1,37,0,34,0,1910546.0,1.Hindus,2.Muslims,3.Christians,490.0
2012.0,1196089,603312,592777,24.57,983.0,54.1,68.42,39.61,554506,422208,132298,641583,1042294,137174,5395,594.0,590.0,594.0,560.0,karnataka,koppal,24.0,11,7,0.0,7.0,27,0,27,0,17,0,87,0,997797.0,1.Hindus,2.Muslims,3.Religion not stated,281.0
2012.0,1763705,888034,875671,7.14,986.0,61.05,70.5,51.53,840419,682440,157979,923286,1667640,69890,11093,1369.0,1330.0,1323.0,1185.0,karnataka,mandya,86.0,95,35,0.0,35.0,46,39,7,9,149,1,204,1,1480990.0,1.Hindus,2.Muslims,3.Buddhists,458.0
2012.0,1669762,841840,827922,21.93,983.0,48.81,61.52,35.93,732762,544347,188415,937000,1417051,228652,12390,830.0,806.0,796.0,306.0,karnataka,raichur,42.0,31,19,0.0,19.0,34,25,9,1,141,0,190,0,1248925.0,1.Hindus,2.Muslims,3.Christians,338.0
2012.0,1642545,830559,811986,12.9,978.0,74.52,82.01,66.88,714671,586832,127839,927874,1401087,200979,26474,1443.0,1415.0,1399.0,989.0,karnataka,shimoga,50.0,78,14,0.0,14.0,32,24,8,6,158,3,222,0,1071535.0,1.Hindus,2.Muslims,3.Christians,311.0
2012.0,2584711,1313801,1270910,11.87,967.0,67.01,76.78,56.94,1316939,1050291,266648,1267772,2349801,211732,7736,2574.0,2477.0,2573.0,2123.0,karnataka,tumkur,91.0,80,33,0.0,33.0,38,10,28,18,171,0,132,0,2077509.0,1.Hindus,2.Muslims,3.Christians,382.0
2012.0,1129221,566682,562539,6.96,993.0,88.69,92.33,85.02,487352,400699,86653,641869,566744,480108,81222,64.0,64.0,64.0,60.0,kerala,idukki,22.0,29,53,0.0,53.0,10,10,0,2,189,10,219,0,1071628.0,1.Hindus,2.Muslims,3.Christians,62.0
2012.0,2408956,1152817,1256139,7.13,1090.0,92.59,96.13,89.4,767197,626876,140321,1641759,1480748,665648,261019,78.0,78.0,78.0,78.0,kerala,kannur,32.0,27,66,0.0,66.0,23,18,5,0,183,12,391,0,1196058.0,1.Hindus,2.Muslims,3.Christians,78.0
2012.0,1953646,964926,988720,6.76,1025.0,95.82,97.34,94.35,642157,539609,102548,1311489,963497,871371,116686,89.0,89.0,89.0,89.0,kerala,kottayam,20.0,29,55,0.0,55.0,19,17,2,1,265,55,255,0,1653838.0,1.Hindus,2.Muslims,3.Christians,88.0
2012.0,3625471,1754576,1870895,17.22,1066.0,89.61,93.25,86.26,874476,691848,182628,2750995,2484576,1057418,80650,122.0,122.0,122.0,122.0,kerala,malappuram,16.0,26,97,0.0,97.0,10,3,7,2,221,21,668,0,3269301.0,1.Hindus,2.Muslims,3.Christians,121.0
2012.0,2617482,1266985,1350497,9.86,1066.0,84.35,89.52,79.56,945052,768620,176432,1672430,1802766,703596,109249,144.0,144.0,144.0,141.0,kerala,palakkad,32.0,42,68,0.0,68.0,13,9,4,5,146,11,401,0,2260907.0,1.Hindus,2.Muslims,3.Christians,139.0
2012.0,1234016,589398,644618,3.72,1094.0,94.84,96.41,93.43,366049,285844,80205,867967,694560,481602,56457,65.0,65.0,65.0,64.0,kerala,pathanamthitta,28.0,24,32,0.0,32.0,17,16,1,2,137,8,162,0,1110218.0,1.Hindus,2.Muslims,3.Christians,63.0
2012.0,1630239,841253,788986,20.51,938.0,81.41,88.91,73.43,648243,582264,65979,981996,1024080,296272,293184,862.0,851.0,840.0,786.0,maharashtra,akola,42.0,34,19,0.0,19.0,22,19,3,4,92,40,87,0,1002742.0,1.Hindus,2.Muslims,3.Buddhists,212.0
2012.0,1136146,573445,562701,11.2,981.0,78.47,88.97,67.82,536885,365464,171421,599261,953507,144541,23324,778.0,772.0,774.0,716.0,maharashtra,bhandara,20.0,11,26,0.0,26.0,11,8,3,3,36,33,59,0,960418.0,1.Hindus,2.Buddhists,3.Muslims,442.0
2012.0,2071101,1062993,1008108,17.26,948.0,73.17,82.94,62.89,930791,683029,247762,1140310,1680113,274067,76050,1472.0,1462.0,1444.0,1359.0,maharashtra,chandrapur,44.0,33,44,0.0,44.0,34,29,5,4,119,79,125,0,1406034.0,1.Hindus,2.Buddhists,3.Muslims,318.0
2012.0,1707947,878372,829575,16.01,944.0,71.65,81.4,61.39,737941,573496,164445,970006,1522895,149466,14613,678.0,675.0,673.0,669.0,maharashtra,dhule,50.0,39,30,0.0,30.0,18,14,4,4,39,2,207,0,1262062.0,1.Hindus,2.Muslims,3.Buddhists,276.0
2012.0,970294,491101,479193,23.25,976.0,60.1,71.86,48.07,497104,336959,160145,473190,818640,78058,44825,1521.0,1509.0,1320.0,1279.0,maharashtra,gadchiroli,57.0,69,18,0.0,18.0,9,6,3,0,30,5,12,0,903033.0,1.Hindus,2.Buddhists,3.Others,369.0
2012.0,3682690,1905493,1777197,15.44,933.0,75.43,85.91,64.3,1563983,1300086,263897,2118707,3049368,455288,126136,1491.0,1491.0,1486.0,1470.0,maharashtra,jalgaon,102.0,77,45,0.0,45.0,43,39,4,1,134,51,409,0,2629896.0,1.Hindus,2.Muslims,3.Buddhists,934.0
2012.0,1612980,826903,786077,18.17,951.0,64.4,79.14,49.04,716900,611998,104902,896080,1255041,211531,121033,963.0,963.0,959.0,952.0,maharashtra,jalna,45.0,69,25,0.0,25.0,25,18,7,36,89,9,303,0,1305115.0,1.Hindus,2.Muslims,3.Buddhists,380.0
2012.0,3523162,1807470,1715692,17.59,949.0,76.93,87.47,66.02,1652970,1394882,258088,1870192,3077263,236875,147285,1196.0,1194.0,1190.0,1185.0,maharashtra,kolhapur,63.0,39,48,0.0,48.0,45,22,23,17,66,32,148,0,2472809.0,1.Hindus,2.Muslims,3.Jains,638.0
2012.0,2080285,1075257,1005028,23.95,935.0,71.54,82.94,59.4,840518,712849,127669,1239767,1700679,292996,74351,921.0,921.0,919.0,917.0,maharashtra,latur,67.0,63,21,0.0,21.0,32,32,0,4,61,0,212,0,1590024.0,1.Hindus,2.Muslims,3.Buddhists,409.0
2012.0,2876259,1481358,1394901,23.08,942.0,67.77,80.44,54.35,1202037,965087,236950,1674222,2162185,385081,302161,1546.0,1538.0,1531.0,1536.0,maharashtra,nanded,81.0,57,48,0.0,48.0,37,32,5,25,71,5,421,0,2187195.0,1.Hindus,2.Muslims,3.Buddhists,209.0
2012.0,1486586,769368,717218,15.35,932.0,69.02,80.42,56.89,653522,555202,98320,833064,1297858,151181,28356,729.0,729.0,727.0,726.0,maharashtra,osmanabad,54.0,31,38,0.0,38.0,31,21,10,2,86,12,175,0,1253330.0,1.Hindus,2.Muslims,3.Buddhists,400.0
2012.0,1527715,780191,747524,15.31,958.0,66.07,79.63,52.02,644752,559917,84835,882963,1121246,243935,153231,830.0,830.0,824.0,821.0,maharashtra,parbhani,34.0,63,28,0.0,28.0,31,13,18,3,68,9,242,0,1042529.0,1.Hindus,2.Muslims,3.Buddhists,386.0
2012.0,1696777,794498,902279,9.87,1136.0,75.05,85.89,65.77,763387,557613,205774,933390,1391137,175672,120855,1539.0,1538.0,1539.0,1484.0,maharashtra,ratnagiri,10.0,12,11,0.0,11.0,4,3,1,2,31,17,38,0,1504568.0,1.Hindus,2.Muslims,3.Buddhists,810.0
2012.0,2583524,1320088,1263436,17.59,957.0,76.62,86.26,66.73,1218655,952241,266414,1364869,2243478,203524,85160,721.0,721.0,721.0,719.0,maharashtra,sangli,47.0,41,33,0.0,33.0,35,23,12,8,57,15,64,0,1950306.0,1.Hindus,2.Muslims,3.Jains,567.0
2012.0,2808994,1408326,1400668,14.1,995.0,78.22,88.2,68.38,1303658,1044989,258669,1505336,2533359,128570,125661,1716.0,1716.0,1701.0,1680.0,maharashtra,satara,65.0,48,43,0.0,43.0,36,25,11,0,78,29,166,0,2410873.0,1.Hindus,2.Buddhists,3.Muslims,646.0
2012.0,868825,417890,450935,3.55,1079.0,80.3,90.26,71.23,404985,233827,171158,463840,802498,24320,23668,743.0,743.0,735.0,722.0,maharashtra,sindhudurg,8.0,7,9,0.0,9.0,8,5,3,0,20,17,11,0,786506.0,1.Hindus,2.Buddhists,3.Muslims,593.0
2012.0,1236736,638990,597746,15.3,935.0,80.06,87.18,72.45,550351,431330,119021,686385,1006235,169579,47605,1004.0,998.0,998.0,842.0,maharashtra,wardha,30.0,32,40,0.0,40.0,26,25,1,0,93,30,59,0,911695.0,1.Hindus,2.Buddhists,3.Muslims,392.0
2012.0,2458271,1265681,1192590,18.46,942.0,73.62,84.09,62.52,1118937,949453,169484,1339334,1999368,221793,196909,1856.0,1820.0,1795.0,1729.0,maharashtra,yavatmal,71.0,71,64,0.0,64.0,65,60,5,18,143,66,247,0,2001060.0,1.Hindus,2.Buddhists,3.Muslims,723.0
2012.0,208368,104550,103818,13.9,993.0,67.63,79.61,55.66,89703,55557,34146,118665,148903,38763,14194,48.0,48.0,46.0,47.0,manipur,bishnupur,10.0,36,11,0.0,11.0,12,7,5,0,3,0,4,0,133627.0,1.Hindus,2.Others,3.Muslims,28.0
2012.0,118327,59741,58586,72.8,981.0,56.23,64.34,47.98,54545,39935,14610,63782,109128,5701,2318,350.0,323.0,190.0,214.0,manipur,chandel,7.0,12,0,0.0,0.0,5,1,4,0,1,0,0,0,103365.0,1.Christians,2.Hindus,3.Muslims,25.0
2012.0,227905,117232,110673,29.81,944.0,70.59,77.67,63.06,99363,71933,27430,128542,213186,10538,2573,540.0,539.0,306.0,395.0,manipur,churachandpur,8.0,6,1,0.0,1.0,6,1,5,0,1,0,1,0,227905.0,1.Christians,2.Hindus,3.Muslims,66.0
2012.0,111499,58014,53485,29.23,922.0,59.25,68.72,48.95,50863,43353,7510,60636,105791,3187,1431,171.0,171.0,75.0,157.0,manipur,tamenglong,11.0,5,1,0.0,1.0,7,1,6,0,0,0,0,0,111499.0,1.Christians,2.Hindus,3.Muslims,42.0
2012.0,364140,182250,181890,24.62,998.0,66.41,80.43,52.46,177343,111486,65857,186797,221096,86849,50819,90.0,90.0,84.0,88.0,manipur,thoubal,16.0,73,20,0.0,20.0,44,37,7,0,12,1,17,0,232868.0,1.Hindus,2.Muslims,3.Others,36.0
2012.0,140778,73465,67313,28.98,916.0,73.12,80.13,65.41,66515,51564,14951,74263,133966,5687,881,198.0,198.0,154.0,188.0,manipur,ukhrul,5.0,18,0,0.0,0.0,9,0,9,0,0,0,1,0,140778.0,1.Christians,2.Hindus,3.Muslims,47.0
2012.0,325676,166877,158799,39.24,952.0,96.51,96.75,96.26,162961,125328,37633,162715,303893,14508,5185,96.0,96.0,81.0,86.0,mizoram,aizawl,12.0,13,42,0.0,42.0,2,0,2,0,44,0,8,0,77531.0,1.Christians,2.Hindus,3.Muslims,46.0
2012.0,73620,38776,34844,34.78,899.0,64.74,70.9,57.81,34093,26188,7905,39527,38410,32877,1910,139.0,139.0,27.0,134.0,mizoram,lawngtlai,3.0,0,7,0.0,7.0,1,1,0,0,0,0,0,0,73620.0,1.Buddhists,2.Christians,3.Hindus,24.0
2012.0,137223,71402,65821,23.1,922.0,84.17,87.44,80.6,71792,60870,10922,65431,109204,22429,4612,160.0,160.0,101.0,130.0,mizoram,lunglei,0.0,6,16,0.0,16.0,1,0,1,0,4,0,0,0,79267.0,1.Christians,2.Buddhists,3.Hindus,55.0
2012.0,310084,162251,147833,49.96,911.0,74.54,80.3,68.15,135023,114456,20567,175061,278844,21950,5457,180.0,179.0,148.0,164.0,nagaland,kohima,11.0,10,1,0.0,1.0,3,0,3,0,2,0,0,0,233054.0,1.Christians,2.Hindus,3.Others,82.0
2012.0,232085,120929,111156,43.48,919.0,83.92,86.03,81.61,109260,82160,27100,122825,219282,10433,2128,102.0,101.0,97.0,99.0,nagaland,mokokchung,5.0,6,3,0.0,3.0,0,0,0,0,3,0,0,0,200871.0,1.Christians,2.Hindus,3.Muslims,82.0
2012.0,260652,138753,121899,73.42,879.0,41.83,46.56,36.35,130848,108206,22642,129804,248684,9963,1748,110.0,110.0,102.0,107.0,nagaland,mon,6.0,3,3,0.0,3.0,4,2,2,0,0,0,0,0,244062.0,1.Christians,2.Hindus,3.Muslims,69.0
2012.0,148195,77141,71054,45.12,921.0,70.65,78.37,62.26,71398,57454,13944,76797,143048,4095,517,104.0,104.0,102.0,102.0,nagaland,phek,2.0,2,1,0.0,1.0,0,0,0,0,2,0,0,0,135331.0,1.Christians,2.Hindus,3.Muslims,54.0
2012.0,414818,218678,196140,78.1,897.0,50.64,55.12,45.58,184924,156950,27974,229894,406287,6856,1329,251.0,251.0,238.0,230.0,nagaland,tuensang,4.0,2,1,0.0,1.0,0,0,0,0,0,0,0,0,385046.0,1.Christians,2.Hindus,3.Muslims,123.0
2012.0,161223,83670,77553,95.01,927.0,80.55,85.35,75.32,56254,49679,6575,104969,155009,4787,1209,128.0,128.0,105.0,104.0,nagaland,wokha,1.0,4,2,0.0,2.0,0,0,0,0,0,0,0,0,123587.0,1.Christians,2.Hindus,3.Muslims,67.0
2012.0,153955,79056,74899,61.0,947.0,69.28,73.74,64.57,56783,47491,9292,97172,150097,3193,492,187.0,186.0,187.0,178.0,nagaland,zunheboto,10.0,3,1,0.0,1.0,3,3,0,0,0,0,0,0,130874.0,1.Christians,2.Hindus,3.Muslims,57.0
2012.0,550892,292596,258296,21.42,883.0,61.95,68.15,55.03,209754,181873,27881,341138,427104,119702,1739,163.0,163.0,163.0,160.0,punjab,faridkot,22.0,26,17,0.0,17.0,24,18,6,2,11,1,20,0,357321.0,1.Sikhs,2.Hindus,3.Muslims,107.0
2012.0,2104011,1113077,990934,19.33,890.0,73.77,79.78,67.15,700557,568322,132235,1403454,996246,934963,148981,1532.0,1531.0,1532.0,1375.0,punjab,gurdaspur,19.0,27,14,0.0,14.0,37,34,3,10,11,0,45,0,1568788.0,1.Hindus,2.Sikhs,3.Christians,517.0
2012.0,1480736,765132,715604,13.81,935.0,81.02,86.45,75.32,513351,415123,98228,967385,871923,574862,15394,1386.0,1386.0,1386.0,1232.0,punjab,hoshiarpur,45.0,31,33,0.0,33.0,41,28,13,8,14,0,70,0,1188662.0,1.Hindus,2.Sikhs,3.Muslims,382.0
2012.0,754521,399623,354898,16.34,888.0,73.93,79.02,68.29,262741,231222,31519,491780,448654,286438,7740,618.0,618.0,618.0,478.0,punjab,kapurthala,24.0,45,16,0.0,16.0,43,34,9,3,8,0,46,0,507994.0,1.Sikhs,2.Hindus,3.Buddhists,359.0
2012.0,1844934,987390,857544,20.31,868.0,69.78,75.88,62.86,681951,589015,92936,1162983,1024546,778427,34828,1054.0,1053.0,1054.0,986.0,punjab,patiala,53.0,53,44,0.0,44.0,45,32,13,4,24,0,86,0,1200224.0,1.Sikhs,2.Hindus,3.Muslims,172.0
2012.0,2000173,1069289,930884,18.57,871.0,59.98,65.81,53.38,814098,714076,100022,1186075,1400149,434873,157838,697.0,697.0,697.0,684.0,punjab,sangrur,41.0,45,34,0.0,34.0,39,31,8,7,24,3,40,0,1415354.0,1.Sikhs,2.Hindus,3.Muslims,291.0
2012.0,2181670,1129920,1051750,26.1,931.0,64.65,79.37,48.86,856809,690818,165991,1324861,1869044,244341,47812,1025.0,1025.0,966.0,970.0,rajasthan,ajmer,38.0,36,70,0.0,70.0,107,76,31,13,72,0,668,0,1306994.0,1.Hindus,2.Muslims,3.Jains,352.0
2012.0,2992592,1586752,1405840,30.23,886.0,61.74,78.09,43.28,1458686,947587,511099,1533906,2535155,383204,55530,1954.0,1954.0,1843.0,1811.0,rajasthan,alwar,100.0,88,129,0.0,129.0,243,154,89,47,135,0,655,0,2557653.0,1.Hindus,2.Muslims,3.Sikhs,553.0
2012.0,1501589,760686,740903,29.84,974.0,44.63,60.45,28.43,709412,529393,180019,792177,1425287,39079,18406,1476.0,1476.0,853.0,1348.0,rajasthan,banswara,34.0,16,56,0.0,56.0,96,87,9,4,49,3,237,0,1394226.0,1.Hindus,2.Muslims,3.Jains,450.0
2012.0,1964835,1038247,926588,36.83,892.0,58.99,72.76,43.45,919729,680208,239521,1045106,1695047,231918,35744,1933.0,1933.0,948.0,1777.0,rajasthan,barmer,29.0,30,21,0.0,21.0,35,35,0,20,59,0,237,0,1819431.0,1.Hindus,2.Muslims,3.Jains,433.0
2012.0,2101142,1133425,967717,27.05,854.0,63.57,80.54,43.56,852913,573547,279366,1248229,1804599,264709,23472,1366.0,1365.0,1238.0,1298.0,rajasthan,bharatpur,91.0,77,108,0.0,108.0,212,168,44,32,79,0,567,0,1692182.0,1.Hindus,2.Muslims,3.Sikhs,481.0
2012.0,2013789,1026650,987139,26.14,962.0,50.74,67.39,33.48,939848,764916,174932,1073941,1859972,112802,37659,1693.0,1693.0,1553.0,1516.0,rajasthan,bhilwara,29.0,42,59,0.0,59.0,78,70,8,10,98,0,609,0,1598938.0,1.Hindus,2.Muslims,3.Jains,473.0
2012.0,1674271,886075,788196,38.18,890.0,56.91,70.05,42.03,661457,522482,138975,1012814,1445088,172372,31235,712.0,686.0,485.0,611.0,rajasthan,bikaner,45.0,73,67,0.0,67.0,41,35,6,16,31,0,546,0,1079235.0,1.Hindus,2.Muslims,3.Jains,173.0
2012.0,962620,504818,457802,24.8,907.0,55.57,71.68,37.79,456937,305977,150960,505683,881956,56220,13186,839.0,838.0,733.0,764.0,rajasthan,bundi,18.0,32,43,0.0,43.0,81,77,4,5,90,1,304,0,783058.0,1.Hindus,2.Muslims,3.Jains,178.0
2012.0,1923878,987781,936097,24.6,948.0,66.81,79.69,53.35,853899,587431,266468,1069979,1698106,210446,13882,946.0,925.0,877.0,909.0,rajasthan,churu,42.0,38,59,0.0,59.0,37,26,11,8,5,0,405,0,1387682.0,1.Hindus,2.Muslims,3.Jains,423.0
2012.0,1107643,547791,559852,26.58,1022.0,48.57,66.04,31.77,531376,272283,259093,576267,1068319,23549,12542,854.0,853.0,723.0,819.0,rajasthan,dungarpur,26.0,12,32,0.0,32.0,67,65,2,5,48,0,119,0,1026787.0,1.Hindus,2.Muslims,3.Jains,368.0
2012.0,1789423,955378,834045,27.53,873.0,64.74,75.53,52.44,719792,552559,167233,1069631,1299812,441409,42442,2830.0,2820.0,1817.0,1653.0,rajasthan,ganganagar,51.0,66,77,0.0,77.0,79,73,6,21,58,2,803,0,1336066.0,1.Hindus,2.Sikhs,3.Muslims,654.0
2012.0,508247,279101,229146,47.45,821.0,50.97,66.26,32.05,211687,153139,58548,296560,383638,120174,2086,600.0,576.0,183.0,473.0,rajasthan,jaisalmer,9.0,8,12,0.0,12.0,9,5,4,11,20,0,22,0,431853.0,1.Hindus,2.Muslims,3.Sikhs,144.0
2012.0,1180323,612804,567519,23.34,926.0,57.32,73.31,40.02,554781,399386,155395,625542,1087934,78962,11759,1477.0,1476.0,1185.0,1173.0,rajasthan,jhalawar,47.0,44,81,0.0,81.0,91,76,15,5,205,2,434,0,1012081.0,1.Hindus,2.Muslims,3.Jains,214.0
2012.0,2775058,1424967,1350091,29.33,947.0,57.28,74.1,39.67,1129514,844039,285475,1645544,2399173,356405,17478,1480.0,1466.0,1417.0,1417.0,rajasthan,nagaur,49.0,58,53,0.0,53.0,129,106,23,11,66,0,416,0,2297721.0,1.Hindus,2.Muslims,3.Jains,580.0
2012.0,1820251,918856,901395,22.39,981.0,54.39,72.2,36.48,724883,518158,206725,1095368,1677038,114088,25599,936.0,936.0,883.0,906.0,rajasthan,pali,56.0,56,61,0.0,61.0,107,104,3,9,75,1,464,0,1429364.0,1.Hindus,2.Muslims,3.Jains,451.0
2012.0,2287788,1172753,1115035,24.11,951.0,70.47,84.34,56.11,887915,633421,254494,1399873,2019396,261714,4957,986.0,985.0,965.0,945.0,rajasthan,sikar,51.0,34,55,0.0,55.0,96,62,34,18,22,0,322,0,1815250.0,1.Hindus,2.Muslims,3.Jains,470.0
2012.0,851107,437949,413158,30.08,943.0,53.94,69.89,37.15,343905,245762,98143,507202,810765,25439,12427,455.0,454.0,399.0,423.0,rajasthan,sirohi,29.0,16,29,0.0,29.0,69,64,5,4,74,1,180,0,700217.0,1.Hindus,2.Muslims,3.Jains,201.0
2012.0,1211671,626436,585235,24.24,934.0,51.97,70.52,32.15,532682,425230,107452,678989,1062365,124440,23644,1032.0,1031.0,818.0,887.0,rajasthan,tonk,21.0,24,19,0.0,19.0,69,66,3,3,24,2,309,0,958503.0,1.Hindus,2.Muslims,3.Jains,246.0
2012.0,2633312,1336004,1297308,27.37,971.0,58.62,73.62,43.26,1100880,724120,376760,1532432,2449773,88262,83699,2339.0,2337.0,1647.0,2030.0,rajasthan,udaipur,76.0,80,149,0.0,149.0,190,163,27,9,174,0,499,0,2142995.0,1.Hindus,2.Muslims,3.Jains,619.0
2012.0,245040,132917,112123,37.17,844.0,74.67,81.2,66.8,116529,92577,23952,128511,157321,64729,14502,131.0,131.0,125.0,112.0,sikkim,east,3.0,4,13,0.0,13.0,6,6,0,1,7,0,2,0,192188.0,1.Hindus,2.Buddhists,3.Christians,100.0
2012.0,41030,23414,17616,31.32,752.0,67.21,75.69,55.39,23542,17553,5989,17488,22603,16128,1623,53.0,53.0,46.0,42.0,sikkim,north,1.0,1,0,0.0,0.0,0,0,0,0,0,0,0,0,39782.0,1.Buddhists,2.Hindus,3.Christians,44.0
2012.0,131525,68241,63284,33.37,927.0,67.31,74.29,59.72,69693,57367,12326,61832,84213,31109,12757,145.0,145.0,142.0,131.0,sikkim,south,1.0,2,12,0.0,12.0,3,3,0,0,6,0,1,0,127579.0,1.Hindus,2.Buddhists,3.Christians,99.0
2012.0,123256,63912,59344,25.48,929.0,58.8,66.82,50.11,53279,45407,7872,69977,71886,33601,9567,121.0,121.0,115.0,107.0,sikkim,west,2.0,0,9,0.0,9.0,1,1,0,0,6,0,1,0,121432.0,1.Hindus,2.Buddhists,3.Others,86.0
2012.0,307868,159095,148773,10.79,935.0,60.93,70.17,50.99,126761,92570,34191,181107,257834,28180,14848,148.0,148.0,108.0,138.0,tripura,dhalai,20.0,8,35,0.0,35.0,11,8,3,5,30,0,56,0,289001.0,1.Hindus,2.Buddhists,3.Christians,58.0
2012.0,900635,506938,393697,40.33,777.0,81.94,86.14,76.47,340422,328989,11433,560213,707978,145175,35548,23.0,23.0,23.0,18.0,chandigarh,chandigarh,21.0,44,27,0.0,27.0,87,66,21,5,45,25,73,0,92120.0,1.Hindus,2.Sikhs,3.Muslims,18.0
2015.0,1647201,848578,798623,18.53,941.0,56.24,64.83,47.07,517088,408537,108551,1130113,977943,662066,5267,1050.0,1050.0,775.0,967.0,assam,barpeta,45.42084168336673,176,124,0.0,26.960320641282564,0,373,0,22,461,20,1503,0,1520333.0,1.Hindus,2.Muslims,3.Christians,430.0
2015.0,904835,465240,439595,12.23,945.0,59.33,67.67,50.44,293243,233087,60156,611592,535464,348573,18728,881.0,881.0,607.0,805.0,assam,bongaigaon,45.42084168336673,0,37,0.0,26.960320641282564,0,131,12,14,15,0,175,0,795053.0,1.Hindus,2.Muslims,3.Christians,112.0
2015.0,1444921,743042,701879,18.66,945.0,67.82,75.73,59.41,465734,364814,100920,979187,886761,522051,31306,1020.0,1020.0,741.0,902.0,assam,cachar,45.42084168336673,9,59,0.0,26.960320641282564,0,234,0,8,70,0,597,0,1243534.0,1.Hindus,2.Muslims,3.Christians,134.0
2015.0,1504320,773861,730459,15.79,944.0,55.44,63.91,46.4,527993,404428,123565,976327,868532,534658,97306,1319.0,1319.0,1032.0,1246.0,assam,darrang,45.42084168336673,13,77,0.0,26.960320641282564,0,198,127,10,502,0,432,0,1429492.0,1.Hindus,2.Muslims,3.Christians,356.0
2015.0,571944,294643,277301,18.93,941.0,64.48,74.41,53.86,250146,155431,94715,321798,548780,10533,6390,1236.0,1236.0,253.0,1068.0,assam,dhemaji,45.42084168336673,13,34,0.0,26.960320641282564,0,44,0,6,94,3,139,0,533112.0,1.Hindus,2.Muslims,3.Christians,83.0
2015.0,1637344,841044,796300,23.42,947.0,48.21,55.91,40.04,470360,399201,71159,1166984,1216455,405065,12477,1261.0,1261.0,904.0,1138.0,assam,dhubri,45.42084168336673,67,158,0.0,26.960320641282564,19,399,0,19,434,1,911,0,1444901.0,1.Hindus,2.Muslims,3.Christians,374.0
2015.0,1185072,613555,571517,12.43,931.0,68.96,77.3,59.95,472419,342708,129711,712653,1075878,53306,45040,1309.0,1309.0,1195.0,1169.0,assam,dibrugarh,45.42084168336673,0,29,0.0,26.960320641282564,0,184,33,3,84,0,380,0,956634.0,1.Hindus,2.Muslims,3.Christians,263.0
2015.0,822035,420251,401784,23.07,956.0,58.03,64.86,50.85,273925,209928,63997,548110,441516,314157,64662,761.0,761.0,689.0,723.0,assam,goalpara,45.42084168336673,18,84,0.0,26.960320641282564,0,62,0,3,238,0,691,0,755133.0,1.Hindus,2.Muslims,3.Christians,243.0
2015.0,946279,490286,455993,14.21,930.0,69.38,77.14,60.99,388640,269896,118744,557639,813263,74808,52277,1066.0,1066.0,595.0,769.0,assam,golaghat,45.42084168336673,11,56,0.0,26.960320641282564,0,167,0,5,120,0,292,0,865141.0,1.Hindus,2.Muslims,3.Christians,87.0
2015.0,542872,280513,262359,20.92,935.0,59.64,68.24,50.46,179881,138216,41665,362991,312849,223191,5424,327.0,327.0,268.0,308.0,assam,hailakandi,45.42084168336673,0,90,0.0,26.960320641282564,0,89,40,4,203,3,279,0,498787.0,1.Hindus,2.Muslims,3.Christians,110.0
2015.0,999221,517015,482206,15.84,933.0,76.34,83.62,68.49,414348,285092,129256,584873,927858,47658,18610,787.0,787.0,650.0,717.0,assam,jorhat,45.42084168336673,10,53,0.0,26.960320641282564,18,176,43,5,161,13,292,0,827901.0,1.Hindus,2.Muslims,3.Christians,215.0
2015.0,2522324,1326981,1195343,25.75,901.0,74.16,81.16,66.31,842253,697810,144443,1680071,1836153,625002,44257,1342.0,1342.0,1042.0,1190.0,assam,kamrup,45.42084168336673,6,82,0.0,26.960320641282564,0,207,0,12,139,0,416,0,1614107.0,1.Hindus,2.Muslims,3.Christians,468.0
2015.0,1007976,517680,490296,21.35,947.0,66.24,74.69,57.28,303294,235016,68278,704682,527214,470708,8746,915.0,915.0,639.0,865.0,assam,karimganj,45.42084168336673,0,65,0.0,26.960320641282564,0,136,66,13,246,0,242,0,934126.0,1.Hindus,2.Muslims,3.Christians,224.0
2015.0,905764,466191,439573,15.05,943.0,51.63,60.32,42.4,334849,234771,100078,570915,594168,184441,124270,951.0,951.0,704.0,906.0,assam,kokrajhar,45.42084168336673,0,32,0.0,26.960320641282564,0,98,0,2,122,0,223,0,841823.0,1.Hindus,2.Muslims,3.Christians,211.0
2015.0,889010,455691,433319,18.34,951.0,68.56,77.06,59.59,497745,288052,209693,391265,702881,143505,36667,1139.0,1139.0,680.0,1046.0,assam,lakhimpur,45.42084168336673,23,69,0.0,26.960320641282564,0,182,35,10,74,0,377,0,823857.0,1.Hindus,2.Muslims,3.Christians,211.0
2015.0,2314629,1190950,1123679,22.3,944.0,61.73,68.27,54.74,727641,566195,161446,1586988,1180267,1106354,21473,1375.0,1374.0,1190.0,1257.0,assam,nagaon,45.42084168336673,45,95,0.0,26.960320641282564,9,328,166,19,105,0,890,0,2036342.0,1.Hindus,2.Muslims,3.Christians,480.0
2015.0,1148824,592375,556449,11.98,939.0,67.23,76.56,57.26,383932,291665,92267,764892,873749,253842,18495,798.0,798.0,733.0,769.0,assam,nalbari,45.42084168336673,0,36,0.0,26.960320641282564,0,102,18,3,43,1,188,0,1121338.0,1.Hindus,2.Muslims,3.Christians,179.0
2015.0,1051736,545476,506260,15.95,928.0,74.47,81.53,66.81,430523,287319,143204,621213,927706,85761,28488,866.0,866.0,772.0,825.0,assam,sibsagar,45.42084168336673,6,35,0.0,26.960320641282564,0,290,32,2,249,0,331,0,954557.0,1.Hindus,2.Muslims,3.Christians,317.0
2015.0,1681513,871568,809945,17.8,929.0,59.0,67.54,49.73,634723,465283,169440,1046790,1287646,268078,115623,1784.0,1784.0,1331.0,1372.0,assam,sonitpur,45.42084168336673,25,43,0.0,26.960320641282564,0,136,8,10,28,0,503,0,1505719.0,1.Hindus,2.Muslims,3.Christians,235.0
2015.0,1150062,601099,548963,19.52,913.0,60.95,70.15,50.78,466351,349847,116504,683711,1029142,62403,40000,1107.0,1107.0,871.0,936.0,assam,tinsukia,45.42084168336673,14,27,0.0,26.960320641282564,0,14,0,2,42,0,185,0,926105.0,1.Hindus,2.Muslims,3.Christians,198.0
2015.0,1148824,592375,556449,11.98,939.0,67.23,76.56,57.26,383932,291665,92267,764892,873749,253842,18495,798.0,798.0,733.0,769.0,assam,nalbari,45.42084168336673,0,5,0.0,26.960320641282564,0,6,0,0,14,0,19,0,1121338.0,1.Hindus,2.Muslims,3.Christians,179.0
2015.0,2158608,1128105,1030503,31.84,913.0,35.01,46.38,22.37,853445,657446,195999,1305163,1263766,887972,2504,713.0,713.0,129.0,552.0,bihar,araria,45.42084168336673,4,50,0.0,26.960320641282564,18,81,0,23,0,0,60,0,2026257.0,1.Hindus,2.Muslims,3.Jains,60.0
2015.0,2013055,1040945,972110,30.19,934.0,57.03,71.13,41.9,671011,476390,194621,1342044,1814612,196030,1161,1739.0,1739.0,527.0,1148.0,bihar,aurangabad,45.42084168336673,6,21,0.0,26.960320641282564,0,46,0,45,1,0,95,0,1842998.0,1.Hindus,2.Muslims,3.Religion not stated,270.0
2015.0,2349366,1228874,1120492,29.11,912.0,47.98,59.13,35.64,746075,571564,174511,1603291,2033039,313713,1224,729.0,729.0,457.0,503.0,bihar,begusarai,45.42084168336673,34,24,0.0,26.960320641282564,4,134,0,30,0,0,71,0,2241743.0,1.Hindus,2.Muslims,3.Religion not stated,167.0
2015.0,2423172,1291658,1131514,27.24,876.0,49.5,59.22,38.13,855345,580731,274614,1567827,1990976,423246,1853,935.0,935.0,445.0,642.0,bihar,bhagalpur,45.42084168336673,7,33,0.0,26.960320641282564,0,185,0,23,30,0,117,0,1970745.0,1.Hindus,2.Muslims,3.Christians,229.0
2015.0,2243144,1179611,1063533,24.58,902.0,58.96,74.29,41.8,653811,491916,161895,1589333,2076589,163193,913,999.0,999.0,247.0,885.0,bihar,bhojpur,45.42084168336673,18,12,0.0,26.960320641282564,8,89,8,43,6,0,0,0,1930730.0,1.Hindus,2.Muslims,3.Religion not stated,133.0
2015.0,3295789,1722189,1573600,30.85,914.0,44.33,56.72,30.78,1028558,761464,267094,2267231,2543284,748971,2245,1083.0,1083.0,490.0,850.0,bihar,darbhanga,45.42084168336673,19,35,0.0,26.960320641282564,0,217,99,26,0,8,201,0,3028441.0,1.Hindus,2.Muslims,3.Religion not stated,271.0
2015.0,2152638,1075710,1076928,26.11,1001.0,47.48,62.96,32.16,641672,466811,174861,1510966,1784275,367219,850,1383.0,1383.0,439.0,866.0,bihar,gopalganj,45.42084168336673,11,13,0.0,26.960320641282564,10,135,0,34,0,0,168,0,2022048.0,1.Hindus,2.Muslims,3.Religion not stated,261.0
2015.0,1514315,784946,729369,28.64,929.0,55.26,70.07,39.37,580905,422789,158116,933410,1389053,124149,743,856.0,856.0,219.0,672.0,bihar,jehanabad,45.42084168336673,8,15,0.0,26.960320641282564,10,54,18,23,1,0,34,0,1402703.0,1.Hindus,2.Muslims,3.Religion not stated,123.0
2015.0,2392638,1246872,1145766,30.91,919.0,35.09,45.31,23.8,898326,664259,234067,1494312,1363523,1017495,4994,1290.0,1290.0,277.0,785.0,bihar,katihar,45.42084168336673,22,66,0.0,26.960320641282564,0,147,34,10,0,0,76,0,2174361.0,1.Hindus,2.Muslims,3.Christians,248.0
2015.0,1280354,679267,601087,29.32,885.0,41.35,51.82,29.35,467240,333262,133978,813114,1147346,131441,546,241.0,241.0,114.0,220.0,bihar,khagaria,45.42084168336673,13,18,0.0,26.960320641282564,12,80,2,16,2,0,74,0,1204027.0,1.Hindus,2.Muslims,3.Others,124.0
2015.0,1296348,669552,626796,31.5,936.0,31.09,42.71,18.63,417151,359819,57332,879197,876105,412995,2856,730.0,730.0,116.0,442.0,bihar,kishanganj,45.42084168336673,3,59,0.0,26.960320641282564,0,89,0,11,8,0,73,0,1167340.0,1.Muslims,2.Hindus,3.Christians,120.0
2015.0,1526646,797180,729466,29.45,915.0,36.07,48.8,22.11,683976,498367,185609,842670,1351978,173605,494,384.0,384.0,168.0,311.0,bihar,madhepura,45.42084168336673,3,20,0.0,26.960320641282564,2,79,0,12,0,0,42,0,1458679.0,1.Hindus,2.Muslims,3.Religion not stated,141.0
2015.0,3575281,1840997,1734284,26.08,942.0,41.97,56.79,26.25,1227723,877412,350311,2347558,2930501,641579,1477,1034.0,1034.0,437.0,901.0,bihar,madhubani,45.42084168336673,0,47,0.0,26.960320641282564,0,202,0,31,1,0,217,0,3450736.0,1.Hindus,2.Muslims,3.Religion not stated,232.0
2015.0,1137797,607730,530067,20.34,872.0,59.47,69.89,47.4,331451,233688,97763,806346,1045233,89791,1135,525.0,525.0,321.0,382.0,bihar,munger,45.42084168336673,3,8,0.0,26.960320641282564,0,43,0,7,6,0,43,0,819950.0,1.Hindus,2.Muslims,3.Christians,149.0
2015.0,3746714,1951466,1795248,26.74,920.0,47.95,59.1,35.81,1139830,895830,244000,2606884,3168225,573951,2104,1725.0,1725.0,1021.0,1423.0,bihar,muzaffarpur,45.42084168336673,52,37,0.0,26.960320641282564,0,208,0,53,5,0,244,0,3398361.0,1.Hindus,2.Muslims,3.Religion not stated,526.0
2015.0,2370528,1238599,1131929,18.64,914.0,53.19,66.44,38.58,903144,700007,203137,1467384,2191552,176871,888,1000.0,1000.0,366.0,879.0,bihar,nalanda,45.42084168336673,0,29,0.0,26.960320641282564,0,193,0,54,2,0,195,0,2016899.0,1.Hindus,2.Muslims,3.Religion not stated,198.0
2015.0,4718592,2519942,2198650,30.17,873.0,62.92,73.34,50.83,1425647,1161984,263663,3292945,4333556,366164,8951,1288.0,1288.0,615.0,1199.0,bihar,patna,45.42084168336673,29,82,0.0,26.960320641282564,0,644,238,104,11,83,474,0,2757060.0,1.Hindus,2.Muslims,3.Christians,390.0
2015.0,2450748,1283485,1167263,27.71,909.0,61.29,75.31,45.71,744183,544731,199452,1706565,2199049,246760,2549,1710.0,1710.0,493.0,1185.0,bihar,rohtas,45.42084168336673,10,29,0.0,26.960320641282564,0,108,0,41,3,0,68,0,2123942.0,1.Hindus,2.Muslims,3.Sikhs,153.0
2015.0,1508182,789432,718750,33.03,910.0,39.08,51.66,25.27,589467,411566,177901,918715,1289364,217922,437,441.0,441.0,127.0,374.0,bihar,saharsa,45.42084168336673,0,19,0.0,26.960320641282564,0,86,4,3,0,0,49,0,1383015.0,1.Hindus,2.Muslims,3.Christians,63.0
2015.0,3394793,1760692,1634101,25.63,928.0,45.13,57.59,31.67,1071974,843356,228618,2322819,3035755,355897,1432,1122.0,1122.0,674.0,878.0,bihar,samastipur,45.42084168336673,0,34,0.0,26.960320641282564,0,183,108,34,0,0,102,0,3271338.0,1.Hindus,2.Muslims,3.Religion not stated,195.0
2015.0,3248701,1652661,1596040,26.37,966.0,51.8,67.3,35.82,860940,644618,216322,2387761,2909213,337767,758,1566.0,1566.0,544.0,1213.0,bihar,saran,45.42084168336673,10,29,0.0,26.960320641282564,0,222,4,73,1,0,58,0,2950064.0,1.Hindus,2.Muslims,3.Religion not stated,342.0
2015.0,2682720,1417611,1265109,32.58,892.0,38.46,49.36,26.13,855156,714136,141020,1827564,2111476,568992,1237,802.0,802.0,302.0,709.0,bihar,sitamarhi,45.42084168336673,12,22,0.0,26.960320641282564,0,180,0,14,0,0,196,0,2529407.0,1.Hindus,2.Muslims,3.Religion not stated,216.0
2015.0,2714349,1336283,1378066,24.78,1031.0,51.65,67.26,36.88,730437,511578,218859,1983912,2218632,494176,899,1438.0,1438.0,441.0,1119.0,bihar,siwan,45.42084168336673,0,21,0.0,26.960320641282564,0,136,0,41,0,0,38,0,2564860.0,1.Hindus,2.Muslims,3.Religion not stated,254.0
2015.0,2718421,1415603,1302818,26.39,920.0,50.49,63.23,36.58,782717,624452,158265,1935704,2457636,259158,922,1414.0,1414.0,970.0,929.0,bihar,vaishali,45.42084168336673,0,36,0.0,26.960320641282564,0,229,0,62,0,0,137,0,2531766.0,1.Hindus,2.Muslims,3.Religion not stated,154.0
2015.0,1998355,1013875,984480,17.59,971.0,63.51,78.43,48.17,857577,630504,227073,1140778,1904580,45342,19325,1579.0,1545.0,1494.0,1426.0,chhattisgarh,bilaspur,45.42084168336673,0,93,0.0,26.960320641282564,128,144,0,6,204,1,47,0,1511661.0,1.Hindus,2.Muslims,3.Others,452.0
2015.0,2810436,1417893,1392543,16.88,982.0,75.62,86.43,64.64,1162833,965624,197209,1647603,2654202,70398,23399,1776.0,1762.0,1737.0,1698.0,chhattisgarh,durg,45.42084168336673,7,112,0.0,26.960320641282564,109,125,0,1,226,8,84,0,1738127.0,1.Hindus,2.Muslims,3.Sikhs,669.0
2015.0,1265529,634597,630932,18.68,994.0,70.16,82.7,57.62,601564,430725,170839,663965,1212180,36098,12637,1433.0,1410.0,1385.0,1350.0,chhattisgarh,raigarh,45.42084168336673,0,122,0.0,26.960320641282564,0,75,75,16,98,6,48,0,1096073.0,1.Hindus,2.Christians,3.Muslims,279.0
2015.0,3016930,1523925,1493005,18.97,980.0,68.51,81.97,54.81,1264663,961507,303156,1752267,2881933,77963,16857,2124.0,2101.0,1955.0,1987.0,chhattisgarh,raipur,45.42084168336673,3,198,0.0,26.960320641282564,187,205,0,8,205,7,70,0,2099312.0,1.Hindus,2.Muslims,3.Christians,696.0
2015.0,1283224,634342,648882,17.7,1023.0,77.21,87.17,67.55,649401,558996,90405,633823,1215492,28020,21035,1605.0,1595.0,1550.0,1484.0,chhattisgarh,rajnandgaon,45.42084168336673,0,49,0.0,26.960320641282564,41,73,0,4,87,1,28,0,1051577.0,1.Hindus,2.Buddhists,3.Muslims,343.0
2015.0,1393918,701593,692325,6.45,987.0,66.09,76.44,55.78,600819,470043,130776,793099,1307460,83077,2309,615.0,614.0,615.0,614.0,gujarat,amreli,45.42084168336673,0,8,0.0,26.960320641282564,37,48,0,0,17,2,131,0,1080960.0,1.Hindus,2.Muslims,3.Jains,383.0
2015.0,1856872,972000,884872,13.03,910.0,74.51,86.09,61.94,784711,617669,167042,1072161,1616127,199263,29461,350.0,350.0,350.0,350.0,gujarat,anand,45.42084168336673,1,22,0.0,26.960320641282564,2,96,1,0,41,3,99,0,1348901.0,1.Hindus,2.Muslims,3.Christians,301.0
2015.0,1370656,713676,656980,19.32,921.0,74.41,82.98,65.11,570693,469551,101142,799963,1059796,293459,8824,657.0,657.0,656.0,644.0,gujarat,bharuch,45.42084168336673,0,12,0.0,26.960320641282564,7,24,4,0,41,0,93,0,1018096.0,1.Hindus,2.Muslims,3.Christians,403.0
2015.0,2469630,1274920,1194710,19.29,937.0,66.2,78.02,53.73,944559,781166,163393,1525071,2264062,172740,28921,790.0,790.0,789.0,786.0,gujarat,bhavnagar,45.42084168336673,0,8,0.0,26.960320641282564,1,27,0,1,34,4,104,0,1534592.0,1.Hindus,2.Muslims,3.Jains,526.0
2015.0,1334455,697999,636456,23.88,912.0,76.59,87.74,64.58,554336,467413,86923,780119,1269766,50559,7769,291.0,291.0,291.0,290.0,gujarat,gandhinagar,45.42084168336673,1,7,0.0,26.960320641282564,6,22,2,0,26,16,123,0,867195.0,1.Hindus,2.Muslims,3.Jains,244.0
2015.0,1904278,981320,922958,22.39,941.0,66.48,76.25,56.18,734382,624057,110325,1169896,1605941,270223,21907,698.0,695.0,666.0,666.0,gujarat,jamnagar,45.42084168336673,0,11,0.0,26.960320641282564,0,36,1,1,20,1,169,0,1068022.0,1.Hindus,2.Muslims,3.Jains,286.0
2015.0,2448173,1252350,1195823,17.08,955.0,67.78,78.74,56.43,1000842,785530,215312,1447331,2165734,274481,4291,923.0,922.0,901.0,858.0,gujarat,junagadh,45.42084168336673,0,6,0.0,26.960320641282564,15,25,3,0,19,3,212,0,1736645.0,1.Hindus,2.Muslims,3.Jains,803.0
2015.0,2024216,1052823,971393,13.24,923.0,71.96,85.99,56.9,908180,694400,213780,1116036,1775214,218660,23178,612.0,612.0,612.0,612.0,gujarat,kheda,45.42084168336673,0,11,0.0,26.960320641282564,44,73,2,0,22,1,73,0,1617766.0,1.Hindus,2.Muslims,3.Christians,432.0
2015.0,514404,263986,250418,14.4,949.0,59.86,72.44,46.61,259116,176372,82744,255288,482552,20429,5122,552.0,552.0,530.0,515.0,gujarat,narmada,45.42084168336673,0,1,0.0,26.960320641282564,0,5,0,0,9,0,13,0,462298.0,1.Hindus,2.Muslims,3.Christians,324.0
2015.0,1229463,628988,600475,13.22,955.0,75.83,82.77,68.61,545215,457002,88213,684248,1135525,69972,13575,374.0,374.0,374.0,368.0,gujarat,navsari,45.42084168336673,0,4,0.0,26.960320641282564,5,25,2,0,13,0,42,0,893110.0,1.Hindus,2.Muslims,3.Jains,268.0
2015.0,1182709,612100,570609,14.08,932.0,60.36,73.63,46.33,533078,395470,137608,649631,1057013,119748,5136,517.0,516.0,517.0,514.0,gujarat,patan,45.42084168336673,1,16,0.0,26.960320641282564,13,16,0,0,42,0,72,0,944281.0,1.Hindus,2.Muslims,3.Jains,265.0
2015.0,536835,275821,261014,14.35,946.0,68.62,78.36,58.42,215134,173594,41540,321701,507176,28404,589,182.0,182.0,155.0,156.0,gujarat,porbandar,45.42084168336673,0,3,0.0,26.960320641282564,10,11,0,0,12,0,72,0,275460.0,1.Hindus,2.Muslims,3.Jains,130.0
2015.0,1515148,787650,727498,25.34,924.0,61.61,74.19,48.1,647609,512038,135571,867539,1392451,97846,22721,650.0,649.0,650.0,648.0,gujarat,surendranagar,45.42084168336673,0,21,0.0,26.960320641282564,0,36,0,2,26,1,57,0,1112700.0,1.Hindus,2.Muslims,3.Jains,170.0
2015.0,1410553,734799,675754,29.66,920.0,69.15,77.9,59.62,650257,503333,146924,760296,1300005,66440,15399,450.0,450.0,425.0,449.0,gujarat,valsad,45.42084168336673,0,11,0.0,26.960320641282564,34,69,0,0,37,0,31,0,1029392.0,1.Hindus,2.Muslims,3.Christians,303.0
2015.0,1425022,758253,666769,22.45,879.0,67.45,80.26,53.0,609320,425210,184110,815702,1407363,12740,2542,437.0,437.0,437.0,429.0,haryana,bhiwani,45.42084168336673,7,44,0.0,26.960320641282564,0,36,4,18,94,0,147,0,1154629.0,1.Hindus,2.Muslims,3.Sikhs,252.0
2015.0,2194586,1193063,1001523,48.47,839.0,70.03,81.52,56.31,785762,609663,176099,1408824,1896698,247293,36005,413.0,413.0,413.0,376.0,haryana,faridabad,45.42084168336673,9,128,0.0,26.960320641282564,16,313,131,24,123,0,371,0,973242.0,1.Hindus,2.Muslims,3.Sikhs,188.0
2015.0,1660289,886451,773838,44.64,873.0,62.91,76.17,47.78,629658,464644,165014,1030631,1026542,617918,6672,694.0,694.0,693.0,642.0,haryana,gurgaon,45.42084168336673,12,130,0.0,26.960320641282564,37,295,174,12,183,37,268,0,1291285.0,1.Hindus,2.Muslims,3.Sikhs,203.0
2015.0,1189827,642282,547545,21.35,852.0,62.12,73.82,48.51,521946,372049,149897,667881,1134539,29159,20618,306.0,306.0,306.0,300.0,haryana,jind,45.42084168336673,1,31,0.0,26.960320641282564,2,52,46,13,73,1,116,0,948250.0,1.Hindus,2.Sikhs,3.Muslims,247.0
2015.0,946131,510513,435618,20.95,853.0,59.02,69.15,47.31,372011,268127,103884,574120,848765,88700,6777,270.0,270.0,270.0,261.0,haryana,kaithal,45.42084168336673,4,29,0.0,26.960320641282564,0,97,50,11,61,0,102,0,762649.0,1.Hindus,2.Sikhs,3.Muslims,160.0
2015.0,1274183,683368,590815,23.13,865.0,67.74,76.29,57.97,455455,355466,99989,818728,1125279,123160,22614,422.0,422.0,422.0,385.0,haryana,karnal,45.42084168336673,9,54,0.0,26.960320641282564,0,248,152,15,94,1,235,0,936341.0,1.Hindus,2.Sikhs,3.Muslims,186.0
2015.0,825454,442328,383126,23.72,866.0,69.88,78.06,60.61,308392,250596,57796,517062,675381,135545,12028,407.0,402.0,406.0,385.0,haryana,kurukshetra,45.42084168336673,4,26,0.0,26.960320641282564,0,53,11,9,88,1,145,0,609943.0,1.Hindus,2.Sikhs,3.Muslims,179.0
2015.0,967449,528860,438589,38.57,829.0,69.17,78.5,57.97,382801,289013,93788,584648,873593,59696,27437,179.0,179.0,179.0,168.0,haryana,panipat,45.42084168336673,10,47,0.0,26.960320641282564,0,86,7,9,95,2,195,0,575369.0,1.Hindus,2.Muslims,3.Sikhs,116.0
2015.0,765351,403034,362317,25.24,899.0,75.25,88.45,60.83,333622,204855,128767,431729,758328,3194,1668,397.0,397.0,397.0,379.0,haryana,rewari,45.42084168336673,9,56,0.0,26.960320641282564,0,49,0,9,71,17,119,0,629177.0,1.Hindus,2.Muslims,3.Sikhs,175.0
2015.0,940128,509038,431090,20.99,847.0,73.72,83.23,62.59,371073,288225,82848,569055,924541,5665,5079,146.0,146.0,146.0,130.0,haryana,rohtak,45.42084168336673,6,54,0.0,26.960320641282564,0,277,202,14,190,2,193,0,610524.0,1.Hindus,2.Muslims,3.Sikhs,118.0
2015.0,1116649,593245,523404,22.96,882.0,60.55,70.05,49.93,475571,363946,111625,641078,801747,302942,7056,321.0,321.0,318.0,312.0,haryana,sirsa,45.42084168336673,2,52,0.0,26.960320641282564,47,48,0,5,58,3,168,0,823184.0,1.Hindus,2.Sikhs,3.Muslims,197.0
2015.0,1279175,695723,583452,22.36,839.0,72.79,83.06,60.68,523031,383449,139582,756144,1234225,31954,6729,323.0,323.0,323.0,316.0,haryana,sonipat,45.42084168336673,6,62,0.0,26.960320641282564,0,57,0,20,94,3,168,0,957800.0,1.Hindus,2.Muslims,3.Jains,248.0
2015.0,1041630,559444,482186,21.84,862.0,71.63,78.82,63.39,336533,280728,55805,705097,849255,104073,83524,613.0,613.0,607.0,483.0,haryana,yamunanagar,45.42084168336673,7,44,0.0,26.960320641282564,0,265,202,7,72,0,156,0,648608.0,1.Hindus,2.Muslims,3.Sikhs,248.0
2015.0,1165390,608878,556512,24.46,914.0,50.09,66.38,31.99,432714,283711,149003,732676,910409,221705,27263,2356.0,2356.0,289.0,768.0,jharkhand,deoghar,45.42084168336673,0,44,0.0,26.960320641282564,0,78,0,25,40,5,195,0,1005539.0,1.Hindus,2.Muslims,3.Others,94.0
2015.0,2397102,1278946,1118156,22.82,874.0,67.0,79.54,52.43,664058,492501,171557,1733044,1944757,364807,61505,1121.0,1121.0,503.0,708.0,jharkhand,dhanbad,45.42084168336673,24,40,0.0,26.960320641282564,0,80,0,9,128,0,45,0,1141744.0,1.Hindus,2.Muslims,3.Others,154.0
2015.0,1759602,897364,862238,17.31,961.0,47.94,62.86,32.35,778378,470354,308024,981224,1323468,203741,170201,3737.0,3737.0,213.0,1732.0,jharkhand,dumka,45.42084168336673,3,46,0.0,26.960320641282564,0,34,0,13,26,4,48,0,1644690.0,1.Hindus,2.Muslims,3.Others,312.0
2015.0,1904430,960679,943751,27.09,982.0,44.5,62.09,26.62,644644,340925,303719,1259786,1475201,383253,30778,2532.0,2532.0,481.0,1232.0,jharkhand,giridih,45.42084168336673,31,45,0.0,26.960320641282564,0,57,0,35,238,0,116,0,1782066.0,1.Hindus,2.Muslims,3.Others,229.0
2015.0,1047939,544043,503896,21.61,926.0,43.13,57.52,27.39,421941,238694,183247,625998,745237,210734,68055,1633.0,1633.0,257.0,892.0,jharkhand,godda,45.42084168336673,0,30,0.0,26.960320641282564,0,17,0,6,0,0,82,0,1010931.0,1.Hindus,2.Muslims,3.Others,141.0
2015.0,1346767,675769,670998,16.6,993.0,51.74,63.5,39.95,658921,446953,211968,687846,440373,425107,419004,1393.0,1393.0,92.0,1015.0,jharkhand,gumla,45.42084168336673,2,56,0.0,26.960320641282564,10,29,0,2,16,0,21,0,1273025.0,1.Hindus,2.Christians,3.Others,365.0
2015.0,2277475,1167793,1109682,24.02,950.0,57.74,71.81,42.87,790049,532895,257154,1487426,1870586,337117,36789,1543.0,1543.0,413.0,962.0,jharkhand,hazaribagh,45.42084168336673,36,57,0.0,26.960320641282564,0,53,8,22,62,0,53,0,1748406.0,1.Hindus,2.Muslims,3.Others,147.0
2015.0,2098359,1084417,1013942,26.8,935.0,44.95,58.91,29.88,793658,444921,348737,1304701,1740948,242980,63100,2465.0,2465.0,410.0,1474.0,jharkhand,palamu,45.42084168336673,6,45,0.0,26.960320641282564,0,39,0,21,19,0,31,0,1973266.0,1.Hindus,2.Muslims,3.Others,349.0
2015.0,2785064,1436976,1348088,25.72,938.0,64.57,76.56,51.72,1076904,750962,325942,1708160,1399301,767672,348774,2052.0,2052.0,331.0,1343.0,jharkhand,ranchi,45.42084168336673,0,89,0.0,26.960320641282564,0,65,0,8,0,0,58,0,1807243.0,1.Hindus,2.Others,3.Muslims,377.0
2015.0,1502373,771022,731351,19.56,949.0,60.94,72.46,48.81,557603,424985,132618,944770,1020174,295762,122083,599.0,596.0,596.0,591.0,karnataka,bidar,45.42084168336673,0,9,0.0,26.960320641282564,6,15,6,10,88,14,126,0,1157498.0,1.Hindus,2.Muslims,3.Buddhists,293.0
2015.0,1517896,776221,741675,15.05,955.0,64.45,74.66,53.78,721835,576035,145800,796061,1388506,109412,8411,946.0,916.0,946.0,879.0,karnataka,chitradurga,45.42084168336673,0,6,0.0,26.960320641282564,45,66,17,3,250,0,55,0,1243658.0,1.Hindus,2.Muslims,3.Religion not stated,197.0
2015.0,1790952,917705,873247,14.78,952.0,67.43,76.37,58.04,783781,631726,152055,1007171,1532714,226708,10944,810.0,786.0,808.0,727.0,karnataka,davanagere,45.42084168336673,2,14,0.0,26.960320641282564,35,45,6,4,182,2,77,0,1247954.0,1.Hindus,2.Muslims,3.Religion not stated,278.0
2015.0,1604253,823204,781049,16.65,949.0,71.61,80.82,61.92,684492,587018,97474,919761,1221335,315177,27634,361.0,358.0,359.0,313.0,karnataka,dharwad,45.42084168336673,0,16,0.0,26.960320641282564,9,21,12,2,34,0,34,0,722336.0,1.Hindus,2.Muslims,3.Christians,201.0
2015.0,1721669,859086,862583,9.66,1004.0,68.63,78.37,59.0,864711,702827,161884,856958,1587287,104730,15598,2394.0,2330.0,2341.0,1990.0,karnataka,hassan,45.42084168336673,0,24,0.0,26.960320641282564,47,54,6,14,194,2,63,0,1416996.0,1.Hindus,2.Muslims,3.Christians,482.0
2015.0,548561,274831,273730,11.64,996.0,77.99,83.7,72.26,266378,247574,18804,282183,450694,78466,17951,291.0,279.0,286.0,267.0,karnataka,kodagu,45.42084168336673,0,36,0.0,26.960320641282564,2,7,2,1,48,1,33,0,473179.0,1.Hindus,2.Muslims,3.Christians,138.0
2015.0,2536069,1286193,1249876,13.83,972.0,62.84,73.17,52.23,1235028,1014667,220361,1301041,2196660,298767,32547,2919.0,2797.0,2785.0,2342.0,karnataka,kolar,45.42084168336673,0,2,0.0,26.960320641282564,7,18,9,3,40,0,14,0,1910546.0,1.Hindus,2.Muslims,3.Christians,490.0
2015.0,1196089,603312,592777,24.57,983.0,54.1,68.42,39.61,554506,422208,132298,641583,1042294,137174,5395,594.0,590.0,594.0,560.0,karnataka,koppal,45.42084168336673,0,12,0.0,26.960320641282564,18,25,7,3,52,0,39,0,997797.0,1.Hindus,2.Muslims,3.Religion not stated,281.0
2015.0,1763705,888034,875671,7.14,986.0,61.05,70.5,51.53,840419,682440,157979,923286,1667640,69890,11093,1369.0,1330.0,1323.0,1185.0,karnataka,mandya,45.42084168336673,1,13,0.0,26.960320641282564,40,56,15,9,432,10,148,0,1480990.0,1.Hindus,2.Muslims,3.Buddhists,458.0
2015.0,1669762,841840,827922,21.93,983.0,48.81,61.52,35.93,732762,544347,188415,937000,1417051,228652,12390,830.0,806.0,796.0,306.0,karnataka,raichur,45.42084168336673,2,17,0.0,26.960320641282564,4,11,1,8,223,2,150,0,1248925.0,1.Hindus,2.Muslims,3.Christians,338.0
2015.0,1642545,830559,811986,12.9,978.0,74.52,82.01,66.88,714671,586832,127839,927874,1401087,200979,26474,1443.0,1415.0,1399.0,989.0,karnataka,shimoga,45.42084168336673,0,27,0.0,26.960320641282564,42,55,10,10,368,2,187,0,1071535.0,1.Hindus,2.Muslims,3.Christians,311.0
2015.0,1129221,566682,562539,6.96,993.0,88.69,92.33,85.02,487352,400699,86653,641869,566744,480108,81222,64.0,64.0,64.0,60.0,kerala,idukki,45.42084168336673,0,85,0.0,26.960320641282564,0,12,8,0,181,13,108,0,1071628.0,1.Hindus,2.Muslims,3.Christians,62.0
2015.0,2408956,1152817,1256139,7.13,1090.0,92.59,96.13,89.4,767197,626876,140321,1641759,1480748,665648,261019,78.0,78.0,78.0,78.0,kerala,kannur,45.42084168336673,4,56,0.0,26.960320641282564,2,13,10,1,219,11,235,0,1196058.0,1.Hindus,2.Muslims,3.Christians,78.0
2015.0,1953646,964926,988720,6.76,1025.0,95.82,97.34,94.35,642157,539609,102548,1311489,963497,871371,116686,89.0,89.0,89.0,89.0,kerala,kottayam,45.42084168336673,0,48,0.0,26.960320641282564,0,9,9,0,153,23,135,0,1653838.0,1.Hindus,2.Muslims,3.Christians,88.0
2015.0,3625471,1754576,1870895,17.22,1066.0,89.61,93.25,86.26,874476,691848,182628,2750995,2484576,1057418,80650,122.0,122.0,122.0,122.0,kerala,malappuram,45.42084168336673,2,129,0.0,26.960320641282564,0,3,0,0,321,30,494,0,3269301.0,1.Hindus,2.Muslims,3.Christians,121.0
2015.0,2617482,1266985,1350497,9.86,1066.0,84.35,89.52,79.56,945052,768620,176432,1672430,1802766,703596,109249,144.0,144.0,144.0,141.0,kerala,palakkad,45.42084168336673,0,72,0.0,26.960320641282564,4,17,6,1,144,21,363,0,2260907.0,1.Hindus,2.Muslims,3.Christians,139.0
2015.0,1234016,589398,644618,3.72,1094.0,94.84,96.41,93.43,366049,285844,80205,867967,694560,481602,56457,65.0,65.0,65.0,64.0,kerala,pathanamthitta,45.42084168336673,0,62,0.0,26.960320641282564,0,7,0,0,178,8,75,0,1110218.0,1.Hindus,2.Muslims,3.Christians,63.0
2015.0,1630239,841253,788986,20.51,938.0,81.41,88.91,73.43,648243,582264,65979,981996,1024080,296272,293184,862.0,851.0,840.0,786.0,maharashtra,akola,45.42084168336673,0,44,0.0,26.960320641282564,34,47,1,4,222,6,144,0,1002742.0,1.Hindus,2.Muslims,3.Buddhists,212.0
2015.0,1136146,573445,562701,11.2,981.0,78.47,88.97,67.82,536885,365464,171421,599261,953507,144541,23324,778.0,772.0,774.0,716.0,maharashtra,bhandara,45.42084168336673,0,25,0.0,26.960320641282564,41,52,1,0,92,8,41,0,960418.0,1.Hindus,2.Buddhists,3.Muslims,442.0
2015.0,2071101,1062993,1008108,17.26,948.0,73.17,82.94,62.89,930791,683029,247762,1140310,1680113,274067,76050,1472.0,1462.0,1444.0,1359.0,maharashtra,chandrapur,45.42084168336673,1,126,0.0,26.960320641282564,0,99,49,10,269,11,201,0,1406034.0,1.Hindus,2.Buddhists,3.Muslims,318.0
2015.0,1707947,878372,829575,16.01,944.0,71.65,81.4,61.39,737941,573496,164445,970006,1522895,149466,14613,678.0,675.0,673.0,669.0,maharashtra,dhule,45.42084168336673,0,35,0.0,26.960320641282564,0,24,14,6,69,7,200,0,1262062.0,1.Hindus,2.Muslims,3.Buddhists,276.0
2015.0,970294,491101,479193,23.25,976.0,60.1,71.86,48.07,497104,336959,160145,473190,818640,78058,44825,1521.0,1509.0,1320.0,1279.0,maharashtra,gadchiroli,45.42084168336673,1,41,0.0,26.960320641282564,2,18,1,1,40,6,13,0,903033.0,1.Hindus,2.Buddhists,3.Others,369.0
2015.0,3682690,1905493,1777197,15.44,933.0,75.43,85.91,64.3,1563983,1300086,263897,2118707,3049368,455288,126136,1491.0,1491.0,1486.0,1470.0,maharashtra,jalgaon,45.42084168336673,1,66,0.0,26.960320641282564,0,88,0,1,288,21,276,0,2629896.0,1.Hindus,2.Muslims,3.Buddhists,934.0
2015.0,1612980,826903,786077,18.17,951.0,64.4,79.14,49.04,716900,611998,104902,896080,1255041,211531,121033,963.0,963.0,959.0,952.0,maharashtra,jalna,45.42084168336673,0,47,0.0,26.960320641282564,13,69,27,11,191,12,263,0,1305115.0,1.Hindus,2.Muslims,3.Buddhists,380.0
2015.0,3523162,1807470,1715692,17.59,949.0,76.93,87.47,66.02,1652970,1394882,258088,1870192,3077263,236875,147285,1196.0,1194.0,1190.0,1185.0,maharashtra,kolhapur,45.42084168336673,0,93,0.0,26.960320641282564,9,158,59,7,219,2,128,0,2472809.0,1.Hindus,2.Muslims,3.Jains,638.0
2015.0,2080285,1075257,1005028,23.95,935.0,71.54,82.94,59.4,840518,712849,127669,1239767,1700679,292996,74351,921.0,921.0,919.0,917.0,maharashtra,latur,45.42084168336673,0,54,0.0,26.960320641282564,0,68,10,8,155,1,205,0,1590024.0,1.Hindus,2.Muslims,3.Buddhists,409.0
2015.0,2876259,1481358,1394901,23.08,942.0,67.77,80.44,54.35,1202037,965087,236950,1674222,2162185,385081,302161,1546.0,1538.0,1531.0,1536.0,maharashtra,nanded,45.42084168336673,0,70,0.0,26.960320641282564,0,61,13,12,165,4,213,0,2187195.0,1.Hindus,2.Muslims,3.Buddhists,209.0
2015.0,1486586,769368,717218,15.35,932.0,69.02,80.42,56.89,653522,555202,98320,833064,1297858,151181,28356,729.0,729.0,727.0,726.0,maharashtra,osmanabad,45.42084168336673,0,54,0.0,26.960320641282564,15,46,3,6,106,1,109,0,1253330.0,1.Hindus,2.Muslims,3.Buddhists,400.0
2015.0,1527715,780191,747524,15.31,958.0,66.07,79.63,52.02,644752,559917,84835,882963,1121246,243935,153231,830.0,830.0,824.0,821.0,maharashtra,parbhani,45.42084168336673,0,44,0.0,26.960320641282564,26,40,2,11,153,1,205,0,1042529.0,1.Hindus,2.Muslims,3.Buddhists,386.0
2015.0,1696777,794498,902279,9.87,1136.0,75.05,85.89,65.77,763387,557613,205774,933390,1391137,175672,120855,1539.0,1538.0,1539.0,1484.0,maharashtra,ratnagiri,45.42084168336673,0,48,0.0,26.960320641282564,27,28,1,1,60,16,18,0,1504568.0,1.Hindus,2.Muslims,3.Buddhists,810.0
2015.0,2583524,1320088,1263436,17.59,957.0,76.62,86.26,66.73,1218655,952241,266414,1364869,2243478,203524,85160,721.0,721.0,721.0,719.0,maharashtra,sangli,45.42084168336673,0,67,0.0,26.960320641282564,37,95,13,16,171,4,103,0,1950306.0,1.Hindus,2.Muslims,3.Jains,567.0
2015.0,2808994,1408326,1400668,14.1,995.0,78.22,88.2,68.38,1303658,1044989,258669,1505336,2533359,128570,125661,1716.0,1716.0,1701.0,1680.0,maharashtra,satara,45.42084168336673,1,114,0.0,26.960320641282564,104,150,1,2,274,18,155,0,2410873.0,1.Hindus,2.Buddhists,3.Muslims,646.0
2015.0,868825,417890,450935,3.55,1079.0,80.3,90.26,71.23,404985,233827,171158,463840,802498,24320,23668,743.0,743.0,735.0,722.0,maharashtra,sindhudurg,45.42084168336673,0,28,0.0,26.960320641282564,2,13,5,0,38,2,10,0,786506.0,1.Hindus,2.Buddhists,3.Muslims,593.0
2015.0,1236736,638990,597746,15.3,935.0,80.06,87.18,72.45,550351,431330,119021,686385,1006235,169579,47605,1004.0,998.0,998.0,842.0,maharashtra,wardha,45.42084168336673,0,60,0.0,26.960320641282564,30,56,0,0,243,4,67,0,911695.0,1.Hindus,2.Buddhists,3.Muslims,392.0
2015.0,2458271,1265681,1192590,18.46,942.0,73.62,84.09,62.52,1118937,949453,169484,1339334,1999368,221793,196909,1856.0,1820.0,1795.0,1729.0,maharashtra,yavatmal,45.42084168336673,2,98,0.0,26.960320641282564,38,115,1,15,458,140,262,0,2001060.0,1.Hindus,2.Buddhists,3.Muslims,723.0
2015.0,208368,104550,103818,13.9,993.0,67.63,79.61,55.66,89703,55557,34146,118665,148903,38763,14194,48.0,48.0,46.0,47.0,manipur,bishnupur,45.42084168336673,0,10,0.0,26.960320641282564,0,12,0,0,9,0,10,0,133627.0,1.Hindus,2.Others,3.Muslims,28.0
2015.0,118327,59741,58586,72.8,981.0,56.23,64.34,47.98,54545,39935,14610,63782,109128,5701,2318,350.0,323.0,190.0,214.0,manipur,chandel,45.42084168336673,0,0,0.0,26.960320641282564,1,1,0,0,0,0,1,0,103365.0,1.Christians,2.Hindus,3.Muslims,25.0
2015.0,227905,117232,110673,29.81,944.0,70.59,77.67,63.06,99363,71933,27430,128542,213186,10538,2573,540.0,539.0,306.0,395.0,manipur,churachandpur,45.42084168336673,0,2,0.0,26.960320641282564,0,0,0,0,0,0,0,0,227905.0,1.Christians,2.Hindus,3.Muslims,66.0
2015.0,111499,58014,53485,29.23,922.0,59.25,68.72,48.95,50863,43353,7510,60636,105791,3187,1431,171.0,171.0,75.0,157.0,manipur,tamenglong,45.42084168336673,0,0,0.0,26.960320641282564,0,0,0,0,0,0,0,0,111499.0,1.Christians,2.Hindus,3.Muslims,42.0
2015.0,364140,182250,181890,24.62,998.0,66.41,80.43,52.46,177343,111486,65857,186797,221096,86849,50819,90.0,90.0,84.0,88.0,manipur,thoubal,45.42084168336673,0,9,0.0,26.960320641282564,0,28,0,0,9,0,10,0,232868.0,1.Hindus,2.Muslims,3.Others,36.0
2015.0,140778,73465,67313,28.98,916.0,73.12,80.13,65.41,66515,51564,14951,74263,133966,5687,881,198.0,198.0,154.0,188.0,manipur,ukhrul,45.42084168336673,0,1,0.0,26.960320641282564,0,0,0,0,0,0,0,0,140778.0,1.Christians,2.Hindus,3.Muslims,47.0
2015.0,325676,166877,158799,39.24,952.0,96.51,96.75,96.26,162961,125328,37633,162715,303893,14508,5185,96.0,96.0,81.0,86.0,mizoram,aizawl,45.42084168336673,2,17,0.0,26.960320641282564,2,3,1,0,30,1,3,0,77531.0,1.Christians,2.Hindus,3.Muslims,46.0
2015.0,73620,38776,34844,34.78,899.0,64.74,70.9,57.81,34093,26188,7905,39527,38410,32877,1910,139.0,139.0,27.0,134.0,mizoram,lawngtlai,45.42084168336673,4,7,0.0,26.960320641282564,0,1,0,0,3,0,0,0,73620.0,1.Buddhists,2.Christians,3.Hindus,24.0
2015.0,137223,71402,65821,23.1,922.0,84.17,87.44,80.6,71792,60870,10922,65431,109204,22429,4612,160.0,160.0,101.0,130.0,mizoram,lunglei,45.42084168336673,0,9,0.0,26.960320641282564,0,0,0,0,16,1,0,0,79267.0,1.Christians,2.Buddhists,3.Hindus,55.0
2015.0,310084,162251,147833,49.96,911.0,74.54,80.3,68.15,135023,114456,20567,175061,278844,21950,5457,180.0,179.0,148.0,164.0,nagaland,kohima,45.42084168336673,0,10,0.0,26.960320641282564,0,0,0,0,0,8,1,0,233054.0,1.Christians,2.Hindus,3.Others,82.0
2015.0,232085,120929,111156,43.48,919.0,83.92,86.03,81.61,109260,82160,27100,122825,219282,10433,2128,102.0,101.0,97.0,99.0,nagaland,mokokchung,45.42084168336673,0,1,0.0,26.960320641282564,0,0,0,0,0,0,0,0,200871.0,1.Christians,2.Hindus,3.Muslims,82.0
2015.0,260652,138753,121899,73.42,879.0,41.83,46.56,36.35,130848,108206,22642,129804,248684,9963,1748,110.0,110.0,102.0,107.0,nagaland,mon,45.42084168336673,0,2,0.0,26.960320641282564,0,0,0,0,2,0,1,0,244062.0,1.Christians,2.Hindus,3.Muslims,69.0
2015.0,148195,77141,71054,45.12,921.0,70.65,78.37,62.26,71398,57454,13944,76797,143048,4095,517,104.0,104.0,102.0,102.0,nagaland,phek,45.42084168336673,0,2,0.0,26.960320641282564,0,0,0,0,0,0,0,0,135331.0,1.Christians,2.Hindus,3.Muslims,54.0
2015.0,414818,218678,196140,78.1,897.0,50.64,55.12,45.58,184924,156950,27974,229894,406287,6856,1329,251.0,251.0,238.0,230.0,nagaland,tuensang,45.42084168336673,0,0,0.0,26.960320641282564,1,1,0,0,0,0,0,0,385046.0,1.Christians,2.Hindus,3.Muslims,123.0
2015.0,161223,83670,77553,95.01,927.0,80.55,85.35,75.32,56254,49679,6575,104969,155009,4787,1209,128.0,128.0,105.0,104.0,nagaland,wokha,45.42084168336673,0,2,0.0,26.960320641282564,0,0,0,0,0,0,0,0,123587.0,1.Christians,2.Hindus,3.Muslims,67.0
2015.0,153955,79056,74899,61.0,947.0,69.28,73.74,64.57,56783,47491,9292,97172,150097,3193,492,187.0,186.0,187.0,178.0,nagaland,zunheboto,45.42084168336673,0,1,0.0,26.960320641282564,0,0,0,0,0,0,0,0,130874.0,1.Christians,2.Hindus,3.Muslims,57.0
2015.0,1183295,632809,550486,19.89,870.0,61.18,67.78,53.7,500667,408924,91743,682628,876426,292984,9847,280.0,280.0,280.0,280.0,punjab,bathinda,45.42084168336673,4,57,0.0,26.960320641282564,1,47,6,7,55,2,48,0,831541.0,1.Hindus,2.Muslims,3.Christians,181.0
2015.0,550892,292596,258296,21.42,883.0,61.95,68.15,55.03,209754,181873,27881,341138,427104,119702,1739,163.0,163.0,163.0,160.0,punjab,faridkot,45.42084168336673,3,24,0.0,26.960320641282564,0,8,0,1,36,0,13,0,357321.0,1.Sikhs,2.Hindus,3.Muslims,107.0
2015.0,2104011,1113077,990934,19.33,890.0,73.77,79.78,67.15,700557,568322,132235,1403454,996246,934963,148981,1532.0,1531.0,1532.0,1375.0,punjab,gurdaspur,45.42084168336673,0,17,0.0,26.960320641282564,0,25,4,3,16,0,36,0,1568788.0,1.Hindus,2.Sikhs,3.Christians,517.0
2015.0,1480736,765132,715604,13.81,935.0,81.02,86.45,75.32,513351,415123,98228,967385,871923,574862,15394,1386.0,1386.0,1386.0,1232.0,punjab,hoshiarpur,45.42084168336673,7,45,0.0,26.960320641282564,4,47,1,10,53,0,115,0,1188662.0,1.Hindus,2.Sikhs,3.Muslims,382.0
2015.0,754521,399623,354898,16.34,888.0,73.93,79.02,68.29,262741,231222,31519,491780,448654,286438,7740,618.0,618.0,618.0,478.0,punjab,kapurthala,45.42084168336673,2,21,0.0,26.960320641282564,2,32,2,5,33,1,46,0,507994.0,1.Sikhs,2.Hindus,3.Buddhists,359.0
2015.0,1844934,987390,857544,20.31,868.0,69.78,75.88,62.86,681951,589015,92936,1162983,1024546,778427,34828,1054.0,1053.0,1054.0,986.0,punjab,patiala,45.42084168336673,6,57,0.0,26.960320641282564,0,87,87,7,83,0,152,0,1200224.0,1.Sikhs,2.Hindus,3.Muslims,172.0
2015.0,2000173,1069289,930884,18.57,871.0,59.98,65.81,53.38,814098,714076,100022,1186075,1400149,434873,157838,697.0,697.0,697.0,684.0,punjab,sangrur,45.42084168336673,2,45,0.0,26.960320641282564,0,48,4,9,51,0,64,0,1415354.0,1.Sikhs,2.Hindus,3.Muslims,291.0
2015.0,2181670,1129920,1051750,26.1,931.0,64.65,79.37,48.86,856809,690818,165991,1324861,1869044,244341,47812,1025.0,1025.0,966.0,970.0,rajasthan,ajmer,45.42084168336673,18,123,0.0,26.960320641282564,43,167,113,9,184,1,792,0,1306994.0,1.Hindus,2.Muslims,3.Jains,352.0
2015.0,2992592,1586752,1405840,30.23,886.0,61.74,78.09,43.28,1458686,947587,511099,1533906,2535155,383204,55530,1954.0,1954.0,1843.0,1811.0,rajasthan,alwar,45.42084168336673,77,254,0.0,26.960320641282564,111,224,113,44,205,0,717,0,2557653.0,1.Hindus,2.Muslims,3.Sikhs,553.0
2015.0,1501589,760686,740903,29.84,974.0,44.63,60.45,28.43,709412,529393,180019,792177,1425287,39079,18406,1476.0,1476.0,853.0,1348.0,rajasthan,banswara,45.42084168336673,3,100,0.0,26.960320641282564,0,128,123,13,70,0,212,0,1394226.0,1.Hindus,2.Muslims,3.Jains,450.0
2015.0,1964835,1038247,926588,36.83,892.0,58.99,72.76,43.45,919729,680208,239521,1045106,1695047,231918,35744,1933.0,1933.0,948.0,1777.0,rajasthan,barmer,45.42084168336673,5,120,0.0,26.960320641282564,0,47,0,39,268,0,278,0,1819431.0,1.Hindus,2.Muslims,3.Jains,433.0
2015.0,2101142,1133425,967717,27.05,854.0,63.57,80.54,43.56,852913,573547,279366,1248229,1804599,264709,23472,1366.0,1365.0,1238.0,1298.0,rajasthan,bharatpur,45.42084168336673,64,244,0.0,26.960320641282564,28,196,31,31,74,0,594,0,1692182.0,1.Hindus,2.Muslims,3.Sikhs,481.0
2015.0,2013789,1026650,987139,26.14,962.0,50.74,67.39,33.48,939848,764916,174932,1073941,1859972,112802,37659,1693.0,1693.0,1553.0,1516.0,rajasthan,bhilwara,45.42084168336673,0,90,0.0,26.960320641282564,0,212,0,9,160,1,711,0,1598938.0,1.Hindus,2.Muslims,3.Jains,473.0
2015.0,1674271,886075,788196,38.18,890.0,56.91,70.05,42.03,661457,522482,138975,1012814,1445088,172372,31235,712.0,686.0,485.0,611.0,rajasthan,bikaner,45.42084168336673,0,91,0.0,26.960320641282564,0,65,0,22,68,0,475,0,1079235.0,1.Hindus,2.Muslims,3.Jains,173.0
2015.0,962620,504818,457802,24.8,907.0,55.57,71.68,37.79,456937,305977,150960,505683,881956,56220,13186,839.0,838.0,733.0,764.0,rajasthan,bundi,45.42084168336673,0,60,0.0,26.960320641282564,0,128,0,3,143,0,293,0,783058.0,1.Hindus,2.Muslims,3.Jains,178.0
2015.0,1923878,987781,936097,24.6,948.0,66.81,79.69,53.35,853899,587431,266468,1069979,1698106,210446,13882,946.0,925.0,877.0,909.0,rajasthan,churu,45.42084168336673,6,81,0.0,26.960320641282564,42,42,0,14,44,0,237,0,1387682.0,1.Hindus,2.Muslims,3.Jains,423.0
2015.0,1107643,547791,559852,26.58,1022.0,48.57,66.04,31.77,531376,272283,259093,576267,1068319,23549,12542,854.0,853.0,723.0,819.0,rajasthan,dungarpur,45.42084168336673,1,117,0.0,26.960320641282564,0,121,0,10,90,0,172,0,1026787.0,1.Hindus,2.Muslims,3.Jains,368.0
2015.0,1789423,955378,834045,27.53,873.0,64.74,75.53,52.44,719792,552559,167233,1069631,1299812,441409,42442,2830.0,2820.0,1817.0,1653.0,rajasthan,ganganagar,45.42084168336673,9,160,0.0,26.960320641282564,21,108,62,13,147,0,812,0,1336066.0,1.Hindus,2.Sikhs,3.Muslims,654.0
2015.0,508247,279101,229146,47.45,821.0,50.97,66.26,32.05,211687,153139,58548,296560,383638,120174,2086,600.0,576.0,183.0,473.0,rajasthan,jaisalmer,45.42084168336673,0,9,0.0,26.960320641282564,0,13,0,4,53,0,39,0,431853.0,1.Hindus,2.Muslims,3.Sikhs,144.0
2015.0,1180323,612804,567519,23.34,926.0,57.32,73.31,40.02,554781,399386,155395,625542,1087934,78962,11759,1477.0,1476.0,1185.0,1173.0,rajasthan,jhalawar,45.42084168336673,11,130,0.0,26.960320641282564,10,124,0,8,266,0,444,0,1012081.0,1.Hindus,2.Muslims,3.Jains,214.0
2015.0,2775058,1424967,1350091,29.33,947.0,57.28,74.1,39.67,1129514,844039,285475,1645544,2399173,356405,17478,1480.0,1466.0,1417.0,1417.0,rajasthan,nagaur,45.42084168336673,0,96,0.0,26.960320641282564,0,146,0,10,108,0,512,0,2297721.0,1.Hindus,2.Muslims,3.Jains,580.0
2015.0,1820251,918856,901395,22.39,981.0,54.39,72.2,36.48,724883,518158,206725,1095368,1677038,114088,25599,936.0,936.0,883.0,906.0,rajasthan,pali,45.42084168336673,5,79,0.0,26.960320641282564,0,139,0,10,229,0,489,0,1429364.0,1.Hindus,2.Muslims,3.Jains,451.0
2015.0,2287788,1172753,1115035,24.11,951.0,70.47,84.34,56.11,887915,633421,254494,1399873,2019396,261714,4957,986.0,985.0,965.0,945.0,rajasthan,sikar,45.42084168336673,6,92,0.0,26.960320641282564,0,105,61,15,55,0,420,0,1815250.0,1.Hindus,2.Muslims,3.Jains,470.0
2015.0,851107,437949,413158,30.08,943.0,53.94,69.89,37.15,343905,245762,98143,507202,810765,25439,12427,455.0,454.0,399.0,423.0,rajasthan,sirohi,45.42084168336673,10,60,0.0,26.960320641282564,16,72,1,4,83,1,216,0,700217.0,1.Hindus,2.Muslims,3.Jains,201.0
2015.0,1211671,626436,585235,24.24,934.0,51.97,70.52,32.15,532682,425230,107452,678989,1062365,124440,23644,1032.0,1031.0,818.0,887.0,rajasthan,tonk,45.42084168336673,21,36,0.0,26.960320641282564,0,74,0,1,72,0,332,0,958503.0,1.Hindus,2.Muslims,3.Jains,246.0
2015.0,2633312,1336004,1297308,27.37,971.0,58.62,73.62,43.26,1100880,724120,376760,1532432,2449773,88262,83699,2339.0,2337.0,1647.0,2030.0,rajasthan,udaipur,45.42084168336673,27,191,0.0,26.960320641282564,47,234,39,3,344,0,617,0,2142995.0,1.Hindus,2.Muslims,3.Jains,619.0
2015.0,245040,132917,112123,37.17,844.0,74.67,81.2,66.8,116529,92577,23952,128511,157321,64729,14502,131.0,131.0,125.0,112.0,sikkim,east,45.42084168336673,1,0,0.0,26.960320641282564,18,18,0,1,14,2,2,0,192188.0,1.Hindus,2.Buddhists,3.Christians,100.0
2015.0,41030,23414,17616,31.32,752.0,67.21,75.69,55.39,23542,17553,5989,17488,22603,16128,1623,53.0,53.0,46.0,42.0,sikkim,north,45.42084168336673,0,0,0.0,26.960320641282564,0,0,0,0,1,0,0,0,39782.0,1.Buddhists,2.Hindus,3.Christians,44.0
2015.0,131525,68241,63284,33.37,927.0,67.31,74.29,59.72,69693,57367,12326,61832,84213,31109,12757,145.0,145.0,142.0,131.0,sikkim,south,45.42084168336673,0,2,0.0,26.960320641282564,2,3,0,0,3,0,0,0,127579.0,1.Hindus,2.Buddhists,3.Christians,99.0
2015.0,123256,63912,59344,25.48,929.0,58.8,66.82,50.11,53279,45407,7872,69977,71886,33601,9567,121.0,121.0,115.0,107.0,sikkim,west,45.42084168336673,0,3,0.0,26.960320641282564,0,0,0,0,3,0,0,0,121432.0,1.Hindus,2.Buddhists,3.Others,86.0
2015.0,307868,159095,148773,10.79,935.0,60.93,70.17,50.99,126761,92570,34191,181107,257834,28180,14848,148.0,148.0,108.0,138.0,tripura,dhalai,45.42084168336673,5,26,0.0,26.960320641282564,0,10,8,3,38,0,38,0,289001.0,1.Hindus,2.Buddhists,3.Christians,58.0
2015.0,900635,506938,393697,40.33,777.0,81.94,86.14,76.47,340422,328989,11433,560213,707978,145175,35548,23.0,23.0,23.0,18.0,chandigarh,chandigarh,45.42084168336673,6,72,0.0,26.960320641282564,97,165,12,5,76,10,126,0,92120.0,1.Hindus,2.Sikhs,3.Muslims,18.0
2019.0,1647201,848578,798623,18.53,941.0,56.24,64.83,47.07,517088,408537,108551,1130113,977943,662066,5267,1050.0,1050.0,775.0,967.0,assam,barpeta,0.0,0,137,0.0,0.0,0,463,0,15,557,0,0,0,1520333.0,1.Hindus,2.Muslims,3.Christians,430.0
2019.0,904835,465240,439595,12.23,945.0,59.33,67.67,50.44,293243,233087,60156,611592,535464,348573,18728,881.0,881.0,607.0,805.0,assam,bongaigaon,0.0,25,61,0.0,0.0,13,190,0,3,135,0,319,0,795053.0,1.Hindus,2.Muslims,3.Christians,112.0
2019.0,1444921,743042,701879,18.66,945.0,67.82,75.73,59.41,465734,364814,100920,979187,886761,522051,31306,1020.0,1020.0,741.0,902.0,assam,cachar,0.0,1,58,0.0,0.0,21,317,0,20,49,0,664,0,1243534.0,1.Hindus,2.Muslims,3.Christians,134.0
2019.0,1504320,773861,730459,15.79,944.0,55.44,63.91,46.4,527993,404428,123565,976327,868532,534658,97306,1319.0,1319.0,1032.0,1246.0,assam,darrang,0.0,33,97,0.0,0.0,45,340,49,15,248,0,664,0,1429492.0,1.Hindus,2.Muslims,3.Christians,356.0
2019.0,571944,294643,277301,18.93,941.0,64.48,74.41,53.86,250146,155431,94715,321798,548780,10533,6390,1236.0,1236.0,253.0,1068.0,assam,dhemaji,0.0,3,27,0.0,0.0,3,105,6,6,83,1,139,0,533112.0,1.Hindus,2.Muslims,3.Christians,83.0
2019.0,1637344,841044,796300,23.42,947.0,48.21,55.91,40.04,470360,399201,71159,1166984,1216455,405065,12477,1261.0,1261.0,904.0,1138.0,assam,dhubri,0.0,98,111,0.0,0.0,29,449,151,12,716,10,1230,0,1444901.0,1.Hindus,2.Muslims,3.Christians,374.0
2019.0,1185072,613555,571517,12.43,931.0,68.96,77.3,59.95,472419,342708,129711,712653,1075878,53306,45040,1309.0,1309.0,1195.0,1169.0,assam,dibrugarh,0.0,4,41,0.0,0.0,0,196,0,6,81,0,396,0,956634.0,1.Hindus,2.Muslims,3.Christians,263.0
2019.0,822035,420251,401784,23.07,956.0,58.03,64.86,50.85,273925,209928,63997,548110,441516,314157,64662,761.0,761.0,689.0,723.0,assam,goalpara,0.0,19,40,0.004883546205860256,0.0,0,213,80,6,123,0,394,0,755133.0,1.Hindus,2.Muslims,3.Christians,243.0
2019.0,946279,490286,455993,14.21,930.0,69.38,77.14,60.99,388640,269896,118744,557639,813263,74808,52277,1066.0,1066.0,595.0,769.0,assam,golaghat,0.0,6,34,0.0,0.0,55,302,19,5,64,0,406,0,865141.0,1.Hindus,2.Muslims,3.Christians,87.0
2019.0,542872,280513,262359,20.92,935.0,59.64,68.24,50.46,179881,138216,41665,362991,312849,223191,5424,327.0,327.0,268.0,308.0,assam,hailakandi,0.0,23,145,0.004883546205860256,0.0,0,127,0,6,214,0,436,0,498787.0,1.Hindus,2.Muslims,3.Christians,110.0
2019.0,999221,517015,482206,15.84,933.0,76.34,83.62,68.49,414348,285092,129256,584873,927858,47658,18610,787.0,787.0,650.0,717.0,assam,jorhat,0.0,20,30,0.0,0.0,0,209,0,0,191,0,618,0,827901.0,1.Hindus,2.Muslims,3.Christians,215.0
2019.0,2522324,1326981,1195343,25.75,901.0,74.16,81.16,66.31,842253,697810,144443,1680071,1836153,625002,44257,1342.0,1342.0,1042.0,1190.0,assam,kamrup,5.0,17,130,0.0,0.0,59,398,167,10,282,330,553,0,1614107.0,1.Hindus,2.Muslims,3.Christians,468.0
2019.0,1007976,517680,490296,21.35,947.0,66.24,74.69,57.28,303294,235016,68278,704682,527214,470708,8746,915.0,915.0,639.0,865.0,assam,karimganj,0.0,17,53,0.0,0.0,11,96,0,8,105,4,298,0,934126.0,1.Hindus,2.Muslims,3.Christians,224.0
2019.0,905764,466191,439573,15.05,943.0,51.63,60.32,42.4,334849,234771,100078,570915,594168,184441,124270,951.0,951.0,704.0,906.0,assam,kokrajhar,3.0,0,36,0.0,0.0,0,121,0,3,84,0,179,0,841823.0,1.Hindus,2.Muslims,3.Christians,211.0
2019.0,889010,455691,433319,18.34,951.0,68.56,77.06,59.59,497745,288052,209693,391265,702881,143505,36667,1139.0,1139.0,680.0,1046.0,assam,lakhimpur,0.0,10,52,0.0,0.0,22,126,3,3,63,1,558,0,823857.0,1.Hindus,2.Muslims,3.Christians,211.0
2019.0,2314629,1190950,1123679,22.3,944.0,61.73,68.27,54.74,727641,566195,161446,1586988,1180267,1106354,21473,1375.0,1374.0,1190.0,1257.0,assam,nagaon,0.0,23,110,0.0,0.0,103,620,216,0,233,0,972,0,2036342.0,1.Hindus,2.Muslims,3.Christians,480.0
2019.0,1148824,592375,556449,11.98,939.0,67.23,76.56,57.26,383932,291665,92267,764892,873749,253842,18495,798.0,798.0,733.0,769.0,assam,nalbari,0.0,0,46,0.0,0.0,0,112,0,1,77,15,268,0,1121338.0,1.Hindus,2.Muslims,3.Christians,179.0
2019.0,1051736,545476,506260,15.95,928.0,74.47,81.53,66.81,430523,287319,143204,621213,927706,85761,28488,866.0,866.0,772.0,825.0,assam,sibsagar,0.0,10,20,0.0,0.0,153,488,0,1,131,9,345,0,954557.0,1.Hindus,2.Muslims,3.Christians,317.0
2019.0,1681513,871568,809945,17.8,929.0,59.0,67.54,49.73,634723,465283,169440,1046790,1287646,268078,115623,1784.0,1784.0,1331.0,1372.0,assam,sonitpur,0.0,0,36,0.0,0.0,82,292,0,0,50,0,462,0,1505719.0,1.Hindus,2.Muslims,3.Christians,235.0
2019.0,1150062,601099,548963,19.52,913.0,60.95,70.15,50.78,466351,349847,116504,683711,1029142,62403,40000,1107.0,1107.0,871.0,936.0,assam,tinsukia,0.0,13,72,0.0,0.0,0,217,0,5,107,5,292,0,926105.0,1.Hindus,2.Muslims,3.Christians,198.0
2019.0,2158608,1128105,1030503,31.84,913.0,35.01,46.38,22.37,853445,657446,195999,1305163,1263766,887972,2504,713.0,713.0,129.0,552.0,bihar,araria,1.0,0,25,0.0,0.0,27,230,19,12,3,0,60,0,2026257.0,1.Hindus,2.Muslims,3.Jains,60.0
2019.0,2013055,1040945,972110,30.19,934.0,57.03,71.13,41.9,671011,476390,194621,1342044,1814612,196030,1161,1739.0,1739.0,527.0,1148.0,bihar,aurangabad,0.0,0,15,0.0,0.0,17,113,2,27,0,0,32,0,1842998.0,1.Hindus,2.Muslims,3.Religion not stated,270.0
2019.0,2349366,1228874,1120492,29.11,912.0,47.98,59.13,35.64,746075,571564,174511,1603291,2033039,313713,1224,729.0,729.0,457.0,503.0,bihar,begusarai,0.0,17,10,0.0,0.0,8,138,8,20,12,3,20,0,2241743.0,1.Hindus,2.Muslims,3.Religion not stated,167.0
2019.0,2423172,1291658,1131514,27.24,876.0,49.5,59.22,38.13,855345,580731,274614,1567827,1990976,423246,1853,935.0,935.0,445.0,642.0,bihar,bhagalpur,0.0,11,33,0.0,0.0,24,330,63,16,6,0,99,0,1970745.0,1.Hindus,2.Muslims,3.Christians,229.0
2019.0,2243144,1179611,1063533,24.58,902.0,58.96,74.29,41.8,653811,491916,161895,1589333,2076589,163193,913,999.0,999.0,247.0,885.0,bihar,bhojpur,0.0,11,8,0.0,0.0,5,171,13,35,2,0,51,0,1930730.0,1.Hindus,2.Muslims,3.Religion not stated,133.0
2019.0,3295789,1722189,1573600,30.85,914.0,44.33,56.72,30.78,1028558,761464,267094,2267231,2543284,748971,2245,1083.0,1083.0,490.0,850.0,bihar,darbhanga,0.0,10,33,0.0,0.0,22,273,16,35,22,0,39,0,3028441.0,1.Hindus,2.Muslims,3.Religion not stated,271.0
2019.0,3473428,1792163,1681265,30.19,938.0,50.45,63.27,36.66,1277639,994459,283180,2195789,3063841,403439,1622,2680.0,2680.0,539.0,1635.0,bihar,gaya,0.0,0,49,0.0,0.0,0,361,0,42,5,0,106,0,2997479.0,1.Hindus,2.Muslims,3.Religion not stated,278.0
2019.0,2152638,1075710,1076928,26.11,1001.0,47.48,62.96,32.16,641672,466811,174861,1510966,1784275,367219,850,1383.0,1383.0,439.0,866.0,bihar,gopalganj,0.0,0,2,0.0,0.0,33,149,0,29,1,0,55,0,2022048.0,1.Hindus,2.Muslims,3.Religion not stated,261.0
2019.0,1514315,784946,729369,28.64,929.0,55.26,70.07,39.37,580905,422789,158116,933410,1389053,124149,743,856.0,856.0,219.0,672.0,bihar,jehanabad,0.0,3,9,0.0,0.0,2,101,38,22,15,0,19,0,1402703.0,1.Hindus,2.Muslims,3.Religion not stated,123.0
2019.0,2392638,1246872,1145766,30.91,919.0,35.09,45.31,23.8,898326,664259,234067,1494312,1363523,1017495,4994,1290.0,1290.0,277.0,785.0,bihar,katihar,0.0,0,60,0.0,0.0,4,234,11,14,15,0,71,0,2174361.0,1.Hindus,2.Muslims,3.Christians,248.0
2019.0,1280354,679267,601087,29.32,885.0,41.35,51.82,29.35,467240,333262,133978,813114,1147346,131441,546,241.0,241.0,114.0,220.0,bihar,khagaria,0.0,6,13,0.0,0.0,0,170,0,15,0,0,31,0,1204027.0,1.Hindus,2.Muslims,3.Others,124.0
2019.0,1296348,669552,626796,31.5,936.0,31.09,42.71,18.63,417151,359819,57332,879197,876105,412995,2856,730.0,730.0,116.0,442.0,bihar,kishanganj,0.0,1,18,0.0,0.0,6,38,0,5,0,0,20,0,1167340.0,1.Muslims,2.Hindus,3.Christians,120.0
2019.0,1526646,797180,729466,29.45,915.0,36.07,48.8,22.11,683976,498367,185609,842670,1351978,173605,494,384.0,384.0,168.0,311.0,bihar,madhepura,0.0,6,11,0.0,0.0,29,176,0,7,0,0,28,0,1458679.0,1.Hindus,2.Muslims,3.Religion not stated,141.0
2019.0,3575281,1840997,1734284,26.08,942.0,41.97,56.79,26.25,1227723,877412,350311,2347558,2930501,641579,1477,1034.0,1034.0,437.0,901.0,bihar,madhubani,0.0,0,19,0.0,0.0,0,202,0,26,4,0,75,0,3450736.0,1.Hindus,2.Muslims,3.Religion not stated,232.0
2019.0,1137797,607730,530067,20.34,872.0,59.47,69.89,47.4,331451,233688,97763,806346,1045233,89791,1135,525.0,525.0,321.0,382.0,bihar,munger,0.0,0,10,0.0,0.0,11,188,20,15,0,0,91,0,819950.0,1.Hindus,2.Muslims,3.Christians,149.0
2019.0,3746714,1951466,1795248,26.74,920.0,47.95,59.1,35.81,1139830,895830,244000,2606884,3168225,573951,2104,1725.0,1725.0,1021.0,1423.0,bihar,muzaffarpur,0.0,2,34,0.0,0.0,64,554,0,79,7,0,192,0,3398361.0,1.Hindus,2.Muslims,3.Religion not stated,526.0
2019.0,2370528,1238599,1131929,18.64,914.0,53.19,66.44,38.58,903144,700007,203137,1467384,2191552,176871,888,1000.0,1000.0,366.0,879.0,bihar,nalanda,0.0,3,37,0.0,0.0,65,365,51,64,15,0,84,0,2016899.0,1.Hindus,2.Muslims,3.Religion not stated,198.0
2019.0,4718592,2519942,2198650,30.17,873.0,62.92,73.34,50.83,1425647,1161984,263663,3292945,4333556,366164,8951,1288.0,1288.0,615.0,1199.0,bihar,patna,0.0,23,69,0.0,0.0,40,1091,475,86,91,7,295,0,2757060.0,1.Hindus,2.Muslims,3.Christians,390.0
2019.0,2450748,1283485,1167263,27.71,909.0,61.29,75.31,45.71,744183,544731,199452,1706565,2199049,246760,2549,1710.0,1710.0,493.0,1185.0,bihar,rohtas,0.0,2,5,0.0,0.0,19,255,22,36,0,0,68,0,2123942.0,1.Hindus,2.Muslims,3.Sikhs,153.0
2019.0,1508182,789432,718750,33.03,910.0,39.08,51.66,25.27,589467,411566,177901,918715,1289364,217922,437,441.0,441.0,127.0,374.0,bihar,saharsa,0.0,0,14,0.0,0.0,0,113,0,17,0,0,31,0,1383015.0,1.Hindus,2.Muslims,3.Christians,63.0
2019.0,3394793,1760692,1634101,25.63,928.0,45.13,57.59,31.67,1071974,843356,228618,2322819,3035755,355897,1432,1122.0,1122.0,674.0,878.0,bihar,samastipur,0.0,0,14,0.0,0.0,30,293,28,34,0,0,58,0,3271338.0,1.Hindus,2.Muslims,3.Religion not stated,195.0
2019.0,3248701,1652661,1596040,26.37,966.0,51.8,67.3,35.82,860940,644618,216322,2387761,2909213,337767,758,1566.0,1566.0,544.0,1213.0,bihar,saran,0.0,0,26,0.0,0.0,89,437,0,54,0,0,121,0,2950064.0,1.Hindus,2.Muslims,3.Religion not stated,342.0
2019.0,2682720,1417611,1265109,32.58,892.0,38.46,49.36,26.13,855156,714136,141020,1827564,2111476,568992,1237,802.0,802.0,302.0,709.0,bihar,sitamarhi,0.0,0,9,0.0,0.0,49,346,3,37,3,0,154,0,2529407.0,1.Hindus,2.Muslims,3.Religion not stated,216.0
2019.0,2714349,1336283,1378066,24.78,1031.0,51.65,67.26,36.88,730437,511578,218859,1983912,2218632,494176,899,1438.0,1438.0,441.0,1119.0,bihar,siwan,0.0,0,8,0.0,0.0,18,214,1,42,0,0,41,0,2564860.0,1.Hindus,2.Muslims,3.Religion not stated,254.0
2019.0,2718421,1415603,1302818,26.39,920.0,50.49,63.23,36.58,782717,624452,158265,1935704,2457636,259158,922,1414.0,1414.0,970.0,929.0,bihar,vaishali,0.0,0,0,0.0,0.0,82,349,70,64,13,0,53,0,2531766.0,1.Hindus,2.Muslims,3.Religion not stated,154.0
2019.0,1998355,1013875,984480,17.59,971.0,63.51,78.43,48.17,857577,630504,227073,1140778,1904580,45342,19325,1579.0,1545.0,1494.0,1426.0,chhattisgarh,bilaspur,0.0,0,110,0.0,0.0,0,321,0,8,134,22,89,0,1511661.0,1.Hindus,2.Muslims,3.Others,452.0
2019.0,2810436,1417893,1392543,16.88,982.0,75.62,86.43,64.64,1162833,965624,197209,1647603,2654202,70398,23399,1776.0,1762.0,1737.0,1698.0,chhattisgarh,durg,0.0,1,68,0.0,0.0,184,207,17,4,144,13,115,0,1738127.0,1.Hindus,2.Muslims,3.Sikhs,669.0
2019.0,1265529,634597,630932,18.68,994.0,70.16,82.7,57.62,601564,430725,170839,663965,1212180,36098,12637,1433.0,1410.0,1385.0,1350.0,chhattisgarh,raigarh,0.0,0,124,0.0,0.0,106,112,0,7,94,19,36,0,1096073.0,1.Hindus,2.Christians,3.Muslims,279.0
2019.0,3016930,1523925,1493005,18.97,980.0,68.51,81.97,54.81,1264663,961507,303156,1752267,2881933,77963,16857,2124.0,2101.0,1955.0,1987.0,chhattisgarh,raipur,1.0,0,116,0.0,0.0,306,317,1,6,126,56,93,0,2099312.0,1.Hindus,2.Muslims,3.Christians,696.0
2019.0,1283224,634342,648882,17.7,1023.0,77.21,87.17,67.55,649401,558996,90405,633823,1215492,28020,21035,1605.0,1595.0,1550.0,1484.0,chhattisgarh,rajnandgaon,0.0,0,30,0.0,0.0,130,159,2,4,60,20,35,0,1051577.0,1.Hindus,2.Buddhists,3.Muslims,343.0
2019.0,1393918,701593,692325,6.45,987.0,66.09,76.44,55.78,600819,470043,130776,793099,1307460,83077,2309,615.0,614.0,615.0,614.0,gujarat,amreli,0.0,0,13,0.0,0.0,2,25,0,0,51,1,125,0,1080960.0,1.Hindus,2.Muslims,3.Jains,383.0
2019.0,1856872,972000,884872,13.03,910.0,74.51,86.09,61.94,784711,617669,167042,1072161,1616127,199263,29461,350.0,350.0,350.0,350.0,gujarat,anand,3.0,0,6,0.0,0.0,10,17,0,0,22,0,44,0,1348901.0,1.Hindus,2.Muslims,3.Christians,301.0
2019.0,1370656,713676,656980,19.32,921.0,74.41,82.98,65.11,570693,469551,101142,799963,1059796,293459,8824,657.0,657.0,656.0,644.0,gujarat,bharuch,0.0,0,2,0.0,0.0,1,2,0,1,30,0,31,0,1018096.0,1.Hindus,2.Muslims,3.Christians,403.0
2019.0,2469630,1274920,1194710,19.29,937.0,66.2,78.02,53.73,944559,781166,163393,1525071,2264062,172740,28921,790.0,790.0,789.0,786.0,gujarat,bhavnagar,0.0,0,18,0.0,0.0,0,12,0,0,47,2,150,0,1534592.0,1.Hindus,2.Muslims,3.Jains,526.0
2019.0,1334455,697999,636456,23.88,912.0,76.59,87.74,64.58,554336,467413,86923,780119,1269766,50559,7769,291.0,291.0,291.0,290.0,gujarat,gandhinagar,0.0,0,6,0.0,0.0,0,13,0,0,19,0,80,0,867195.0,1.Hindus,2.Muslims,3.Jains,244.0
2019.0,1904278,981320,922958,22.39,941.0,66.48,76.25,56.18,734382,624057,110325,1169896,1605941,270223,21907,698.0,695.0,666.0,666.0,gujarat,jamnagar,0.0,0,6,0.0,0.0,0,22,0,0,16,0,57,0,1068022.0,1.Hindus,2.Muslims,3.Jains,286.0
2019.0,2448173,1252350,1195823,17.08,955.0,67.78,78.74,56.43,1000842,785530,215312,1447331,2165734,274481,4291,923.0,922.0,901.0,858.0,gujarat,junagadh,0.0,0,25,0.0,0.0,0,57,1,0,50,0,163,0,1736645.0,1.Hindus,2.Muslims,3.Jains,803.0
2019.0,2024216,1052823,971393,13.24,923.0,71.96,85.99,56.9,908180,694400,213780,1116036,1775214,218660,23178,612.0,612.0,612.0,612.0,gujarat,kheda,0.0,1,11,0.0,0.0,0,96,0,0,26,1,65,0,1617766.0,1.Hindus,2.Muslims,3.Christians,432.0
2019.0,514404,263986,250418,14.4,949.0,59.86,72.44,46.61,259116,176372,82744,255288,482552,20429,5122,552.0,552.0,530.0,515.0,gujarat,narmada,0.0,0,5,0.0,0.0,0,5,0,0,10,0,15,0,462298.0,1.Hindus,2.Muslims,3.Christians,324.0
2019.0,1229463,628988,600475,13.22,955.0,75.83,82.77,68.61,545215,457002,88213,684248,1135525,69972,13575,374.0,374.0,374.0,368.0,gujarat,navsari,0.0,0,5,0.0,0.0,6,9,0,0,13,0,32,0,893110.0,1.Hindus,2.Muslims,3.Jains,268.0
2019.0,1182709,612100,570609,14.08,932.0,60.36,73.63,46.33,533078,395470,137608,649631,1057013,119748,5136,517.0,516.0,517.0,514.0,gujarat,patan,0.0,0,14,0.0,0.0,5,24,2,0,22,0,66,0,944281.0,1.Hindus,2.Muslims,3.Jains,265.0
2019.0,536835,275821,261014,14.35,946.0,68.62,78.36,58.42,215134,173594,41540,321701,507176,28404,589,182.0,182.0,155.0,156.0,gujarat,porbandar,0.0,0,3,0.0,0.0,2,10,1,1,20,0,34,0,275460.0,1.Hindus,2.Muslims,3.Jains,130.0
2019.0,1515148,787650,727498,25.34,924.0,61.61,74.19,48.1,647609,512038,135571,867539,1392451,97846,22721,650.0,649.0,650.0,648.0,gujarat,surendranagar,0.0,0,6,0.0,0.0,0,0,0,0,17,1,36,0,1112700.0,1.Hindus,2.Muslims,3.Jains,170.0
2019.0,1410553,734799,675754,29.66,920.0,69.15,77.9,59.62,650257,503333,146924,760296,1300005,66440,15399,450.0,450.0,425.0,449.0,gujarat,valsad,0.0,0,10,0.0,0.0,14,30,1,0,17,0,37,0,1029392.0,1.Hindus,2.Muslims,3.Christians,303.0
2019.0,1014411,542977,471434,25.69,868.0,75.31,82.31,67.39,324521,275648,48873,689890,856193,132463,17263,482.0,482.0,479.0,432.0,haryana,ambala,0.0,0,45,0.0,0.0,0,147,40,5,70,7,256,0,657383.0,1.Hindus,2.Sikhs,3.Muslims,204.0
2019.0,1425022,758253,666769,22.45,879.0,67.45,80.26,53.0,609320,425210,184110,815702,1407363,12740,2542,437.0,437.0,437.0,429.0,haryana,bhiwani,0.0,10,73,0.0,0.0,0,46,5,8,221,6,278,0,1154629.0,1.Hindus,2.Muslims,3.Sikhs,252.0
2019.0,2194586,1193063,1001523,48.47,839.0,70.03,81.52,56.31,785762,609663,176099,1408824,1896698,247293,36005,413.0,413.0,413.0,376.0,haryana,faridabad,0.0,23,159,0.0,0.0,10,249,13,22,220,18,548,0,973242.0,1.Hindus,2.Muslims,3.Sikhs,188.0
2019.0,1189827,642282,547545,21.35,852.0,62.12,73.82,48.51,521946,372049,149897,667881,1134539,29159,20618,306.0,306.0,306.0,300.0,haryana,jind,0.0,4,48,0.0,0.0,0,86,50,10,56,4,156,0,948250.0,1.Hindus,2.Sikhs,3.Muslims,247.0
2019.0,946131,510513,435618,20.95,853.0,59.02,69.15,47.31,372011,268127,103884,574120,848765,88700,6777,270.0,270.0,270.0,261.0,haryana,kaithal,2.0,6,35,0.0,0.0,0,214,83,7,86,4,118,0,762649.0,1.Hindus,2.Sikhs,3.Muslims,160.0
2019.0,1274183,683368,590815,23.13,865.0,67.74,76.29,57.97,455455,355466,99989,818728,1125279,123160,22614,422.0,422.0,422.0,385.0,haryana,karnal,0.0,41,69,0.0,0.0,0,161,22,14,177,6,259,0,936341.0,1.Hindus,2.Sikhs,3.Muslims,186.0
2019.0,825454,442328,383126,23.72,866.0,69.88,78.06,60.61,308392,250596,57796,517062,675381,135545,12028,407.0,402.0,406.0,385.0,haryana,kurukshetra,0.0,12,50,0.0,0.0,0,118,43,7,93,1,296,0,609943.0,1.Hindus,2.Sikhs,3.Muslims,179.0
2019.0,967449,528860,438589,38.57,829.0,69.17,78.5,57.97,382801,289013,93788,584648,873593,59696,27437,179.0,179.0,179.0,168.0,haryana,panipat,1.0,14,103,0.0,0.0,1,310,123,14,167,17,306,0,575369.0,1.Hindus,2.Muslims,3.Sikhs,116.0
2019.0,765351,403034,362317,25.24,899.0,75.25,88.45,60.83,333622,204855,128767,431729,758328,3194,1668,397.0,397.0,397.0,379.0,haryana,rewari,0.0,8,52,0.0,0.0,0,60,0,11,119,0,198,0,629177.0,1.Hindus,2.Muslims,3.Sikhs,175.0
2019.0,940128,509038,431090,20.99,847.0,73.72,83.23,62.59,371073,288225,82848,569055,924541,5665,5079,146.0,146.0,146.0,130.0,haryana,rohtak,1.0,13,65,0.0,0.0,0,192,80,13,171,4,288,0,610524.0,1.Hindus,2.Muslims,3.Sikhs,118.0
2019.0,1116649,593245,523404,22.96,882.0,60.55,70.05,49.93,475571,363946,111625,641078,801747,302942,7056,321.0,321.0,318.0,312.0,haryana,sirsa,0.0,9,85,0.0,0.0,0,91,2,11,84,3,158,0,823184.0,1.Hindus,2.Sikhs,3.Muslims,197.0
2019.0,1279175,695723,583452,22.36,839.0,72.79,83.06,60.68,523031,383449,139582,756144,1234225,31954,6729,323.0,323.0,323.0,316.0,haryana,sonipat,0.0,0,76,0.0,0.0,0,241,105,18,118,0,299,0,957800.0,1.Hindus,2.Muslims,3.Jains,248.0
2019.0,1041630,559444,482186,21.84,862.0,71.63,78.82,63.39,336533,280728,55805,705097,849255,104073,83524,613.0,613.0,607.0,483.0,haryana,yamunanagar,0.0,6,54,0.0,0.0,0,182,63,8,48,1,238,0,648608.0,1.Hindus,2.Muslims,3.Sikhs,248.0
2019.0,1165390,608878,556512,24.46,914.0,50.09,66.38,31.99,432714,283711,149003,732676,910409,221705,27263,2356.0,2356.0,289.0,768.0,jharkhand,deoghar,0.0,21,42,0.0,0.0,10,71,1,22,314,1,93,0,1005539.0,1.Hindus,2.Muslims,3.Others,94.0
2019.0,2397102,1278946,1118156,22.82,874.0,67.0,79.54,52.43,664058,492501,171557,1733044,1944757,364807,61505,1121.0,1121.0,503.0,708.0,jharkhand,dhanbad,0.0,54,61,0.0,0.0,0,113,0,31,61,0,51,0,1141744.0,1.Hindus,2.Muslims,3.Others,154.0
2019.0,1759602,897364,862238,17.31,961.0,47.94,62.86,32.35,778378,470354,308024,981224,1323468,203741,170201,3737.0,3737.0,213.0,1732.0,jharkhand,dumka,0.0,0,27,0.0,0.0,0,0,0,11,26,0,27,0,1644690.0,1.Hindus,2.Muslims,3.Others,312.0
2019.0,1904430,960679,943751,27.09,982.0,44.5,62.09,26.62,644644,340925,303719,1259786,1475201,383253,30778,2532.0,2532.0,481.0,1232.0,jharkhand,giridih,1.0,32,93,0.0,0.0,0,83,5,44,357,0,118,0,1782066.0,1.Hindus,2.Muslims,3.Others,229.0
2019.0,1047939,544043,503896,21.61,926.0,43.13,57.52,27.39,421941,238694,183247,625998,745237,210734,68055,1633.0,1633.0,257.0,892.0,jharkhand,godda,0.0,20,64,0.0,0.0,0,22,1,12,33,0,57,0,1010931.0,1.Hindus,2.Muslims,3.Others,141.0
2019.0,1346767,675769,670998,16.6,993.0,51.74,63.5,39.95,658921,446953,211968,687846,440373,425107,419004,1393.0,1393.0,92.0,1015.0,jharkhand,gumla,1.0,3,81,0.0,0.0,12,30,0,3,10,0,34,0,1273025.0,1.Hindus,2.Christians,3.Others,365.0
2019.0,2277475,1167793,1109682,24.02,950.0,57.74,71.81,42.87,790049,532895,257154,1487426,1870586,337117,36789,1543.0,1543.0,413.0,962.0,jharkhand,hazaribagh,1.0,2,99,0.0,0.0,0,46,0,23,17,0,79,0,1748406.0,1.Hindus,2.Muslims,3.Others,147.0
2019.0,2098359,1084417,1013942,26.8,935.0,44.95,58.91,29.88,793658,444921,348737,1304701,1740948,242980,63100,2465.0,2465.0,410.0,1474.0,jharkhand,palamu,0.0,9,59,0.0,0.0,14,105,0,14,47,4,95,0,1973266.0,1.Hindus,2.Muslims,3.Others,349.0
2019.0,2785064,1436976,1348088,25.72,938.0,64.57,76.56,51.72,1076904,750962,325942,1708160,1399301,767672,348774,2052.0,2052.0,331.0,1343.0,jharkhand,ranchi,0.0,0,114,0.0,0.0,0,17,0,12,75,0,115,0,1807243.0,1.Hindus,2.Others,3.Muslims,377.0
2019.0,1502373,771022,731351,19.56,949.0,60.94,72.46,48.81,557603,424985,132618,944770,1020174,295762,122083,599.0,596.0,596.0,591.0,karnataka,bidar,0.0,2,14,0.0,0.0,12,22,0,8,84,5,111,0,1157498.0,1.Hindus,2.Muslims,3.Buddhists,293.0
2019.0,1517896,776221,741675,15.05,955.0,64.45,74.66,53.78,721835,576035,145800,796061,1388506,109412,8411,946.0,916.0,946.0,879.0,karnataka,chitradurga,9.0,0,13,0.0,0.0,5,10,0,10,245,1,49,0,1243658.0,1.Hindus,2.Muslims,3.Religion not stated,197.0
2019.0,1790952,917705,873247,14.78,952.0,67.43,76.37,58.04,783781,631726,152055,1007171,1532714,226708,10944,810.0,786.0,808.0,727.0,karnataka,davanagere,0.0,0,13,0.0,0.0,0,2,0,10,165,1,58,0,1247954.0,1.Hindus,2.Muslims,3.Religion not stated,278.0
2019.0,1604253,823204,781049,16.65,949.0,71.61,80.82,61.92,684492,587018,97474,919761,1221335,315177,27634,361.0,358.0,359.0,313.0,karnataka,dharwad,1.0,0,5,0.0,0.0,1,1,0,0,25,0,3,0,722336.0,1.Hindus,2.Muslims,3.Christians,201.0
2019.0,1721669,859086,862583,9.66,1004.0,68.63,78.37,59.0,864711,702827,161884,856958,1587287,104730,15598,2394.0,2330.0,2341.0,1990.0,karnataka,hassan,1.0,0,14,0.0,0.0,0,66,64,13,200,2,84,0,1416996.0,1.Hindus,2.Muslims,3.Christians,482.0
2019.0,548561,274831,273730,11.64,996.0,77.99,83.7,72.26,266378,247574,18804,282183,450694,78466,17951,291.0,279.0,286.0,267.0,karnataka,kodagu,1.0,0,8,0.0,0.0,21,23,0,2,34,0,35,0,473179.0,1.Hindus,2.Muslims,3.Christians,138.0
2019.0,2536069,1286193,1249876,13.83,972.0,62.84,73.17,52.23,1235028,1014667,220361,1301041,2196660,298767,32547,2919.0,2797.0,2785.0,2342.0,karnataka,kolar,3.0,0,4,0.0,0.0,0,0,0,2,77,0,30,0,1910546.0,1.Hindus,2.Muslims,3.Christians,490.0
2019.0,1196089,603312,592777,24.57,983.0,54.1,68.42,39.61,554506,422208,132298,641583,1042294,137174,5395,594.0,590.0,594.0,560.0,karnataka,koppal,0.0,0,14,0.0,0.0,0,4,0,5,86,2,60,0,997797.0,1.Hindus,2.Muslims,3.Religion not stated,281.0
2019.0,1763705,888034,875671,7.14,986.0,61.05,70.5,51.53,840419,682440,157979,923286,1667640,69890,11093,1369.0,1330.0,1323.0,1185.0,karnataka,mandya,0.0,0,7,0.0,0.0,41,45,0,5,193,5,71,0,1480990.0,1.Hindus,2.Muslims,3.Buddhists,458.0
2019.0,1669762,841840,827922,21.93,983.0,48.81,61.52,35.93,732762,544347,188415,937000,1417051,228652,12390,830.0,806.0,796.0,306.0,karnataka,raichur,1.0,1,9,0.0,0.0,0,1,0,6,137,0,93,0,1248925.0,1.Hindus,2.Muslims,3.Christians,338.0
2019.0,1642545,830559,811986,12.9,978.0,74.52,82.01,66.88,714671,586832,127839,927874,1401087,200979,26474,1443.0,1415.0,1399.0,989.0,karnataka,shimoga,0.0,0,11,0.0,0.0,31,34,1,8,331,4,80,0,1071535.0,1.Hindus,2.Muslims,3.Christians,311.0
2019.0,1129221,566682,562539,6.96,993.0,88.69,92.33,85.02,487352,400699,86653,641869,566744,480108,81222,64.0,64.0,64.0,60.0,kerala,idukki,0.0,4,82,0.0,0.0,0,4,1,0,228,13,83,0,1071628.0,1.Hindus,2.Muslims,3.Christians,62.0
2019.0,2408956,1152817,1256139,7.13,1090.0,92.59,96.13,89.4,767197,626876,140321,1641759,1480748,665648,261019,78.0,78.0,78.0,78.0,kerala,kannur,0.0,5,98,0.0,0.0,5,6,0,0,230,23,232,0,1196058.0,1.Hindus,2.Muslims,3.Christians,78.0
2019.0,1953646,964926,988720,6.76,1025.0,95.82,97.34,94.35,642157,539609,102548,1311489,963497,871371,116686,89.0,89.0,89.0,89.0,kerala,kottayam,1.0,4,104,0.0,0.0,9,14,1,0,247,41,83,0,1653838.0,1.Hindus,2.Muslims,3.Christians,88.0
2019.0,3625471,1754576,1870895,17.22,1066.0,89.61,93.25,86.26,874476,691848,182628,2750995,2484576,1057418,80650,122.0,122.0,122.0,122.0,kerala,malappuram,0.0,0,206,0.0,0.0,11,13,0,0,370,31,428,0,3269301.0,1.Hindus,2.Muslims,3.Christians,121.0
2019.0,2617482,1266985,1350497,9.86,1066.0,84.35,89.52,79.56,945052,768620,176432,1672430,1802766,703596,109249,144.0,144.0,144.0,141.0,kerala,palakkad,2.0,0,145,0.0,0.0,20,25,0,0,241,14,207,0,2260907.0,1.Hindus,2.Muslims,3.Christians,139.0
2019.0,1234016,589398,644618,3.72,1094.0,94.84,96.41,93.43,366049,285844,80205,867967,694560,481602,56457,65.0,65.0,65.0,64.0,kerala,pathanamthitta,0.0,2,91,0.0,0.0,4,5,0,0,150,21,69,0,1110218.0,1.Hindus,2.Muslims,3.Christians,63.0
2019.0,1630239,841253,788986,20.51,938.0,81.41,88.91,73.43,648243,582264,65979,981996,1024080,296272,293184,862.0,851.0,840.0,786.0,maharashtra,akola,0.0,0,31,0.0,0.0,83,95,0,3,197,3,254,0,1002742.0,1.Hindus,2.Muslims,3.Buddhists,212.0
2019.0,1136146,573445,562701,11.2,981.0,78.47,88.97,67.82,536885,365464,171421,599261,953507,144541,23324,778.0,772.0,774.0,716.0,maharashtra,bhandara,0.0,0,33,0.0,0.0,71,73,1,2,85,12,45,0,960418.0,1.Hindus,2.Buddhists,3.Muslims,442.0
2019.0,2071101,1062993,1008108,17.26,948.0,73.17,82.94,62.89,930791,683029,247762,1140310,1680113,274067,76050,1472.0,1462.0,1444.0,1359.0,maharashtra,chandrapur,0.0,0,41,0.0,0.0,95,172,0,3,159,22,113,0,1406034.0,1.Hindus,2.Buddhists,3.Muslims,318.0
2019.0,1707947,878372,829575,16.01,944.0,71.65,81.4,61.39,737941,573496,164445,970006,1522895,149466,14613,678.0,675.0,673.0,669.0,maharashtra,dhule,0.0,0,12,0.0,0.0,4,31,0,2,104,3,293,0,1262062.0,1.Hindus,2.Muslims,3.Buddhists,276.0
2019.0,970294,491101,479193,23.25,976.0,60.1,71.86,48.07,497104,336959,160145,473190,818640,78058,44825,1521.0,1509.0,1320.0,1279.0,maharashtra,gadchiroli,0.0,0,17,0.0,0.0,41,41,0,0,47,12,20,0,903033.0,1.Hindus,2.Buddhists,3.Others,369.0
2019.0,3682690,1905493,1777197,15.44,933.0,75.43,85.91,64.3,1563983,1300086,263897,2118707,3049368,455288,126136,1491.0,1491.0,1486.0,1470.0,maharashtra,jalgaon,0.0,0,37,0.0,0.0,0,139,11,4,241,6,265,0,2629896.0,1.Hindus,2.Muslims,3.Buddhists,934.0
2019.0,1612980,826903,786077,18.17,951.0,64.4,79.14,49.04,716900,611998,104902,896080,1255041,211531,121033,963.0,963.0,959.0,952.0,maharashtra,jalna,0.0,0,39,0.0,0.0,0,45,11,2,280,0,396,0,1305115.0,1.Hindus,2.Muslims,3.Buddhists,380.0
2019.0,3523162,1807470,1715692,17.59,949.0,76.93,87.47,66.02,1652970,1394882,258088,1870192,3077263,236875,147285,1196.0,1194.0,1190.0,1185.0,maharashtra,kolhapur,0.0,0,49,0.0,0.0,175,217,2,7,184,8,139,0,2472809.0,1.Hindus,2.Muslims,3.Jains,638.0
2019.0,2080285,1075257,1005028,23.95,935.0,71.54,82.94,59.4,840518,712849,127669,1239767,1700679,292996,74351,921.0,921.0,919.0,917.0,maharashtra,latur,13.0,0,37,0.0,0.0,84,96,0,5,145,0,210,0,1590024.0,1.Hindus,2.Muslims,3.Buddhists,409.0
2019.0,2876259,1481358,1394901,23.08,942.0,67.77,80.44,54.35,1202037,965087,236950,1674222,2162185,385081,302161,1546.0,1538.0,1531.0,1536.0,maharashtra,nanded,0.0,0,47,0.0,0.0,74,110,6,9,167,11,314,0,2187195.0,1.Hindus,2.Muslims,3.Buddhists,209.0
2019.0,1486586,769368,717218,15.35,932.0,69.02,80.42,56.89,653522,555202,98320,833064,1297858,151181,28356,729.0,729.0,727.0,726.0,maharashtra,osmanabad,0.0,0,24,0.0,0.0,29,51,5,3,144,5,73,0,1253330.0,1.Hindus,2.Muslims,3.Buddhists,400.0
2019.0,1527715,780191,747524,15.31,958.0,66.07,79.63,52.02,644752,559917,84835,882963,1121246,243935,153231,830.0,830.0,824.0,821.0,maharashtra,parbhani,0.0,0,28,0.0,0.0,50,61,1,6,93,1,208,0,1042529.0,1.Hindus,2.Muslims,3.Buddhists,386.0
2019.0,1696777,794498,902279,9.87,1136.0,75.05,85.89,65.77,763387,557613,205774,933390,1391137,175672,120855,1539.0,1538.0,1539.0,1484.0,maharashtra,ratnagiri,0.0,0,11,0.0,0.0,56,56,0,1,62,24,15,0,1504568.0,1.Hindus,2.Muslims,3.Buddhists,810.0
2019.0,2583524,1320088,1263436,17.59,957.0,76.62,86.26,66.73,1218655,952241,266414,1364869,2243478,203524,85160,721.0,721.0,721.0,719.0,maharashtra,sangli,0.0,0,40,0.0,0.0,174,202,7,8,214,7,86,0,1950306.0,1.Hindus,2.Muslims,3.Jains,567.0
2019.0,2808994,1408326,1400668,14.1,995.0,78.22,88.2,68.38,1303658,1044989,258669,1505336,2533359,128570,125661,1716.0,1716.0,1701.0,1680.0,maharashtra,satara,0.0,0,49,0.0,0.0,172,187,0,1,268,14,170,0,2410873.0,1.Hindus,2.Buddhists,3.Muslims,646.0
2019.0,868825,417890,450935,3.55,1079.0,80.3,90.26,71.23,404985,233827,171158,463840,802498,24320,23668,743.0,743.0,735.0,722.0,maharashtra,sindhudurg,0.0,0,7,0.0,0.0,16,16,0,0,43,11,3,0,786506.0,1.Hindus,2.Buddhists,3.Muslims,593.0
2019.0,1236736,638990,597746,15.3,935.0,80.06,87.18,72.45,550351,431330,119021,686385,1006235,169579,47605,1004.0,998.0,998.0,842.0,maharashtra,wardha,0.0,0,14,0.0,0.0,98,106,0,3,137,14,45,0,911695.0,1.Hindus,2.Buddhists,3.Muslims,392.0
2019.0,2458271,1265681,1192590,18.46,942.0,73.62,84.09,62.52,1118937,949453,169484,1339334,1999368,221793,196909,1856.0,1820.0,1795.0,1729.0,maharashtra,yavatmal,0.0,0,67,0.0,0.0,119,163,0,3,250,12,243,0,2001060.0,1.Hindus,2.Buddhists,3.Muslims,723.0
2019.0,208368,104550,103818,13.9,993.0,67.63,79.61,55.66,89703,55557,34146,118665,148903,38763,14194,48.0,48.0,46.0,47.0,manipur,bishnupur,0.0,0,6,0.0,0.0,0,7,0,0,5,0,0,0,133627.0,1.Hindus,2.Others,3.Muslims,28.0
2019.0,118327,59741,58586,72.8,981.0,56.23,64.34,47.98,54545,39935,14610,63782,109128,5701,2318,350.0,323.0,190.0,214.0,manipur,chandel,0.0,0,0,0.0,0.0,0,0,0,0,0,0,0,0,103365.0,1.Christians,2.Hindus,3.Muslims,25.0
2019.0,227905,117232,110673,29.81,944.0,70.59,77.67,63.06,99363,71933,27430,128542,213186,10538,2573,540.0,539.0,306.0,395.0,manipur,churachandpur,0.0,0,0,0.0,0.0,0,1,1,0,1,0,0,0,227905.0,1.Christians,2.Hindus,3.Muslims,66.0
2019.0,111499,58014,53485,29.23,922.0,59.25,68.72,48.95,50863,43353,7510,60636,105791,3187,1431,171.0,171.0,75.0,157.0,manipur,tamenglong,0.0,0,0,0.0,0.0,0,0,0,0,0,0,0,0,111499.0,1.Christians,2.Hindus,3.Muslims,42.0
2019.0,364140,182250,181890,24.62,998.0,66.41,80.43,52.46,177343,111486,65857,186797,221096,86849,50819,90.0,90.0,84.0,88.0,manipur,thoubal,0.0,1,2,0.0,0.0,0,25,0,0,4,0,4,0,232868.0,1.Hindus,2.Muslims,3.Others,36.0
2019.0,140778,73465,67313,28.98,916.0,73.12,80.13,65.41,66515,51564,14951,74263,133966,5687,881,198.0,198.0,154.0,188.0,manipur,ukhrul,0.0,0,2,0.0,0.0,0,1,0,0,0,0,0,0,140778.0,1.Christians,2.Hindus,3.Muslims,47.0
2019.0,325676,166877,158799,39.24,952.0,96.51,96.75,96.26,162961,125328,37633,162715,303893,14508,5185,96.0,96.0,81.0,86.0,mizoram,aizawl,0.0,0,15,0.0,0.0,0,1,0,0,18,0,0,0,77531.0,1.Christians,2.Hindus,3.Muslims,46.0
2019.0,73620,38776,34844,34.78,899.0,64.74,70.9,57.81,34093,26188,7905,39527,38410,32877,1910,139.0,139.0,27.0,134.0,mizoram,lawngtlai,0.0,0,4,0.0,0.0,0,0,0,0,3,0,0,0,73620.0,1.Buddhists,2.Christians,3.Hindus,24.0
2019.0,137223,71402,65821,23.1,922.0,84.17,87.44,80.6,71792,60870,10922,65431,109204,22429,4612,160.0,160.0,101.0,130.0,mizoram,lunglei,0.0,0,5,0.0,0.0,0,0,0,0,5,0,0,0,79267.0,1.Christians,2.Buddhists,3.Hindus,55.0
2019.0,310084,162251,147833,49.96,911.0,74.54,80.3,68.15,135023,114456,20567,175061,278844,21950,5457,180.0,179.0,148.0,164.0,nagaland,kohima,0.0,0,2,0.0,0.0,0,0,0,0,5,0,0,0,233054.0,1.Christians,2.Hindus,3.Others,82.0
2019.0,232085,120929,111156,43.48,919.0,83.92,86.03,81.61,109260,82160,27100,122825,219282,10433,2128,102.0,101.0,97.0,99.0,nagaland,mokokchung,0.0,0,1,0.0,0.0,0,0,0,0,0,0,0,0,200871.0,1.Christians,2.Hindus,3.Muslims,82.0
2019.0,260652,138753,121899,73.42,879.0,41.83,46.56,36.35,130848,108206,22642,129804,248684,9963,1748,110.0,110.0,102.0,107.0,nagaland,mon,0.0,0,1,0.0,0.0,1,2,1,0,0,0,0,0,244062.0,1.Christians,2.Hindus,3.Muslims,69.0
2019.0,148195,77141,71054,45.12,921.0,70.65,78.37,62.26,71398,57454,13944,76797,143048,4095,517,104.0,104.0,102.0,102.0,nagaland,phek,0.0,0,0,0.0,0.0,0,0,0,0,0,0,0,0,135331.0,1.Christians,2.Hindus,3.Muslims,54.0
2019.0,414818,218678,196140,78.1,897.0,50.64,55.12,45.58,184924,156950,27974,229894,406287,6856,1329,251.0,251.0,238.0,230.0,nagaland,tuensang,0.0,0,2,0.0,0.0,0,0,0,0,0,0,0,0,385046.0,1.Christians,2.Hindus,3.Muslims,123.0
2019.0,161223,83670,77553,95.01,927.0,80.55,85.35,75.32,56254,49679,6575,104969,155009,4787,1209,128.0,128.0,105.0,104.0,nagaland,wokha,0.0,0,0,0.0,0.0,0,0,0,0,0,0,0,0,123587.0,1.Christians,2.Hindus,3.Muslims,67.0
2019.0,153955,79056,74899,61.0,947.0,69.28,73.74,64.57,56783,47491,9292,97172,150097,3193,492,187.0,186.0,187.0,178.0,nagaland,zunheboto,0.0,0,0,0.0,0.0,0,0,0,0,0,0,0,0,130874.0,1.Christians,2.Hindus,3.Muslims,57.0
2019.0,1183295,632809,550486,19.89,870.0,61.18,67.78,53.7,500667,408924,91743,682628,876426,292984,9847,280.0,280.0,280.0,280.0,punjab,bathinda,0.0,4,92,0.0,0.0,1,66,9,4,52,0,79,0,831541.0,1.Hindus,2.Muslims,3.Christians,181.0
2019.0,550892,292596,258296,21.42,883.0,61.95,68.15,55.03,209754,181873,27881,341138,427104,119702,1739,163.0,163.0,163.0,160.0,punjab,faridkot,0.0,2,17,0.0,0.0,0,31,0,2,28,1,25,0,357321.0,1.Sikhs,2.Hindus,3.Muslims,107.0
2019.0,2104011,1113077,990934,19.33,890.0,73.77,79.78,67.15,700557,568322,132235,1403454,996246,934963,148981,1532.0,1531.0,1532.0,1375.0,punjab,gurdaspur,0.0,5,14,0.0,0.0,0,33,0,2,16,0,58,0,1568788.0,1.Hindus,2.Sikhs,3.Christians,517.0
2019.0,1480736,765132,715604,13.81,935.0,81.02,86.45,75.32,513351,415123,98228,967385,871923,574862,15394,1386.0,1386.0,1386.0,1232.0,punjab,hoshiarpur,0.0,2,21,0.0,0.0,3,56,8,4,41,1,98,0,1188662.0,1.Hindus,2.Sikhs,3.Muslims,382.0
2019.0,754521,399623,354898,16.34,888.0,73.93,79.02,68.29,262741,231222,31519,491780,448654,286438,7740,618.0,618.0,618.0,478.0,punjab,kapurthala,0.0,6,37,0.0,0.0,0,104,13,1,46,0,33,0,507994.0,1.Sikhs,2.Hindus,3.Buddhists,359.0
2019.0,1844934,987390,857544,20.31,868.0,69.78,75.88,62.86,681951,589015,92936,1162983,1024546,778427,34828,1054.0,1053.0,1054.0,986.0,punjab,patiala,0.0,7,49,0.0,0.0,0,109,12,9,80,1,153,0,1200224.0,1.Sikhs,2.Hindus,3.Muslims,172.0
2019.0,2000173,1069289,930884,18.57,871.0,59.98,65.81,53.38,814098,714076,100022,1186075,1400149,434873,157838,697.0,697.0,697.0,684.0,punjab,sangrur,0.0,5,77,0.0,0.0,0,71,0,2,55,6,75,0,1415354.0,1.Sikhs,2.Hindus,3.Muslims,291.0
2019.0,2181670,1129920,1051750,26.1,931.0,64.65,79.37,48.86,856809,690818,165991,1324861,1869044,244341,47812,1025.0,1025.0,966.0,970.0,rajasthan,ajmer,0.0,34,252,0.0,0.0,215,268,20,12,471,16,971,0,1306994.0,1.Hindus,2.Muslims,3.Jains,352.0
2019.0,2992592,1586752,1405840,30.23,886.0,61.74,78.09,43.28,1458686,947587,511099,1533906,2535155,383204,55530,1954.0,1954.0,1843.0,1811.0,rajasthan,alwar,0.0,104,236,0.0,0.0,48,174,68,24,324,0,685,0,2557653.0,1.Hindus,2.Muslims,3.Sikhs,553.0
2019.0,1501589,760686,740903,29.84,974.0,44.63,60.45,28.43,709412,529393,180019,792177,1425287,39079,18406,1476.0,1476.0,853.0,1348.0,rajasthan,banswara,0.0,5,223,0.0,0.0,0,214,46,10,170,0,308,0,1394226.0,1.Hindus,2.Muslims,3.Jains,450.0
2019.0,1964835,1038247,926588,36.83,892.0,58.99,72.76,43.45,919729,680208,239521,1045106,1695047,231918,35744,1933.0,1933.0,948.0,1777.0,rajasthan,barmer,0.0,64,183,0.0,0.0,1,84,1,17,397,0,402,0,1819431.0,1.Hindus,2.Muslims,3.Jains,433.0
2019.0,2101142,1133425,967717,27.05,854.0,63.57,80.54,43.56,852913,573547,279366,1248229,1804599,264709,23472,1366.0,1365.0,1238.0,1298.0,rajasthan,bharatpur,0.0,98,290,0.0,0.0,39,245,135,37,94,0,835,0,1692182.0,1.Hindus,2.Muslims,3.Sikhs,481.0
2019.0,2013789,1026650,987139,26.14,962.0,50.74,67.39,33.48,939848,764916,174932,1073941,1859972,112802,37659,1693.0,1693.0,1553.0,1516.0,rajasthan,bhilwara,0.0,14,206,0.0,0.0,71,251,134,8,408,0,777,0,1598938.0,1.Hindus,2.Muslims,3.Jains,473.0
2019.0,1674271,886075,788196,38.18,890.0,56.91,70.05,42.03,661457,522482,138975,1012814,1445088,172372,31235,712.0,686.0,485.0,611.0,rajasthan,bikaner,0.0,37,227,0.0,0.0,48,106,28,10,200,0,607,0,1079235.0,1.Hindus,2.Muslims,3.Jains,173.0
2019.0,962620,504818,457802,24.8,907.0,55.57,71.68,37.79,456937,305977,150960,505683,881956,56220,13186,839.0,838.0,733.0,764.0,rajasthan,bundi,0.0,12,121,0.0,0.0,24,160,127,4,261,0,390,0,783058.0,1.Hindus,2.Muslims,3.Jains,178.0
2019.0,1923878,987781,936097,24.6,948.0,66.81,79.69,53.35,853899,587431,266468,1069979,1698106,210446,13882,946.0,925.0,877.0,909.0,rajasthan,churu,0.0,10,159,0.0,0.0,1,80,71,13,71,1,464,0,1387682.0,1.Hindus,2.Muslims,3.Jains,423.0
2019.0,1107643,547791,559852,26.58,1022.0,48.57,66.04,31.77,531376,272283,259093,576267,1068319,23549,12542,854.0,853.0,723.0,819.0,rajasthan,dungarpur,0.0,2,103,0.0,0.0,0,181,0,10,103,0,135,0,1026787.0,1.Hindus,2.Muslims,3.Jains,368.0
2019.0,1789423,955378,834045,27.53,873.0,64.74,75.53,52.44,719792,552559,167233,1069631,1299812,441409,42442,2830.0,2820.0,1817.0,1653.0,rajasthan,ganganagar,0.0,51,248,0.0,0.0,47,167,86,13,251,3,914,0,1336066.0,1.Hindus,2.Sikhs,3.Muslims,654.0
2019.0,508247,279101,229146,47.45,821.0,50.97,66.26,32.05,211687,153139,58548,296560,383638,120174,2086,600.0,576.0,183.0,473.0,rajasthan,jaisalmer,0.0,8,48,0.0,0.0,4,21,1,9,142,0,71,0,431853.0,1.Hindus,2.Muslims,3.Sikhs,144.0
2019.0,1180323,612804,567519,23.34,926.0,57.32,73.31,40.02,554781,399386,155395,625542,1087934,78962,11759,1477.0,1476.0,1185.0,1173.0,rajasthan,jhalawar,0.0,12,164,0.0,0.0,156,199,7,6,440,4,610,0,1012081.0,1.Hindus,2.Muslims,3.Jains,214.0
2019.0,2775058,1424967,1350091,29.33,947.0,57.28,74.1,39.67,1129514,844039,285475,1645544,2399173,356405,17478,1480.0,1466.0,1417.0,1417.0,rajasthan,nagaur,0.0,38,170,0.0,0.0,62,141,35,17,279,1,625,0,2297721.0,1.Hindus,2.Muslims,3.Jains,580.0
2019.0,1820251,918856,901395,22.39,981.0,54.39,72.2,36.48,724883,518158,206725,1095368,1677038,114088,25599,936.0,936.0,883.0,906.0,rajasthan,pali,0.0,29,143,0.0,0.0,47,171,65,8,393,4,613,0,1429364.0,1.Hindus,2.Muslims,3.Jains,451.0
2019.0,2287788,1172753,1115035,24.11,951.0,70.47,84.34,56.11,887915,633421,254494,1399873,2019396,261714,4957,986.0,985.0,965.0,945.0,rajasthan,sikar,0.0,43,164,0.0,0.0,36,171,96,7,210,1,678,0,1815250.0,1.Hindus,2.Muslims,3.Jains,470.0
2019.0,851107,437949,413158,30.08,943.0,53.94,69.89,37.15,343905,245762,98143,507202,810765,25439,12427,455.0,454.0,399.0,423.0,rajasthan,sirohi,2.0,14,86,0.0,0.0,25,61,11,4,148,0,265,0,700217.0,1.Hindus,2.Muslims,3.Jains,201.0
2019.0,1211671,626436,585235,24.24,934.0,51.97,70.52,32.15,532682,425230,107452,678989,1062365,124440,23644,1032.0,1031.0,818.0,887.0,rajasthan,tonk,1.0,32,120,0.0,0.0,34,177,129,6,188,0,305,0,958503.0,1.Hindus,2.Muslims,3.Jains,246.0
2019.0,2633312,1336004,1297308,27.37,971.0,58.62,73.62,43.26,1100880,724120,376760,1532432,2449773,88262,83699,2339.0,2337.0,1647.0,2030.0,rajasthan,udaipur,0.0,35,220,0.0,0.0,212,359,21,12,278,2,616,0,2142995.0,1.Hindus,2.Muslims,3.Jains,619.0
2019.0,245040,132917,112123,37.17,844.0,74.67,81.2,66.8,116529,92577,23952,128511,157321,64729,14502,131.0,131.0,125.0,112.0,sikkim,east,0.0,2,5,0.0,0.0,0,0,0,0,11,1,1,0,192188.0,1.Hindus,2.Buddhists,3.Christians,100.0
2019.0,41030,23414,17616,31.32,752.0,67.21,75.69,55.39,23542,17553,5989,17488,22603,16128,1623,53.0,53.0,46.0,42.0,sikkim,north,0.0,1,1,0.0,0.0,0,0,0,0,0,0,0,0,39782.0,1.Buddhists,2.Hindus,3.Christians,44.0
2019.0,131525,68241,63284,33.37,927.0,67.31,74.29,59.72,69693,57367,12326,61832,84213,31109,12757,145.0,145.0,142.0,131.0,sikkim,south,0.0,0,2,0.0,0.0,0,0,0,0,8,0,0,0,127579.0,1.Hindus,2.Buddhists,3.Christians,99.0
2019.0,123256,63912,59344,25.48,929.0,58.8,66.82,50.11,53279,45407,7872,69977,71886,33601,9567,121.0,121.0,115.0,107.0,sikkim,west,0.0,0,3,0.0,0.0,0,0,0,0,2,1,0,0,121432.0,1.Hindus,2.Buddhists,3.Others,86.0
2019.0,307868,159095,148773,10.79,935.0,60.93,70.17,50.99,126761,92570,34191,181107,257834,28180,14848,148.0,148.0,108.0,138.0,tripura,dhalai,0.0,2,7,0.0,0.0,6,12,0,2,7,0,18,0,289001.0,1.Hindus,2.Buddhists,3.Christians,58.0
2019.0,900635,506938,393697,40.33,777.0,81.94,86.14,76.47,340422,328989,11433,560213,707978,145175,35548,23.0,23.0,23.0,18.0,chandigarh,chandigarh,0.0,2,112,0.0,0.0,89,129,8,6,66,15,177,0,92120.0,1.Hindus,2.Sikhs,3.Muslims,18.0
2020.0,1647201,848578,798623,18.53,941.0,56.24,64.83,47.07,517088,408537,108551,1130113,977943,662066,5267,1050.0,1050.0,775.0,967.0,assam,barpeta,0.0,0,129,0.0,0.0,200,454,0,12,627,0,882,0,1520333.0,1.Hindus,2.Muslims,3.Christians,430.0
2020.0,904835,465240,439595,12.23,945.0,59.33,67.67,50.44,293243,233087,60156,611592,535464,348573,18728,881.0,881.0,607.0,805.0,assam,bongaigaon,3.0,0,46,0.0,0.0,4,176,0,7,109,0,342,0,795053.0,1.Hindus,2.Muslims,3.Christians,112.0
2020.0,1444921,743042,701879,18.66,945.0,67.82,75.73,59.41,465734,364814,100920,979187,886761,522051,31306,1020.0,1020.0,741.0,902.0,assam,cachar,0.0,0,57,0.0,0.0,0,287,0,9,56,1,550,0,1243534.0,1.Hindus,2.Muslims,3.Christians,134.0
2020.0,1504320,773861,730459,15.79,944.0,55.44,63.91,46.4,527993,404428,123565,976327,868532,534658,97306,1319.0,1319.0,1032.0,1246.0,assam,darrang,0.0,0,89,0.0,0.0,13,219,20,6,290,0,415,0,1429492.0,1.Hindus,2.Muslims,3.Christians,356.0
2020.0,571944,294643,277301,18.93,941.0,64.48,74.41,53.86,250146,155431,94715,321798,548780,10533,6390,1236.0,1236.0,253.0,1068.0,assam,dhemaji,0.0,0,24,0.0,0.0,6,40,7,3,121,2,186,0,533112.0,1.Hindus,2.Muslims,3.Christians,83.0
2020.0,1637344,841044,796300,23.42,947.0,48.21,55.91,40.04,470360,399201,71159,1166984,1216455,405065,12477,1261.0,1261.0,904.0,1138.0,assam,dhubri,0.0,0,111,0.0,0.0,19,341,145,9,712,5,976,0,1444901.0,1.Hindus,2.Muslims,3.Christians,374.0
2020.0,1185072,613555,571517,12.43,931.0,68.96,77.3,59.95,472419,342708,129711,712653,1075878,53306,45040,1309.0,1309.0,1195.0,1169.0,assam,dibrugarh,0.0,0,22,0.0,0.0,21,215,5,3,78,0,379,0,956634.0,1.Hindus,2.Muslims,3.Christians,263.0
2020.0,822035,420251,401784,23.07,956.0,58.03,64.86,50.85,273925,209928,63997,548110,441516,314157,64662,761.0,761.0,689.0,723.0,assam,goalpara,0.0,0,33,0.0,0.0,0,154,0,2,79,0,300,0,755133.0,1.Hindus,2.Muslims,3.Christians,243.0
2020.0,946279,490286,455993,14.21,930.0,69.38,77.14,60.99,388640,269896,118744,557639,813263,74808,52277,1066.0,1066.0,595.0,769.0,assam,golaghat,0.0,0,31,0.0,0.0,23,211,53,0,44,0,332,0,865141.0,1.Hindus,2.Muslims,3.Christians,87.0
2020.0,542872,280513,262359,20.92,935.0,59.64,68.24,50.46,179881,138216,41665,362991,312849,223191,5424,327.0,327.0,268.0,308.0,assam,hailakandi,0.0,0,92,0.0,0.0,0,67,0,3,139,2,291,0,498787.0,1.Hindus,2.Muslims,3.Christians,110.0
2020.0,999221,517015,482206,15.84,933.0,76.34,83.62,68.49,414348,285092,129256,584873,927858,47658,18610,787.0,787.0,650.0,717.0,assam,jorhat,0.0,0,47,0.0,0.0,20,273,0,3,158,0,596,0,827901.0,1.Hindus,2.Muslims,3.Christians,215.0
2020.0,2522324,1326981,1195343,25.75,901.0,74.16,81.16,66.31,842253,697810,144443,1680071,1836153,625002,44257,1342.0,1342.0,1042.0,1190.0,assam,kamrup,18.0,0,94,0.0,0.0,56,323,130,20,530,25,409,0,1614107.0,1.Hindus,2.Muslims,3.Christians,468.0
2020.0,1007976,517680,490296,21.35,947.0,66.24,74.69,57.28,303294,235016,68278,704682,527214,470708,8746,915.0,915.0,639.0,865.0,assam,karimganj,0.0,0,59,0.0,0.0,0,61,0,2,70,2,289,0,934126.0,1.Hindus,2.Muslims,3.Christians,224.0
2020.0,905764,466191,439573,15.05,943.0,51.63,60.32,42.4,334849,234771,100078,570915,594168,184441,124270,951.0,951.0,704.0,906.0,assam,kokrajhar,0.0,0,27,0.0,0.0,0,90,0,7,74,0,154,0,841823.0,1.Hindus,2.Muslims,3.Christians,211.0
2020.0,889010,455691,433319,18.34,951.0,68.56,77.06,59.59,497745,288052,209693,391265,702881,143505,36667,1139.0,1139.0,680.0,1046.0,assam,lakhimpur,0.0,0,50,0.0,0.0,10,195,23,3,123,5,347,0,823857.0,1.Hindus,2.Muslims,3.Christians,211.0
2020.0,2314629,1190950,1123679,22.3,944.0,61.73,68.27,54.74,727641,566195,161446,1586988,1180267,1106354,21473,1375.0,1374.0,1190.0,1257.0,assam,nagaon,0.0,0,77,0.0,0.0,73,390,28,5,136,0,863,0,2036342.0,1.Hindus,2.Muslims,3.Christians,480.0
2020.0,1148824,592375,556449,11.98,939.0,67.23,76.56,57.26,383932,291665,92267,764892,873749,253842,18495,798.0,798.0,733.0,769.0,assam,nalbari,0.0,0,49,0.0,0.0,23,79,7,2,102,23,281,0,1121338.0,1.Hindus,2.Muslims,3.Christians,179.0
2020.0,1051736,545476,506260,15.95,928.0,74.47,81.53,66.81,430523,287319,143204,621213,927706,85761,28488,866.0,866.0,772.0,825.0,assam,sibsagar,0.0,0,8,0.0,0.0,10,206,0,2,120,23,320,0,954557.0,1.Hindus,2.Muslims,3.Christians,317.0
2020.0,1681513,871568,809945,17.8,929.0,59.0,67.54,49.73,634723,465283,169440,1046790,1287646,268078,115623,1784.0,1784.0,1331.0,1372.0,assam,sonitpur,0.0,0,41,0.0,0.0,40,40,0,0,23,0,454,0,1505719.0,1.Hindus,2.Muslims,3.Christians,235.0
2020.0,1150062,601099,548963,19.52,913.0,60.95,70.15,50.78,466351,349847,116504,683711,1029142,62403,40000,1107.0,1107.0,871.0,936.0,assam,tinsukia,0.0,0,30,0.0,0.0,0,149,0,4,104,2,250,0,926105.0,1.Hindus,2.Muslims,3.Christians,198.0
2020.0,2158608,1128105,1030503,31.84,913.0,35.01,46.38,22.37,853445,657446,195999,1305163,1263766,887972,2504,713.0,713.0,129.0,552.0,bihar,araria,0.0,0,38,0.0,0.0,20,159,20,18,5,0,55,0,2026257.0,1.Hindus,2.Muslims,3.Jains,60.0
2020.0,2013055,1040945,972110,30.19,934.0,57.03,71.13,41.9,671011,476390,194621,1342044,1814612,196030,1161,1739.0,1739.0,527.0,1148.0,bihar,aurangabad,0.0,0,11,0.0,0.0,0,92,0,25,7,0,39,0,1842998.0,1.Hindus,2.Muslims,3.Religion not stated,270.0
2020.0,2349366,1228874,1120492,29.11,912.0,47.98,59.13,35.64,746075,571564,174511,1603291,2033039,313713,1224,729.0,729.0,457.0,503.0,bihar,begusarai,0.0,0,26,0.0,0.0,12,122,16,28,4,0,0,0,2241743.0,1.Hindus,2.Muslims,3.Religion not stated,167.0
2020.0,2423172,1291658,1131514,27.24,876.0,49.5,59.22,38.13,855345,580731,274614,1567827,1990976,423246,1853,935.0,935.0,445.0,642.0,bihar,bhagalpur,0.0,0,42,0.0,0.0,10,254,39,17,11,0,46,0,1970745.0,1.Hindus,2.Muslims,3.Christians,229.0
2020.0,2243144,1179611,1063533,24.58,902.0,58.96,74.29,41.8,653811,491916,161895,1589333,2076589,163193,913,999.0,999.0,247.0,885.0,bihar,bhojpur,0.0,0,10,0.0,0.0,10,167,67,34,42,0,94,0,1930730.0,1.Hindus,2.Muslims,3.Religion not stated,133.0
2020.0,3295789,1722189,1573600,30.85,914.0,44.33,56.72,30.78,1028558,761464,267094,2267231,2543284,748971,2245,1083.0,1083.0,490.0,850.0,bihar,darbhanga,0.0,0,23,0.0,0.0,36,212,15,20,112,0,80,0,3028441.0,1.Hindus,2.Muslims,3.Religion not stated,271.0
2020.0,3473428,1792163,1681265,30.19,938.0,50.45,63.27,36.66,1277639,994459,283180,2195789,3063841,403439,1622,2680.0,2680.0,539.0,1635.0,bihar,gaya,0.0,0,56,0.0,0.0,16,266,48,42,10,0,108,0,2997479.0,1.Hindus,2.Muslims,3.Religion not stated,278.0
2020.0,2152638,1075710,1076928,26.11,1001.0,47.48,62.96,32.16,641672,466811,174861,1510966,1784275,367219,850,1383.0,1383.0,439.0,866.0,bihar,gopalganj,1.0,0,9,0.0,0.0,14,166,16,30,0,0,27,0,2022048.0,1.Hindus,2.Muslims,3.Religion not stated,261.0
2020.0,1514315,784946,729369,28.64,929.0,55.26,70.07,39.37,580905,422789,158116,933410,1389053,124149,743,856.0,856.0,219.0,672.0,bihar,jehanabad,0.0,0,7,0.0,0.0,10,48,6,9,13,0,9,0,1402703.0,1.Hindus,2.Muslims,3.Religion not stated,123.0
2020.0,2392638,1246872,1145766,30.91,919.0,35.09,45.31,23.8,898326,664259,234067,1494312,1363523,1017495,4994,1290.0,1290.0,277.0,785.0,bihar,katihar,1.0,0,50,0.0,0.0,0,161,10,15,7,0,51,0,2174361.0,1.Hindus,2.Muslims,3.Christians,248.0
2020.0,1280354,679267,601087,29.32,885.0,41.35,51.82,29.35,467240,333262,133978,813114,1147346,131441,546,241.0,241.0,114.0,220.0,bihar,khagaria,0.0,0,5,0.0,0.0,0,96,0,11,0,5,19,0,1204027.0,1.Hindus,2.Muslims,3.Others,124.0
2020.0,1296348,669552,626796,31.5,936.0,31.09,42.71,18.63,417151,359819,57332,879197,876105,412995,2856,730.0,730.0,116.0,442.0,bihar,kishanganj,0.0,0,27,0.0,0.0,5,67,8,11,0,1,34,0,1167340.0,1.Muslims,2.Hindus,3.Christians,120.0
2020.0,1526646,797180,729466,29.45,915.0,36.07,48.8,22.11,683976,498367,185609,842670,1351978,173605,494,384.0,384.0,168.0,311.0,bihar,madhepura,0.0,0,11,0.0,0.0,21,99,0,11,1,0,18,0,1458679.0,1.Hindus,2.Muslims,3.Religion not stated,141.0
2020.0,3575281,1840997,1734284,26.08,942.0,41.97,56.79,26.25,1227723,877412,350311,2347558,2930501,641579,1477,1034.0,1034.0,437.0,901.0,bihar,madhubani,0.0,0,31,0.0,0.0,18,195,20,30,2,0,67,0,3450736.0,1.Hindus,2.Muslims,3.Religion not stated,232.0
2020.0,1137797,607730,530067,20.34,872.0,59.47,69.89,47.4,331451,233688,97763,806346,1045233,89791,1135,525.0,525.0,321.0,382.0,bihar,munger,1.0,0,14,0.0,0.0,23,83,1,11,7,0,22,0,819950.0,1.Hindus,2.Muslims,3.Christians,149.0
2020.0,3746714,1951466,1795248,26.74,920.0,47.95,59.1,35.81,1139830,895830,244000,2606884,3168225,573951,2104,1725.0,1725.0,1021.0,1423.0,bihar,muzaffarpur,0.0,0,39,0.0,0.0,35,439,26,47,8,0,130,0,3398361.0,1.Hindus,2.Muslims,3.Religion not stated,526.0
2020.0,2370528,1238599,1131929,18.64,914.0,53.19,66.44,38.58,903144,700007,203137,1467384,2191552,176871,888,1000.0,1000.0,366.0,879.0,bihar,nalanda,0.0,0,28,0.0,0.0,66,276,0,52,29,0,82,0,2016899.0,1.Hindus,2.Muslims,3.Religion not stated,198.0
2020.0,4718592,2519942,2198650,30.17,873.0,62.92,73.34,50.83,1425647,1161984,263663,3292945,4333556,366164,8951,1288.0,1288.0,615.0,1199.0,bihar,patna,0.0,0,69,0.0,0.0,57,753,24,86,38,0,242,0,2757060.0,1.Hindus,2.Muslims,3.Christians,390.0
2020.0,2450748,1283485,1167263,27.71,909.0,61.29,75.31,45.71,744183,544731,199452,1706565,2199049,246760,2549,1710.0,1710.0,493.0,1185.0,bihar,rohtas,0.0,0,18,0.0,0.0,5,141,12,25,15,0,53,0,2123942.0,1.Hindus,2.Muslims,3.Sikhs,153.0
2020.0,1508182,789432,718750,33.03,910.0,39.08,51.66,25.27,589467,411566,177901,918715,1289364,217922,437,441.0,441.0,127.0,374.0,bihar,saharsa,0.0,0,10,0.0,0.0,0,83,0,14,3,0,15,0,1383015.0,1.Hindus,2.Muslims,3.Christians,63.0
2020.0,3394793,1760692,1634101,25.63,928.0,45.13,57.59,31.67,1071974,843356,228618,2322819,3035755,355897,1432,1122.0,1122.0,674.0,878.0,bihar,samastipur,0.0,0,21,0.0,0.0,0,198,0,40,32,0,32,0,3271338.0,1.Hindus,2.Muslims,3.Religion not stated,195.0
2020.0,3248701,1652661,1596040,26.37,966.0,51.8,67.3,35.82,860940,644618,216322,2387761,2909213,337767,758,1566.0,1566.0,544.0,1213.0,bihar,saran,0.0,0,20,0.0,0.0,25,318,60,76,54,0,97,0,2950064.0,1.Hindus,2.Muslims,3.Religion not stated,342.0
2020.0,2682720,1417611,1265109,32.58,892.0,38.46,49.36,26.13,855156,714136,141020,1827564,2111476,568992,1237,802.0,802.0,302.0,709.0,bihar,sitamarhi,0.0,0,35,0.0,0.0,26,275,44,26,4,0,53,0,2529407.0,1.Hindus,2.Muslims,3.Religion not stated,216.0
2020.0,2714349,1336283,1378066,24.78,1031.0,51.65,67.26,36.88,730437,511578,218859,1983912,2218632,494176,899,1438.0,1438.0,441.0,1119.0,bihar,siwan,0.0,0,8,0.0,0.0,25,176,30,33,2,0,20,0,2564860.0,1.Hindus,2.Muslims,3.Religion not stated,254.0
2020.0,2718421,1415603,1302818,26.39,920.0,50.49,63.23,36.58,782717,624452,158265,1935704,2457636,259158,922,1414.0,1414.0,970.0,929.0,bihar,vaishali,0.0,0,22,0.0,0.0,44,329,0,63,16,0,56,0,2531766.0,1.Hindus,2.Muslims,3.Religion not stated,154.0
2020.0,1393918,701593,692325,6.45,987.0,66.09,76.44,55.78,600819,470043,130776,793099,1307460,83077,2309,615.0,614.0,615.0,614.0,gujarat,amreli,0.0,0,13,0.0,0.0,1,17,0,1,27,2,105,0,1080960.0,1.Hindus,2.Muslims,3.Jains,383.0
2020.0,1856872,972000,884872,13.03,910.0,74.51,86.09,61.94,784711,617669,167042,1072161,1616127,199263,29461,350.0,350.0,350.0,350.0,gujarat,anand,1.0,0,14,0.0,0.0,1,1,0,0,26,1,66,0,1348901.0,1.Hindus,2.Muslims,3.Christians,301.0
2020.0,1370656,713676,656980,19.32,921.0,74.41,82.98,65.11,570693,469551,101142,799963,1059796,293459,8824,657.0,657.0,656.0,644.0,gujarat,bharuch,0.0,0,8,0.0,0.0,3,5,2,1,23,0,58,0,1018096.0,1.Hindus,2.Muslims,3.Christians,403.0
2020.0,2469630,1274920,1194710,19.29,937.0,66.2,78.02,53.73,944559,781166,163393,1525071,2264062,172740,28921,790.0,790.0,789.0,786.0,gujarat,bhavnagar,0.0,0,16,0.0,0.0,1,6,0,0,29,0,151,0,1534592.0,1.Hindus,2.Muslims,3.Jains,526.0
2020.0,1334455,697999,636456,23.88,912.0,76.59,87.74,64.58,554336,467413,86923,780119,1269766,50559,7769,291.0,291.0,291.0,290.0,gujarat,gandhinagar,0.0,0,5,0.0,0.0,6,7,0,0,15,1,81,0,867195.0,1.Hindus,2.Muslims,3.Jains,244.0
2020.0,1904278,981320,922958,22.39,941.0,66.48,76.25,56.18,734382,624057,110325,1169896,1605941,270223,21907,698.0,695.0,666.0,666.0,gujarat,jamnagar,0.0,0,12,0.0,0.0,0,26,1,1,9,0,39,0,1068022.0,1.Hindus,2.Muslims,3.Jains,286.0
2020.0,2448173,1252350,1195823,17.08,955.0,67.78,78.74,56.43,1000842,785530,215312,1447331,2165734,274481,4291,923.0,922.0,901.0,858.0,gujarat,junagadh,0.0,0,10,0.0,0.0,0,48,0,0,48,0,167,0,1736645.0,1.Hindus,2.Muslims,3.Jains,803.0
2020.0,2024216,1052823,971393,13.24,923.0,71.96,85.99,56.9,908180,694400,213780,1116036,1775214,218660,23178,612.0,612.0,612.0,612.0,gujarat,kheda,0.0,0,6,0.0,0.0,0,25,0,0,26,0,64,0,1617766.0,1.Hindus,2.Muslims,3.Christians,432.0
2020.0,514404,263986,250418,14.4,949.0,59.86,72.44,46.61,259116,176372,82744,255288,482552,20429,5122,552.0,552.0,530.0,515.0,gujarat,narmada,0.0,0,3,0.0,0.0,0,3,0,0,8,0,11,0,462298.0,1.Hindus,2.Muslims,3.Christians,324.0
2020.0,1229463,628988,600475,13.22,955.0,75.83,82.77,68.61,545215,457002,88213,684248,1135525,69972,13575,374.0,374.0,374.0,368.0,gujarat,navsari,0.0,0,5,0.0,0.0,5,5,0,1,10,0,14,0,893110.0,1.Hindus,2.Muslims,3.Jains,268.0
2020.0,1182709,612100,570609,14.08,932.0,60.36,73.63,46.33,533078,395470,137608,649631,1057013,119748,5136,517.0,516.0,517.0,514.0,gujarat,patan,0.0,0,20,0.0,0.0,11,16,1,0,34,0,71,0,944281.0,1.Hindus,2.Muslims,3.Jains,265.0
2020.0,536835,275821,261014,14.35,946.0,68.62,78.36,58.42,215134,173594,41540,321701,507176,28404,589,182.0,182.0,155.0,156.0,gujarat,porbandar,0.0,0,3,0.0,0.0,0,7,0,0,7,0,26,0,275460.0,1.Hindus,2.Muslims,3.Jains,130.0
2020.0,1515148,787650,727498,25.34,924.0,61.61,74.19,48.1,647609,512038,135571,867539,1392451,97846,22721,650.0,649.0,650.0,648.0,gujarat,surendranagar,0.0,0,10,0.0,0.0,0,35,0,0,23,0,15,0,1112700.0,1.Hindus,2.Muslims,3.Jains,170.0
2020.0,1410553,734799,675754,29.66,920.0,69.15,77.9,59.62,650257,503333,146924,760296,1300005,66440,15399,450.0,450.0,425.0,449.0,gujarat,valsad,1.0,0,10,0.0,0.0,6,12,1,1,6,0,12,0,1029392.0,1.Hindus,2.Muslims,3.Christians,303.0
2020.0,1014411,542977,471434,25.69,868.0,75.31,82.31,67.39,324521,275648,48873,689890,856193,132463,17263,482.0,482.0,479.0,432.0,haryana,ambala,0.0,0,49,0.0,0.0,0,94,25,6,56,4,258,0,657383.0,1.Hindus,2.Sikhs,3.Muslims,204.0
2020.0,1425022,758253,666769,22.45,879.0,67.45,80.26,53.0,609320,425210,184110,815702,1407363,12740,2542,437.0,437.0,437.0,429.0,haryana,bhiwani,0.0,0,43,0.0,0.0,0,53,14,14,164,4,178,0,1154629.0,1.Hindus,2.Muslims,3.Sikhs,252.0
2020.0,2194586,1193063,1001523,48.47,839.0,70.03,81.52,56.31,785762,609663,176099,1408824,1896698,247293,36005,413.0,413.0,413.0,376.0,haryana,faridabad,0.0,0,131,0.0,0.0,69,241,13,19,116,10,401,0,973242.0,1.Hindus,2.Muslims,3.Sikhs,188.0
2020.0,1189827,642282,547545,21.35,852.0,62.12,73.82,48.51,521946,372049,149897,667881,1134539,29159,20618,306.0,306.0,306.0,300.0,haryana,jind,0.0,0,43,0.0,0.0,0,73,7,6,63,2,138,0,948250.0,1.Hindus,2.Sikhs,3.Muslims,247.0
2020.0,946131,510513,435618,20.95,853.0,59.02,69.15,47.31,372011,268127,103884,574120,848765,88700,6777,270.0,270.0,270.0,261.0,haryana,kaithal,0.0,0,21,0.0,0.0,0,199,45,8,80,8,173,0,762649.0,1.Hindus,2.Sikhs,3.Muslims,160.0
2020.0,1274183,683368,590815,23.13,865.0,67.74,76.29,57.97,455455,355466,99989,818728,1125279,123160,22614,422.0,422.0,422.0,385.0,haryana,karnal,0.0,0,97,0.0,0.0,0,152,18,9,132,7,252,0,936341.0,1.Hindus,2.Sikhs,3.Muslims,186.0
2020.0,825454,442328,383126,23.72,866.0,69.88,78.06,60.61,308392,250596,57796,517062,675381,135545,12028,407.0,402.0,406.0,385.0,haryana,kurukshetra,0.0,0,51,0.0,0.0,0,117,33,7,116,8,285,0,609943.0,1.Hindus,2.Sikhs,3.Muslims,179.0
2020.0,967449,528860,438589,38.57,829.0,69.17,78.5,57.97,382801,289013,93788,584648,873593,59696,27437,179.0,179.0,179.0,168.0,haryana,panipat,0.0,0,67,0.0,0.0,3,259,117,12,108,9,261,0,575369.0,1.Hindus,2.Muslims,3.Sikhs,116.0
2020.0,765351,403034,362317,25.24,899.0,75.25,88.45,60.83,333622,204855,128767,431729,758328,3194,1668,397.0,397.0,397.0,379.0,haryana,rewari,0.0,0,54,0.0,0.0,7,63,7,12,105,16,204,0,629177.0,1.Hindus,2.Muslims,3.Sikhs,175.0
2020.0,940128,509038,431090,20.99,847.0,73.72,83.23,62.59,371073,288225,82848,569055,924541,5665,5079,146.0,146.0,146.0,130.0,haryana,rohtak,0.0,0,70,0.0,0.0,0,154,66,14,185,5,245,0,610524.0,1.Hindus,2.Muslims,3.Sikhs,118.0
2020.0,1116649,593245,523404,22.96,882.0,60.55,70.05,49.93,475571,363946,111625,641078,801747,302942,7056,321.0,321.0,318.0,312.0,haryana,sirsa,0.0,0,66,0.0,0.0,0,106,5,5,82,9,153,0,823184.0,1.Hindus,2.Sikhs,3.Muslims,197.0
2020.0,1279175,695723,583452,22.36,839.0,72.79,83.06,60.68,523031,383449,139582,756144,1234225,31954,6729,323.0,323.0,323.0,316.0,haryana,sonipat,1.0,0,80,0.0,0.0,1,204,87,21,136,8,241,0,957800.0,1.Hindus,2.Muslims,3.Jains,248.0
2020.0,1041630,559444,482186,21.84,862.0,71.63,78.82,63.39,336533,280728,55805,705097,849255,104073,83524,613.0,613.0,607.0,483.0,haryana,yamunanagar,0.0,0,102,0.0,0.0,0,161,58,9,118,9,243,0,648608.0,1.Hindus,2.Muslims,3.Sikhs,248.0
2020.0,1165390,608878,556512,24.46,914.0,50.09,66.38,31.99,432714,283711,149003,732676,910409,221705,27263,2356.0,2356.0,289.0,768.0,jharkhand,deoghar,1.0,0,44,0.0,0.0,0,52,0,22,369,0,53,0,1005539.0,1.Hindus,2.Muslims,3.Others,94.0
2020.0,2397102,1278946,1118156,22.82,874.0,67.0,79.54,52.43,664058,492501,171557,1733044,1944757,364807,61505,1121.0,1121.0,503.0,708.0,jharkhand,dhanbad,0.0,0,76,0.0,0.0,26,98,0,22,113,0,74,0,1141744.0,1.Hindus,2.Muslims,3.Others,154.0
2020.0,1759602,897364,862238,17.31,961.0,47.94,62.86,32.35,778378,470354,308024,981224,1323468,203741,170201,3737.0,3737.0,213.0,1732.0,jharkhand,dumka,0.0,0,29,0.0,0.0,7,27,0,10,72,0,21,0,1644690.0,1.Hindus,2.Muslims,3.Others,312.0
2020.0,1904430,960679,943751,27.09,982.0,44.5,62.09,26.62,644644,340925,303719,1259786,1475201,383253,30778,2532.0,2532.0,481.0,1232.0,jharkhand,giridih,6.0,0,49,0.0,0.0,0,39,3,39,71,0,61,0,1782066.0,1.Hindus,2.Muslims,3.Others,229.0
2020.0,1047939,544043,503896,21.61,926.0,43.13,57.52,27.39,421941,238694,183247,625998,745237,210734,68055,1633.0,1633.0,257.0,892.0,jharkhand,godda,1.0,0,45,0.0,0.0,0,15,0,10,30,0,42,0,1010931.0,1.Hindus,2.Muslims,3.Others,141.0
2020.0,1346767,675769,670998,16.6,993.0,51.74,63.5,39.95,658921,446953,211968,687846,440373,425107,419004,1393.0,1393.0,92.0,1015.0,jharkhand,gumla,0.0,0,91,0.0,0.0,11,20,0,2,5,0,17,0,1273025.0,1.Hindus,2.Christians,3.Others,365.0
2020.0,2277475,1167793,1109682,24.02,950.0,57.74,71.81,42.87,790049,532895,257154,1487426,1870586,337117,36789,1543.0,1543.0,413.0,962.0,jharkhand,hazaribagh,1.0,0,121,0.0,0.0,7,45,0,25,37,0,36,0,1748406.0,1.Hindus,2.Muslims,3.Others,147.0
2020.0,2098359,1084417,1013942,26.8,935.0,44.95,58.91,29.88,793658,444921,348737,1304701,1740948,242980,63100,2465.0,2465.0,410.0,1474.0,jharkhand,palamu,0.0,0,56,0.0,0.0,5,54,0,11,90,5,30,0,1973266.0,1.Hindus,2.Muslims,3.Others,349.0
2020.0,2785064,1436976,1348088,25.72,938.0,64.57,76.56,51.72,1076904,750962,325942,1708160,1399301,767672,348774,2052.0,2052.0,331.0,1343.0,jharkhand,ranchi,0.0,0,157,0.0,0.0,0,58,2,16,81,0,117,0,1807243.0,1.Hindus,2.Others,3.Muslims,377.0
2020.0,1502373,771022,731351,19.56,949.0,60.94,72.46,48.81,557603,424985,132618,944770,1020174,295762,122083,599.0,596.0,596.0,591.0,karnataka,bidar,0.0,0,5,0.0,0.0,6,9,0,8,77,4,61,0,1157498.0,1.Hindus,2.Muslims,3.Buddhists,293.0
2020.0,1517896,776221,741675,15.05,955.0,64.45,74.66,53.78,721835,576035,145800,796061,1388506,109412,8411,946.0,916.0,946.0,879.0,karnataka,chitradurga,0.0,0,13,0.0,0.0,6,9,0,6,239,2,46,0,1243658.0,1.Hindus,2.Muslims,3.Religion not stated,197.0
2020.0,1790952,917705,873247,14.78,952.0,67.43,76.37,58.04,783781,631726,152055,1007171,1532714,226708,10944,810.0,786.0,808.0,727.0,karnataka,davanagere,0.0,0,20,0.0,0.0,13,17,0,5,144,0,57,0,1247954.0,1.Hindus,2.Muslims,3.Religion not stated,278.0
2020.0,1604253,823204,781049,16.65,949.0,71.61,80.82,61.92,684492,587018,97474,919761,1221335,315177,27634,361.0,358.0,359.0,313.0,karnataka,dharwad,0.0,0,4,0.0,0.0,0,0,0,1,18,0,13,0,722336.0,1.Hindus,2.Muslims,3.Christians,201.0
2020.0,1721669,859086,862583,9.66,1004.0,68.63,78.37,59.0,864711,702827,161884,856958,1587287,104730,15598,2394.0,2330.0,2341.0,1990.0,karnataka,hassan,0.0,0,19,0.0,0.0,70,79,4,14,240,2,64,0,1416996.0,1.Hindus,2.Muslims,3.Christians,482.0
2020.0,548561,274831,273730,11.64,996.0,77.99,83.7,72.26,266378,247574,18804,282183,450694,78466,17951,291.0,279.0,286.0,267.0,karnataka,kodagu,0.0,0,9,0.0,0.0,0,0,0,0,44,1,37,0,473179.0,1.Hindus,2.Muslims,3.Christians,138.0
2020.0,2536069,1286193,1249876,13.83,972.0,62.84,73.17,52.23,1235028,1014667,220361,1301041,2196660,298767,32547,2919.0,2797.0,2785.0,2342.0,karnataka,kolar,0.0,0,10,0.0,0.0,0,2,0,6,72,1,11,0,1910546.0,1.Hindus,2.Muslims,3.Christians,490.0
2020.0,1196089,603312,592777,24.57,983.0,54.1,68.42,39.61,554506,422208,132298,641583,1042294,137174,5395,594.0,590.0,594.0,560.0,karnataka,koppal,0.0,0,8,0.0,0.0,18,18,0,3,103,2,56,0,997797.0,1.Hindus,2.Muslims,3.Religion not stated,281.0
2020.0,1763705,888034,875671,7.14,986.0,61.05,70.5,51.53,840419,682440,157979,923286,1667640,69890,11093,1369.0,1330.0,1323.0,1185.0,karnataka,mandya,0.0,0,13,0.0,0.0,0,0,0,10,281,2,78,0,1480990.0,1.Hindus,2.Muslims,3.Buddhists,458.0
2020.0,1669762,841840,827922,21.93,983.0,48.81,61.52,35.93,732762,544347,188415,937000,1417051,228652,12390,830.0,806.0,796.0,306.0,karnataka,raichur,0.0,0,12,0.0,0.0,17,25,7,1,161,0,85,0,1248925.0,1.Hindus,2.Muslims,3.Christians,338.0
2020.0,1642545,830559,811986,12.9,978.0,74.52,82.01,66.88,714671,586832,127839,927874,1401087,200979,26474,1443.0,1415.0,1399.0,989.0,karnataka,shimoga,0.0,0,8,0.0,0.0,51,52,0,6,250,1,63,0,1071535.0,1.Hindus,2.Muslims,3.Christians,311.0
2020.0,1129221,566682,562539,6.96,993.0,88.69,92.33,85.02,487352,400699,86653,641869,566744,480108,81222,64.0,64.0,64.0,60.0,kerala,idukki,0.0,0,27,0.0,0.0,2,3,0,1,202,28,55,0,1071628.0,1.Hindus,2.Muslims,3.Christians,62.0
2020.0,2408956,1152817,1256139,7.13,1090.0,92.59,96.13,89.4,767197,626876,140321,1641759,1480748,665648,261019,78.0,78.0,78.0,78.0,kerala,kannur,0.0,0,36,0.0,0.0,1,2,1,0,134,34,194,0,1196058.0,1.Hindus,2.Muslims,3.Christians,78.0
2020.0,1953646,964926,988720,6.76,1025.0,95.82,97.34,94.35,642157,539609,102548,1311489,963497,871371,116686,89.0,89.0,89.0,89.0,kerala,kottayam,0.0,0,26,0.0,0.0,6,8,0,0,163,13,77,0,1653838.0,1.Hindus,2.Muslims,3.Christians,88.0
2020.0,3625471,1754576,1870895,17.22,1066.0,89.61,93.25,86.26,874476,691848,182628,2750995,2484576,1057418,80650,122.0,122.0,122.0,122.0,kerala,malappuram,0.0,0,49,0.0,0.0,11,14,2,0,406,38,455,0,3269301.0,1.Hindus,2.Muslims,3.Christians,121.0
2020.0,2617482,1266985,1350497,9.86,1066.0,84.35,89.52,79.56,945052,768620,176432,1672430,1802766,703596,109249,144.0,144.0,144.0,141.0,kerala,palakkad,1.0,0,48,0.0,0.0,16,16,0,2,169,16,166,0,2260907.0,1.Hindus,2.Muslims,3.Christians,139.0
2020.0,1234016,589398,644618,3.72,1094.0,94.84,96.41,93.43,366049,285844,80205,867967,694560,481602,56457,65.0,65.0,65.0,64.0,kerala,pathanamthitta,0.0,0,30,0.0,0.0,2,2,0,0,179,20,57,0,1110218.0,1.Hindus,2.Muslims,3.Christians,63.0
2020.0,1630239,841253,788986,20.51,938.0,81.41,88.91,73.43,648243,582264,65979,981996,1024080,296272,293184,862.0,851.0,840.0,786.0,maharashtra,akola,0.0,0,28,0.0,0.0,45,56,0,7,245,5,261,0,1002742.0,1.Hindus,2.Muslims,3.Buddhists,212.0
2020.0,1136146,573445,562701,11.2,981.0,78.47,88.97,67.82,536885,365464,171421,599261,953507,144541,23324,778.0,772.0,774.0,716.0,maharashtra,bhandara,1.0,0,15,0.0,0.0,60,63,0,1,88,12,38,0,960418.0,1.Hindus,2.Buddhists,3.Muslims,442.0
2020.0,2071101,1062993,1008108,17.26,948.0,73.17,82.94,62.89,930791,683029,247762,1140310,1680113,274067,76050,1472.0,1462.0,1444.0,1359.0,maharashtra,chandrapur,0.0,0,45,0.0,0.0,113,128,0,3,194,15,127,0,1406034.0,1.Hindus,2.Buddhists,3.Muslims,318.0
2020.0,1707947,878372,829575,16.01,944.0,71.65,81.4,61.39,737941,573496,164445,970006,1522895,149466,14613,678.0,675.0,673.0,669.0,maharashtra,dhule,1.0,0,14,0.0,0.0,4,76,0,4,80,9,236,0,1262062.0,1.Hindus,2.Muslims,3.Buddhists,276.0
2020.0,970294,491101,479193,23.25,976.0,60.1,71.86,48.07,497104,336959,160145,473190,818640,78058,44825,1521.0,1509.0,1320.0,1279.0,maharashtra,gadchiroli,1.0,0,17,0.0,0.0,28,28,0,0,55,1,21,0,903033.0,1.Hindus,2.Buddhists,3.Others,369.0
2020.0,3682690,1905493,1777197,15.44,933.0,75.43,85.91,64.3,1563983,1300086,263897,2118707,3049368,455288,126136,1491.0,1491.0,1486.0,1470.0,maharashtra,jalgaon,1.0,0,29,0.0,0.0,21,143,8,2,259,20,206,0,2629896.0,1.Hindus,2.Muslims,3.Buddhists,934.0
2020.0,1612980,826903,786077,18.17,951.0,64.4,79.14,49.04,716900,611998,104902,896080,1255041,211531,121033,963.0,963.0,959.0,952.0,maharashtra,jalna,0.0,0,36,0.0,0.0,0,68,20,12,208,0,191,0,1305115.0,1.Hindus,2.Muslims,3.Buddhists,380.0
2020.0,3523162,1807470,1715692,17.59,949.0,76.93,87.47,66.02,1652970,1394882,258088,1870192,3077263,236875,147285,1196.0,1194.0,1190.0,1185.0,maharashtra,kolhapur,1.0,0,51,0.0,0.0,130,133,0,6,263,15,194,0,2472809.0,1.Hindus,2.Muslims,3.Jains,638.0
2020.0,2080285,1075257,1005028,23.95,935.0,71.54,82.94,59.4,840518,712849,127669,1239767,1700679,292996,74351,921.0,921.0,919.0,917.0,maharashtra,latur,0.0,0,25,0.0,0.0,74,86,0,7,138,0,131,0,1590024.0,1.Hindus,2.Muslims,3.Buddhists,409.0
2020.0,2876259,1481358,1394901,23.08,942.0,67.77,80.44,54.35,1202037,965087,236950,1674222,2162185,385081,302161,1546.0,1538.0,1531.0,1536.0,maharashtra,nanded,1.0,0,39,0.0,0.0,63,89,8,6,232,9,242,0,2187195.0,1.Hindus,2.Muslims,3.Buddhists,209.0
2020.0,1486586,769368,717218,15.35,932.0,69.02,80.42,56.89,653522,555202,98320,833064,1297858,151181,28356,729.0,729.0,727.0,726.0,maharashtra,osmanabad,0.0,0,20,0.0,0.0,50,76,2,6,123,2,67,0,1253330.0,1.Hindus,2.Muslims,3.Buddhists,400.0
2020.0,1527715,780191,747524,15.31,958.0,66.07,79.63,52.02,644752,559917,84835,882963,1121246,243935,153231,830.0,830.0,824.0,821.0,maharashtra,parbhani,0.0,0,32,0.0,0.0,29,37,0,3,139,4,115,0,1042529.0,1.Hindus,2.Muslims,3.Buddhists,386.0
2020.0,1696777,794498,902279,9.87,1136.0,75.05,85.89,65.77,763387,557613,205774,933390,1391137,175672,120855,1539.0,1538.0,1539.0,1484.0,maharashtra,ratnagiri,1.0,0,10,0.0,0.0,33,33,0,0,53,29,12,0,1504568.0,1.Hindus,2.Muslims,3.Buddhists,810.0
2020.0,2583524,1320088,1263436,17.59,957.0,76.62,86.26,66.73,1218655,952241,266414,1364869,2243478,203524,85160,721.0,721.0,721.0,719.0,maharashtra,sangli,1.0,0,38,0.0,0.0,133,152,2,7,250,18,103,0,1950306.0,1.Hindus,2.Muslims,3.Jains,567.0
2020.0,2808994,1408326,1400668,14.1,995.0,78.22,88.2,68.38,1303658,1044989,258669,1505336,2533359,128570,125661,1716.0,1716.0,1701.0,1680.0,maharashtra,satara,0.0,0,49,0.0,0.0,141,150,1,4,275,15,168,0,2410873.0,1.Hindus,2.Buddhists,3.Muslims,646.0
2020.0,868825,417890,450935,3.55,1079.0,80.3,90.26,71.23,404985,233827,171158,463840,802498,24320,23668,743.0,743.0,735.0,722.0,maharashtra,sindhudurg,0.0,0,6,0.0,0.0,13,13,0,0,53,2,0,0,786506.0,1.Hindus,2.Buddhists,3.Muslims,593.0
2020.0,1236736,638990,597746,15.3,935.0,80.06,87.18,72.45,550351,431330,119021,686385,1006235,169579,47605,1004.0,998.0,998.0,842.0,maharashtra,wardha,0.0,0,24,0.0,0.0,100,105,0,2,197,6,48,0,911695.0,1.Hindus,2.Buddhists,3.Muslims,392.0
2020.0,2458271,1265681,1192590,18.46,942.0,73.62,84.09,62.52,1118937,949453,169484,1339334,1999368,221793,196909,1856.0,1820.0,1795.0,1729.0,maharashtra,yavatmal,1.0,0,43,0.0,0.0,104,115,0,6,187,16,231,0,2001060.0,1.Hindus,2.Buddhists,3.Muslims,723.0
2020.0,208368,104550,103818,13.9,993.0,67.63,79.61,55.66,89703,55557,34146,118665,148903,38763,14194,48.0,48.0,46.0,47.0,manipur,bishnupur,2.0,0,6,0.0,0.0,1,3,0,1,2,0,1,0,133627.0,1.Hindus,2.Others,3.Muslims,28.0
2020.0,118327,59741,58586,72.8,981.0,56.23,64.34,47.98,54545,39935,14610,63782,109128,5701,2318,350.0,323.0,190.0,214.0,manipur,chandel,0.0,0,0,0.0,0.0,0,0,0,0,0,0,0,0,103365.0,1.Christians,2.Hindus,3.Muslims,25.0
2020.0,227905,117232,110673,29.81,944.0,70.59,77.67,63.06,99363,71933,27430,128542,213186,10538,2573,540.0,539.0,306.0,395.0,manipur,churachandpur,0.0,0,0,0.0,0.0,0,1,0,0,0,0,0,0,227905.0,1.Christians,2.Hindus,3.Muslims,66.0
2020.0,111499,58014,53485,29.23,922.0,59.25,68.72,48.95,50863,43353,7510,60636,105791,3187,1431,171.0,171.0,75.0,157.0,manipur,tamenglong,0.0,0,0,0.0,0.0,0,0,0,0,0,0,0,0,111499.0,1.Christians,2.Hindus,3.Muslims,42.0
2020.0,364140,182250,181890,24.62,998.0,66.41,80.43,52.46,177343,111486,65857,186797,221096,86849,50819,90.0,90.0,84.0,88.0,manipur,thoubal,0.0,0,5,0.0,0.0,0,6,0,0,9,0,1,0,232868.0,1.Hindus,2.Muslims,3.Others,36.0
2020.0,140778,73465,67313,28.98,916.0,73.12,80.13,65.41,66515,51564,14951,74263,133966,5687,881,198.0,198.0,154.0,188.0,manipur,ukhrul,0.0,0,0,0.0,0.0,0,0,0,0,0,0,0,0,140778.0,1.Christians,2.Hindus,3.Muslims,47.0
2020.0,325676,166877,158799,39.24,952.0,96.51,96.75,96.26,162961,125328,37633,162715,303893,14508,5185,96.0,96.0,81.0,86.0,mizoram,aizawl,0.0,0,19,0.0,0.0,0,0,0,0,11,2,5,0,77531.0,1.Christians,2.Hindus,3.Muslims,46.0
2020.0,73620,38776,34844,34.78,899.0,64.74,70.9,57.81,34093,26188,7905,39527,38410,32877,1910,139.0,139.0,27.0,134.0,mizoram,lawngtlai,0.0,0,0,0.0,0.0,0,0,0,0,1,0,0,0,73620.0,1.Buddhists,2.Christians,3.Hindus,24.0
2020.0,137223,71402,65821,23.1,922.0,84.17,87.44,80.6,71792,60870,10922,65431,109204,22429,4612,160.0,160.0,101.0,130.0,mizoram,lunglei,0.0,0,0,0.0,0.0,0,0,0,0,3,0,0,0,79267.0,1.Christians,2.Buddhists,3.Hindus,55.0
2020.0,310084,162251,147833,49.96,911.0,74.54,80.3,68.15,135023,114456,20567,175061,278844,21950,5457,180.0,179.0,148.0,164.0,nagaland,kohima,0.0,0,0,0.0,0.0,0,0,0,0,0,0,0,0,233054.0,1.Christians,2.Hindus,3.Others,82.0
2020.0,232085,120929,111156,43.48,919.0,83.92,86.03,81.61,109260,82160,27100,122825,219282,10433,2128,102.0,101.0,97.0,99.0,nagaland,mokokchung,0.0,0,0,0.0,0.0,0,0,0,0,2,0,0,0,200871.0,1.Christians,2.Hindus,3.Muslims,82.0
2020.0,260652,138753,121899,73.42,879.0,41.83,46.56,36.35,130848,108206,22642,129804,248684,9963,1748,110.0,110.0,102.0,107.0,nagaland,mon,0.0,0,0,0.0,0.0,2,2,0,0,0,0,0,0,244062.0,1.Christians,2.Hindus,3.Muslims,69.0
2020.0,148195,77141,71054,45.12,921.0,70.65,78.37,62.26,71398,57454,13944,76797,143048,4095,517,104.0,104.0,102.0,102.0,nagaland,phek,0.0,0,1,0.0,0.0,0,0,0,0,0,0,0,0,135331.0,1.Christians,2.Hindus,3.Muslims,54.0
2020.0,414818,218678,196140,78.1,897.0,50.64,55.12,45.58,184924,156950,27974,229894,406287,6856,1329,251.0,251.0,238.0,230.0,nagaland,tuensang,0.0,0,0,0.0,0.0,0,0,0,1,0,0,0,0,385046.0,1.Christians,2.Hindus,3.Muslims,123.0
2020.0,161223,83670,77553,95.01,927.0,80.55,85.35,75.32,56254,49679,6575,104969,155009,4787,1209,128.0,128.0,105.0,104.0,nagaland,wokha,0.0,0,0,0.0,0.0,0,0,0,0,0,0,0,0,123587.0,1.Christians,2.Hindus,3.Muslims,67.0
2020.0,153955,79056,74899,61.0,947.0,69.28,73.74,64.57,56783,47491,9292,97172,150097,3193,492,187.0,186.0,187.0,178.0,nagaland,zunheboto,0.0,0,0,0.0,0.0,0,1,1,0,0,0,1,0,130874.0,1.Christians,2.Hindus,3.Muslims,57.0
2020.0,1183295,632809,550486,19.89,870.0,61.18,67.78,53.7,500667,408924,91743,682628,876426,292984,9847,280.0,280.0,280.0,280.0,punjab,bathinda,1.0,0,33,0.0,0.0,4,43,0,3,34,1,46,0,831541.0,1.Hindus,2.Muslims,3.Christians,181.0
2020.0,550892,292596,258296,21.42,883.0,61.95,68.15,55.03,209754,181873,27881,341138,427104,119702,1739,163.0,163.0,163.0,160.0,punjab,faridkot,0.0,0,10,0.0,0.0,0,38,0,1,21,0,12,0,357321.0,1.Sikhs,2.Hindus,3.Muslims,107.0
2020.0,2104011,1113077,990934,19.33,890.0,73.77,79.78,67.15,700557,568322,132235,1403454,996246,934963,148981,1532.0,1531.0,1532.0,1375.0,punjab,gurdaspur,0.0,0,10,0.0,0.0,0,33,2,2,14,0,52,0,1568788.0,1.Hindus,2.Sikhs,3.Christians,517.0
2020.0,1480736,765132,715604,13.81,935.0,81.02,86.45,75.32,513351,415123,98228,967385,871923,574862,15394,1386.0,1386.0,1386.0,1232.0,punjab,hoshiarpur,1.0,0,21,0.0,0.0,2,46,4,2,31,3,97,0,1188662.0,1.Hindus,2.Sikhs,3.Muslims,382.0
2020.0,754521,399623,354898,16.34,888.0,73.93,79.02,68.29,262741,231222,31519,491780,448654,286438,7740,618.0,618.0,618.0,478.0,punjab,kapurthala,0.0,0,13,0.0,0.0,0,68,0,1,21,3,20,0,507994.0,1.Sikhs,2.Hindus,3.Buddhists,359.0
2020.0,1844934,987390,857544,20.31,868.0,69.78,75.88,62.86,681951,589015,92936,1162983,1024546,778427,34828,1054.0,1053.0,1054.0,986.0,punjab,patiala,0.0,0,19,0.0,0.0,0,82,5,6,46,0,112,0,1200224.0,1.Sikhs,2.Hindus,3.Muslims,172.0
2020.0,2000173,1069289,930884,18.57,871.0,59.98,65.81,53.38,814098,714076,100022,1186075,1400149,434873,157838,697.0,697.0,697.0,684.0,punjab,sangrur,0.0,0,62,0.0,0.0,0,63,0,2,69,4,58,0,1415354.0,1.Sikhs,2.Hindus,3.Muslims,291.0
2020.0,2181670,1129920,1051750,26.1,931.0,64.65,79.37,48.86,856809,690818,165991,1324861,1869044,244341,47812,1025.0,1025.0,966.0,970.0,rajasthan,ajmer,1.0,0,208,0.0,0.0,180,233,8,13,589,29,724,0,1306994.0,1.Hindus,2.Muslims,3.Jains,352.0
2020.0,2992592,1586752,1405840,30.23,886.0,61.74,78.09,43.28,1458686,947587,511099,1533906,2535155,383204,55530,1954.0,1954.0,1843.0,1811.0,rajasthan,alwar,0.0,0,216,0.0,0.0,44,114,24,21,354,0,464,0,2557653.0,1.Hindus,2.Muslims,3.Sikhs,553.0
2020.0,1501589,760686,740903,29.84,974.0,44.63,60.45,28.43,709412,529393,180019,792177,1425287,39079,18406,1476.0,1476.0,853.0,1348.0,rajasthan,banswara,0.0,0,93,0.0,0.0,12,115,14,11,140,1,156,0,1394226.0,1.Hindus,2.Muslims,3.Jains,450.0
2020.0,1964835,1038247,926588,36.83,892.0,58.99,72.76,43.45,919729,680208,239521,1045106,1695047,231918,35744,1933.0,1933.0,948.0,1777.0,rajasthan,barmer,1.0,0,227,0.0,0.0,3,90,3,24,414,0,370,0,1819431.0,1.Hindus,2.Muslims,3.Jains,433.0
2020.0,2101142,1133425,967717,27.05,854.0,63.57,80.54,43.56,852913,573547,279366,1248229,1804599,264709,23472,1366.0,1365.0,1238.0,1298.0,rajasthan,bharatpur,0.0,0,260,0.0,0.0,39,134,70,41,85,0,771,0,1692182.0,1.Hindus,2.Muslims,3.Sikhs,481.0
2020.0,2013789,1026650,987139,26.14,962.0,50.74,67.39,33.48,939848,764916,174932,1073941,1859972,112802,37659,1693.0,1693.0,1553.0,1516.0,rajasthan,bhilwara,0.0,0,173,0.0,0.0,32,189,123,12,392,1,551,0,1598938.0,1.Hindus,2.Muslims,3.Jains,473.0
2020.0,1674271,886075,788196,38.18,890.0,56.91,70.05,42.03,661457,522482,138975,1012814,1445088,172372,31235,712.0,686.0,485.0,611.0,rajasthan,bikaner,0.0,0,166,0.0,0.0,33,76,15,15,211,5,431,0,1079235.0,1.Hindus,2.Muslims,3.Jains,173.0
2020.0,962620,504818,457802,24.8,907.0,55.57,71.68,37.79,456937,305977,150960,505683,881956,56220,13186,839.0,838.0,733.0,764.0,rajasthan,bundi,0.0,0,103,0.0,0.0,31,126,87,3,242,0,244,0,783058.0,1.Hindus,2.Muslims,3.Jains,178.0
2020.0,1923878,987781,936097,24.6,948.0,66.81,79.69,53.35,853899,587431,266468,1069979,1698106,210446,13882,946.0,925.0,877.0,909.0,rajasthan,churu,0.0,0,140,0.0,0.0,7,84,68,12,92,1,377,0,1387682.0,1.Hindus,2.Muslims,3.Jains,423.0
2020.0,1107643,547791,559852,26.58,1022.0,48.57,66.04,31.77,531376,272283,259093,576267,1068319,23549,12542,854.0,853.0,723.0,819.0,rajasthan,dungarpur,0.0,0,97,0.0,0.0,0,187,1,3,129,0,108,0,1026787.0,1.Hindus,2.Muslims,3.Jains,368.0
2020.0,1789423,955378,834045,27.53,873.0,64.74,75.53,52.44,719792,552559,167233,1069631,1299812,441409,42442,2830.0,2820.0,1817.0,1653.0,rajasthan,ganganagar,0.0,0,200,0.0,0.0,72,146,63,10,292,1,693,0,1336066.0,1.Hindus,2.Sikhs,3.Muslims,654.0
2020.0,508247,279101,229146,47.45,821.0,50.97,66.26,32.05,211687,153139,58548,296560,383638,120174,2086,600.0,576.0,183.0,473.0,rajasthan,jaisalmer,0.0,0,27,0.0,0.0,13,23,2,6,121,0,66,0,431853.0,1.Hindus,2.Muslims,3.Sikhs,144.0
2020.0,1180323,612804,567519,23.34,926.0,57.32,73.31,40.02,554781,399386,155395,625542,1087934,78962,11759,1477.0,1476.0,1185.0,1173.0,rajasthan,jhalawar,1.0,0,158,0.0,0.0,126,171,8,6,347,4,439,0,1012081.0,1.Hindus,2.Muslims,3.Jains,214.0
2020.0,2775058,1424967,1350091,29.33,947.0,57.28,74.1,39.67,1129514,844039,285475,1645544,2399173,356405,17478,1480.0,1466.0,1417.0,1417.0,rajasthan,nagaur,1.0,0,149,0.0,0.0,67,105,15,17,260,2,494,0,2297721.0,1.Hindus,2.Muslims,3.Jains,580.0
2020.0,1820251,918856,901395,22.39,981.0,54.39,72.2,36.48,724883,518158,206725,1095368,1677038,114088,25599,936.0,936.0,883.0,906.0,rajasthan,pali,0.0,0,137,0.0,0.0,35,144,71,8,419,0,510,0,1429364.0,1.Hindus,2.Muslims,3.Jains,451.0
2020.0,2287788,1172753,1115035,24.11,951.0,70.47,84.34,56.11,887915,633421,254494,1399873,2019396,261714,4957,986.0,985.0,965.0,945.0,rajasthan,sikar,1.0,0,129,0.0,0.0,59,155,73,11,176,2,518,0,1815250.0,1.Hindus,2.Muslims,3.Jains,470.0
2020.0,851107,437949,413158,30.08,943.0,53.94,69.89,37.15,343905,245762,98143,507202,810765,25439,12427,455.0,454.0,399.0,423.0,rajasthan,sirohi,0.0,0,96,0.0,0.0,18,46,11,3,169,0,240,0,700217.0,1.Hindus,2.Muslims,3.Jains,201.0
2020.0,1211671,626436,585235,24.24,934.0,51.97,70.52,32.15,532682,425230,107452,678989,1062365,124440,23644,1032.0,1031.0,818.0,887.0,rajasthan,tonk,0.0,0,104,0.0,0.0,65,105,34,5,145,1,265,0,958503.0,1.Hindus,2.Muslims,3.Jains,246.0
2020.0,2633312,1336004,1297308,27.37,971.0,58.62,73.62,43.26,1100880,724120,376760,1532432,2449773,88262,83699,2339.0,2337.0,1647.0,2030.0,rajasthan,udaipur,0.0,0,228,0.0,0.0,214,283,12,10,287,3,402,0,2142995.0,1.Hindus,2.Muslims,3.Jains,619.0
2020.0,245040,132917,112123,37.17,844.0,74.67,81.2,66.8,116529,92577,23952,128511,157321,64729,14502,131.0,131.0,125.0,112.0,sikkim,east,0.0,0,7,0.0,0.0,11,11,0,0,16,0,0,0,192188.0,1.Hindus,2.Buddhists,3.Christians,100.0
2020.0,41030,23414,17616,31.32,752.0,67.21,75.69,55.39,23542,17553,5989,17488,22603,16128,1623,53.0,53.0,46.0,42.0,sikkim,north,0.0,0,2,0.0,0.0,0,0,0,0,0,0,0,0,39782.0,1.Buddhists,2.Hindus,3.Christians,44.0
2020.0,131525,68241,63284,33.37,927.0,67.31,74.29,59.72,69693,57367,12326,61832,84213,31109,12757,145.0,145.0,142.0,131.0,sikkim,south,0.0,0,3,0.0,0.0,0,0,0,0,2,0,1,0,127579.0,1.Hindus,2.Buddhists,3.Christians,99.0
2020.0,123256,63912,59344,25.48,929.0,58.8,66.82,50.11,53279,45407,7872,69977,71886,33601,9567,121.0,121.0,115.0,107.0,sikkim,west,0.0,0,0,0.0,0.0,0,0,0,0,0,0,0,0,121432.0,1.Hindus,2.Buddhists,3.Others,86.0
2020.0,307868,159095,148773,10.79,935.0,60.93,70.17,50.99,126761,92570,34191,181107,257834,28180,14848,148.0,148.0,108.0,138.0,tripura,dhalai,0.0,0,9,0.0,0.0,2,6,1,0,11,0,12,0,289001.0,1.Hindus,2.Buddhists,3.Christians,58.0
2020.0,900635,506938,393697,40.33,777.0,81.94,86.14,76.47,340422,328989,11433,560213,707978,145175,35548,23.0,23.0,23.0,18.0,chandigarh,chandigarh,0.0,0,60,0.0,0.0,71,90,0,1,42,4,96,0,92120.0,1.Hindus,2.Sikhs,3.Muslims,18.0
2020.0,646385,350831,295554,-1.91,842.0,79.69,82.73,76.05,223851,213324,10527,422534,423592,193137,17126,1016.4515570934255,1009.6712802768166,774.7595155709342,796.7941176470588,delhi,central,0.0,0,75,0.0,0.0,111,115,4,6,115,32,85,0,1121338.0,1.Hindus,2.Muslims,3.Sikhs,118.0
2020.0,1768061,956078,811983,62.52,849.0,77.53,84.78,68.94,500425,470993,29432,1267636,1232960,481607,22322,12.0,12.0,7.0,7.0,delhi,east,0.0,0,70,0.0,0.0,136,151,15,7,146,29,172,0,141547.0,1.Hindus,2.Muslims,3.Jains,4.0
2020.0,1463583,794074,669509,41.61,843.0,84.91,89.65,79.26,475310,456216,19094,988273,1213295,140335,51157,3.0,3.0,3.0,1.0,delhi,east,0.0,0,70,0.0,0.0,136,151,15,7,146,29,172,0,18223.0,1.Hindus,2.Muslims,3.Sikhs,248.0
2020.0,781525,427882,353643,13.3,826.0,80.1,84.64,74.54,256596,244890,11706,524929,609493,126093,20819,5.0,5.0,4.0,3.0,delhi,north,0.0,0,47,0.0,0.0,109,150,41,2,74,10,132,0,46585.0,1.Hindus,2.Muslims,3.Sikhs,3.0
2020.0,2267023,1260025,1006998,50.27,799.0,81.96,88.26,73.94,778558,739173,39385,1488465,1824645,314015,75102,16.0,16.0,16.0,12.0,delhi,south,0.0,0,74,0.0,0.0,176,183,7,11,136,13,148,0,160761.0,1.Hindus,2.Muslims,3.Sikhs,7.0
2020.0,2860869,1571689,1289180,60.12,820.0,80.57,86.67,73.08,919439,872142,47297,1941430,2540491,173409,91723,62.0,62.0,62.0,57.0,delhi,west,1.0,0,56,0.0,0.0,189,217,27,8,101,44,250,0,265363.0,1.Hindus,2.Muslims,3.Sikhs,44.0
2020.0,2128908,1163084,965824,47.81,830.0,83.39,87.85,77.99,720915,686517,34398,1407993,1745810,247312,107079,9.0,9.0,9.0,9.0,delhi,west,1.0,0,56,0.0,0.0,189,217,27,8,101,44,250,0,86794.0,1.Hindus,2.Sikhs,3.Muslims,5.0
2020.0,1755041,983615,771426,61.29,784.0,83.61,89.86,75.55,602546,569836,32710,1152495,1612169,76429,29470,51.0,51.0,51.0,49.0,delhi,west,1.0,0,56,0.0,0.0,189,217,27,8,101,44,250,0,225454.0,1.Hindus,2.Muslims,3.Sikhs,26.0
